#
# There is insufficient memory for the Java Runtime Environment to continue.
# Native memory allocation (malloc) failed to allocate 1114800 bytes. Error detail: Chunk::new
# Possible reasons:
#   The system is out of physical RAM or swap space
#   This process is running with CompressedOops enabled, and the Java Heap may be blocking the growth of the native heap
# Possible solutions:
#   Reduce memory load on the system
#   Increase physical memory or swap space
#   Check if swap backing store is full
#   Decrease Java heap size (-Xmx/-Xms)
#   Decrease number of Java threads
#   Decrease Java thread stack sizes (-Xss)
#   Set larger code cache with -XX:ReservedCodeCacheSize=
#   JVM is running with Unscaled Compressed Oops mode in which the Java heap is
#     placed in the first 4GB address space. The Java Heap base address is the
#     maximum limit for the native heap growth. Please use -XX:HeapBaseMinAddress
#     to set the Java Heap base and to place the Java Heap above 4GB virtual address.
# This output file may be truncated or incomplete.
#
#  Out of Memory Error (arena.cpp:168), pid=14424, tid=19820
#
# JRE version: OpenJDK Runtime Environment (21.0.9) (build 21.0.9+-14787801-b1163.94)
# Java VM: OpenJDK 64-Bit Server VM (21.0.9+-14787801-b1163.94, mixed mode, tiered, compressed oops, compressed class ptrs, g1 gc, windows-amd64)
# No core dump will be written. Minidumps are not enabled by default on client versions of Windows
#

---------------  S U M M A R Y ------------

Command Line: org.jetbrains.kotlin.cli.jvm.K2JVMCompiler @D:\Projects\SchoolSyncTeacher\app\build\20260327_16080846657566970730.compiler.options

Host: AMD Ryzen 3 7320U with Radeon Graphics         , 8 cores, 5G,  Windows 11 , 64 bit Build 26100 (10.0.26100.7920)
Time: Fri Mar 27 16:16:41 2026 India Standard Time elapsed time: 67.003300 seconds (0d 0h 1m 7s)

---------------  T H R E A D  ---------------

Current thread (0x00000198ad269640):  JavaThread "C2 CompilerThread1" daemon [_thread_in_native, id=19820, stack(0x0000002ff0100000,0x0000002ff0200000) (1024K)]


Current CompileTask:
C2:67003 24053       4       org.jetbrains.kotlin.ir.util.DeepCopySymbolRemapper::visitValueParameter (125 bytes)

Stack: [0x0000002ff0100000,0x0000002ff0200000]
Native frames: (J=compiled Java code, j=interpreted, Vv=VM code, C=native code)
V  [jvm.dll+0x6d6c99]
V  [jvm.dll+0x866b83]
V  [jvm.dll+0x8691ae]
V  [jvm.dll+0x869893]
V  [jvm.dll+0x280776]
V  [jvm.dll+0xc07cd]
V  [jvm.dll+0xc0d03]
V  [jvm.dll+0x3b986b]
V  [jvm.dll+0x3856a7]
V  [jvm.dll+0x384b1a]
V  [jvm.dll+0x249462]
V  [jvm.dll+0x248a31]
V  [jvm.dll+0x1c7344]
V  [jvm.dll+0x2581ae]
V  [jvm.dll+0x2566f6]
V  [jvm.dll+0x3f48a6]
V  [jvm.dll+0x80f118]
V  [jvm.dll+0x6d54ed]
C  [ucrtbase.dll+0x37b0]
C  [KERNEL32.DLL+0x2e8d7]
C  [ntdll.dll+0x8c48c]


---------------  P R O C E S S  ---------------

Threads class SMR info:
_java_thread_list=0x00000198af640de0, length=13, elements={
0x000001988dce4030, 0x00000198a6ddda00, 0x00000198ab03e050, 0x00000198ab03eec0,
0x00000198ab063ab0, 0x00000198ab064510, 0x00000198ab064f70, 0x00000198ab0659d0,
0x00000198ab066760, 0x00000198ab0501a0, 0x00000198ab2130f0, 0x00000198ad269640,
0x00000198ad9005f0
}

Java Threads: ( => current thread )
  0x000001988dce4030 JavaThread "main"                              [_thread_in_vm, id=18040, stack(0x0000002ff0400000,0x0000002ff0500000) (1024K)]
  0x00000198a6ddda00 JavaThread "Common-Cleaner"             daemon [_thread_blocked, id=10900, stack(0x0000002ff0c00000,0x0000002ff0d00000) (1024K)]
  0x00000198ab03e050 JavaThread "Reference Handler"          daemon [_thread_blocked, id=7792, stack(0x0000002ff0d00000,0x0000002ff0e00000) (1024K)]
  0x00000198ab03eec0 JavaThread "Finalizer"                  daemon [_thread_blocked, id=17904, stack(0x0000002ff0e00000,0x0000002ff0f00000) (1024K)]
  0x00000198ab063ab0 JavaThread "Signal Dispatcher"          daemon [_thread_blocked, id=17116, stack(0x0000002ff0f00000,0x0000002ff1000000) (1024K)]
  0x00000198ab064510 JavaThread "Attach Listener"            daemon [_thread_blocked, id=16872, stack(0x0000002ff1000000,0x0000002ff1100000) (1024K)]
  0x00000198ab064f70 JavaThread "Service Thread"             daemon [_thread_blocked, id=19072, stack(0x0000002ff1100000,0x0000002ff1200000) (1024K)]
  0x00000198ab0659d0 JavaThread "Monitor Deflation Thread"   daemon [_thread_blocked, id=17760, stack(0x0000002ff1200000,0x0000002ff1300000) (1024K)]
  0x00000198ab066760 JavaThread "C2 CompilerThread0"         daemon [_thread_in_native, id=17780, stack(0x0000002ff1300000,0x0000002ff1400000) (1024K)]
  0x00000198ab0501a0 JavaThread "C1 CompilerThread0"         daemon [_thread_blocked, id=14312, stack(0x0000002ff1400000,0x0000002ff1500000) (1024K)]
  0x00000198ab2130f0 JavaThread "Notification Thread"        daemon [_thread_blocked, id=17784, stack(0x0000002ff1500000,0x0000002ff1600000) (1024K)]
=>0x00000198ad269640 JavaThread "C2 CompilerThread1"         daemon [_thread_in_native, id=19820, stack(0x0000002ff0100000,0x0000002ff0200000) (1024K)]
  0x00000198ad9005f0 JavaThread "C2 CompilerThread2"         daemon [_thread_in_native, id=9060, stack(0x0000002ff0200000,0x0000002ff0300000) (1024K)]
Total: 13

Other Threads:
  0x00000198a6dc4750 VMThread "VM Thread"                           [id=19500, stack(0x0000002ff0b00000,0x0000002ff0c00000) (1024K)]
  0x00000198a6d2ee90 WatcherThread "VM Periodic Task Thread"        [id=22356, stack(0x0000002ff0a00000,0x0000002ff0b00000) (1024K)]
  0x00000198901cdfb0 WorkerThread "GC Thread#0"                     [id=6496, stack(0x0000002ff0500000,0x0000002ff0600000) (1024K)]
  0x00000198abb889b0 WorkerThread "GC Thread#1"                     [id=12956, stack(0x0000002ff1700000,0x0000002ff1800000) (1024K)]
  0x00000198aba16220 WorkerThread "GC Thread#2"                     [id=18624, stack(0x0000002ff1800000,0x0000002ff1900000) (1024K)]
  0x00000198abbc9e00 WorkerThread "GC Thread#3"                     [id=15524, stack(0x0000002ff1900000,0x0000002ff1a00000) (1024K)]
  0x00000198abbca1a0 WorkerThread "GC Thread#4"                     [id=8948, stack(0x0000002ff1a00000,0x0000002ff1b00000) (1024K)]
  0x00000198abbca540 WorkerThread "GC Thread#5"                     [id=19480, stack(0x0000002ff1b00000,0x0000002ff1c00000) (1024K)]
  0x00000198abec7f70 WorkerThread "GC Thread#6"                     [id=20544, stack(0x0000002ff1600000,0x0000002ff1700000) (1024K)]
  0x00000198abec6d50 WorkerThread "GC Thread#7"                     [id=6320, stack(0x0000002ff1c00000,0x0000002ff1d00000) (1024K)]
  0x00000198901dba20 ConcurrentGCThread "G1 Main Marker"            [id=20156, stack(0x0000002ff0600000,0x0000002ff0700000) (1024K)]
  0x00000198901dd360 WorkerThread "G1 Conc#0"                       [id=20220, stack(0x0000002ff0700000,0x0000002ff0800000) (1024K)]
  0x00000198abec7490 WorkerThread "G1 Conc#1"                       [id=10268, stack(0x0000002ff1d00000,0x0000002ff1e00000) (1024K)]
  0x000001989024e720 ConcurrentGCThread "G1 Refine#0"               [id=18960, stack(0x0000002ff0800000,0x0000002ff0900000) (1024K)]
  0x00000198a6bf92e0 ConcurrentGCThread "G1 Service"                [id=1968, stack(0x0000002ff0900000,0x0000002ff0a00000) (1024K)]
Total: 15

Threads with active compile tasks:
C2 CompilerThread0  67053 24362       4       org.jetbrains.kotlin.ir.util.DeepCopySymbolRemapper::visitValueParameter (13 bytes)
C2 CompilerThread1  67054 24053       4       org.jetbrains.kotlin.ir.util.DeepCopySymbolRemapper::visitValueParameter (125 bytes)
C2 CompilerThread2  67054 24313       4       androidx.compose.compiler.plugins.kotlin.lower.DeepCopyIrTreeWithRemappedComposableTypes::visitCall (1299 bytes)
Total: 3

VM state: not at safepoint (normal execution)

VM Mutex/Monitor currently owned by a thread: None

Heap address: 0x00000000a2c00000, size: 1492 MB, Compressed Oops mode: 32-bit

CDS archive(s) not mapped
Compressed class space mapped at: 0x0000000100000000-0x0000000140000000, reserved size: 1073741824
Narrow klass base: 0x0000000000000000, Narrow klass shift: 3, Narrow klass range: 0x140000000

GC Precious Log:
 CardTable entry size: 512
 Card Set container configuration: InlinePtr #cards 5 size 8 Array Of Cards #cards 12 size 40 Howl #buckets 4 coarsen threshold 1843 Howl Bitmap #cards 512 size 80 coarsen threshold 460 Card regions per heap region 1 cards per card region 2048
 CPUs: 8 total, 8 available
 Memory: 5965M
 Large Page Support: Disabled
 NUMA Support: Disabled
 Compressed Oops: Enabled (32-bit)
 Heap Region Size: 1M
 Heap Min Capacity: 8M
 Heap Initial Capacity: 94M
 Heap Max Capacity: 1492M
 Pre-touch: Disabled
 Parallel Workers: 8
 Concurrent Workers: 2
 Concurrent Refinement Workers: 8
 Periodic GC: Disabled

Heap:
 garbage-first heap   total 429056K, used 314662K [0x00000000a2c00000, 0x0000000100000000)
  region size 1024K, 55 young (56320K), 16 survivors (16384K)
 Metaspace       used 83543K, committed 84352K, reserved 1179648K
  class space    used 9110K, committed 9472K, reserved 1048576K

Heap Regions: E=young(eden), S=young(survivor), O=old, HS=humongous(starts), HC=humongous(continues), CS=collection set, F=free, TAMS=top-at-mark-start, PB=parsable bottom
|   0|0x00000000a2c00000, 0x00000000a2d00000, 0x00000000a2d00000|100%|HS|  |TAMS 0x00000000a2c00000| PB 0x00000000a2c00000| Complete 
|   1|0x00000000a2d00000, 0x00000000a2e00000, 0x00000000a2e00000|100%|HC|  |TAMS 0x00000000a2d00000| PB 0x00000000a2d00000| Complete 
|   2|0x00000000a2e00000, 0x00000000a2f00000, 0x00000000a2f00000|100%|HC|  |TAMS 0x00000000a2e00000| PB 0x00000000a2e00000| Complete 
|   3|0x00000000a2f00000, 0x00000000a3000000, 0x00000000a3000000|100%|HC|  |TAMS 0x00000000a2f00000| PB 0x00000000a2f00000| Complete 
|   4|0x00000000a3000000, 0x00000000a3100000, 0x00000000a3100000|100%| O|  |TAMS 0x00000000a3000000| PB 0x00000000a3000000| Untracked 
|   5|0x00000000a3100000, 0x00000000a31f7800, 0x00000000a3200000| 96%| O|  |TAMS 0x00000000a3100000| PB 0x00000000a3100000| Untracked 
|   6|0x00000000a3200000, 0x00000000a3300000, 0x00000000a3300000|100%|HS|  |TAMS 0x00000000a3200000| PB 0x00000000a3200000| Complete 
|   7|0x00000000a3300000, 0x00000000a3400000, 0x00000000a3400000|100%| O|  |TAMS 0x00000000a3300000| PB 0x00000000a3300000| Untracked 
|   8|0x00000000a3400000, 0x00000000a3500000, 0x00000000a3500000|100%| O|  |TAMS 0x00000000a3400000| PB 0x00000000a3400000| Untracked 
|   9|0x00000000a3500000, 0x00000000a3600000, 0x00000000a3600000|100%| O|  |TAMS 0x00000000a3500000| PB 0x00000000a3500000| Untracked 
|  10|0x00000000a3600000, 0x00000000a3700000, 0x00000000a3700000|100%| O|  |TAMS 0x00000000a3600000| PB 0x00000000a3600000| Untracked 
|  11|0x00000000a3700000, 0x00000000a3800000, 0x00000000a3800000|100%| O|  |TAMS 0x00000000a3700000| PB 0x00000000a3700000| Untracked 
|  12|0x00000000a3800000, 0x00000000a3900000, 0x00000000a3900000|100%| O|  |TAMS 0x00000000a3800000| PB 0x00000000a3800000| Untracked 
|  13|0x00000000a3900000, 0x00000000a3a00000, 0x00000000a3a00000|100%| O|  |TAMS 0x00000000a3900000| PB 0x00000000a3900000| Untracked 
|  14|0x00000000a3a00000, 0x00000000a3b00000, 0x00000000a3b00000|100%| O|  |TAMS 0x00000000a3a00000| PB 0x00000000a3a00000| Untracked 
|  15|0x00000000a3b00000, 0x00000000a3c00000, 0x00000000a3c00000|100%| O|  |TAMS 0x00000000a3b00000| PB 0x00000000a3b00000| Untracked 
|  16|0x00000000a3c00000, 0x00000000a3d00000, 0x00000000a3d00000|100%| O|  |TAMS 0x00000000a3c00000| PB 0x00000000a3c00000| Untracked 
|  17|0x00000000a3d00000, 0x00000000a3e00000, 0x00000000a3e00000|100%| O|  |TAMS 0x00000000a3d00000| PB 0x00000000a3d00000| Untracked 
|  18|0x00000000a3e00000, 0x00000000a3f00000, 0x00000000a3f00000|100%| O|  |TAMS 0x00000000a3e00000| PB 0x00000000a3e00000| Untracked 
|  19|0x00000000a3f00000, 0x00000000a4000000, 0x00000000a4000000|100%| O|  |TAMS 0x00000000a3f00000| PB 0x00000000a3f00000| Untracked 
|  20|0x00000000a4000000, 0x00000000a4100000, 0x00000000a4100000|100%| O|  |TAMS 0x00000000a4000000| PB 0x00000000a4000000| Untracked 
|  21|0x00000000a4100000, 0x00000000a4200000, 0x00000000a4200000|100%| O|  |TAMS 0x00000000a4100000| PB 0x00000000a4100000| Untracked 
|  22|0x00000000a4200000, 0x00000000a4300000, 0x00000000a4300000|100%| O|  |TAMS 0x00000000a4200000| PB 0x00000000a4200000| Untracked 
|  23|0x00000000a4300000, 0x00000000a4400000, 0x00000000a4400000|100%| O|  |TAMS 0x00000000a4300000| PB 0x00000000a4300000| Untracked 
|  24|0x00000000a4400000, 0x00000000a4500000, 0x00000000a4500000|100%| O|  |TAMS 0x00000000a4400000| PB 0x00000000a4400000| Untracked 
|  25|0x00000000a4500000, 0x00000000a4600000, 0x00000000a4600000|100%| O|  |TAMS 0x00000000a4500000| PB 0x00000000a4500000| Untracked 
|  26|0x00000000a4600000, 0x00000000a4700000, 0x00000000a4700000|100%| O|  |TAMS 0x00000000a4600000| PB 0x00000000a4600000| Untracked 
|  27|0x00000000a4700000, 0x00000000a4800000, 0x00000000a4800000|100%| O|  |TAMS 0x00000000a4700000| PB 0x00000000a4700000| Untracked 
|  28|0x00000000a4800000, 0x00000000a4900000, 0x00000000a4900000|100%| O|  |TAMS 0x00000000a4800000| PB 0x00000000a4800000| Untracked 
|  29|0x00000000a4900000, 0x00000000a4a00000, 0x00000000a4a00000|100%| O|  |TAMS 0x00000000a4900000| PB 0x00000000a4900000| Untracked 
|  30|0x00000000a4a00000, 0x00000000a4b00000, 0x00000000a4b00000|100%| O|  |TAMS 0x00000000a4a00000| PB 0x00000000a4a00000| Untracked 
|  31|0x00000000a4b00000, 0x00000000a4c00000, 0x00000000a4c00000|100%| O|  |TAMS 0x00000000a4b00000| PB 0x00000000a4b00000| Untracked 
|  32|0x00000000a4c00000, 0x00000000a4d00000, 0x00000000a4d00000|100%| O|  |TAMS 0x00000000a4c00000| PB 0x00000000a4c00000| Untracked 
|  33|0x00000000a4d00000, 0x00000000a4e00000, 0x00000000a4e00000|100%| O|  |TAMS 0x00000000a4d00000| PB 0x00000000a4d00000| Untracked 
|  34|0x00000000a4e00000, 0x00000000a4f00000, 0x00000000a4f00000|100%| O|  |TAMS 0x00000000a4e00000| PB 0x00000000a4e00000| Untracked 
|  35|0x00000000a4f00000, 0x00000000a5000000, 0x00000000a5000000|100%| O|  |TAMS 0x00000000a4f00000| PB 0x00000000a4f00000| Untracked 
|  36|0x00000000a5000000, 0x00000000a5100000, 0x00000000a5100000|100%| O|  |TAMS 0x00000000a5000000| PB 0x00000000a5000000| Untracked 
|  37|0x00000000a5100000, 0x00000000a5200000, 0x00000000a5200000|100%| O|  |TAMS 0x00000000a5100000| PB 0x00000000a5100000| Untracked 
|  38|0x00000000a5200000, 0x00000000a5300000, 0x00000000a5300000|100%|HS|  |TAMS 0x00000000a5200000| PB 0x00000000a5200000| Complete 
|  39|0x00000000a5300000, 0x00000000a5400000, 0x00000000a5400000|100%|HC|  |TAMS 0x00000000a5300000| PB 0x00000000a5300000| Complete 
|  40|0x00000000a5400000, 0x00000000a5500000, 0x00000000a5500000|100%| O|  |TAMS 0x00000000a5400000| PB 0x00000000a5400000| Untracked 
|  41|0x00000000a5500000, 0x00000000a5600000, 0x00000000a5600000|100%| O|  |TAMS 0x00000000a5500000| PB 0x00000000a5500000| Untracked 
|  42|0x00000000a5600000, 0x00000000a5700000, 0x00000000a5700000|100%| O|  |TAMS 0x00000000a5600000| PB 0x00000000a5600000| Untracked 
|  43|0x00000000a5700000, 0x00000000a5800000, 0x00000000a5800000|100%| O|  |TAMS 0x00000000a5700000| PB 0x00000000a5700000| Untracked 
|  44|0x00000000a5800000, 0x00000000a5900000, 0x00000000a5900000|100%| O|  |TAMS 0x00000000a5800000| PB 0x00000000a5800000| Untracked 
|  45|0x00000000a5900000, 0x00000000a5a00000, 0x00000000a5a00000|100%| O|  |TAMS 0x00000000a5900000| PB 0x00000000a5900000| Untracked 
|  46|0x00000000a5a00000, 0x00000000a5b00000, 0x00000000a5b00000|100%| O|  |TAMS 0x00000000a5a00000| PB 0x00000000a5a00000| Untracked 
|  47|0x00000000a5b00000, 0x00000000a5c00000, 0x00000000a5c00000|100%| O|  |TAMS 0x00000000a5b00000| PB 0x00000000a5b00000| Untracked 
|  48|0x00000000a5c00000, 0x00000000a5d00000, 0x00000000a5d00000|100%| O|  |TAMS 0x00000000a5c00000| PB 0x00000000a5c00000| Untracked 
|  49|0x00000000a5d00000, 0x00000000a5e00000, 0x00000000a5e00000|100%| O|  |TAMS 0x00000000a5d00000| PB 0x00000000a5d00000| Untracked 
|  50|0x00000000a5e00000, 0x00000000a5f00000, 0x00000000a5f00000|100%| O|  |TAMS 0x00000000a5e00000| PB 0x00000000a5e00000| Untracked 
|  51|0x00000000a5f00000, 0x00000000a6000000, 0x00000000a6000000|100%| O|  |TAMS 0x00000000a5f00000| PB 0x00000000a5f00000| Untracked 
|  52|0x00000000a6000000, 0x00000000a6100000, 0x00000000a6100000|100%| O|  |TAMS 0x00000000a6000000| PB 0x00000000a6000000| Untracked 
|  53|0x00000000a6100000, 0x00000000a6200000, 0x00000000a6200000|100%| O|  |TAMS 0x00000000a6100000| PB 0x00000000a6100000| Untracked 
|  54|0x00000000a6200000, 0x00000000a6300000, 0x00000000a6300000|100%| O|  |TAMS 0x00000000a6200000| PB 0x00000000a6200000| Untracked 
|  55|0x00000000a6300000, 0x00000000a6400000, 0x00000000a6400000|100%| O|  |TAMS 0x00000000a6300000| PB 0x00000000a6300000| Untracked 
|  56|0x00000000a6400000, 0x00000000a6500000, 0x00000000a6500000|100%| O|  |TAMS 0x00000000a6400000| PB 0x00000000a6400000| Untracked 
|  57|0x00000000a6500000, 0x00000000a6600000, 0x00000000a6600000|100%| O|  |TAMS 0x00000000a6500000| PB 0x00000000a6500000| Untracked 
|  58|0x00000000a6600000, 0x00000000a6700000, 0x00000000a6700000|100%| O|  |TAMS 0x00000000a6600000| PB 0x00000000a6600000| Untracked 
|  59|0x00000000a6700000, 0x00000000a6800000, 0x00000000a6800000|100%| O|  |TAMS 0x00000000a6700000| PB 0x00000000a6700000| Untracked 
|  60|0x00000000a6800000, 0x00000000a6900000, 0x00000000a6900000|100%| O|  |TAMS 0x00000000a6800000| PB 0x00000000a6800000| Untracked 
|  61|0x00000000a6900000, 0x00000000a6a00000, 0x00000000a6a00000|100%| O|  |TAMS 0x00000000a6900000| PB 0x00000000a6900000| Untracked 
|  62|0x00000000a6a00000, 0x00000000a6b00000, 0x00000000a6b00000|100%| O|  |TAMS 0x00000000a6a00000| PB 0x00000000a6a00000| Untracked 
|  63|0x00000000a6b00000, 0x00000000a6c00000, 0x00000000a6c00000|100%| O|  |TAMS 0x00000000a6b00000| PB 0x00000000a6b00000| Untracked 
|  64|0x00000000a6c00000, 0x00000000a6d00000, 0x00000000a6d00000|100%| O|  |TAMS 0x00000000a6c00000| PB 0x00000000a6c00000| Untracked 
|  65|0x00000000a6d00000, 0x00000000a6e00000, 0x00000000a6e00000|100%| O|  |TAMS 0x00000000a6d00000| PB 0x00000000a6d00000| Untracked 
|  66|0x00000000a6e00000, 0x00000000a6f00000, 0x00000000a6f00000|100%| O|  |TAMS 0x00000000a6e00000| PB 0x00000000a6e00000| Untracked 
|  67|0x00000000a6f00000, 0x00000000a7000000, 0x00000000a7000000|100%| O|  |TAMS 0x00000000a6f00000| PB 0x00000000a6f00000| Untracked 
|  68|0x00000000a7000000, 0x00000000a7100000, 0x00000000a7100000|100%| O|  |TAMS 0x00000000a7000000| PB 0x00000000a7000000| Untracked 
|  69|0x00000000a7100000, 0x00000000a7200000, 0x00000000a7200000|100%| O|  |TAMS 0x00000000a7100000| PB 0x00000000a7100000| Untracked 
|  70|0x00000000a7200000, 0x00000000a7300000, 0x00000000a7300000|100%| O|  |TAMS 0x00000000a7200000| PB 0x00000000a7200000| Untracked 
|  71|0x00000000a7300000, 0x00000000a7400000, 0x00000000a7400000|100%| O|  |TAMS 0x00000000a7300000| PB 0x00000000a7300000| Untracked 
|  72|0x00000000a7400000, 0x00000000a7500000, 0x00000000a7500000|100%| O|  |TAMS 0x00000000a7400000| PB 0x00000000a7400000| Untracked 
|  73|0x00000000a7500000, 0x00000000a7600000, 0x00000000a7600000|100%| O|  |TAMS 0x00000000a7500000| PB 0x00000000a7500000| Untracked 
|  74|0x00000000a7600000, 0x00000000a7700000, 0x00000000a7700000|100%| O|  |TAMS 0x00000000a7600000| PB 0x00000000a7600000| Untracked 
|  75|0x00000000a7700000, 0x00000000a7800000, 0x00000000a7800000|100%| O|  |TAMS 0x00000000a7700000| PB 0x00000000a7700000| Untracked 
|  76|0x00000000a7800000, 0x00000000a7900000, 0x00000000a7900000|100%| O|  |TAMS 0x00000000a7800000| PB 0x00000000a7800000| Untracked 
|  77|0x00000000a7900000, 0x00000000a7a00000, 0x00000000a7a00000|100%| O|  |TAMS 0x00000000a7900000| PB 0x00000000a7900000| Untracked 
|  78|0x00000000a7a00000, 0x00000000a7b00000, 0x00000000a7b00000|100%| O|  |TAMS 0x00000000a7a00000| PB 0x00000000a7a00000| Untracked 
|  79|0x00000000a7b00000, 0x00000000a7c00000, 0x00000000a7c00000|100%| O|  |TAMS 0x00000000a7b00000| PB 0x00000000a7b00000| Untracked 
|  80|0x00000000a7c00000, 0x00000000a7d00000, 0x00000000a7d00000|100%| O|  |TAMS 0x00000000a7c00000| PB 0x00000000a7c00000| Untracked 
|  81|0x00000000a7d00000, 0x00000000a7e00000, 0x00000000a7e00000|100%| O|  |TAMS 0x00000000a7d00000| PB 0x00000000a7d00000| Untracked 
|  82|0x00000000a7e00000, 0x00000000a7f00000, 0x00000000a7f00000|100%| O|  |TAMS 0x00000000a7e00000| PB 0x00000000a7e00000| Untracked 
|  83|0x00000000a7f00000, 0x00000000a8000000, 0x00000000a8000000|100%| O|  |TAMS 0x00000000a7f00000| PB 0x00000000a7f00000| Untracked 
|  84|0x00000000a8000000, 0x00000000a8100000, 0x00000000a8100000|100%| O|  |TAMS 0x00000000a8000000| PB 0x00000000a8000000| Untracked 
|  85|0x00000000a8100000, 0x00000000a8200000, 0x00000000a8200000|100%| O|  |TAMS 0x00000000a8100000| PB 0x00000000a8100000| Untracked 
|  86|0x00000000a8200000, 0x00000000a8300000, 0x00000000a8300000|100%| O|  |TAMS 0x00000000a8200000| PB 0x00000000a8200000| Untracked 
|  87|0x00000000a8300000, 0x00000000a8400000, 0x00000000a8400000|100%| O|  |TAMS 0x00000000a8300000| PB 0x00000000a8300000| Untracked 
|  88|0x00000000a8400000, 0x00000000a8500000, 0x00000000a8500000|100%| O|  |TAMS 0x00000000a8400000| PB 0x00000000a8400000| Untracked 
|  89|0x00000000a8500000, 0x00000000a8600000, 0x00000000a8600000|100%| O|  |TAMS 0x00000000a8500000| PB 0x00000000a8500000| Untracked 
|  90|0x00000000a8600000, 0x00000000a8700000, 0x00000000a8700000|100%| O|  |TAMS 0x00000000a8600000| PB 0x00000000a8600000| Untracked 
|  91|0x00000000a8700000, 0x00000000a8800000, 0x00000000a8800000|100%| O|  |TAMS 0x00000000a8700000| PB 0x00000000a8700000| Untracked 
|  92|0x00000000a8800000, 0x00000000a8900000, 0x00000000a8900000|100%| O|  |TAMS 0x00000000a8800000| PB 0x00000000a8800000| Untracked 
|  93|0x00000000a8900000, 0x00000000a8a00000, 0x00000000a8a00000|100%| O|  |TAMS 0x00000000a8900000| PB 0x00000000a8900000| Untracked 
|  94|0x00000000a8a00000, 0x00000000a8b00000, 0x00000000a8b00000|100%| O|  |TAMS 0x00000000a8a00000| PB 0x00000000a8a00000| Untracked 
|  95|0x00000000a8b00000, 0x00000000a8c00000, 0x00000000a8c00000|100%| O|  |TAMS 0x00000000a8b00000| PB 0x00000000a8b00000| Untracked 
|  96|0x00000000a8c00000, 0x00000000a8d00000, 0x00000000a8d00000|100%| O|  |TAMS 0x00000000a8c00000| PB 0x00000000a8c00000| Untracked 
|  97|0x00000000a8d00000, 0x00000000a8e00000, 0x00000000a8e00000|100%| O|  |TAMS 0x00000000a8d00000| PB 0x00000000a8d00000| Untracked 
|  98|0x00000000a8e00000, 0x00000000a8f00000, 0x00000000a8f00000|100%| O|  |TAMS 0x00000000a8e00000| PB 0x00000000a8e00000| Untracked 
|  99|0x00000000a8f00000, 0x00000000a9000000, 0x00000000a9000000|100%| O|  |TAMS 0x00000000a8f00000| PB 0x00000000a8f00000| Untracked 
| 100|0x00000000a9000000, 0x00000000a9100000, 0x00000000a9100000|100%| O|  |TAMS 0x00000000a9000000| PB 0x00000000a9000000| Untracked 
| 101|0x00000000a9100000, 0x00000000a9200000, 0x00000000a9200000|100%| O|  |TAMS 0x00000000a9100000| PB 0x00000000a9100000| Untracked 
| 102|0x00000000a9200000, 0x00000000a9300000, 0x00000000a9300000|100%| O|  |TAMS 0x00000000a9200000| PB 0x00000000a9200000| Untracked 
| 103|0x00000000a9300000, 0x00000000a9400000, 0x00000000a9400000|100%| O|  |TAMS 0x00000000a9300000| PB 0x00000000a9300000| Untracked 
| 104|0x00000000a9400000, 0x00000000a9500000, 0x00000000a9500000|100%| O|  |TAMS 0x00000000a9400000| PB 0x00000000a9400000| Untracked 
| 105|0x00000000a9500000, 0x00000000a9600000, 0x00000000a9600000|100%| O|  |TAMS 0x00000000a9500000| PB 0x00000000a9500000| Untracked 
| 106|0x00000000a9600000, 0x00000000a9700000, 0x00000000a9700000|100%| O|  |TAMS 0x00000000a9600000| PB 0x00000000a9600000| Untracked 
| 107|0x00000000a9700000, 0x00000000a9800000, 0x00000000a9800000|100%| O|  |TAMS 0x00000000a9700000| PB 0x00000000a9700000| Untracked 
| 108|0x00000000a9800000, 0x00000000a9900000, 0x00000000a9900000|100%| O|  |TAMS 0x00000000a9800000| PB 0x00000000a9800000| Untracked 
| 109|0x00000000a9900000, 0x00000000a9a00000, 0x00000000a9a00000|100%| O|  |TAMS 0x00000000a9900000| PB 0x00000000a9900000| Untracked 
| 110|0x00000000a9a00000, 0x00000000a9b00000, 0x00000000a9b00000|100%| O|  |TAMS 0x00000000a9a00000| PB 0x00000000a9a00000| Untracked 
| 111|0x00000000a9b00000, 0x00000000a9c00000, 0x00000000a9c00000|100%| O|  |TAMS 0x00000000a9b00000| PB 0x00000000a9b00000| Untracked 
| 112|0x00000000a9c00000, 0x00000000a9d00000, 0x00000000a9d00000|100%| O|  |TAMS 0x00000000a9c00000| PB 0x00000000a9c00000| Untracked 
| 113|0x00000000a9d00000, 0x00000000a9e00000, 0x00000000a9e00000|100%| O|  |TAMS 0x00000000a9d00000| PB 0x00000000a9d00000| Untracked 
| 114|0x00000000a9e00000, 0x00000000a9f00000, 0x00000000a9f00000|100%| O|  |TAMS 0x00000000a9e00000| PB 0x00000000a9e00000| Untracked 
| 115|0x00000000a9f00000, 0x00000000aa000000, 0x00000000aa000000|100%| O|  |TAMS 0x00000000a9f00000| PB 0x00000000a9f00000| Untracked 
| 116|0x00000000aa000000, 0x00000000aa100000, 0x00000000aa100000|100%| O|  |TAMS 0x00000000aa000000| PB 0x00000000aa000000| Untracked 
| 117|0x00000000aa100000, 0x00000000aa200000, 0x00000000aa200000|100%| O|  |TAMS 0x00000000aa100000| PB 0x00000000aa100000| Untracked 
| 118|0x00000000aa200000, 0x00000000aa300000, 0x00000000aa300000|100%| O|  |TAMS 0x00000000aa200000| PB 0x00000000aa200000| Untracked 
| 119|0x00000000aa300000, 0x00000000aa400000, 0x00000000aa400000|100%| O|  |TAMS 0x00000000aa300000| PB 0x00000000aa300000| Untracked 
| 120|0x00000000aa400000, 0x00000000aa500000, 0x00000000aa500000|100%| O|  |TAMS 0x00000000aa400000| PB 0x00000000aa400000| Untracked 
| 121|0x00000000aa500000, 0x00000000aa600000, 0x00000000aa600000|100%| O|  |TAMS 0x00000000aa500000| PB 0x00000000aa500000| Untracked 
| 122|0x00000000aa600000, 0x00000000aa700000, 0x00000000aa700000|100%| O|  |TAMS 0x00000000aa600000| PB 0x00000000aa600000| Untracked 
| 123|0x00000000aa700000, 0x00000000aa800000, 0x00000000aa800000|100%| O|  |TAMS 0x00000000aa700000| PB 0x00000000aa700000| Untracked 
| 124|0x00000000aa800000, 0x00000000aa900000, 0x00000000aa900000|100%| O|  |TAMS 0x00000000aa800000| PB 0x00000000aa800000| Untracked 
| 125|0x00000000aa900000, 0x00000000aaa00000, 0x00000000aaa00000|100%| O|  |TAMS 0x00000000aa900000| PB 0x00000000aa900000| Untracked 
| 126|0x00000000aaa00000, 0x00000000aab00000, 0x00000000aab00000|100%| O|  |TAMS 0x00000000aaa00000| PB 0x00000000aaa00000| Untracked 
| 127|0x00000000aab00000, 0x00000000aac00000, 0x00000000aac00000|100%| O|  |TAMS 0x00000000aab00000| PB 0x00000000aab00000| Untracked 
| 128|0x00000000aac00000, 0x00000000aad00000, 0x00000000aad00000|100%| O|  |TAMS 0x00000000aac00000| PB 0x00000000aac00000| Untracked 
| 129|0x00000000aad00000, 0x00000000aae00000, 0x00000000aae00000|100%| O|  |TAMS 0x00000000aad00000| PB 0x00000000aad00000| Untracked 
| 130|0x00000000aae00000, 0x00000000aaf00000, 0x00000000aaf00000|100%| O|  |TAMS 0x00000000aae00000| PB 0x00000000aae00000| Untracked 
| 131|0x00000000aaf00000, 0x00000000ab000000, 0x00000000ab000000|100%| O|  |TAMS 0x00000000aaf00000| PB 0x00000000aaf00000| Untracked 
| 132|0x00000000ab000000, 0x00000000ab100000, 0x00000000ab100000|100%| O|  |TAMS 0x00000000ab000000| PB 0x00000000ab000000| Untracked 
| 133|0x00000000ab100000, 0x00000000ab200000, 0x00000000ab200000|100%| O|  |TAMS 0x00000000ab100000| PB 0x00000000ab100000| Untracked 
| 134|0x00000000ab200000, 0x00000000ab300000, 0x00000000ab300000|100%| O|  |TAMS 0x00000000ab200000| PB 0x00000000ab200000| Untracked 
| 135|0x00000000ab300000, 0x00000000ab400000, 0x00000000ab400000|100%| O|  |TAMS 0x00000000ab300000| PB 0x00000000ab300000| Untracked 
| 136|0x00000000ab400000, 0x00000000ab500000, 0x00000000ab500000|100%| O|  |TAMS 0x00000000ab400000| PB 0x00000000ab400000| Untracked 
| 137|0x00000000ab500000, 0x00000000ab600000, 0x00000000ab600000|100%| O|  |TAMS 0x00000000ab500000| PB 0x00000000ab500000| Untracked 
| 138|0x00000000ab600000, 0x00000000ab700000, 0x00000000ab700000|100%| O|  |TAMS 0x00000000ab600000| PB 0x00000000ab600000| Untracked 
| 139|0x00000000ab700000, 0x00000000ab800000, 0x00000000ab800000|100%| O|  |TAMS 0x00000000ab700000| PB 0x00000000ab700000| Untracked 
| 140|0x00000000ab800000, 0x00000000ab900000, 0x00000000ab900000|100%| O|  |TAMS 0x00000000ab800000| PB 0x00000000ab800000| Untracked 
| 141|0x00000000ab900000, 0x00000000aba00000, 0x00000000aba00000|100%| O|  |TAMS 0x00000000ab900000| PB 0x00000000ab900000| Untracked 
| 142|0x00000000aba00000, 0x00000000abb00000, 0x00000000abb00000|100%| O|  |TAMS 0x00000000aba00000| PB 0x00000000aba00000| Untracked 
| 143|0x00000000abb00000, 0x00000000abc00000, 0x00000000abc00000|100%| O|  |TAMS 0x00000000abb00000| PB 0x00000000abb00000| Untracked 
| 144|0x00000000abc00000, 0x00000000abd00000, 0x00000000abd00000|100%| O|  |TAMS 0x00000000abc00000| PB 0x00000000abc00000| Untracked 
| 145|0x00000000abd00000, 0x00000000abe00000, 0x00000000abe00000|100%| O|  |TAMS 0x00000000abd00000| PB 0x00000000abd00000| Untracked 
| 146|0x00000000abe00000, 0x00000000abf00000, 0x00000000abf00000|100%| O|  |TAMS 0x00000000abe00000| PB 0x00000000abe00000| Untracked 
| 147|0x00000000abf00000, 0x00000000ac000000, 0x00000000ac000000|100%| O|  |TAMS 0x00000000abf00000| PB 0x00000000abf00000| Untracked 
| 148|0x00000000ac000000, 0x00000000ac100000, 0x00000000ac100000|100%| O|  |TAMS 0x00000000ac000000| PB 0x00000000ac000000| Untracked 
| 149|0x00000000ac100000, 0x00000000ac200000, 0x00000000ac200000|100%| O|  |TAMS 0x00000000ac100000| PB 0x00000000ac100000| Untracked 
| 150|0x00000000ac200000, 0x00000000ac300000, 0x00000000ac300000|100%| O|  |TAMS 0x00000000ac200000| PB 0x00000000ac200000| Untracked 
| 151|0x00000000ac300000, 0x00000000ac400000, 0x00000000ac400000|100%| O|  |TAMS 0x00000000ac300000| PB 0x00000000ac300000| Untracked 
| 152|0x00000000ac400000, 0x00000000ac500000, 0x00000000ac500000|100%| O|  |TAMS 0x00000000ac400000| PB 0x00000000ac400000| Untracked 
| 153|0x00000000ac500000, 0x00000000ac600000, 0x00000000ac600000|100%| O|  |TAMS 0x00000000ac500000| PB 0x00000000ac500000| Untracked 
| 154|0x00000000ac600000, 0x00000000ac700000, 0x00000000ac700000|100%| O|  |TAMS 0x00000000ac600000| PB 0x00000000ac600000| Untracked 
| 155|0x00000000ac700000, 0x00000000ac800000, 0x00000000ac800000|100%| O|  |TAMS 0x00000000ac700000| PB 0x00000000ac700000| Untracked 
| 156|0x00000000ac800000, 0x00000000ac900000, 0x00000000ac900000|100%| O|  |TAMS 0x00000000ac800000| PB 0x00000000ac800000| Untracked 
| 157|0x00000000ac900000, 0x00000000aca00000, 0x00000000aca00000|100%|HS|  |TAMS 0x00000000ac900000| PB 0x00000000ac900000| Complete 
| 158|0x00000000aca00000, 0x00000000acb00000, 0x00000000acb00000|100%|HC|  |TAMS 0x00000000aca00000| PB 0x00000000aca00000| Complete 
| 159|0x00000000acb00000, 0x00000000acc00000, 0x00000000acc00000|100%|HC|  |TAMS 0x00000000acb00000| PB 0x00000000acb00000| Complete 
| 160|0x00000000acc00000, 0x00000000acd00000, 0x00000000acd00000|100%|HC|  |TAMS 0x00000000acc00000| PB 0x00000000acc00000| Complete 
| 161|0x00000000acd00000, 0x00000000ace00000, 0x00000000ace00000|100%|HC|  |TAMS 0x00000000acd00000| PB 0x00000000acd00000| Complete 
| 162|0x00000000ace00000, 0x00000000acf00000, 0x00000000acf00000|100%|HC|  |TAMS 0x00000000ace00000| PB 0x00000000ace00000| Complete 
| 163|0x00000000acf00000, 0x00000000ad000000, 0x00000000ad000000|100%|HC|  |TAMS 0x00000000acf00000| PB 0x00000000acf00000| Complete 
| 164|0x00000000ad000000, 0x00000000ad100000, 0x00000000ad100000|100%|HC|  |TAMS 0x00000000ad000000| PB 0x00000000ad000000| Complete 
| 165|0x00000000ad100000, 0x00000000ad200000, 0x00000000ad200000|100%|HC|  |TAMS 0x00000000ad100000| PB 0x00000000ad100000| Complete 
| 166|0x00000000ad200000, 0x00000000ad300000, 0x00000000ad300000|100%|HS|  |TAMS 0x00000000ad200000| PB 0x00000000ad200000| Complete 
| 167|0x00000000ad300000, 0x00000000ad400000, 0x00000000ad400000|100%|HC|  |TAMS 0x00000000ad300000| PB 0x00000000ad300000| Complete 
| 168|0x00000000ad400000, 0x00000000ad500000, 0x00000000ad500000|100%| O|  |TAMS 0x00000000ad400000| PB 0x00000000ad400000| Untracked 
| 169|0x00000000ad500000, 0x00000000ad600000, 0x00000000ad600000|100%| O|  |TAMS 0x00000000ad500000| PB 0x00000000ad500000| Untracked 
| 170|0x00000000ad600000, 0x00000000ad700000, 0x00000000ad700000|100%| O|  |TAMS 0x00000000ad600000| PB 0x00000000ad600000| Untracked 
| 171|0x00000000ad700000, 0x00000000ad800000, 0x00000000ad800000|100%| O|  |TAMS 0x00000000ad700000| PB 0x00000000ad700000| Untracked 
| 172|0x00000000ad800000, 0x00000000ad900000, 0x00000000ad900000|100%| O|  |TAMS 0x00000000ad800000| PB 0x00000000ad800000| Untracked 
| 173|0x00000000ad900000, 0x00000000ada00000, 0x00000000ada00000|100%| O|  |TAMS 0x00000000ad900000| PB 0x00000000ad900000| Untracked 
| 174|0x00000000ada00000, 0x00000000adb00000, 0x00000000adb00000|100%| O|  |TAMS 0x00000000ada00000| PB 0x00000000ada00000| Untracked 
| 175|0x00000000adb00000, 0x00000000adc00000, 0x00000000adc00000|100%| O|  |TAMS 0x00000000adb00000| PB 0x00000000adb00000| Untracked 
| 176|0x00000000adc00000, 0x00000000add00000, 0x00000000add00000|100%| O|  |TAMS 0x00000000adc00000| PB 0x00000000adc00000| Untracked 
| 177|0x00000000add00000, 0x00000000ade00000, 0x00000000ade00000|100%| O|  |TAMS 0x00000000add00000| PB 0x00000000add00000| Untracked 
| 178|0x00000000ade00000, 0x00000000adf00000, 0x00000000adf00000|100%| O|  |TAMS 0x00000000ade00000| PB 0x00000000ade00000| Untracked 
| 179|0x00000000adf00000, 0x00000000ae000000, 0x00000000ae000000|100%| O|  |TAMS 0x00000000adf00000| PB 0x00000000adf00000| Untracked 
| 180|0x00000000ae000000, 0x00000000ae100000, 0x00000000ae100000|100%| O|  |TAMS 0x00000000ae000000| PB 0x00000000ae000000| Untracked 
| 181|0x00000000ae100000, 0x00000000ae200000, 0x00000000ae200000|100%| O|  |TAMS 0x00000000ae100000| PB 0x00000000ae100000| Untracked 
| 182|0x00000000ae200000, 0x00000000ae300000, 0x00000000ae300000|100%| O|  |TAMS 0x00000000ae200000| PB 0x00000000ae200000| Untracked 
| 183|0x00000000ae300000, 0x00000000ae400000, 0x00000000ae400000|100%| O|  |TAMS 0x00000000ae300000| PB 0x00000000ae300000| Untracked 
| 184|0x00000000ae400000, 0x00000000ae500000, 0x00000000ae500000|100%| O|  |TAMS 0x00000000ae400000| PB 0x00000000ae400000| Untracked 
| 185|0x00000000ae500000, 0x00000000ae600000, 0x00000000ae600000|100%| O|  |TAMS 0x00000000ae500000| PB 0x00000000ae500000| Untracked 
| 186|0x00000000ae600000, 0x00000000ae700000, 0x00000000ae700000|100%| O|  |TAMS 0x00000000ae600000| PB 0x00000000ae600000| Untracked 
| 187|0x00000000ae700000, 0x00000000ae800000, 0x00000000ae800000|100%| O|  |TAMS 0x00000000ae700000| PB 0x00000000ae700000| Untracked 
| 188|0x00000000ae800000, 0x00000000ae900000, 0x00000000ae900000|100%| O|  |TAMS 0x00000000ae800000| PB 0x00000000ae800000| Untracked 
| 189|0x00000000ae900000, 0x00000000aea00000, 0x00000000aea00000|100%| O|  |TAMS 0x00000000ae900000| PB 0x00000000ae900000| Untracked 
| 190|0x00000000aea00000, 0x00000000aeb00000, 0x00000000aeb00000|100%| O|  |TAMS 0x00000000aea00000| PB 0x00000000aea00000| Untracked 
| 191|0x00000000aeb00000, 0x00000000aec00000, 0x00000000aec00000|100%| O|  |TAMS 0x00000000aeb00000| PB 0x00000000aeb00000| Untracked 
| 192|0x00000000aec00000, 0x00000000aed00000, 0x00000000aed00000|100%| O|  |TAMS 0x00000000aec00000| PB 0x00000000aec00000| Untracked 
| 193|0x00000000aed00000, 0x00000000aee00000, 0x00000000aee00000|100%| O|  |TAMS 0x00000000aed00000| PB 0x00000000aed00000| Untracked 
| 194|0x00000000aee00000, 0x00000000aef00000, 0x00000000aef00000|100%| O|Cm|TAMS 0x00000000aee00000| PB 0x00000000aee00000| Complete 
| 195|0x00000000aef00000, 0x00000000af000000, 0x00000000af000000|100%| O|  |TAMS 0x00000000aef00000| PB 0x00000000aef00000| Untracked 
| 196|0x00000000af000000, 0x00000000af100000, 0x00000000af100000|100%| O|  |TAMS 0x00000000af000000| PB 0x00000000af000000| Untracked 
| 197|0x00000000af100000, 0x00000000af200000, 0x00000000af200000|100%| O|  |TAMS 0x00000000af100000| PB 0x00000000af100000| Untracked 
| 198|0x00000000af200000, 0x00000000af300000, 0x00000000af300000|100%| O|  |TAMS 0x00000000af200000| PB 0x00000000af200000| Untracked 
| 199|0x00000000af300000, 0x00000000af400000, 0x00000000af400000|100%| O|  |TAMS 0x00000000af300000| PB 0x00000000af300000| Untracked 
| 200|0x00000000af400000, 0x00000000af500000, 0x00000000af500000|100%| O|  |TAMS 0x00000000af400000| PB 0x00000000af400000| Untracked 
| 201|0x00000000af500000, 0x00000000af600000, 0x00000000af600000|100%| O|  |TAMS 0x00000000af500000| PB 0x00000000af500000| Untracked 
| 202|0x00000000af600000, 0x00000000af700000, 0x00000000af700000|100%| O|  |TAMS 0x00000000af600000| PB 0x00000000af600000| Untracked 
| 203|0x00000000af700000, 0x00000000af800000, 0x00000000af800000|100%| O|  |TAMS 0x00000000af700000| PB 0x00000000af700000| Untracked 
| 204|0x00000000af800000, 0x00000000af900000, 0x00000000af900000|100%| O|  |TAMS 0x00000000af800000| PB 0x00000000af800000| Untracked 
| 205|0x00000000af900000, 0x00000000afa00000, 0x00000000afa00000|100%| O|  |TAMS 0x00000000af900000| PB 0x00000000af900000| Untracked 
| 206|0x00000000afa00000, 0x00000000afb00000, 0x00000000afb00000|100%| O|  |TAMS 0x00000000afa00000| PB 0x00000000afa00000| Untracked 
| 207|0x00000000afb00000, 0x00000000afc00000, 0x00000000afc00000|100%| O|  |TAMS 0x00000000afb00000| PB 0x00000000afb00000| Untracked 
| 208|0x00000000afc00000, 0x00000000afd00000, 0x00000000afd00000|100%| O|  |TAMS 0x00000000afc00000| PB 0x00000000afc00000| Untracked 
| 209|0x00000000afd00000, 0x00000000afe00000, 0x00000000afe00000|100%| O|  |TAMS 0x00000000afd00000| PB 0x00000000afd00000| Untracked 
| 210|0x00000000afe00000, 0x00000000aff00000, 0x00000000aff00000|100%| O|Cm|TAMS 0x00000000afe00000| PB 0x00000000afe00000| Complete 
| 211|0x00000000aff00000, 0x00000000b0000000, 0x00000000b0000000|100%| O|  |TAMS 0x00000000aff00000| PB 0x00000000aff00000| Untracked 
| 212|0x00000000b0000000, 0x00000000b0100000, 0x00000000b0100000|100%| O|  |TAMS 0x00000000b0000000| PB 0x00000000b0000000| Untracked 
| 213|0x00000000b0100000, 0x00000000b0200000, 0x00000000b0200000|100%| O|Cm|TAMS 0x00000000b0100000| PB 0x00000000b0100000| Complete 
| 214|0x00000000b0200000, 0x00000000b0300000, 0x00000000b0300000|100%| O|  |TAMS 0x00000000b0200000| PB 0x00000000b0200000| Untracked 
| 215|0x00000000b0300000, 0x00000000b0400000, 0x00000000b0400000|100%| O|  |TAMS 0x00000000b0300000| PB 0x00000000b0300000| Untracked 
| 216|0x00000000b0400000, 0x00000000b0500000, 0x00000000b0500000|100%| O|Cm|TAMS 0x00000000b0400000| PB 0x00000000b0400000| Complete 
| 217|0x00000000b0500000, 0x00000000b0600000, 0x00000000b0600000|100%| O|Cm|TAMS 0x00000000b0500000| PB 0x00000000b0500000| Complete 
| 218|0x00000000b0600000, 0x00000000b0700000, 0x00000000b0700000|100%| O|  |TAMS 0x00000000b0600000| PB 0x00000000b0600000| Untracked 
| 219|0x00000000b0700000, 0x00000000b0800000, 0x00000000b0800000|100%| O|  |TAMS 0x00000000b0700000| PB 0x00000000b0700000| Untracked 
| 220|0x00000000b0800000, 0x00000000b0900000, 0x00000000b0900000|100%| O|  |TAMS 0x00000000b0800000| PB 0x00000000b0800000| Untracked 
| 221|0x00000000b0900000, 0x00000000b0a00000, 0x00000000b0a00000|100%| O|  |TAMS 0x00000000b0900000| PB 0x00000000b0900000| Untracked 
| 222|0x00000000b0a00000, 0x00000000b0b00000, 0x00000000b0b00000|100%| O|  |TAMS 0x00000000b0a00000| PB 0x00000000b0a00000| Untracked 
| 223|0x00000000b0b00000, 0x00000000b0c00000, 0x00000000b0c00000|100%| O|  |TAMS 0x00000000b0b00000| PB 0x00000000b0b00000| Untracked 
| 224|0x00000000b0c00000, 0x00000000b0d00000, 0x00000000b0d00000|100%| O|  |TAMS 0x00000000b0c00000| PB 0x00000000b0c00000| Untracked 
| 225|0x00000000b0d00000, 0x00000000b0e00000, 0x00000000b0e00000|100%| O|  |TAMS 0x00000000b0d00000| PB 0x00000000b0d00000| Untracked 
| 226|0x00000000b0e00000, 0x00000000b0f00000, 0x00000000b0f00000|100%| O|  |TAMS 0x00000000b0e00000| PB 0x00000000b0e00000| Untracked 
| 227|0x00000000b0f00000, 0x00000000b1000000, 0x00000000b1000000|100%| O|  |TAMS 0x00000000b0f00000| PB 0x00000000b0f00000| Untracked 
| 228|0x00000000b1000000, 0x00000000b1100000, 0x00000000b1100000|100%| O|  |TAMS 0x00000000b1000000| PB 0x00000000b1000000| Untracked 
| 229|0x00000000b1100000, 0x00000000b1200000, 0x00000000b1200000|100%| O|  |TAMS 0x00000000b1100000| PB 0x00000000b1100000| Untracked 
| 230|0x00000000b1200000, 0x00000000b1300000, 0x00000000b1300000|100%| O|  |TAMS 0x00000000b1200000| PB 0x00000000b1200000| Untracked 
| 231|0x00000000b1300000, 0x00000000b1400000, 0x00000000b1400000|100%| O|  |TAMS 0x00000000b1300000| PB 0x00000000b1300000| Untracked 
| 232|0x00000000b1400000, 0x00000000b1500000, 0x00000000b1500000|100%| O|  |TAMS 0x00000000b1400000| PB 0x00000000b1400000| Untracked 
| 233|0x00000000b1500000, 0x00000000b1600000, 0x00000000b1600000|100%| O|  |TAMS 0x00000000b1500000| PB 0x00000000b1500000| Untracked 
| 234|0x00000000b1600000, 0x00000000b1700000, 0x00000000b1700000|100%| O|  |TAMS 0x00000000b1600000| PB 0x00000000b1600000| Untracked 
| 235|0x00000000b1700000, 0x00000000b1800000, 0x00000000b1800000|100%| O|  |TAMS 0x00000000b1700000| PB 0x00000000b1700000| Untracked 
| 236|0x00000000b1800000, 0x00000000b1900000, 0x00000000b1900000|100%| O|  |TAMS 0x00000000b1800000| PB 0x00000000b1800000| Untracked 
| 237|0x00000000b1900000, 0x00000000b1a00000, 0x00000000b1a00000|100%| O|  |TAMS 0x00000000b1900000| PB 0x00000000b1900000| Untracked 
| 238|0x00000000b1a00000, 0x00000000b1b00000, 0x00000000b1b00000|100%| O|  |TAMS 0x00000000b1a00000| PB 0x00000000b1a00000| Untracked 
| 239|0x00000000b1b00000, 0x00000000b1c00000, 0x00000000b1c00000|100%| O|  |TAMS 0x00000000b1b00000| PB 0x00000000b1b00000| Untracked 
| 240|0x00000000b1c00000, 0x00000000b1d00000, 0x00000000b1d00000|100%| O|  |TAMS 0x00000000b1c00000| PB 0x00000000b1c00000| Untracked 
| 241|0x00000000b1d00000, 0x00000000b1e00000, 0x00000000b1e00000|100%| O|  |TAMS 0x00000000b1d00000| PB 0x00000000b1d00000| Untracked 
| 242|0x00000000b1e00000, 0x00000000b1f00000, 0x00000000b1f00000|100%| O|  |TAMS 0x00000000b1e00000| PB 0x00000000b1e00000| Untracked 
| 243|0x00000000b1f00000, 0x00000000b2000000, 0x00000000b2000000|100%| O|  |TAMS 0x00000000b1f00000| PB 0x00000000b1f00000| Untracked 
| 244|0x00000000b2000000, 0x00000000b2000000, 0x00000000b2100000|  0%| F|  |TAMS 0x00000000b2000000| PB 0x00000000b2000000| Untracked 
| 245|0x00000000b2100000, 0x00000000b2100000, 0x00000000b2200000|  0%| F|  |TAMS 0x00000000b2100000| PB 0x00000000b2100000| Untracked 
| 246|0x00000000b2200000, 0x00000000b2200000, 0x00000000b2300000|  0%| F|  |TAMS 0x00000000b2200000| PB 0x00000000b2200000| Untracked 
| 247|0x00000000b2300000, 0x00000000b2300000, 0x00000000b2400000|  0%| F|  |TAMS 0x00000000b2300000| PB 0x00000000b2300000| Untracked 
| 248|0x00000000b2400000, 0x00000000b2400000, 0x00000000b2500000|  0%| F|  |TAMS 0x00000000b2400000| PB 0x00000000b2400000| Untracked 
| 249|0x00000000b2500000, 0x00000000b2500000, 0x00000000b2600000|  0%| F|  |TAMS 0x00000000b2500000| PB 0x00000000b2500000| Untracked 
| 250|0x00000000b2600000, 0x00000000b2600000, 0x00000000b2700000|  0%| F|  |TAMS 0x00000000b2600000| PB 0x00000000b2600000| Untracked 
| 251|0x00000000b2700000, 0x00000000b27521b0, 0x00000000b2800000| 32%| O|  |TAMS 0x00000000b2700000| PB 0x00000000b2700000| Untracked 
| 252|0x00000000b2800000, 0x00000000b2800000, 0x00000000b2900000|  0%| F|  |TAMS 0x00000000b2800000| PB 0x00000000b2800000| Untracked 
| 253|0x00000000b2900000, 0x00000000b2900000, 0x00000000b2a00000|  0%| F|  |TAMS 0x00000000b2900000| PB 0x00000000b2900000| Untracked 
| 254|0x00000000b2a00000, 0x00000000b2a00000, 0x00000000b2b00000|  0%| F|  |TAMS 0x00000000b2a00000| PB 0x00000000b2a00000| Untracked 
| 255|0x00000000b2b00000, 0x00000000b2b00000, 0x00000000b2c00000|  0%| F|  |TAMS 0x00000000b2b00000| PB 0x00000000b2b00000| Untracked 
| 256|0x00000000b2c00000, 0x00000000b2c00000, 0x00000000b2d00000|  0%| F|  |TAMS 0x00000000b2c00000| PB 0x00000000b2c00000| Untracked 
| 257|0x00000000b2d00000, 0x00000000b2d00000, 0x00000000b2e00000|  0%| F|  |TAMS 0x00000000b2d00000| PB 0x00000000b2d00000| Untracked 
| 258|0x00000000b2e00000, 0x00000000b2e00000, 0x00000000b2f00000|  0%| F|  |TAMS 0x00000000b2e00000| PB 0x00000000b2e00000| Untracked 
| 259|0x00000000b2f00000, 0x00000000b2f00000, 0x00000000b3000000|  0%| F|  |TAMS 0x00000000b2f00000| PB 0x00000000b2f00000| Untracked 
| 260|0x00000000b3000000, 0x00000000b3000000, 0x00000000b3100000|  0%| F|  |TAMS 0x00000000b3000000| PB 0x00000000b3000000| Untracked 
| 261|0x00000000b3100000, 0x00000000b3100000, 0x00000000b3200000|  0%| F|  |TAMS 0x00000000b3100000| PB 0x00000000b3100000| Untracked 
| 262|0x00000000b3200000, 0x00000000b3200000, 0x00000000b3300000|  0%| F|  |TAMS 0x00000000b3200000| PB 0x00000000b3200000| Untracked 
| 263|0x00000000b3300000, 0x00000000b3300000, 0x00000000b3400000|  0%| F|  |TAMS 0x00000000b3300000| PB 0x00000000b3300000| Untracked 
| 264|0x00000000b3400000, 0x00000000b3400000, 0x00000000b3500000|  0%| F|  |TAMS 0x00000000b3400000| PB 0x00000000b3400000| Untracked 
| 265|0x00000000b3500000, 0x00000000b3500000, 0x00000000b3600000|  0%| F|  |TAMS 0x00000000b3500000| PB 0x00000000b3500000| Untracked 
| 266|0x00000000b3600000, 0x00000000b3600000, 0x00000000b3700000|  0%| F|  |TAMS 0x00000000b3600000| PB 0x00000000b3600000| Untracked 
| 267|0x00000000b3700000, 0x00000000b3700000, 0x00000000b3800000|  0%| F|  |TAMS 0x00000000b3700000| PB 0x00000000b3700000| Untracked 
| 268|0x00000000b3800000, 0x00000000b3800000, 0x00000000b3900000|  0%| F|  |TAMS 0x00000000b3800000| PB 0x00000000b3800000| Untracked 
| 269|0x00000000b3900000, 0x00000000b3900000, 0x00000000b3a00000|  0%| F|  |TAMS 0x00000000b3900000| PB 0x00000000b3900000| Untracked 
| 270|0x00000000b3a00000, 0x00000000b3a00000, 0x00000000b3b00000|  0%| F|  |TAMS 0x00000000b3a00000| PB 0x00000000b3a00000| Untracked 
| 271|0x00000000b3b00000, 0x00000000b3b00000, 0x00000000b3c00000|  0%| F|  |TAMS 0x00000000b3b00000| PB 0x00000000b3b00000| Untracked 
| 272|0x00000000b3c00000, 0x00000000b3c00000, 0x00000000b3d00000|  0%| F|  |TAMS 0x00000000b3c00000| PB 0x00000000b3c00000| Untracked 
| 273|0x00000000b3d00000, 0x00000000b3d00000, 0x00000000b3e00000|  0%| F|  |TAMS 0x00000000b3d00000| PB 0x00000000b3d00000| Untracked 
| 274|0x00000000b3e00000, 0x00000000b3f00000, 0x00000000b3f00000|100%| S|CS|TAMS 0x00000000b3e00000| PB 0x00000000b3e00000| Complete 
| 275|0x00000000b3f00000, 0x00000000b4000000, 0x00000000b4000000|100%| S|CS|TAMS 0x00000000b3f00000| PB 0x00000000b3f00000| Complete 
| 276|0x00000000b4000000, 0x00000000b4100000, 0x00000000b4100000|100%| S|CS|TAMS 0x00000000b4000000| PB 0x00000000b4000000| Complete 
| 277|0x00000000b4100000, 0x00000000b4200000, 0x00000000b4200000|100%| S|CS|TAMS 0x00000000b4100000| PB 0x00000000b4100000| Complete 
| 278|0x00000000b4200000, 0x00000000b4300000, 0x00000000b4300000|100%| S|CS|TAMS 0x00000000b4200000| PB 0x00000000b4200000| Complete 
| 279|0x00000000b4300000, 0x00000000b4400000, 0x00000000b4400000|100%| S|CS|TAMS 0x00000000b4300000| PB 0x00000000b4300000| Complete 
| 280|0x00000000b4400000, 0x00000000b4500000, 0x00000000b4500000|100%| S|CS|TAMS 0x00000000b4400000| PB 0x00000000b4400000| Complete 
| 281|0x00000000b4500000, 0x00000000b4600000, 0x00000000b4600000|100%| S|CS|TAMS 0x00000000b4500000| PB 0x00000000b4500000| Complete 
| 282|0x00000000b4600000, 0x00000000b4700000, 0x00000000b4700000|100%| S|CS|TAMS 0x00000000b4600000| PB 0x00000000b4600000| Complete 
| 283|0x00000000b4700000, 0x00000000b4800000, 0x00000000b4800000|100%| S|CS|TAMS 0x00000000b4700000| PB 0x00000000b4700000| Complete 
| 284|0x00000000b4800000, 0x00000000b4900000, 0x00000000b4900000|100%| S|CS|TAMS 0x00000000b4800000| PB 0x00000000b4800000| Complete 
| 285|0x00000000b4900000, 0x00000000b4a00000, 0x00000000b4a00000|100%| S|CS|TAMS 0x00000000b4900000| PB 0x00000000b4900000| Complete 
| 286|0x00000000b4a00000, 0x00000000b4b00000, 0x00000000b4b00000|100%| S|CS|TAMS 0x00000000b4a00000| PB 0x00000000b4a00000| Complete 
| 287|0x00000000b4b00000, 0x00000000b4c00000, 0x00000000b4c00000|100%| S|CS|TAMS 0x00000000b4b00000| PB 0x00000000b4b00000| Complete 
| 288|0x00000000b4c00000, 0x00000000b4d00000, 0x00000000b4d00000|100%| S|CS|TAMS 0x00000000b4c00000| PB 0x00000000b4c00000| Complete 
| 289|0x00000000b4d00000, 0x00000000b4e00000, 0x00000000b4e00000|100%| S|CS|TAMS 0x00000000b4d00000| PB 0x00000000b4d00000| Complete 
| 290|0x00000000b4e00000, 0x00000000b4e00000, 0x00000000b4f00000|  0%| F|  |TAMS 0x00000000b4e00000| PB 0x00000000b4e00000| Untracked 
| 291|0x00000000b4f00000, 0x00000000b4f00000, 0x00000000b5000000|  0%| F|  |TAMS 0x00000000b4f00000| PB 0x00000000b4f00000| Untracked 
| 292|0x00000000b5000000, 0x00000000b5000000, 0x00000000b5100000|  0%| F|  |TAMS 0x00000000b5000000| PB 0x00000000b5000000| Untracked 
| 293|0x00000000b5100000, 0x00000000b5100000, 0x00000000b5200000|  0%| F|  |TAMS 0x00000000b5100000| PB 0x00000000b5100000| Untracked 
| 294|0x00000000b5200000, 0x00000000b5200000, 0x00000000b5300000|  0%| F|  |TAMS 0x00000000b5200000| PB 0x00000000b5200000| Untracked 
| 295|0x00000000b5300000, 0x00000000b5300000, 0x00000000b5400000|  0%| F|  |TAMS 0x00000000b5300000| PB 0x00000000b5300000| Untracked 
| 296|0x00000000b5400000, 0x00000000b5400000, 0x00000000b5500000|  0%| F|  |TAMS 0x00000000b5400000| PB 0x00000000b5400000| Untracked 
| 297|0x00000000b5500000, 0x00000000b5500000, 0x00000000b5600000|  0%| F|  |TAMS 0x00000000b5500000| PB 0x00000000b5500000| Untracked 
| 298|0x00000000b5600000, 0x00000000b5600000, 0x00000000b5700000|  0%| F|  |TAMS 0x00000000b5600000| PB 0x00000000b5600000| Untracked 
| 299|0x00000000b5700000, 0x00000000b5700000, 0x00000000b5800000|  0%| F|  |TAMS 0x00000000b5700000| PB 0x00000000b5700000| Untracked 
| 300|0x00000000b5800000, 0x00000000b5800000, 0x00000000b5900000|  0%| F|  |TAMS 0x00000000b5800000| PB 0x00000000b5800000| Untracked 
| 301|0x00000000b5900000, 0x00000000b5900000, 0x00000000b5a00000|  0%| F|  |TAMS 0x00000000b5900000| PB 0x00000000b5900000| Untracked 
| 302|0x00000000b5a00000, 0x00000000b5a00000, 0x00000000b5b00000|  0%| F|  |TAMS 0x00000000b5a00000| PB 0x00000000b5a00000| Untracked 
| 303|0x00000000b5b00000, 0x00000000b5b00000, 0x00000000b5c00000|  0%| F|  |TAMS 0x00000000b5b00000| PB 0x00000000b5b00000| Untracked 
| 304|0x00000000b5c00000, 0x00000000b5c00000, 0x00000000b5d00000|  0%| F|  |TAMS 0x00000000b5c00000| PB 0x00000000b5c00000| Untracked 
| 305|0x00000000b5d00000, 0x00000000b5d00000, 0x00000000b5e00000|  0%| F|  |TAMS 0x00000000b5d00000| PB 0x00000000b5d00000| Untracked 
| 306|0x00000000b5e00000, 0x00000000b5e00000, 0x00000000b5f00000|  0%| F|  |TAMS 0x00000000b5e00000| PB 0x00000000b5e00000| Untracked 
| 307|0x00000000b5f00000, 0x00000000b5f00000, 0x00000000b6000000|  0%| F|  |TAMS 0x00000000b5f00000| PB 0x00000000b5f00000| Untracked 
| 308|0x00000000b6000000, 0x00000000b6000000, 0x00000000b6100000|  0%| F|  |TAMS 0x00000000b6000000| PB 0x00000000b6000000| Untracked 
| 309|0x00000000b6100000, 0x00000000b6100000, 0x00000000b6200000|  0%| F|  |TAMS 0x00000000b6100000| PB 0x00000000b6100000| Untracked 
| 310|0x00000000b6200000, 0x00000000b6200000, 0x00000000b6300000|  0%| F|  |TAMS 0x00000000b6200000| PB 0x00000000b6200000| Untracked 
| 311|0x00000000b6300000, 0x00000000b6300000, 0x00000000b6400000|  0%| F|  |TAMS 0x00000000b6300000| PB 0x00000000b6300000| Untracked 
| 312|0x00000000b6400000, 0x00000000b6400000, 0x00000000b6500000|  0%| F|  |TAMS 0x00000000b6400000| PB 0x00000000b6400000| Untracked 
| 313|0x00000000b6500000, 0x00000000b6500000, 0x00000000b6600000|  0%| F|  |TAMS 0x00000000b6500000| PB 0x00000000b6500000| Untracked 
| 314|0x00000000b6600000, 0x00000000b6600000, 0x00000000b6700000|  0%| F|  |TAMS 0x00000000b6600000| PB 0x00000000b6600000| Untracked 
| 315|0x00000000b6700000, 0x00000000b6700000, 0x00000000b6800000|  0%| F|  |TAMS 0x00000000b6700000| PB 0x00000000b6700000| Untracked 
| 316|0x00000000b6800000, 0x00000000b6800000, 0x00000000b6900000|  0%| F|  |TAMS 0x00000000b6800000| PB 0x00000000b6800000| Untracked 
| 317|0x00000000b6900000, 0x00000000b6900000, 0x00000000b6a00000|  0%| F|  |TAMS 0x00000000b6900000| PB 0x00000000b6900000| Untracked 
| 318|0x00000000b6a00000, 0x00000000b6a00000, 0x00000000b6b00000|  0%| F|  |TAMS 0x00000000b6a00000| PB 0x00000000b6a00000| Untracked 
| 319|0x00000000b6b00000, 0x00000000b6b00000, 0x00000000b6c00000|  0%| F|  |TAMS 0x00000000b6b00000| PB 0x00000000b6b00000| Untracked 
| 320|0x00000000b6c00000, 0x00000000b6c00000, 0x00000000b6d00000|  0%| F|  |TAMS 0x00000000b6c00000| PB 0x00000000b6c00000| Untracked 
| 321|0x00000000b6d00000, 0x00000000b6d00000, 0x00000000b6e00000|  0%| F|  |TAMS 0x00000000b6d00000| PB 0x00000000b6d00000| Untracked 
| 322|0x00000000b6e00000, 0x00000000b6e00000, 0x00000000b6f00000|  0%| F|  |TAMS 0x00000000b6e00000| PB 0x00000000b6e00000| Untracked 
| 323|0x00000000b6f00000, 0x00000000b6f00000, 0x00000000b7000000|  0%| F|  |TAMS 0x00000000b6f00000| PB 0x00000000b6f00000| Untracked 
| 324|0x00000000b7000000, 0x00000000b7000000, 0x00000000b7100000|  0%| F|  |TAMS 0x00000000b7000000| PB 0x00000000b7000000| Untracked 
| 325|0x00000000b7100000, 0x00000000b7100000, 0x00000000b7200000|  0%| F|  |TAMS 0x00000000b7100000| PB 0x00000000b7100000| Untracked 
| 326|0x00000000b7200000, 0x00000000b7200000, 0x00000000b7300000|  0%| F|  |TAMS 0x00000000b7200000| PB 0x00000000b7200000| Untracked 
| 327|0x00000000b7300000, 0x00000000b7300000, 0x00000000b7400000|  0%| F|  |TAMS 0x00000000b7300000| PB 0x00000000b7300000| Untracked 
| 328|0x00000000b7400000, 0x00000000b7400000, 0x00000000b7500000|  0%| F|  |TAMS 0x00000000b7400000| PB 0x00000000b7400000| Untracked 
| 329|0x00000000b7500000, 0x00000000b7500000, 0x00000000b7600000|  0%| F|  |TAMS 0x00000000b7500000| PB 0x00000000b7500000| Untracked 
| 330|0x00000000b7600000, 0x00000000b7600000, 0x00000000b7700000|  0%| F|  |TAMS 0x00000000b7600000| PB 0x00000000b7600000| Untracked 
| 331|0x00000000b7700000, 0x00000000b7700000, 0x00000000b7800000|  0%| F|  |TAMS 0x00000000b7700000| PB 0x00000000b7700000| Untracked 
| 332|0x00000000b7800000, 0x00000000b7800000, 0x00000000b7900000|  0%| F|  |TAMS 0x00000000b7800000| PB 0x00000000b7800000| Untracked 
| 333|0x00000000b7900000, 0x00000000b7900000, 0x00000000b7a00000|  0%| F|  |TAMS 0x00000000b7900000| PB 0x00000000b7900000| Untracked 
| 334|0x00000000b7a00000, 0x00000000b7a00000, 0x00000000b7b00000|  0%| F|  |TAMS 0x00000000b7a00000| PB 0x00000000b7a00000| Untracked 
| 335|0x00000000b7b00000, 0x00000000b7b00000, 0x00000000b7c00000|  0%| F|  |TAMS 0x00000000b7b00000| PB 0x00000000b7b00000| Untracked 
| 336|0x00000000b7c00000, 0x00000000b7c00000, 0x00000000b7d00000|  0%| F|  |TAMS 0x00000000b7c00000| PB 0x00000000b7c00000| Untracked 
| 337|0x00000000b7d00000, 0x00000000b7d00000, 0x00000000b7e00000|  0%| F|  |TAMS 0x00000000b7d00000| PB 0x00000000b7d00000| Untracked 
| 338|0x00000000b7e00000, 0x00000000b7e00000, 0x00000000b7f00000|  0%| F|  |TAMS 0x00000000b7e00000| PB 0x00000000b7e00000| Untracked 
| 339|0x00000000b7f00000, 0x00000000b7f00000, 0x00000000b8000000|  0%| F|  |TAMS 0x00000000b7f00000| PB 0x00000000b7f00000| Untracked 
| 340|0x00000000b8000000, 0x00000000b8000000, 0x00000000b8100000|  0%| F|  |TAMS 0x00000000b8000000| PB 0x00000000b8000000| Untracked 
| 341|0x00000000b8100000, 0x00000000b8100000, 0x00000000b8200000|  0%| F|  |TAMS 0x00000000b8100000| PB 0x00000000b8100000| Untracked 
| 342|0x00000000b8200000, 0x00000000b8200000, 0x00000000b8300000|  0%| F|  |TAMS 0x00000000b8200000| PB 0x00000000b8200000| Untracked 
| 343|0x00000000b8300000, 0x00000000b8300000, 0x00000000b8400000|  0%| F|  |TAMS 0x00000000b8300000| PB 0x00000000b8300000| Untracked 
| 344|0x00000000b8400000, 0x00000000b8400000, 0x00000000b8500000|  0%| F|  |TAMS 0x00000000b8400000| PB 0x00000000b8400000| Untracked 
| 345|0x00000000b8500000, 0x00000000b8500000, 0x00000000b8600000|  0%| F|  |TAMS 0x00000000b8500000| PB 0x00000000b8500000| Untracked 
| 346|0x00000000b8600000, 0x00000000b8600000, 0x00000000b8700000|  0%| F|  |TAMS 0x00000000b8600000| PB 0x00000000b8600000| Untracked 
| 347|0x00000000b8700000, 0x00000000b8700000, 0x00000000b8800000|  0%| F|  |TAMS 0x00000000b8700000| PB 0x00000000b8700000| Untracked 
| 348|0x00000000b8800000, 0x00000000b8800000, 0x00000000b8900000|  0%| F|  |TAMS 0x00000000b8800000| PB 0x00000000b8800000| Untracked 
| 349|0x00000000b8900000, 0x00000000b8900000, 0x00000000b8a00000|  0%| F|  |TAMS 0x00000000b8900000| PB 0x00000000b8900000| Untracked 
| 350|0x00000000b8a00000, 0x00000000b8a00000, 0x00000000b8b00000|  0%| F|  |TAMS 0x00000000b8a00000| PB 0x00000000b8a00000| Untracked 
| 351|0x00000000b8b00000, 0x00000000b8b00000, 0x00000000b8c00000|  0%| F|  |TAMS 0x00000000b8b00000| PB 0x00000000b8b00000| Untracked 
| 352|0x00000000b8c00000, 0x00000000b8c00000, 0x00000000b8d00000|  0%| F|  |TAMS 0x00000000b8c00000| PB 0x00000000b8c00000| Untracked 
| 353|0x00000000b8d00000, 0x00000000b8d00000, 0x00000000b8e00000|  0%| F|  |TAMS 0x00000000b8d00000| PB 0x00000000b8d00000| Untracked 
| 354|0x00000000b8e00000, 0x00000000b8e00000, 0x00000000b8f00000|  0%| F|  |TAMS 0x00000000b8e00000| PB 0x00000000b8e00000| Untracked 
| 355|0x00000000b8f00000, 0x00000000b8f00000, 0x00000000b9000000|  0%| F|  |TAMS 0x00000000b8f00000| PB 0x00000000b8f00000| Untracked 
| 356|0x00000000b9000000, 0x00000000b9000000, 0x00000000b9100000|  0%| F|  |TAMS 0x00000000b9000000| PB 0x00000000b9000000| Untracked 
| 357|0x00000000b9100000, 0x00000000b9100000, 0x00000000b9200000|  0%| F|  |TAMS 0x00000000b9100000| PB 0x00000000b9100000| Untracked 
| 358|0x00000000b9200000, 0x00000000b9200000, 0x00000000b9300000|  0%| F|  |TAMS 0x00000000b9200000| PB 0x00000000b9200000| Untracked 
| 359|0x00000000b9300000, 0x00000000b9300000, 0x00000000b9400000|  0%| F|  |TAMS 0x00000000b9300000| PB 0x00000000b9300000| Untracked 
| 360|0x00000000b9400000, 0x00000000b9400000, 0x00000000b9500000|  0%| F|  |TAMS 0x00000000b9400000| PB 0x00000000b9400000| Untracked 
| 361|0x00000000b9500000, 0x00000000b9500000, 0x00000000b9600000|  0%| F|  |TAMS 0x00000000b9500000| PB 0x00000000b9500000| Untracked 
| 362|0x00000000b9600000, 0x00000000b9600000, 0x00000000b9700000|  0%| F|  |TAMS 0x00000000b9600000| PB 0x00000000b9600000| Untracked 
| 363|0x00000000b9700000, 0x00000000b9700000, 0x00000000b9800000|  0%| F|  |TAMS 0x00000000b9700000| PB 0x00000000b9700000| Untracked 
| 364|0x00000000b9800000, 0x00000000b9800000, 0x00000000b9900000|  0%| F|  |TAMS 0x00000000b9800000| PB 0x00000000b9800000| Untracked 
| 365|0x00000000b9900000, 0x00000000b9900000, 0x00000000b9a00000|  0%| F|  |TAMS 0x00000000b9900000| PB 0x00000000b9900000| Untracked 
| 366|0x00000000b9a00000, 0x00000000b9a00000, 0x00000000b9b00000|  0%| F|  |TAMS 0x00000000b9a00000| PB 0x00000000b9a00000| Untracked 
| 367|0x00000000b9b00000, 0x00000000b9b00000, 0x00000000b9c00000|  0%| F|  |TAMS 0x00000000b9b00000| PB 0x00000000b9b00000| Untracked 
| 368|0x00000000b9c00000, 0x00000000b9c00000, 0x00000000b9d00000|  0%| F|  |TAMS 0x00000000b9c00000| PB 0x00000000b9c00000| Untracked 
| 369|0x00000000b9d00000, 0x00000000b9d00000, 0x00000000b9e00000|  0%| F|  |TAMS 0x00000000b9d00000| PB 0x00000000b9d00000| Untracked 
| 370|0x00000000b9e00000, 0x00000000b9e80000, 0x00000000b9f00000| 50%| E|  |TAMS 0x00000000b9e00000| PB 0x00000000b9e00000| Complete 
| 371|0x00000000b9f00000, 0x00000000ba000000, 0x00000000ba000000|100%| E|CS|TAMS 0x00000000b9f00000| PB 0x00000000b9f00000| Complete 
| 372|0x00000000ba000000, 0x00000000ba100000, 0x00000000ba100000|100%| E|CS|TAMS 0x00000000ba000000| PB 0x00000000ba000000| Complete 
| 373|0x00000000ba100000, 0x00000000ba200000, 0x00000000ba200000|100%| E|CS|TAMS 0x00000000ba100000| PB 0x00000000ba100000| Complete 
| 374|0x00000000ba200000, 0x00000000ba300000, 0x00000000ba300000|100%| E|CS|TAMS 0x00000000ba200000| PB 0x00000000ba200000| Complete 
| 375|0x00000000ba300000, 0x00000000ba400000, 0x00000000ba400000|100%| E|CS|TAMS 0x00000000ba300000| PB 0x00000000ba300000| Complete 
| 376|0x00000000ba400000, 0x00000000ba500000, 0x00000000ba500000|100%| E|CS|TAMS 0x00000000ba400000| PB 0x00000000ba400000| Complete 
| 377|0x00000000ba500000, 0x00000000ba600000, 0x00000000ba600000|100%| E|CS|TAMS 0x00000000ba500000| PB 0x00000000ba500000| Complete 
| 378|0x00000000ba600000, 0x00000000ba700000, 0x00000000ba700000|100%| E|CS|TAMS 0x00000000ba600000| PB 0x00000000ba600000| Complete 
| 379|0x00000000ba700000, 0x00000000ba800000, 0x00000000ba800000|100%| E|CS|TAMS 0x00000000ba700000| PB 0x00000000ba700000| Complete 
| 380|0x00000000ba800000, 0x00000000ba900000, 0x00000000ba900000|100%| E|CS|TAMS 0x00000000ba800000| PB 0x00000000ba800000| Complete 
| 381|0x00000000ba900000, 0x00000000baa00000, 0x00000000baa00000|100%| E|CS|TAMS 0x00000000ba900000| PB 0x00000000ba900000| Complete 
| 382|0x00000000baa00000, 0x00000000bab00000, 0x00000000bab00000|100%| E|CS|TAMS 0x00000000baa00000| PB 0x00000000baa00000| Complete 
| 383|0x00000000bab00000, 0x00000000bac00000, 0x00000000bac00000|100%| E|CS|TAMS 0x00000000bab00000| PB 0x00000000bab00000| Complete 
| 384|0x00000000bac00000, 0x00000000bad00000, 0x00000000bad00000|100%| E|CS|TAMS 0x00000000bac00000| PB 0x00000000bac00000| Complete 
| 385|0x00000000bad00000, 0x00000000bae00000, 0x00000000bae00000|100%| E|CS|TAMS 0x00000000bad00000| PB 0x00000000bad00000| Complete 
| 386|0x00000000bae00000, 0x00000000baf00000, 0x00000000baf00000|100%| E|CS|TAMS 0x00000000bae00000| PB 0x00000000bae00000| Complete 
| 387|0x00000000baf00000, 0x00000000bb000000, 0x00000000bb000000|100%| E|CS|TAMS 0x00000000baf00000| PB 0x00000000baf00000| Complete 
| 388|0x00000000bb000000, 0x00000000bb100000, 0x00000000bb100000|100%| E|CS|TAMS 0x00000000bb000000| PB 0x00000000bb000000| Complete 
| 389|0x00000000bb100000, 0x00000000bb200000, 0x00000000bb200000|100%| E|CS|TAMS 0x00000000bb100000| PB 0x00000000bb100000| Complete 
| 390|0x00000000bb200000, 0x00000000bb300000, 0x00000000bb300000|100%| E|CS|TAMS 0x00000000bb200000| PB 0x00000000bb200000| Complete 
| 391|0x00000000bb300000, 0x00000000bb400000, 0x00000000bb400000|100%| E|CS|TAMS 0x00000000bb300000| PB 0x00000000bb300000| Complete 
| 392|0x00000000bb400000, 0x00000000bb500000, 0x00000000bb500000|100%| E|CS|TAMS 0x00000000bb400000| PB 0x00000000bb400000| Complete 
| 393|0x00000000bb500000, 0x00000000bb600000, 0x00000000bb600000|100%| E|CS|TAMS 0x00000000bb500000| PB 0x00000000bb500000| Complete 
| 394|0x00000000bb600000, 0x00000000bb700000, 0x00000000bb700000|100%| E|CS|TAMS 0x00000000bb600000| PB 0x00000000bb600000| Complete 
| 395|0x00000000bb700000, 0x00000000bb800000, 0x00000000bb800000|100%| E|CS|TAMS 0x00000000bb700000| PB 0x00000000bb700000| Complete 
| 396|0x00000000bb800000, 0x00000000bb900000, 0x00000000bb900000|100%| E|CS|TAMS 0x00000000bb800000| PB 0x00000000bb800000| Complete 
| 397|0x00000000bb900000, 0x00000000bba00000, 0x00000000bba00000|100%| E|CS|TAMS 0x00000000bb900000| PB 0x00000000bb900000| Complete 
| 398|0x00000000bba00000, 0x00000000bbb00000, 0x00000000bbb00000|100%| E|CS|TAMS 0x00000000bba00000| PB 0x00000000bba00000| Complete 
| 399|0x00000000bbb00000, 0x00000000bbc00000, 0x00000000bbc00000|100%| E|CS|TAMS 0x00000000bbb00000| PB 0x00000000bbb00000| Complete 
| 400|0x00000000bbc00000, 0x00000000bbd00000, 0x00000000bbd00000|100%| E|CS|TAMS 0x00000000bbc00000| PB 0x00000000bbc00000| Complete 
| 401|0x00000000bbd00000, 0x00000000bbe00000, 0x00000000bbe00000|100%| E|CS|TAMS 0x00000000bbd00000| PB 0x00000000bbd00000| Complete 
| 402|0x00000000bbe00000, 0x00000000bbf00000, 0x00000000bbf00000|100%| E|CS|TAMS 0x00000000bbe00000| PB 0x00000000bbe00000| Complete 
| 403|0x00000000bbf00000, 0x00000000bc000000, 0x00000000bc000000|100%| E|CS|TAMS 0x00000000bbf00000| PB 0x00000000bbf00000| Complete 
| 404|0x00000000bc000000, 0x00000000bc100000, 0x00000000bc100000|100%| E|CS|TAMS 0x00000000bc000000| PB 0x00000000bc000000| Complete 
| 405|0x00000000bc100000, 0x00000000bc200000, 0x00000000bc200000|100%| E|CS|TAMS 0x00000000bc100000| PB 0x00000000bc100000| Complete 
| 406|0x00000000bc200000, 0x00000000bc300000, 0x00000000bc300000|100%| E|CS|TAMS 0x00000000bc200000| PB 0x00000000bc200000| Complete 
|1480|0x00000000ff400000, 0x00000000ff500000, 0x00000000ff500000|100%| O|  |TAMS 0x00000000ff400000| PB 0x00000000ff400000| Untracked 
|1481|0x00000000ff500000, 0x00000000ff600000, 0x00000000ff600000|100%| O|  |TAMS 0x00000000ff500000| PB 0x00000000ff500000| Untracked 
|1482|0x00000000ff600000, 0x00000000ff700000, 0x00000000ff700000|100%| O|  |TAMS 0x00000000ff600000| PB 0x00000000ff600000| Untracked 
|1483|0x00000000ff700000, 0x00000000ff800000, 0x00000000ff800000|100%| O|  |TAMS 0x00000000ff700000| PB 0x00000000ff700000| Untracked 
|1484|0x00000000ff800000, 0x00000000ff900000, 0x00000000ff900000|100%| E|CS|TAMS 0x00000000ff800000| PB 0x00000000ff800000| Complete 
|1485|0x00000000ff900000, 0x00000000ffa00000, 0x00000000ffa00000|100%| E|CS|TAMS 0x00000000ff900000| PB 0x00000000ff900000| Complete 
|1486|0x00000000ffa00000, 0x00000000ffb00000, 0x00000000ffb00000|100%| O|  |TAMS 0x00000000ffa00000| PB 0x00000000ffa00000| Untracked 
|1487|0x00000000ffb00000, 0x00000000ffc00000, 0x00000000ffc00000|100%| O|  |TAMS 0x00000000ffb00000| PB 0x00000000ffb00000| Untracked 
|1488|0x00000000ffc00000, 0x00000000ffd00000, 0x00000000ffd00000|100%| O|  |TAMS 0x00000000ffc00000| PB 0x00000000ffc00000| Untracked 
|1489|0x00000000ffd00000, 0x00000000ffe00000, 0x00000000ffe00000|100%| E|CS|TAMS 0x00000000ffd00000| PB 0x00000000ffd00000| Complete 
|1490|0x00000000ffe00000, 0x00000000fff00000, 0x00000000fff00000|100%| O|  |TAMS 0x00000000ffe00000| PB 0x00000000ffe00000| Untracked 
|1491|0x00000000fff00000, 0x0000000100000000, 0x0000000100000000|100%| O|  |TAMS 0x00000000fff00000| PB 0x00000000fff00000| Untracked 

Card table byte_map: [0x00000198a2910000,0x00000198a2c00000] _byte_map_base: 0x00000198a23fa000

Marking Bits: (CMBitMap*) 0x00000198901cf6c0
 Bits: [0x00000198a2c00000, 0x00000198a4350000)

Polling page: 0x000001988dfb0000

Metaspace:

Usage:
  Non-class:     72.69 MB used.
      Class:      8.90 MB used.
       Both:     81.59 MB used.

Virtual space:
  Non-class space:      128.00 MB reserved,      73.12 MB ( 57%) committed,  2 nodes.
      Class space:        1.00 GB reserved,       9.25 MB ( <1%) committed,  1 nodes.
             Both:        1.12 GB reserved,      82.38 MB (  7%) committed. 

Chunk freelists:
   Non-Class:  6.42 MB
       Class:  6.57 MB
        Both:  12.99 MB

MaxMetaspaceSize: unlimited
CompressedClassSpaceSize: 1.00 GB
Initial GC threshold: 21.00 MB
Current GC threshold: 135.00 MB
CDS: off
 - commit_granule_bytes: 65536.
 - commit_granule_words: 8192.
 - virtual_space_node_default_size: 8388608.
 - enlarge_chunks_in_place: 1.
 - use_allocation_guard: 0.


Internal statistics:

num_allocs_failed_limit: 3.
num_arena_births: 1402.
num_arena_deaths: 0.
num_vsnodes_births: 3.
num_vsnodes_deaths: 0.
num_space_committed: 1316.
num_space_uncommitted: 0.
num_chunks_returned_to_freelist: 3.
num_chunks_taken_from_freelist: 4338.
num_chunk_merges: 3.
num_chunk_splits: 3277.
num_chunks_enlarged: 2554.
num_inconsistent_stats: 0.

CodeHeap 'non-profiled nmethods': size=120000Kb used=19878Kb max_used=19878Kb free=100121Kb
 bounds [0x000001989adc0000, 0x000001989c130000, 0x00000198a22f0000]
CodeHeap 'profiled nmethods': size=120000Kb used=47203Kb max_used=47203Kb free=72796Kb
 bounds [0x00000198932f0000, 0x0000019896130000, 0x000001989a820000]
CodeHeap 'non-nmethods': size=5760Kb used=1636Kb max_used=1710Kb free=4123Kb
 bounds [0x000001989a820000, 0x000001989aa90000, 0x000001989adc0000]
CodeCache: size=245760Kb, used=68717Kb, max_used=68791Kb, free=177040Kb
 total_blobs=17735, nmethods=16964, adapters=671, full_count=0
Compilation: enabled, stopped_count=0, restarted_count=0

Compilation events (20 events):
Event: 66.946 Thread 0x00000198ab0501a0 24352       3       org.jetbrains.kotlin.ir.util.SymbolRenamer$DefaultImpls::getClassName (19 bytes)
Event: 66.947 Thread 0x00000198ab0501a0 nmethod 24352 0x0000019896119390 code [0x00000198961195e0, 0x0000019896119da0]
Event: 66.947 Thread 0x00000198ab0501a0 24353       3       org.jetbrains.kotlin.ir.util.DeepCopySymbolRemapper::getDeclaredClass (26 bytes)
Event: 66.947 Thread 0x00000198ab0501a0 nmethod 24353 0x000001989611a090 code [0x000001989611a2e0, 0x000001989611aab0]
Event: 66.947 Thread 0x00000198ab0501a0 24355       3       org.jetbrains.kotlin.ir.util.DeepCopyIrTreeWithSymbols::visitClass (501 bytes)
Event: 66.951 Thread 0x00000198ab0501a0 nmethod 24355 0x000001989611ad10 code [0x000001989611b6a0, 0x00000198961210d0]
Event: 66.952 Thread 0x00000198ab0501a0 24357       3       org.jetbrains.kotlin.ir.util.AdditionalIrUtilsKt::getPackageFqName (50 bytes)
Event: 66.953 Thread 0x00000198ab0501a0 nmethod 24357 0x0000019896122d90 code [0x0000019896123060, 0x0000019896123bf0]
Event: 66.953 Thread 0x00000198ab0501a0 24354       3       org.jetbrains.kotlin.ir.declarations.impl.IrClassImpl::setAttributeOwnerId (13 bytes)
Event: 66.954 Thread 0x00000198ab0501a0 nmethod 24354 0x0000019896123f90 code [0x00000198961241c0, 0x00000198961247a0]
Event: 66.966 Thread 0x00000198ab0501a0 24358       3       org.jetbrains.kotlin.ir.util.DeepCopyIrTreeWithSymbols::visitInstanceInitializerCall (9 bytes)
Event: 66.967 Thread 0x00000198ab0501a0 nmethod 24358 0x0000019894669f10 code [0x000001989466a0c0, 0x000001989466a278]
Event: 66.967 Thread 0x00000198ab0501a0 24359       3       org.jetbrains.kotlin.ir.util.DeepCopyIrTreeWithSymbols::visitInstanceInitializerCall (57 bytes)
Event: 66.968 Thread 0x00000198ab0501a0 nmethod 24359 0x0000019896124a10 code [0x0000019896124dc0, 0x0000019896126510]
Event: 66.969 Thread 0x00000198ab0501a0 24360       3       org.jetbrains.kotlin.ir.expressions.impl.IrTryImpl::<init> (40 bytes)
Event: 66.969 Thread 0x00000198ab0501a0 nmethod 24360 0x0000019896126d90 code [0x0000019896127000, 0x0000019896127a18]
Event: 66.970 Thread 0x00000198ab066760 nmethod 24334 0x000001989c126b90 code [0x000001989c126ee0, 0x000001989c128088]
Event: 66.970 Thread 0x00000198ab0501a0 24361       3       org.jetbrains.kotlin.ir.expressions.IrTry::<init> (5 bytes)
Event: 66.970 Thread 0x00000198ab066760 24331       4       androidx.compose.compiler.plugins.kotlin.lower.ComposerTypeRemapper::remapTypeArgument (40 bytes)
Event: 66.970 Thread 0x00000198ab0501a0 nmethod 24361 0x0000019893e7fb90 code [0x0000019893e7fd40, 0x0000019893e7ffc0]

GC Heap History (20 events):
Event: 48.813 GC heap before
{Heap before GC invocations=55 (full 0):
 garbage-first heap   total 326656K, used 279226K [0x00000000a2c00000, 0x0000000100000000)
  region size 1024K, 95 young (97280K), 12 survivors (12288K)
 Metaspace       used 71498K, committed 72320K, reserved 1114112K
  class space    used 8045K, committed 8448K, reserved 1048576K
}
Event: 48.826 GC heap after
{Heap after GC invocations=56 (full 0):
 garbage-first heap   total 326656K, used 199357K [0x00000000a2c00000, 0x0000000100000000)
  region size 1024K, 11 young (11264K), 11 survivors (11264K)
 Metaspace       used 71498K, committed 72320K, reserved 1114112K
  class space    used 8045K, committed 8448K, reserved 1048576K
}
Event: 50.520 GC heap before
{Heap before GC invocations=56 (full 0):
 garbage-first heap   total 326656K, used 305853K [0x00000000a2c00000, 0x0000000100000000)
  region size 1024K, 115 young (117760K), 11 survivors (11264K)
 Metaspace       used 71566K, committed 72384K, reserved 1114112K
  class space    used 8046K, committed 8448K, reserved 1048576K
}
Event: 50.536 GC heap after
{Heap after GC invocations=57 (full 0):
 garbage-first heap   total 327680K, used 204556K [0x00000000a2c00000, 0x0000000100000000)
  region size 1024K, 12 young (12288K), 12 survivors (12288K)
 Metaspace       used 71566K, committed 72384K, reserved 1114112K
  class space    used 8046K, committed 8448K, reserved 1048576K
}
Event: 51.884 GC heap before
{Heap before GC invocations=57 (full 0):
 garbage-first heap   total 327680K, used 307980K [0x00000000a2c00000, 0x0000000100000000)
  region size 1024K, 113 young (115712K), 12 survivors (12288K)
 Metaspace       used 71602K, committed 72384K, reserved 1114112K
  class space    used 8046K, committed 8448K, reserved 1048576K
}
Event: 51.899 GC heap after
{Heap after GC invocations=58 (full 0):
 garbage-first heap   total 328704K, used 212327K [0x00000000a2c00000, 0x0000000100000000)
  region size 1024K, 14 young (14336K), 14 survivors (14336K)
 Metaspace       used 71602K, committed 72384K, reserved 1114112K
  class space    used 8046K, committed 8448K, reserved 1048576K
}
Event: 53.472 GC heap before
{Heap before GC invocations=59 (full 0):
 garbage-first heap   total 355328K, used 309607K [0x00000000a2c00000, 0x0000000100000000)
  region size 1024K, 109 young (111616K), 14 survivors (14336K)
 Metaspace       used 71642K, committed 72448K, reserved 1114112K
  class space    used 8047K, committed 8448K, reserved 1048576K
}
Event: 53.487 GC heap after
{Heap after GC invocations=60 (full 0):
 garbage-first heap   total 355328K, used 219102K [0x00000000a2c00000, 0x0000000100000000)
  region size 1024K, 14 young (14336K), 14 survivors (14336K)
 Metaspace       used 71642K, committed 72448K, reserved 1114112K
  class space    used 8047K, committed 8448K, reserved 1048576K
}
Event: 55.042 GC heap before
{Heap before GC invocations=60 (full 0):
 garbage-first heap   total 355328K, used 334814K [0x00000000a2c00000, 0x0000000100000000)
  region size 1024K, 127 young (130048K), 14 survivors (14336K)
 Metaspace       used 71718K, committed 72512K, reserved 1114112K
  class space    used 8050K, committed 8448K, reserved 1048576K
}
Event: 55.062 GC heap after
{Heap after GC invocations=61 (full 0):
 garbage-first heap   total 362496K, used 226368K [0x00000000a2c00000, 0x0000000100000000)
  region size 1024K, 15 young (15360K), 15 survivors (15360K)
 Metaspace       used 71718K, committed 72512K, reserved 1114112K
  class space    used 8050K, committed 8448K, reserved 1048576K
}
Event: 56.425 GC heap before
{Heap before GC invocations=61 (full 0):
 garbage-first heap   total 362496K, used 341056K [0x00000000a2c00000, 0x0000000100000000)
  region size 1024K, 127 young (130048K), 15 survivors (15360K)
 Metaspace       used 72401K, committed 73152K, reserved 1114112K
  class space    used 8092K, committed 8448K, reserved 1048576K
}
Event: 56.438 GC heap after
{Heap after GC invocations=62 (full 0):
 garbage-first heap   total 362496K, used 230809K [0x00000000a2c00000, 0x0000000100000000)
  region size 1024K, 12 young (12288K), 12 survivors (12288K)
 Metaspace       used 72401K, committed 73152K, reserved 1114112K
  class space    used 8092K, committed 8448K, reserved 1048576K
}
Event: 57.681 GC heap before
{Heap before GC invocations=63 (full 0):
 garbage-first heap   total 386048K, used 341401K [0x00000000a2c00000, 0x0000000100000000)
  region size 1024K, 120 young (122880K), 12 survivors (12288K)
 Metaspace       used 72448K, committed 73216K, reserved 1114112K
  class space    used 8092K, committed 8448K, reserved 1048576K
}
Event: 57.695 GC heap after
{Heap after GC invocations=64 (full 0):
 garbage-first heap   total 386048K, used 233287K [0x00000000a2c00000, 0x0000000100000000)
  region size 1024K, 7 young (7168K), 7 survivors (7168K)
 Metaspace       used 72448K, committed 73216K, reserved 1114112K
  class space    used 8092K, committed 8448K, reserved 1048576K
}
Event: 61.841 GC heap before
{Heap before GC invocations=64 (full 0):
 garbage-first heap   total 386048K, used 365383K [0x00000000a2c00000, 0x0000000100000000)
  region size 1024K, 136 young (139264K), 7 survivors (7168K)
 Metaspace       used 79946K, committed 80704K, reserved 1179648K
  class space    used 8789K, committed 9152K, reserved 1048576K
}
Event: 61.859 GC heap after
{Heap after GC invocations=65 (full 0):
 garbage-first heap   total 386048K, used 241509K [0x00000000a2c00000, 0x0000000100000000)
  region size 1024K, 17 young (17408K), 17 survivors (17408K)
 Metaspace       used 79946K, committed 80704K, reserved 1179648K
  class space    used 8789K, committed 9152K, reserved 1048576K
}
Event: 64.260 GC heap before
{Heap before GC invocations=65 (full 0):
 garbage-first heap   total 386048K, used 364389K [0x00000000a2c00000, 0x0000000100000000)
  region size 1024K, 137 young (140288K), 17 survivors (17408K)
 Metaspace       used 81697K, committed 82496K, reserved 1179648K
  class space    used 8950K, committed 9344K, reserved 1048576K
}
Event: 64.286 GC heap after
{Heap after GC invocations=66 (full 0):
 garbage-first heap   total 397312K, used 256394K [0x00000000a2c00000, 0x0000000100000000)
  region size 1024K, 15 young (15360K), 15 survivors (15360K)
 Metaspace       used 81697K, committed 82496K, reserved 1179648K
  class space    used 8950K, committed 9344K, reserved 1048576K
}
Event: 66.393 GC heap before
{Heap before GC invocations=67 (full 0):
 garbage-first heap   total 429056K, used 371082K [0x00000000a2c00000, 0x0000000100000000)
  region size 1024K, 127 young (130048K), 15 survivors (15360K)
 Metaspace       used 83331K, committed 84160K, reserved 1179648K
  class space    used 9106K, committed 9472K, reserved 1048576K
}
Event: 66.417 GC heap after
{Heap after GC invocations=68 (full 0):
 garbage-first heap   total 429056K, used 275750K [0x00000000a2c00000, 0x0000000100000000)
  region size 1024K, 16 young (16384K), 16 survivors (16384K)
 Metaspace       used 83331K, committed 84160K, reserved 1179648K
  class space    used 9106K, committed 9472K, reserved 1048576K
}

Dll operation events (3 events):
Event: 0.015 Loaded shared library C:\Program Files\Android\Android Studio\jbr\bin\java.dll
Event: 0.022 Loaded shared library C:\Program Files\Android\Android Studio\jbr\bin\zip.dll
Event: 1.559 Loaded shared library C:\Program Files\Android\Android Studio\jbr\bin\verify.dll

Deoptimization events (20 events):
Event: 66.845 Thread 0x000001988dce4030 Uncommon trap: trap_request=0xffffffbe fr.pc=0x000001989c11d690 relative=0x0000000000000610
Event: 66.845 Thread 0x000001988dce4030 Uncommon trap: reason=profile_predicate action=maybe_recompile pc=0x000001989c11d690 method=androidx.compose.compiler.plugins.kotlin.lower.DeepCopyIrTreeWithRemappedComposableTypes.needsComposableRemapping(Lorg/jetbrains/kotlin/ir/types/IrType;)Z @ 75 c2
Event: 66.845 Thread 0x000001988dce4030 DEOPT PACKING pc=0x000001989c11d690 sp=0x0000002ff04fa8d0
Event: 66.845 Thread 0x000001988dce4030 DEOPT UNPACKING pc=0x000001989a8743a2 sp=0x0000002ff04fa840 mode 2
Event: 66.846 Thread 0x000001988dce4030 Uncommon trap: trap_request=0xffffffbe fr.pc=0x000001989c11d690 relative=0x0000000000000610
Event: 66.846 Thread 0x000001988dce4030 Uncommon trap: reason=profile_predicate action=maybe_recompile pc=0x000001989c11d690 method=androidx.compose.compiler.plugins.kotlin.lower.DeepCopyIrTreeWithRemappedComposableTypes.needsComposableRemapping(Lorg/jetbrains/kotlin/ir/types/IrType;)Z @ 75 c2
Event: 66.846 Thread 0x000001988dce4030 DEOPT PACKING pc=0x000001989c11d690 sp=0x0000002ff04f9d80
Event: 66.846 Thread 0x000001988dce4030 DEOPT UNPACKING pc=0x000001989a8743a2 sp=0x0000002ff04f9cf0 mode 2
Event: 66.846 Thread 0x000001988dce4030 Uncommon trap: trap_request=0xffffffbe fr.pc=0x000001989c11d690 relative=0x0000000000000610
Event: 66.846 Thread 0x000001988dce4030 Uncommon trap: reason=profile_predicate action=maybe_recompile pc=0x000001989c11d690 method=androidx.compose.compiler.plugins.kotlin.lower.DeepCopyIrTreeWithRemappedComposableTypes.needsComposableRemapping(Lorg/jetbrains/kotlin/ir/types/IrType;)Z @ 75 c2
Event: 66.846 Thread 0x000001988dce4030 DEOPT PACKING pc=0x000001989c11d690 sp=0x0000002ff04f9d80
Event: 66.846 Thread 0x000001988dce4030 DEOPT UNPACKING pc=0x000001989a8743a2 sp=0x0000002ff04f9cf0 mode 2
Event: 66.846 Thread 0x000001988dce4030 Uncommon trap: trap_request=0xffffffbe fr.pc=0x000001989c11d690 relative=0x0000000000000610
Event: 66.846 Thread 0x000001988dce4030 Uncommon trap: reason=profile_predicate action=maybe_recompile pc=0x000001989c11d690 method=androidx.compose.compiler.plugins.kotlin.lower.DeepCopyIrTreeWithRemappedComposableTypes.needsComposableRemapping(Lorg/jetbrains/kotlin/ir/types/IrType;)Z @ 75 c2
Event: 66.846 Thread 0x000001988dce4030 DEOPT PACKING pc=0x000001989c11d690 sp=0x0000002ff04fc6c0
Event: 66.846 Thread 0x000001988dce4030 DEOPT UNPACKING pc=0x000001989a8743a2 sp=0x0000002ff04fc630 mode 2
Event: 66.930 Thread 0x000001988dce4030 Uncommon trap: trap_request=0xffffffbe fr.pc=0x000001989c1249b4 relative=0x0000000000001f94
Event: 66.930 Thread 0x000001988dce4030 Uncommon trap: reason=profile_predicate action=maybe_recompile pc=0x000001989c1249b4 method=androidx.compose.compiler.plugins.kotlin.lower.DeepCopyIrTreeWithRemappedComposableTypes.needsComposableRemapping(Lorg/jetbrains/kotlin/ir/types/IrType;)Z @ 75 c2
Event: 66.930 Thread 0x000001988dce4030 DEOPT PACKING pc=0x000001989c1249b4 sp=0x0000002ff04fd3a0
Event: 66.930 Thread 0x000001988dce4030 DEOPT UNPACKING pc=0x000001989a8743a2 sp=0x0000002ff04fd2f8 mode 2

Classes loaded (20 events):
Event: 59.846 Loading class java/text/ChoiceFormat
Event: 59.847 Loading class java/text/NumberFormat
Event: 59.848 Loading class java/text/NumberFormat done
Event: 59.848 Loading class java/text/ChoiceFormat done
Event: 59.863 Loading class java/lang/invoke/DirectMethodHandle$1
Event: 59.864 Loading class java/lang/invoke/DirectMethodHandle$1 done
Event: 59.873 Loading class java/text/FieldPosition
Event: 59.873 Loading class java/text/FieldPosition done
Event: 59.873 Loading class java/util/Date
Event: 59.874 Loading class java/util/Date done
Event: 59.874 Loading class java/text/MessageFormat$Field
Event: 59.874 Loading class java/text/Format$Field
Event: 59.874 Loading class java/text/AttributedCharacterIterator$Attribute
Event: 59.875 Loading class java/text/AttributedCharacterIterator$Attribute done
Event: 59.875 Loading class java/text/Format$Field done
Event: 59.875 Loading class java/text/MessageFormat$Field done
Event: 64.082 Loading class java/lang/invoke/BoundMethodHandle$Species_LJ
Event: 64.083 Loading class java/lang/invoke/BoundMethodHandle$Species_LJ done
Event: 65.501 Loading class java/lang/invoke/BoundMethodHandle$Species_LLJ
Event: 65.502 Loading class java/lang/invoke/BoundMethodHandle$Species_LLJ done

Classes unloaded (0 events):
No events

Classes redefined (0 events):
No events

Internal exceptions (20 events):
Event: 34.821 Thread 0x000001988dce4030 Exception <a 'java/lang/NoSuchMethodError'{0x00000000acc45bd8}: 'void java.lang.invoke.DirectMethodHandle$Holder.invokeSpecial(java.lang.Object, java.lang.Object, int, java.lang.Object)'> (0x00000000acc45bd8) 
thrown [s\src\hotspot\share\interpreter\linkResolver.cpp, line 784]
Event: 35.548 Thread 0x000001988dce4030 Implicit null exception at 0x000001989b26f2c9 to 0x000001989b26f391
Event: 35.829 Thread 0x000001988dce4030 Implicit null exception at 0x000001989bb2ce20 to 0x000001989bb2e428
Event: 41.580 Thread 0x000001988dce4030 Implicit null exception at 0x000001989b993cdb to 0x000001989b994ef8
Event: 56.061 Thread 0x000001988dce4030 Implicit null exception at 0x000001989b4b9283 to 0x000001989b4b9c18
Event: 56.128 Thread 0x000001988dce4030 Implicit null exception at 0x000001989bd7525c to 0x000001989bd75d40
Event: 56.184 Thread 0x000001988dce4030 Implicit null exception at 0x000001989bd8502a to 0x000001989bd88e30
Event: 59.795 Thread 0x000001988dce4030 Exception <a 'java/lang/NoSuchMethodError'{0x00000000b5efdb80}: 'int java.lang.invoke.Invokers$Holder.invokeExact_MT(java.lang.Object, java.lang.Object, java.lang.Object)'> (0x00000000b5efdb80) 
thrown [s\src\hotspot\share\interpreter\linkResolver.cpp, line 784]
Event: 59.796 Thread 0x000001988dce4030 Exception <a 'java/lang/NoSuchMethodError'{0x00000000b5d02508}: 'void java.lang.invoke.Invokers$Holder.invokeExact_MT(java.lang.Object, java.lang.Object, java.lang.Object, java.lang.Object)'> (0x00000000b5d02508) 
thrown [s\src\hotspot\share\interpreter\linkResolver.cpp, line 784]
Event: 59.810 Thread 0x000001988dce4030 Implicit null exception at 0x000001989b06c7e3 to 0x000001989b06cd4c
Event: 59.835 Thread 0x000001988dce4030 Exception <a 'java/lang/NoSuchMethodError'{0x00000000b5c32550}: 'java.lang.Object java.lang.invoke.DirectMethodHandle$Holder.invokeStaticInit(java.lang.Object, java.lang.Object, java.lang.Object, java.lang.Object)'> (0x00000000b5c32550) 
thrown [s\src\hotspot\share\interpreter\linkResolver.cpp, line 784]
Event: 60.266 Thread 0x000001988dce4030 Exception <a 'java/lang/NoSuchMethodError'{0x00000000b4ecdc88}: 'java.lang.Object java.lang.invoke.DirectMethodHandle$Holder.newInvokeSpecial(java.lang.Object, java.lang.Object, java.lang.Object, int, int)'> (0x00000000b4ecdc88) 
thrown [s\src\hotspot\share\interpreter\linkResolver.cpp, line 784]
Event: 60.267 Thread 0x000001988dce4030 Exception <a 'java/lang/NoSuchMethodError'{0x00000000b4ed1828}: 'java.lang.Object java.lang.invoke.DirectMethodHandle$Holder.invokeSpecial(java.lang.Object, java.lang.Object, java.lang.Object, java.lang.Object, int, int)'> (0x00000000b4ed1828) 
thrown [s\src\hotspot\share\interpreter\linkResolver.cpp, line 784]
Event: 60.336 Thread 0x000001988dce4030 Exception <a 'java/lang/NoSuchMethodError'{0x00000000b4c808a0}: 'java.lang.Object java.lang.invoke.DirectMethodHandle$Holder.invokeSpecial(java.lang.Object, java.lang.Object, int, int, java.lang.Object, java.lang.Object, java.lang.Object, java.lang.Object, java.lang.Object)'> (0x00000000b4c808a0) 
thrown [s\src\hotspot\share\interpreter\linkResolver.cpp, line 784]
Event: 60.697 Thread 0x000001988dce4030 Exception <a 'java/lang/NoSuchMethodError'{0x00000000b40e5648}: 'java.lang.Object java.lang.invoke.DirectMethodHandle$Holder.newInvokeSpecial(java.lang.Object, java.lang.Object, int, int, java.lang.Object, java.lang.Object, java.lang.Object)'> (0x00000000b40e5648) 
thrown [s\src\hotspot\share\interpreter\linkResolver.cpp, line 784]
Event: 60.698 Thread 0x000001988dce4030 Exception <a 'java/lang/NoSuchMethodError'{0x00000000b40e9c68}: 'java.lang.Object java.lang.invoke.DirectMethodHandle$Holder.invokeSpecial(java.lang.Object, java.lang.Object, java.lang.Object, int, int, java.lang.Object, java.lang.Object, java.lang.Object)'> (0x00000000b40e9c68) 
thrown [s\src\hotspot\share\interpreter\linkResolver.cpp, line 784]
Event: 60.960 Thread 0x000001988dce4030 Exception <a 'java/lang/NoSuchMethodError'{0x00000000b3a2e5c0}: 'java.lang.Object java.lang.invoke.DirectMethodHandle$Holder.invokeStatic(java.lang.Object, java.lang.Object, java.lang.Object, int, int, java.lang.Object, java.lang.Object, java.lang.Object, java.lang.Object)'> (0x00000000b3a2e5c0) 
thrown [s\src\hotspot\share\interpreter\linkResolver.cpp, line 784]
Event: 60.960 Thread 0x000001988dce4030 Exception <a 'java/lang/NoSuchMethodError'{0x00000000b3a37180}: 'java.lang.Object java.lang.invoke.DirectMethodHandle$Holder.newInvokeSpecial(java.lang.Object, java.lang.Object, java.lang.Object, int, int, java.lang.Object)'> (0x00000000b3a37180) 
thrown [s\src\hotspot\share\interpreter\linkResolver.cpp, line 784]
Event: 60.961 Thread 0x000001988dce4030 Exception <a 'java/lang/NoSuchMethodError'{0x00000000b3a3e628}: 'java.lang.Object java.lang.invoke.Invokers$Holder.linkToTargetMethod(java.lang.Object, java.lang.Object, int, int, java.lang.Object, java.lang.Object)'> (0x00000000b3a3e628) 
thrown [s\src\hotspot\share\interpreter\linkResolver.cpp, line 784]
Event: 65.507 Thread 0x000001988dce4030 Implicit null exception at 0x000001989c0c84e6 to 0x000001989c0c89ec

ZGC Phase Switch (0 events):
No events

VM Operations (20 events):
Event: 65.683 Executing VM operation: ICBufferFull
Event: 65.684 Executing VM operation: ICBufferFull done
Event: 65.906 Executing VM operation: ICBufferFull
Event: 65.906 Executing VM operation: ICBufferFull done
Event: 66.156 Executing VM operation: ICBufferFull
Event: 66.156 Executing VM operation: ICBufferFull done
Event: 66.343 Executing VM operation: HandshakeAllThreads (Deoptimize)
Event: 66.343 Executing VM operation: HandshakeAllThreads (Deoptimize) done
Event: 66.347 Executing VM operation: HandshakeAllThreads (Deoptimize)
Event: 66.347 Executing VM operation: HandshakeAllThreads (Deoptimize) done
Event: 66.393 Executing VM operation: G1CollectForAllocation (G1 Evacuation Pause)
Event: 66.418 Executing VM operation: G1CollectForAllocation (G1 Evacuation Pause) done
Event: 66.490 Executing VM operation: HandshakeAllThreads (Deoptimize)
Event: 66.490 Executing VM operation: HandshakeAllThreads (Deoptimize) done
Event: 66.495 Executing VM operation: HandshakeAllThreads (Deoptimize)
Event: 66.495 Executing VM operation: HandshakeAllThreads (Deoptimize) done
Event: 66.538 Executing VM operation: ICBufferFull
Event: 66.538 Executing VM operation: ICBufferFull done
Event: 66.766 Executing VM operation: ICBufferFull
Event: 66.766 Executing VM operation: ICBufferFull done

Memory protections (0 events):
No events

Nmethod flushes (20 events):
Event: 64.689 Thread 0x00000198a6dc4750 flushing  nmethod 0x00000198946d7090
Event: 64.689 Thread 0x00000198a6dc4750 flushing  nmethod 0x00000198946d9d10
Event: 64.689 Thread 0x00000198a6dc4750 flushing  nmethod 0x0000019894837310
Event: 64.689 Thread 0x00000198a6dc4750 flushing  nmethod 0x00000198948b8b90
Event: 64.689 Thread 0x00000198a6dc4750 flushing  nmethod 0x00000198948c6510
Event: 64.689 Thread 0x00000198a6dc4750 flushing  nmethod 0x00000198949ddb90
Event: 64.689 Thread 0x00000198a6dc4750 flushing  nmethod 0x0000019894a28210
Event: 64.689 Thread 0x00000198a6dc4750 flushing  nmethod 0x0000019894b36610
Event: 64.689 Thread 0x00000198a6dc4750 flushing  nmethod 0x0000019894cb1090
Event: 64.689 Thread 0x00000198a6dc4750 flushing  nmethod 0x0000019894f37010
Event: 64.689 Thread 0x00000198a6dc4750 flushing  nmethod 0x0000019894f3a490
Event: 64.689 Thread 0x00000198a6dc4750 flushing  nmethod 0x00000198950dc590
Event: 64.689 Thread 0x00000198a6dc4750 flushing  nmethod 0x0000019895400510
Event: 64.689 Thread 0x00000198a6dc4750 flushing  nmethod 0x0000019895407e90
Event: 64.689 Thread 0x00000198a6dc4750 flushing  nmethod 0x000001989540c810
Event: 64.689 Thread 0x00000198a6dc4750 flushing  nmethod 0x000001989540e490
Event: 64.689 Thread 0x00000198a6dc4750 flushing  nmethod 0x0000019895560d10
Event: 64.689 Thread 0x00000198a6dc4750 flushing  nmethod 0x0000019895563d10
Event: 64.689 Thread 0x00000198a6dc4750 flushing  nmethod 0x00000198955bfc90
Event: 64.689 Thread 0x00000198a6dc4750 flushing  nmethod 0x0000019895a78910

Events (20 events):
Event: 0.681 Thread 0x00000198ab0feda0 Thread exited: 0x00000198ab0feda0
Event: 1.509 Thread 0x00000198ab0fcb90 Thread exited: 0x00000198ab0fcb90
Event: 2.146 Thread 0x00000198ab066760 Thread added: 0x00000198ac0eafb0
Event: 2.215 Thread 0x00000198ac0eafb0 Thread added: 0x00000198ac0eb680
Event: 2.428 Thread 0x00000198ac0eb680 Thread exited: 0x00000198ac0eb680
Event: 3.346 Thread 0x00000198ab066760 Thread added: 0x00000198ac0ebd50
Event: 3.545 Thread 0x00000198ac0ebd50 Thread exited: 0x00000198ac0ebd50
Event: 4.727 Thread 0x00000198ac0eafb0 Thread exited: 0x00000198ac0eafb0
Event: 4.748 Thread 0x00000198ab0501a0 Thread added: 0x00000198ad265220
Event: 4.758 Thread 0x00000198ab0501a0 Thread added: 0x00000198ad262270
Event: 7.674 Thread 0x00000198ad262270 Thread exited: 0x00000198ad262270
Event: 8.453 Thread 0x00000198ab0501a0 Thread added: 0x00000198ad264480
Event: 34.097 Thread 0x00000198ad264480 Thread exited: 0x00000198ad264480
Event: 51.205 Thread 0x00000198ad265220 Thread exited: 0x00000198ad265220
Event: 51.938 Thread 0x00000198ab0501a0 Thread added: 0x00000198b08d08f0
Event: 54.374 Thread 0x00000198b08d08f0 Thread exited: 0x00000198b08d08f0
Event: 55.745 Thread 0x00000198ab0501a0 Thread added: 0x00000198b08d1690
Event: 60.108 Thread 0x00000198b08d1690 Thread exited: 0x00000198b08d1690
Event: 60.548 Thread 0x00000198ab0501a0 Thread added: 0x00000198ad269640
Event: 65.437 Thread 0x00000198ab0501a0 Thread added: 0x00000198ad9005f0


Dynamic libraries:
0x00007ff7bf410000 - 0x00007ff7bf41a000 	C:\Program Files\Android\Android Studio\jbr\bin\java.exe
0x00007ffc5ad80000 - 0x00007ffc5afe7000 	C:\WINDOWS\SYSTEM32\ntdll.dll
0x00007ffc58b90000 - 0x00007ffc58c59000 	C:\WINDOWS\System32\KERNEL32.DLL
0x00007ffc577b0000 - 0x00007ffc57ba1000 	C:\WINDOWS\System32\KERNELBASE.dll
0x00007ffc57660000 - 0x00007ffc577ab000 	C:\WINDOWS\System32\ucrtbase.dll
0x00007ffc36150000 - 0x00007ffc36168000 	C:\Program Files\Android\Android Studio\jbr\bin\jli.dll
0x00007ffc36130000 - 0x00007ffc3614b000 	C:\Program Files\Android\Android Studio\jbr\bin\VCRUNTIME140.dll
0x00007ffc5a340000 - 0x00007ffc5a505000 	C:\WINDOWS\System32\USER32.dll
0x00007ffc416c0000 - 0x00007ffc41953000 	C:\WINDOWS\WinSxS\amd64_microsoft.windows.common-controls_6595b64144ccf1df_6.0.26100.8037_none_3e092faae333b53b\COMCTL32.dll
0x00007ffc59460000 - 0x00007ffc59509000 	C:\WINDOWS\System32\msvcrt.dll
0x00007ffc57f90000 - 0x00007ffc57fb7000 	C:\WINDOWS\System32\win32u.dll
0x00007ffc593a0000 - 0x00007ffc593cb000 	C:\WINDOWS\System32\GDI32.dll
0x00007ffc57c40000 - 0x00007ffc57d6b000 	C:\WINDOWS\System32\gdi32full.dll
0x00007ffc57fc0000 - 0x00007ffc58063000 	C:\WINDOWS\System32\msvcp_win.dll
0x00007ffc5a510000 - 0x00007ffc5a541000 	C:\WINDOWS\System32\IMM32.DLL
0x00007ffc43ec0000 - 0x00007ffc43ecc000 	C:\Program Files\Android\Android Studio\jbr\bin\vcruntime140_1.dll
0x00007ffc25f50000 - 0x00007ffc25fdd000 	C:\Program Files\Android\Android Studio\jbr\bin\msvcp140.dll
0x00007ffbb61f0000 - 0x00007ffbb6e86000 	C:\Program Files\Android\Android Studio\jbr\bin\server\jvm.dll
0x00007ffc58e20000 - 0x00007ffc58edb000 	C:\WINDOWS\System32\ADVAPI32.dll
0x00007ffc59990000 - 0x00007ffc59a37000 	C:\WINDOWS\System32\sechost.dll
0x00007ffc5a8e0000 - 0x00007ffc5a9f8000 	C:\WINDOWS\System32\RPCRT4.dll
0x00007ffc59b50000 - 0x00007ffc59bc4000 	C:\WINDOWS\System32\WS2_32.dll
0x00007ffc574c0000 - 0x00007ffc5751e000 	C:\WINDOWS\SYSTEM32\POWRPROF.dll
0x00007ffc4b800000 - 0x00007ffc4b80b000 	C:\WINDOWS\SYSTEM32\VERSION.dll
0x00007ffc4d2f0000 - 0x00007ffc4d325000 	C:\WINDOWS\SYSTEM32\WINMM.dll
0x00007ffc574a0000 - 0x00007ffc574b4000 	C:\WINDOWS\SYSTEM32\UMPDC.dll
0x00007ffc563f0000 - 0x00007ffc5640b000 	C:\WINDOWS\SYSTEM32\kernel.appcore.dll
0x00007ffc3a910000 - 0x00007ffc3a91a000 	C:\Program Files\Android\Android Studio\jbr\bin\jimage.dll
0x00007ffc4a510000 - 0x00007ffc4a752000 	C:\WINDOWS\SYSTEM32\DBGHELP.DLL
0x00007ffc5a550000 - 0x00007ffc5a8d2000 	C:\WINDOWS\System32\combase.dll
0x00007ffc59640000 - 0x00007ffc59717000 	C:\WINDOWS\System32\OLEAUT32.dll
0x00007ffc43200000 - 0x00007ffc4323b000 	C:\WINDOWS\SYSTEM32\dbgcore.DLL
0x00007ffc57d70000 - 0x00007ffc57e15000 	C:\WINDOWS\System32\bcryptPrimitives.dll
0x00007ffc35020000 - 0x00007ffc35040000 	C:\Program Files\Android\Android Studio\jbr\bin\java.dll
0x00007ffc344b0000 - 0x00007ffc344c8000 	C:\Program Files\Android\Android Studio\jbr\bin\zip.dll
0x00007ffc59bd0000 - 0x00007ffc5a32f000 	C:\WINDOWS\System32\SHELL32.dll
0x00007ffc57e20000 - 0x00007ffc57f8a000 	C:\WINDOWS\System32\wintypes.dll
0x00007ffc582b0000 - 0x00007ffc58b14000 	C:\WINDOWS\System32\windows.storage.dll
0x00007ffc59a50000 - 0x00007ffc59b47000 	C:\WINDOWS\System32\SHCORE.dll
0x00007ffc58b20000 - 0x00007ffc58b87000 	C:\WINDOWS\System32\shlwapi.dll
0x00007ffc57580000 - 0x00007ffc575a9000 	C:\WINDOWS\SYSTEM32\profapi.dll
0x00007ffc3a8f0000 - 0x00007ffc3a900000 	C:\Program Files\Android\Android Studio\jbr\bin\net.dll
0x00007ffc4d170000 - 0x00007ffc4d297000 	C:\WINDOWS\SYSTEM32\WINHTTP.dll
0x00007ffc56960000 - 0x00007ffc569cb000 	C:\WINDOWS\system32\mswsock.dll
0x00007ffc34490000 - 0x00007ffc344a6000 	C:\Program Files\Android\Android Studio\jbr\bin\nio.dll
0x00007ffc4bba0000 - 0x00007ffc4bbb0000 	C:\Program Files\Android\Android Studio\jbr\bin\verify.dll

JVMTI agents: none

dbghelp: loaded successfully - version: 4.0.5 - missing functions: none
symbol engine: initialized successfully - sym options: 0x614 - pdb path: .;C:\Program Files\Android\Android Studio\jbr\bin;C:\WINDOWS\SYSTEM32;C:\WINDOWS\WinSxS\amd64_microsoft.windows.common-controls_6595b64144ccf1df_6.0.26100.8037_none_3e092faae333b53b;C:\Program Files\Android\Android Studio\jbr\bin\server

VM Arguments:
java_command: org.jetbrains.kotlin.cli.jvm.K2JVMCompiler @D:\Projects\SchoolSyncTeacher\app\build\20260327_16080846657566970730.compiler.options
java_class_path (initial): C:\Users\91865\.gradle\caches\modules-2\files-2.1\org.jetbrains.kotlin\kotlin-compiler-embeddable\1.9.22\9cd4dc7773cf2a99ecd961a88fbbc9a2da3fb5e1\kotlin-compiler-embeddable-1.9.22.jar;C:\Users\91865\.gradle\caches\modules-2\files-2.1\org.jetbrains.kotlin\kotlin-stdlib\1.9.22\d6c44cd08d8f3f9bece8101216dbe6553365c6e3\kotlin-stdlib-1.9.22.jar;C:\Users\91865\.gradle\caches\modules-2\files-2.1\org.jetbrains.kotlin\kotlin-script-runtime\1.9.22\f8139a46fc677ec9badc49ae954392f4f5e7e7c7\kotlin-script-runtime-1.9.22.jar;C:\Users\91865\.gradle\caches\modules-2\files-2.1\org.jetbrains.kotlin\kotlin-reflect\1.6.10\1cbe9c92c12a94eea200d23c2bbaedaf3daf5132\kotlin-reflect-1.6.10.jar;C:\Users\91865\.gradle\caches\modules-2\files-2.1\org.jetbrains.kotlin\kotlin-daemon-embeddable\1.9.22\20e2c5df715f3240c765cfc222530e2796542021\kotlin-daemon-embeddable-1.9.22.jar;C:\Users\91865\.gradle\caches\modules-2\files-2.1\org.jetbrains.intellij.deps\trove4j\1.0.20200330\3afb14d5f9ceb459d724e907a21145e8ff394f02\trove4j-1.0.20200330.jar;C:\Users\91865\.gradle\caches\modules-2\files-2.1\org.jetbrains\annotations\13.0\919f0dfe192fb4e063e7dacadee7f8bb9a2672a9\annotations-13.0.jar
Launcher Type: SUN_STANDARD

[Global flags]
     intx CICompilerCount                          = 4                                         {product} {ergonomic}
     uint ConcGCThreads                            = 2                                         {product} {ergonomic}
     uint G1ConcRefinementThreads                  = 8                                         {product} {ergonomic}
   size_t G1HeapRegionSize                         = 1048576                                   {product} {ergonomic}
    uintx GCDrainStackTargetSize                   = 64                                        {product} {ergonomic}
   size_t InitialHeapSize                          = 98566144                                  {product} {ergonomic}
   size_t MarkStackSize                            = 4194304                                   {product} {ergonomic}
   size_t MaxHeapSize                              = 1564475392                                {product} {ergonomic}
   size_t MaxNewSize                               = 938475520                                 {product} {ergonomic}
   size_t MinHeapDeltaBytes                        = 1048576                                   {product} {ergonomic}
   size_t MinHeapSize                              = 8388608                                   {product} {ergonomic}
    uintx NonNMethodCodeHeapSize                   = 5839372                                {pd product} {ergonomic}
    uintx NonProfiledCodeHeapSize                  = 122909434                              {pd product} {ergonomic}
    uintx ProfiledCodeHeapSize                     = 122909434                              {pd product} {ergonomic}
    uintx ReservedCodeCacheSize                    = 251658240                              {pd product} {ergonomic}
     bool SegmentedCodeCache                       = true                                      {product} {ergonomic}
   size_t SoftMaxHeapSize                          = 1564475392                             {manageable} {ergonomic}
     bool UseCompressedOops                        = true                           {product lp64_product} {ergonomic}
     bool UseG1GC                                  = true                                      {product} {ergonomic}
     bool UseLargePagesIndividualAllocation        = false                                  {pd product} {ergonomic}

Logging:
Log output configuration:
 #0: stdout all=warning uptime,level,tags foldmultilines=false
 #1: stderr all=off uptime,level,tags foldmultilines=false

Release file:
JAVA_VERSION="21.0.9" 
MODULES="java.base java.compiler java.datatransfer java.xml java.prefs java.desktop java.instrument java.logging java.management java.security.sasl java.naming java.rmi java.management.rmi java.net.http java.scripting java.security.jgss java.transaction.xa java.sql java.sql.rowset java.xml.crypto java.se java.smartcardio jdk.accessibility jdk.internal.jvmstat jdk.attach jdk.charsets jdk.internal.opt jdk.zipfs jdk.compiler jdk.crypto.ec jdk.crypto.cryptoki jdk.dynalink jdk.hotspot.agent jdk.httpserver jdk.internal.ed jdk.internal.le jdk.internal.vm.ci jdk.jartool jdk.javadoc jdk.jcmd jdk.jdeps jdk.jdwp.agent jdk.jdi jdk.jfr jdk.jlink jdk.jsobject jdk.localedata jdk.management jdk.management.agent jdk.management.jfr jdk.naming.dns jdk.naming.rmi jdk.net jdk.sctp jdk.security.auth jdk.security.jgss jdk.unsupported jdk.unsupported.desktop jdk.xml.dom" 
IMPLEMENTOR="JetBrains s.r.o." 
JAVA_RUNTIME_VERSION="21.0.9+-14787801-b1163.94" 
LIBC="default" 
OS_ARCH="x86_64" 
OS_NAME="Windows" 
SOURCE=".:git:0c757ddc9f2f" 

Environment Variables:
JAVA_HOME=C:/Program Files/Android/Android Studio/jbr
CLASSPATH=D:\Projects\SchoolSyncTeacher\\gradle\wrapper\gradle-wrapper.jar
PATH=C:\Program Files\Git\mingw64\bin;C:\Program Files\Git\usr\bin;C:\Users\91865\bin;C:\Users\91865\AppData\Local\Programs\Microsoft VS Code;C:\WINDOWS\system32;C:\WINDOWS;C:\WINDOWS\System32\Wbem;C:\WINDOWS\System32\WindowsPowerShell\v1.0\;C:\WINDOWS\System32\OpenSSH\;C:\Program Files\Git\cmd;C:\xampp\php;C:\composer;C:\Program Files\MySQL\MySQL Server 8.0\bin;C:\ffmpeg\bin;C:\Program Files\nodejs\;C:\Users\91865\AppData\Roaming\npm;C:\Users\91865\AppData\Local\Programs\Microsoft VS Code\bin;C:\Users\91865\.fly\bin
USERNAME=91865
SHELL=C:\Program Files\Git\bin\bash.exe
LANG=en_US.UTF-8
TERM=xterm-256color
OS=Windows_NT
PROCESSOR_IDENTIFIER=AMD64 Family 23 Model 160 Stepping 0, AuthenticAMD
TMP=C:\Users\91865\AppData\Local\Temp
TEMP=C:\Users\91865\AppData\Local\Temp




Periodic native trim disabled

JNI global refs:
JNI global refs: 13, weak refs: 15

JNI global refs memory usage: 835, weak refs: 833

Process memory usage:
Resident Set Size: 664912K (10% of 6108668K total physical memory with 679808K free physical memory)

OOME stack traces (most recent first):
Classloader memory used:
Loader jdk.internal.loader.ClassLoaders$AppClassLoader                                 : 67548K
Loader bootstrap                                                                       : 13846K
Loader java.net.URLClassLoader                                                         : 2132K
Loader jdk.internal.loader.ClassLoaders$PlatformClassLoader                            : 19472B

---------------  S Y S T E M  ---------------

OS:
 Windows 11 , 64 bit Build 26100 (10.0.26100.7920)
OS uptime: 1 days 21:22 hours
Hyper-V role detected

CPU: total 8 (initial active 8) (8 cores per cpu, 2 threads per core) family 23 model 160 stepping 0 microcode 0x8a00009, cx8, cmov, fxsr, ht, mmx, 3dnowpref, sse, sse2, sse3, ssse3, sse4a, sse4.1, sse4.2, popcnt, lzcnt, tsc, tscinvbit, avx, avx2, aes, clmul, bmi1, bmi2, adx, sha, fma, vzeroupper, clflush, clflushopt, hv, rdtscp, rdpid, f16c
Processor Information for the first 8 processors :
  Max Mhz: 2401, Current Mhz: 2401, Mhz Limit: 2401

Memory: 4k page, system-wide physical 5965M (664M free)
TotalPageFile size 24397M (AvailPageFile size 13M)
current process WorkingSet (physical memory assigned to process): 649M, peak: 649M
current process commit charge ("private bytes"): 740M, peak: 744M

vm_info: OpenJDK 64-Bit Server VM (21.0.9+-14787801-b1163.94) for windows-amd64 JRE (21.0.9+-14787801-b1163.94), built on 2026-01-27T21:15:44Z by "builder" with MS VC++ 16.10 / 16.11 (VS2019)

END.
