#
# There is insufficient memory for the Java Runtime Environment to continue.
# Native memory allocation (malloc) failed to allocate 1409296 bytes. Error detail: Chunk::new
# Possible reasons:
#   The system is out of physical RAM or swap space
#   This process is running with CompressedOops enabled, and the Java Heap may be blocking the growth of the native heap
# Possible solutions:
#   Reduce memory load on the system
#   Increase physical memory or swap space
#   Check if swap backing store is full
#   Decrease Java heap size (-Xmx/-Xms)
#   Decrease number of Java threads
#   Decrease Java thread stack sizes (-Xss)
#   Set larger code cache with -XX:ReservedCodeCacheSize=
#   JVM is running with Unscaled Compressed Oops mode in which the Java heap is
#     placed in the first 4GB address space. The Java Heap base address is the
#     maximum limit for the native heap growth. Please use -XX:HeapBaseMinAddress
#     to set the Java Heap base and to place the Java Heap above 4GB virtual address.
# This output file may be truncated or incomplete.
#
#  Out of Memory Error (arena.cpp:168), pid=17492, tid=13880
#
# JRE version: OpenJDK Runtime Environment (21.0.9) (build 21.0.9+-14787801-b1163.94)
# Java VM: OpenJDK 64-Bit Server VM (21.0.9+-14787801-b1163.94, mixed mode, tiered, compressed oops, compressed class ptrs, g1 gc, windows-amd64)
# No core dump will be written. Minidumps are not enabled by default on client versions of Windows
#

---------------  S U M M A R Y ------------

Command Line: --add-opens=java.base/java.util=ALL-UNNAMED --add-opens=java.base/java.lang=ALL-UNNAMED --add-opens=java.base/java.lang.invoke=ALL-UNNAMED --add-opens=java.prefs/java.util.prefs=ALL-UNNAMED --add-opens=java.base/java.nio.charset=ALL-UNNAMED --add-opens=java.base/java.net=ALL-UNNAMED --add-opens=java.base/java.util.concurrent.atomic=ALL-UNNAMED -Xmx2048m -Dfile.encoding=UTF-8 -Duser.country=US -Duser.language=en -Duser.variant -javaagent:C:\Users\91865\.gradle\wrapper\dists\gradle-8.2-bin\bbg7u40eoinfdyxsxr3z4i7ta\gradle-8.2\lib\agents\gradle-instrumentation-agent-8.2.jar org.gradle.launcher.daemon.bootstrap.GradleDaemon 8.2

Host: AMD Ryzen 3 7320U with Radeon Graphics         , 8 cores, 5G,  Windows 11 , 64 bit Build 26100 (10.0.26100.7920)
Time: Sun Apr 26 14:34:45 2026 India Standard Time elapsed time: 93.256222 seconds (0d 0h 1m 33s)

---------------  T H R E A D  ---------------

Current thread (0x0000027696116490):  JavaThread "C2 CompilerThread0" daemon [_thread_in_native, id=13880, stack(0x0000009856000000,0x0000009856100000) (1024K)]


Current CompileTask:
C2:93256 15125       4       javax.management.ObjectName::construct (1135 bytes)

Stack: [0x0000009856000000,0x0000009856100000]
Native frames: (J=compiled Java code, j=interpreted, Vv=VM code, C=native code)
V  [jvm.dll+0x6d6c99]
V  [jvm.dll+0x866b83]
V  [jvm.dll+0x8691ae]
V  [jvm.dll+0x869893]
V  [jvm.dll+0x280776]
V  [jvm.dll+0xc07cd]
V  [jvm.dll+0xc0d03]
V  [jvm.dll+0x3b9831]
V  [jvm.dll+0x3856a7]
V  [jvm.dll+0x384b1a]
V  [jvm.dll+0x249462]
V  [jvm.dll+0x248a31]
V  [jvm.dll+0x1c7344]
V  [jvm.dll+0x2581ae]
V  [jvm.dll+0x2566f6]
V  [jvm.dll+0x3f48a6]
V  [jvm.dll+0x80f118]
V  [jvm.dll+0x6d54ed]
C  [ucrtbase.dll+0x37b0]
C  [KERNEL32.DLL+0x2e8d7]
C  [ntdll.dll+0x8c48c]


---------------  P R O C E S S  ---------------

Threads class SMR info:
_java_thread_list=0x000002769f8565d0, length=143, elements={
0x00000276fd54b3c0, 0x00000276960ecfd0, 0x00000276960f4710, 0x0000027696115290,
0x0000027696136320, 0x0000027696136d80, 0x00000276961377e0, 0x0000027696138240,
0x0000027696116490, 0x000002769611c6a0, 0x00000276964817f0, 0x000002769c4a9420,
0x000002769bfa35a0, 0x000002769b75c660, 0x000002769c44b140, 0x000002769c44bfc0,
0x000002769c5538e0, 0x000002769c552fd0, 0x000002769c071f00, 0x000002769c0732b0,
0x000002769c074cf0, 0x000002769c072c20, 0x000002769c071870, 0x000002769c073fd0,
0x000002769c074660, 0x000002769eb59e70, 0x000002769eb5b220, 0x000002769eb5a500,
0x000002769eb5ab90, 0x000002769eb58430, 0x000002769eb59150, 0x000002769c6d2520,
0x000002769c6d3240, 0x000002769c6d4c80, 0x000002769c6d6d50, 0x000002769c6d38d0,
0x000002769c6d8e20, 0x000002769c6d94b0, 0x000002769c6d73e0, 0x000002769c6d7a70,
0x0000027696a5f280, 0x0000027696a5be00, 0x0000027696a5f910, 0x0000027696a5d840,
0x0000027696a5c490, 0x0000027696a5ffa0, 0x0000027696a5cb20, 0x0000027696a60cc0,
0x0000027696a61350, 0x0000027696a60630, 0x000002769df85490, 0x000002769df89630,
0x000002769fb84ab0, 0x000002769fb84420, 0x000002769fb83d90, 0x000002769fb85140,
0x000002769fb857d0, 0x000002769fb85e60, 0x00000276a5f96f00, 0x00000276a5f97590,
0x00000276a5f954c0, 0x00000276a5f94e30, 0x00000276a5f961e0, 0x00000276a5f96870,
0x00000276a5f947a0, 0x000002769f4b1b50, 0x000002769f4b3590, 0x000002769f4b21e0,
0x000002769f4b2f00, 0x000002769f4b0110, 0x000002769f4b3c20, 0x000002769f4b07a0,
0x000002769f4b0e30, 0x000002769f4b5660, 0x000002769f4b5cf0, 0x000002769f4b6a10,
0x000002769f4b7730, 0x000002769f4b42b0, 0x000002769f4b4fd0, 0x000002769f4b6380,
0x000002769f4b4940, 0x000002769fb81cc0, 0x000002769fb7f560, 0x000002769fb82350,
0x00000276a60fe4e0, 0x00000276a60fb060, 0x00000276a60fd7c0, 0x00000276a60fb6f0,
0x00000276a60ff200, 0x00000276a60fde50, 0x00000276a61012d0, 0x00000276a6101960,
0x00000276a6101ff0, 0x00000276a60feb70, 0x00000276a60ff890, 0x00000276a60fff20,
0x00000276a6102680, 0x00000276a61005b0, 0x00000276a6100c40, 0x00000276a60fbd80,
0x00000276a60fc410, 0x00000276a60fcaa0, 0x00000276a60fd130, 0x000002769fb7eed0,
0x000002769fb80fa0, 0x000002769fb80280, 0x000002769fb81630, 0x000002769fb829e0,
0x000002769fb7fbf0, 0x000002769fb83070, 0x000002769fb83700, 0x000002769fb80910,
0x000002769fb864f0, 0x00000276a5dc0620, 0x00000276a5dc0cb0, 0x00000276a5dc2060,
0x00000276a5dbf270, 0x00000276a5dbf900, 0x000002769c6d3f60, 0x00000276a5868980,
0x00000276a58675d0, 0x00000276a58668b0, 0x00000276a5866f40, 0x00000276a5867c60,
0x00000276a58682f0, 0x00000276a5866220, 0x00000276a5869010, 0x00000276a586cb20,
0x00000276a609c170, 0x00000276a6096c20, 0x00000276a6099a10, 0x00000276a60972b0,
0x00000276a609a0a0, 0x00000276a609a730, 0x00000276a609adc0, 0x00000276a609bae0,
0x00000276a5869d30, 0x00000276a586a3c0, 0x00000276a586aa50, 0x00000276a5dbff90,
0x00000276a5dc26f0, 0x00000276a5dc1340, 0x000002769c072590
}

Java Threads: ( => current thread )
  0x00000276fd54b3c0 JavaThread "main"                              [_thread_blocked, id=14988, stack(0x0000009855100000,0x0000009855200000) (1024K)]
  0x00000276960ecfd0 JavaThread "Common-Cleaner"             daemon [_thread_blocked, id=24528, stack(0x0000009855900000,0x0000009855a00000) (1024K)]
  0x00000276960f4710 JavaThread "Reference Handler"          daemon [_thread_blocked, id=24712, stack(0x0000009855a00000,0x0000009855b00000) (1024K)]
  0x0000027696115290 JavaThread "Finalizer"                  daemon [_thread_blocked, id=8400, stack(0x0000009855b00000,0x0000009855c00000) (1024K)]
  0x0000027696136320 JavaThread "Signal Dispatcher"          daemon [_thread_blocked, id=6056, stack(0x0000009855c00000,0x0000009855d00000) (1024K)]
  0x0000027696136d80 JavaThread "Attach Listener"            daemon [_thread_blocked, id=14788, stack(0x0000009855d00000,0x0000009855e00000) (1024K)]
  0x00000276961377e0 JavaThread "Service Thread"             daemon [_thread_blocked, id=15116, stack(0x0000009855e00000,0x0000009855f00000) (1024K)]
  0x0000027696138240 JavaThread "Monitor Deflation Thread"   daemon [_thread_blocked, id=17928, stack(0x0000009855f00000,0x0000009856000000) (1024K)]
=>0x0000027696116490 JavaThread "C2 CompilerThread0"         daemon [_thread_in_native, id=13880, stack(0x0000009856000000,0x0000009856100000) (1024K)]
  0x000002769611c6a0 JavaThread "C1 CompilerThread0"         daemon [_thread_blocked, id=7420, stack(0x0000009856100000,0x0000009856200000) (1024K)]
  0x00000276964817f0 JavaThread "Notification Thread"        daemon [_thread_blocked, id=11352, stack(0x0000009856200000,0x0000009856300000) (1024K)]
  0x000002769c4a9420 JavaThread "Daemon health stats"               [_thread_blocked, id=17328, stack(0x0000009856800000,0x0000009856900000) (1024K)]
  0x000002769bfa35a0 JavaThread "Incoming local TCP Connector on port 49675"        [_thread_in_native, id=8456, stack(0x0000009856900000,0x0000009856a00000) (1024K)]
  0x000002769b75c660 JavaThread "Daemon periodic checks"            [_thread_blocked, id=23016, stack(0x0000009856a00000,0x0000009856b00000) (1024K)]
  0x000002769c44b140 JavaThread "Daemon"                            [_thread_blocked, id=17896, stack(0x0000009856b00000,0x0000009856c00000) (1024K)]
  0x000002769c44bfc0 JavaThread "Handler for socket connection from /127.0.0.1:49675 to /127.0.0.1:49676"        [_thread_in_native, id=12724, stack(0x0000009856c00000,0x0000009856d00000) (1024K)]
  0x000002769c5538e0 JavaThread "Cancel handler"                    [_thread_blocked, id=24004, stack(0x0000009856d00000,0x0000009856e00000) (1024K)]
  0x000002769c552fd0 JavaThread "Daemon worker"                     [_thread_blocked, id=19752, stack(0x0000009856e00000,0x0000009856f00000) (1024K)]
  0x000002769c071f00 JavaThread "Asynchronous log dispatcher for DefaultDaemonConnection: socket connection from /127.0.0.1:49675 to /127.0.0.1:49676"        [_thread_blocked, id=10936, stack(0x0000009856f00000,0x0000009857000000) (1024K)]
  0x000002769c0732b0 JavaThread "Daemon client event forwarder"        [_thread_blocked, id=324, stack(0x0000009857100000,0x0000009857200000) (1024K)]
  0x000002769c074cf0 JavaThread "Cache worker for journal cache (C:\Users\91865\.gradle\caches\journal-1)"        [_thread_blocked, id=1496, stack(0x0000009856300000,0x0000009856400000) (1024K)]
  0x000002769c072c20 JavaThread "File lock request listener"        [_thread_in_native, id=20136, stack(0x0000009857600000,0x0000009857700000) (1024K)]
  0x000002769c071870 JavaThread "Cache worker for file hash cache (C:\Users\91865\.gradle\caches\8.2\fileHashes)"        [_thread_blocked, id=16056, stack(0x0000009857800000,0x0000009857900000) (1024K)]
  0x000002769c073fd0 JavaThread "File watcher server"        daemon [_thread_in_native, id=23496, stack(0x0000009857900000,0x0000009857a00000) (1024K)]
  0x000002769c074660 JavaThread "File watcher consumer"      daemon [_thread_blocked, id=5648, stack(0x0000009857a00000,0x0000009857b00000) (1024K)]
  0x000002769eb59e70 JavaThread "Cache worker for checksums cache (D:\Projects\SchoolSyncTeacher\.gradle\8.2\checksums)"        [_thread_blocked, id=5972, stack(0x0000009857700000,0x0000009857800000) (1024K)]
  0x000002769eb5b220 JavaThread "Cache worker for cache directory md-rule (C:\Users\91865\.gradle\caches\8.2\md-rule)"        [_thread_blocked, id=12560, stack(0x0000009857b00000,0x0000009857c00000) (1024K)]
  0x000002769eb5a500 JavaThread "Cache worker for file content cache (C:\Users\91865\.gradle\caches\8.2\fileContent)"        [_thread_blocked, id=24012, stack(0x0000009857c00000,0x0000009857d00000) (1024K)]
  0x000002769eb5ab90 JavaThread "Cache worker for file hash cache (D:\Projects\SchoolSyncTeacher\.gradle\8.2\fileHashes)"        [_thread_blocked, id=17048, stack(0x0000009857d00000,0x0000009857e00000) (1024K)]
  0x000002769eb58430 JavaThread "Cache worker for cache directory md-supplier (C:\Users\91865\.gradle\caches\8.2\md-supplier)"        [_thread_blocked, id=14448, stack(0x0000009857e00000,0x0000009857f00000) (1024K)]
  0x000002769eb59150 JavaThread "Cache worker for execution history cache (C:\Users\91865\.gradle\caches\8.2\executionHistory)"        [_thread_blocked, id=10100, stack(0x0000009857f00000,0x0000009858000000) (1024K)]
  0x000002769c6d2520 JavaThread "Cache worker for kotlin-dsl (C:\Users\91865\.gradle\caches\8.2\kotlin-dsl)"        [_thread_blocked, id=6480, stack(0x0000009858100000,0x0000009858200000) (1024K)]
  0x000002769c6d3240 JavaThread "jar transforms"                    [_thread_blocked, id=21888, stack(0x0000009858000000,0x0000009858100000) (1024K)]
  0x000002769c6d4c80 JavaThread "jar transforms Thread 2"           [_thread_blocked, id=14080, stack(0x0000009858200000,0x0000009858300000) (1024K)]
  0x000002769c6d6d50 JavaThread "jar transforms Thread 3"           [_thread_blocked, id=5192, stack(0x0000009858400000,0x0000009858500000) (1024K)]
  0x000002769c6d38d0 JavaThread "jar transforms Thread 4"           [_thread_blocked, id=19220, stack(0x0000009858500000,0x0000009858600000) (1024K)]
  0x000002769c6d8e20 JavaThread "Cache worker for dependencies-accessors (D:\Projects\SchoolSyncTeacher\.gradle\8.2\dependencies-accessors)"        [_thread_blocked, id=2316, stack(0x0000009858600000,0x0000009858700000) (1024K)]
  0x000002769c6d94b0 JavaThread "Cache worker for Build Output Cleanup Cache (D:\Projects\SchoolSyncTeacher\.gradle\buildOutputCleanup)"        [_thread_blocked, id=11480, stack(0x0000009858700000,0x0000009858800000) (1024K)]
  0x000002769c6d73e0 JavaThread "jar transforms Thread 5"           [_thread_blocked, id=24620, stack(0x0000009858800000,0x0000009858900000) (1024K)]
  0x000002769c6d7a70 JavaThread "jar transforms Thread 6"           [_thread_blocked, id=12324, stack(0x0000009858900000,0x0000009858a00000) (1024K)]
  0x0000027696a5f280 JavaThread "Unconstrained build operations"        [_thread_blocked, id=24324, stack(0x0000009858300000,0x0000009858400000) (1024K)]
  0x0000027696a5be00 JavaThread "Unconstrained build operations Thread 2"        [_thread_blocked, id=19404, stack(0x0000009858a00000,0x0000009858b00000) (1024K)]
  0x0000027696a5f910 JavaThread "Unconstrained build operations Thread 3"        [_thread_blocked, id=7636, stack(0x0000009858b00000,0x0000009858c00000) (1024K)]
  0x0000027696a5d840 JavaThread "Unconstrained build operations Thread 4"        [_thread_blocked, id=19260, stack(0x0000009858c00000,0x0000009858d00000) (1024K)]
  0x0000027696a5c490 JavaThread "Unconstrained build operations Thread 5"        [_thread_blocked, id=16060, stack(0x0000009858d00000,0x0000009858e00000) (1024K)]
  0x0000027696a5ffa0 JavaThread "Unconstrained build operations Thread 6"        [_thread_blocked, id=19312, stack(0x0000009858e00000,0x0000009858f00000) (1024K)]
  0x0000027696a5cb20 JavaThread "Unconstrained build operations Thread 7"        [_thread_blocked, id=5276, stack(0x0000009858f00000,0x0000009859000000) (1024K)]
  0x0000027696a60cc0 JavaThread "jar transforms Thread 7"           [_thread_blocked, id=3312, stack(0x0000009859000000,0x0000009859100000) (1024K)]
  0x0000027696a61350 JavaThread "jar transforms Thread 8"           [_thread_blocked, id=7728, stack(0x0000009859100000,0x0000009859200000) (1024K)]
  0x0000027696a60630 JavaThread "Memory manager"                    [_thread_blocked, id=10116, stack(0x0000009859300000,0x0000009859400000) (1024K)]
  0x000002769df85490 JavaThread "build event listener"              [_thread_blocked, id=24060, stack(0x0000009859200000,0x0000009859300000) (1024K)]
  0x000002769df89630 JavaThread "pool-3-thread-1"                   [_thread_blocked, id=24204, stack(0x0000009854f00000,0x0000009855000000) (1024K)]
  0x000002769fb84ab0 JavaThread "build event listener"              [_thread_blocked, id=22124, stack(0x0000009859400000,0x0000009859500000) (1024K)]
  0x000002769fb84420 JavaThread "included builds"                   [_thread_blocked, id=21148, stack(0x0000009859500000,0x0000009859600000) (1024K)]
  0x000002769fb83d90 JavaThread "Execution worker"                  [_thread_blocked, id=12972, stack(0x0000009859600000,0x0000009859700000) (1024K)]
  0x000002769fb85140 JavaThread "Execution worker Thread 2"         [_thread_blocked, id=13972, stack(0x0000009859700000,0x0000009859800000) (1024K)]
  0x000002769fb857d0 JavaThread "Execution worker Thread 3"         [_thread_blocked, id=7692, stack(0x0000009859800000,0x0000009859900000) (1024K)]
  0x000002769fb85e60 JavaThread "Execution worker Thread 4"         [_thread_blocked, id=9728, stack(0x0000009859900000,0x0000009859a00000) (1024K)]
  0x00000276a5f96f00 JavaThread "Execution worker Thread 5"         [_thread_blocked, id=17816, stack(0x0000009859a00000,0x0000009859b00000) (1024K)]
  0x00000276a5f97590 JavaThread "Execution worker Thread 6"         [_thread_blocked, id=19936, stack(0x0000009859b00000,0x0000009859c00000) (1024K)]
  0x00000276a5f954c0 JavaThread "Execution worker Thread 7"         [_thread_blocked, id=16632, stack(0x0000009859c00000,0x0000009859d00000) (1024K)]
  0x00000276a5f94e30 JavaThread "Cache worker for execution history cache (D:\Projects\SchoolSyncTeacher\.gradle\8.2\executionHistory)"        [_thread_blocked, id=21240, stack(0x0000009859d00000,0x0000009859e00000) (1024K)]
  0x00000276a5f961e0 JavaThread "Unconstrained build operations Thread 8"        [_thread_blocked, id=12636, stack(0x0000009859f00000,0x000000985a000000) (1024K)]
  0x00000276a5f96870 JavaThread "Unconstrained build operations Thread 9"        [_thread_blocked, id=9136, stack(0x000000985a000000,0x000000985a100000) (1024K)]
  0x00000276a5f947a0 JavaThread "Unconstrained build operations Thread 10"        [_thread_blocked, id=21828, stack(0x000000985a100000,0x000000985a200000) (1024K)]
  0x000002769f4b1b50 JavaThread "Unconstrained build operations Thread 11"        [_thread_blocked, id=13252, stack(0x000000985a200000,0x000000985a300000) (1024K)]
  0x000002769f4b3590 JavaThread "Unconstrained build operations Thread 12"        [_thread_blocked, id=19472, stack(0x000000985a300000,0x000000985a400000) (1024K)]
  0x000002769f4b21e0 JavaThread "Unconstrained build operations Thread 13"        [_thread_blocked, id=17380, stack(0x000000985a400000,0x000000985a500000) (1024K)]
  0x000002769f4b2f00 JavaThread "Unconstrained build operations Thread 14"        [_thread_blocked, id=9364, stack(0x000000985a500000,0x000000985a600000) (1024K)]
  0x000002769f4b0110 JavaThread "Unconstrained build operations Thread 15"        [_thread_blocked, id=21436, stack(0x000000985a600000,0x000000985a700000) (1024K)]
  0x000002769f4b3c20 JavaThread "Unconstrained build operations Thread 16"        [_thread_blocked, id=11172, stack(0x000000985a700000,0x000000985a800000) (1024K)]
  0x000002769f4b07a0 JavaThread "Unconstrained build operations Thread 17"        [_thread_blocked, id=16096, stack(0x000000985a800000,0x000000985a900000) (1024K)]
  0x000002769f4b0e30 JavaThread "Unconstrained build operations Thread 18"        [_thread_blocked, id=12596, stack(0x000000985a900000,0x000000985aa00000) (1024K)]
  0x000002769f4b5660 JavaThread "Unconstrained build operations Thread 19"        [_thread_blocked, id=20680, stack(0x000000985aa00000,0x000000985ab00000) (1024K)]
  0x000002769f4b5cf0 JavaThread "Unconstrained build operations Thread 20"        [_thread_blocked, id=3232, stack(0x000000985ab00000,0x000000985ac00000) (1024K)]
  0x000002769f4b6a10 JavaThread "Unconstrained build operations Thread 21"        [_thread_blocked, id=2324, stack(0x000000985ac00000,0x000000985ad00000) (1024K)]
  0x000002769f4b7730 JavaThread "Unconstrained build operations Thread 22"        [_thread_blocked, id=11924, stack(0x000000985ad00000,0x000000985ae00000) (1024K)]
  0x000002769f4b42b0 JavaThread "Unconstrained build operations Thread 23"        [_thread_blocked, id=9620, stack(0x000000985ae00000,0x000000985af00000) (1024K)]
  0x000002769f4b4fd0 JavaThread "Unconstrained build operations Thread 24"        [_thread_blocked, id=20580, stack(0x000000985af00000,0x000000985b000000) (1024K)]
  0x000002769f4b6380 JavaThread "Unconstrained build operations Thread 25"        [_thread_blocked, id=10780, stack(0x000000985b000000,0x000000985b100000) (1024K)]
  0x000002769f4b4940 JavaThread "Unconstrained build operations Thread 26"        [_thread_blocked, id=16748, stack(0x000000985b100000,0x000000985b200000) (1024K)]
  0x000002769fb81cc0 JavaThread "Unconstrained build operations Thread 27"        [_thread_blocked, id=14500, stack(0x000000985b200000,0x000000985b300000) (1024K)]
  0x000002769fb7f560 JavaThread "Unconstrained build operations Thread 28"        [_thread_blocked, id=1992, stack(0x000000985b300000,0x000000985b400000) (1024K)]
  0x000002769fb82350 JavaThread "Unconstrained build operations Thread 29"        [_thread_blocked, id=21268, stack(0x000000985b400000,0x000000985b500000) (1024K)]
  0x00000276a60fe4e0 JavaThread "Unconstrained build operations Thread 30"        [_thread_blocked, id=20392, stack(0x000000985b500000,0x000000985b600000) (1024K)]
  0x00000276a60fb060 JavaThread "Unconstrained build operations Thread 31"        [_thread_blocked, id=3944, stack(0x000000985b600000,0x000000985b700000) (1024K)]
  0x00000276a60fd7c0 JavaThread "Unconstrained build operations Thread 32"        [_thread_blocked, id=23320, stack(0x000000985b700000,0x000000985b800000) (1024K)]
  0x00000276a60fb6f0 JavaThread "Unconstrained build operations Thread 33"        [_thread_blocked, id=9960, stack(0x000000985b800000,0x000000985b900000) (1024K)]
  0x00000276a60ff200 JavaThread "Unconstrained build operations Thread 34"        [_thread_blocked, id=9764, stack(0x000000985b900000,0x000000985ba00000) (1024K)]
  0x00000276a60fde50 JavaThread "Unconstrained build operations Thread 35"        [_thread_blocked, id=9744, stack(0x000000985ba00000,0x000000985bb00000) (1024K)]
  0x00000276a61012d0 JavaThread "Unconstrained build operations Thread 36"        [_thread_blocked, id=22976, stack(0x000000985bb00000,0x000000985bc00000) (1024K)]
  0x00000276a6101960 JavaThread "Unconstrained build operations Thread 37"        [_thread_blocked, id=11128, stack(0x000000985bc00000,0x000000985bd00000) (1024K)]
  0x00000276a6101ff0 JavaThread "Unconstrained build operations Thread 38"        [_thread_blocked, id=23272, stack(0x000000985bd00000,0x000000985be00000) (1024K)]
  0x00000276a60feb70 JavaThread "Unconstrained build operations Thread 39"        [_thread_blocked, id=20856, stack(0x000000985be00000,0x000000985bf00000) (1024K)]
  0x00000276a60ff890 JavaThread "Unconstrained build operations Thread 40"        [_thread_blocked, id=18412, stack(0x000000985bf00000,0x000000985c000000) (1024K)]
  0x00000276a60fff20 JavaThread "Unconstrained build operations Thread 41"        [_thread_blocked, id=16904, stack(0x000000985c000000,0x000000985c100000) (1024K)]
  0x00000276a6102680 JavaThread "Unconstrained build operations Thread 42"        [_thread_blocked, id=10112, stack(0x000000985c100000,0x000000985c200000) (1024K)]
  0x00000276a61005b0 JavaThread "Unconstrained build operations Thread 43"        [_thread_blocked, id=11600, stack(0x000000985c200000,0x000000985c300000) (1024K)]
  0x00000276a6100c40 JavaThread "Unconstrained build operations Thread 44"        [_thread_blocked, id=2520, stack(0x000000985c300000,0x000000985c400000) (1024K)]
  0x00000276a60fbd80 JavaThread "Unconstrained build operations Thread 45"        [_thread_blocked, id=23576, stack(0x000000985c400000,0x000000985c500000) (1024K)]
  0x00000276a60fc410 JavaThread "Unconstrained build operations Thread 46"        [_thread_blocked, id=8984, stack(0x000000985c500000,0x000000985c600000) (1024K)]
  0x00000276a60fcaa0 JavaThread "Unconstrained build operations Thread 47"        [_thread_blocked, id=15584, stack(0x000000985c600000,0x000000985c700000) (1024K)]
  0x00000276a60fd130 JavaThread "Unconstrained build operations Thread 48"        [_thread_blocked, id=15604, stack(0x000000985c700000,0x000000985c800000) (1024K)]
  0x000002769fb7eed0 JavaThread "Unconstrained build operations Thread 49"        [_thread_blocked, id=19724, stack(0x000000985c800000,0x000000985c900000) (1024K)]
  0x000002769fb80fa0 JavaThread "Unconstrained build operations Thread 50"        [_thread_blocked, id=10108, stack(0x000000985c900000,0x000000985ca00000) (1024K)]
  0x000002769fb80280 JavaThread "Unconstrained build operations Thread 51"        [_thread_blocked, id=9884, stack(0x000000985ca00000,0x000000985cb00000) (1024K)]
  0x000002769fb81630 JavaThread "Unconstrained build operations Thread 52"        [_thread_blocked, id=18128, stack(0x000000985cb00000,0x000000985cc00000) (1024K)]
  0x000002769fb829e0 JavaThread "Unconstrained build operations Thread 53"        [_thread_blocked, id=20052, stack(0x000000985cc00000,0x000000985cd00000) (1024K)]
  0x000002769fb7fbf0 JavaThread "Unconstrained build operations Thread 54"        [_thread_blocked, id=14604, stack(0x000000985cd00000,0x000000985ce00000) (1024K)]
  0x000002769fb83070 JavaThread "Unconstrained build operations Thread 55"        [_thread_blocked, id=19092, stack(0x000000985ce00000,0x000000985cf00000) (1024K)]
  0x000002769fb83700 JavaThread "Unconstrained build operations Thread 56"        [_thread_blocked, id=18760, stack(0x000000985cf00000,0x000000985d000000) (1024K)]
  0x000002769fb80910 JavaThread "Unconstrained build operations Thread 57"        [_thread_blocked, id=16652, stack(0x000000985d000000,0x000000985d100000) (1024K)]
  0x000002769fb864f0 JavaThread "Unconstrained build operations Thread 58"        [_thread_blocked, id=11144, stack(0x000000985d100000,0x000000985d200000) (1024K)]
  0x00000276a5dc0620 JavaThread "Unconstrained build operations Thread 59"        [_thread_blocked, id=18604, stack(0x000000985d200000,0x000000985d300000) (1024K)]
  0x00000276a5dc0cb0 JavaThread "Unconstrained build operations Thread 60"        [_thread_blocked, id=19784, stack(0x000000985d300000,0x000000985d400000) (1024K)]
  0x00000276a5dc2060 JavaThread "Unconstrained build operations Thread 61"        [_thread_blocked, id=9792, stack(0x000000985d400000,0x000000985d500000) (1024K)]
  0x00000276a5dbf270 JavaThread "Unconstrained build operations Thread 62"        [_thread_blocked, id=25304, stack(0x000000985d500000,0x000000985d600000) (1024K)]
  0x00000276a5dbf900 JavaThread "Unconstrained build operations Thread 63"        [_thread_blocked, id=6128, stack(0x000000985d600000,0x000000985d700000) (1024K)]
  0x000002769c6d3f60 JavaThread "Unconstrained build operations Thread 64"        [_thread_blocked, id=24228, stack(0x000000985d700000,0x000000985d800000) (1024K)]
  0x00000276a5868980 JavaThread "Unconstrained build operations Thread 65"        [_thread_blocked, id=16044, stack(0x000000985d800000,0x000000985d900000) (1024K)]
  0x00000276a58675d0 JavaThread "Unconstrained build operations Thread 66"        [_thread_blocked, id=5088, stack(0x000000985d900000,0x000000985da00000) (1024K)]
  0x00000276a58668b0 JavaThread "Unconstrained build operations Thread 67"        [_thread_blocked, id=20740, stack(0x000000985da00000,0x000000985db00000) (1024K)]
  0x00000276a5866f40 JavaThread "Unconstrained build operations Thread 68"        [_thread_blocked, id=24900, stack(0x000000985db00000,0x000000985dc00000) (1024K)]
  0x00000276a5867c60 JavaThread "Unconstrained build operations Thread 69"        [_thread_blocked, id=336, stack(0x000000985dc00000,0x000000985dd00000) (1024K)]
  0x00000276a58682f0 JavaThread "Unconstrained build operations Thread 70"        [_thread_blocked, id=22584, stack(0x000000985dd00000,0x000000985de00000) (1024K)]
  0x00000276a5866220 JavaThread "Unconstrained build operations Thread 71"        [_thread_blocked, id=18104, stack(0x000000985de00000,0x000000985df00000) (1024K)]
  0x00000276a5869010 JavaThread "Unconstrained build operations Thread 72"        [_thread_blocked, id=4400, stack(0x000000985df00000,0x000000985e000000) (1024K)]
  0x00000276a586cb20 JavaThread "Unconstrained build operations Thread 73"        [_thread_blocked, id=19976, stack(0x000000985e000000,0x000000985e100000) (1024K)]
  0x00000276a609c170 JavaThread "Unconstrained build operations Thread 74"        [_thread_blocked, id=21608, stack(0x000000985e100000,0x000000985e200000) (1024K)]
  0x00000276a6096c20 JavaThread "WorkerExecutor Queue"              [_thread_in_native, id=13892, stack(0x0000009859e00000,0x0000009859f00000) (1024K)]
  0x00000276a6099a10 JavaThread "Unconstrained build operations Thread 75"        [_thread_blocked, id=16696, stack(0x000000985e300000,0x000000985e400000) (1024K)]
  0x00000276a60972b0 JavaThread "Unconstrained build operations Thread 76"        [_thread_blocked, id=3320, stack(0x000000985e400000,0x000000985e500000) (1024K)]
  0x00000276a609a0a0 JavaThread "Unconstrained build operations Thread 77"        [_thread_blocked, id=10408, stack(0x000000985e500000,0x000000985e600000) (1024K)]
  0x00000276a609a730 JavaThread "Unconstrained build operations Thread 78"        [_thread_blocked, id=12960, stack(0x000000985e600000,0x000000985e700000) (1024K)]
  0x00000276a609adc0 JavaThread "Unconstrained build operations Thread 79"        [_thread_blocked, id=3640, stack(0x000000985e700000,0x000000985e800000) (1024K)]
  0x00000276a609bae0 JavaThread "Unconstrained build operations Thread 80"        [_thread_blocked, id=6684, stack(0x000000985e800000,0x000000985e900000) (1024K)]
  0x00000276a5869d30 JavaThread "RMI Scheduler(0)"           daemon [_thread_blocked, id=9756, stack(0x000000985e200000,0x000000985e300000) (1024K)]
  0x00000276a586a3c0 JavaThread "RMI RenewClean-[127.0.0.1:17534,org.jetbrains.kotlin.daemon.common.LoopbackNetworkInterface$ClientLoopbackSocketFactory@7a6f11cd]" daemon [_thread_blocked, id=6092, stack(0x000000985e900000,0x000000985ea00000) (1024K)]
  0x00000276a586aa50 JavaThread "RMI GC Daemon"              daemon [_thread_blocked, id=21864, stack(0x000000985ea00000,0x000000985eb00000) (1024K)]
  0x00000276a5dbff90 JavaThread "RMI TCP Accept-0"           daemon [_thread_in_native, id=9656, stack(0x000000985eb00000,0x000000985ec00000) (1024K)]
  0x00000276a5dc26f0 JavaThread "RMI Reaper"                        [_thread_blocked, id=19772, stack(0x000000985ec00000,0x000000985ed00000) (1024K)]
  0x00000276a5dc1340 JavaThread "RMI TCP Connection(idle)"   daemon [_thread_blocked, id=21288, stack(0x000000985ed00000,0x000000985ee00000) (1024K)]
  0x000002769c072590 JavaThread "Thread-123"                        [_thread_in_native, id=10324, stack(0x000000985ee00000,0x000000985ef00000) (1024K)]
Total: 143

Other Threads:
  0x00000276febadea0 VMThread "VM Thread"                           [id=20648, stack(0x0000009855800000,0x0000009855900000) (1024K)]
  0x00000276feb4b640 WatcherThread "VM Periodic Task Thread"        [id=23460, stack(0x0000009855700000,0x0000009855800000) (1024K)]
  0x00000276fd5a49a0 WorkerThread "GC Thread#0"                     [id=20864, stack(0x0000009855200000,0x0000009855300000) (1024K)]
  0x0000027696cadff0 WorkerThread "GC Thread#1"                     [id=11016, stack(0x0000009856400000,0x0000009856500000) (1024K)]
  0x00000276967a6d30 WorkerThread "GC Thread#2"                     [id=22332, stack(0x0000009856500000,0x0000009856600000) (1024K)]
  0x00000276967a70d0 WorkerThread "GC Thread#3"                     [id=18200, stack(0x0000009856600000,0x0000009856700000) (1024K)]
  0x000002769b1ee200 WorkerThread "GC Thread#4"                     [id=19996, stack(0x0000009856700000,0x0000009856800000) (1024K)]
  0x000002769bdd2a60 WorkerThread "GC Thread#5"                     [id=10848, stack(0x0000009857200000,0x0000009857300000) (1024K)]
  0x000002769bd9a3e0 WorkerThread "GC Thread#6"                     [id=21120, stack(0x0000009857300000,0x0000009857400000) (1024K)]
  0x000002769bec3700 WorkerThread "GC Thread#7"                     [id=14952, stack(0x0000009857400000,0x0000009857500000) (1024K)]
  0x00000276fd5b5890 ConcurrentGCThread "G1 Main Marker"            [id=21484, stack(0x0000009855300000,0x0000009855400000) (1024K)]
  0x00000276fd5b78f0 WorkerThread "G1 Conc#0"                       [id=16828, stack(0x0000009855400000,0x0000009855500000) (1024K)]
  0x000002769bec3360 WorkerThread "G1 Conc#1"                       [id=23504, stack(0x0000009857500000,0x0000009857600000) (1024K)]
  0x00000276fea21160 ConcurrentGCThread "G1 Refine#0"               [id=6752, stack(0x0000009855500000,0x0000009855600000) (1024K)]
  0x00000276fea21a80 ConcurrentGCThread "G1 Service"                [id=18620, stack(0x0000009855600000,0x0000009855700000) (1024K)]
Total: 15

Threads with active compile tasks:
C2 CompilerThread0  93299 15125       4       javax.management.ObjectName::construct (1135 bytes)
Total: 1

VM state: not at safepoint (normal execution)

VM Mutex/Monitor currently owned by a thread: None

Heap address: 0x0000000080000000, size: 2048 MB, Compressed Oops mode: 32-bit

CDS archive(s) not mapped
Compressed class space mapped at: 0x0000000100000000-0x0000000140000000, reserved size: 1073741824
Narrow klass base: 0x0000000000000000, Narrow klass shift: 3, Narrow klass range: 0x140000000

GC Precious Log:
 CardTable entry size: 512
 Card Set container configuration: InlinePtr #cards 5 size 8 Array Of Cards #cards 12 size 40 Howl #buckets 4 coarsen threshold 1843 Howl Bitmap #cards 512 size 80 coarsen threshold 460 Card regions per heap region 1 cards per card region 2048
 CPUs: 8 total, 8 available
 Memory: 5965M
 Large Page Support: Disabled
 NUMA Support: Disabled
 Compressed Oops: Enabled (32-bit)
 Heap Region Size: 1M
 Heap Min Capacity: 8M
 Heap Initial Capacity: 94M
 Heap Max Capacity: 2G
 Pre-touch: Disabled
 Parallel Workers: 8
 Concurrent Workers: 2
 Concurrent Refinement Workers: 8
 Periodic GC: Disabled

Heap:
 garbage-first heap   total 229376K, used 180543K [0x0000000080000000, 0x0000000100000000)
  region size 1024K, 49 young (50176K), 4 survivors (4096K)
 Metaspace       used 114370K, committed 116288K, reserved 1179648K
  class space    used 15967K, committed 16960K, reserved 1048576K

Heap Regions: E=young(eden), S=young(survivor), O=old, HS=humongous(starts), HC=humongous(continues), CS=collection set, F=free, TAMS=top-at-mark-start, PB=parsable bottom
|   0|0x0000000080000000, 0x0000000080100000, 0x0000000080100000|100%|HS|  |TAMS 0x0000000080000000| PB 0x0000000080000000| Complete 
|   1|0x0000000080100000, 0x0000000080200000, 0x0000000080200000|100%|HC|  |TAMS 0x0000000080100000| PB 0x0000000080100000| Complete 
|   2|0x0000000080200000, 0x0000000080300000, 0x0000000080300000|100%|HC|  |TAMS 0x0000000080200000| PB 0x0000000080200000| Complete 
|   3|0x0000000080300000, 0x0000000080400000, 0x0000000080400000|100%|HC|  |TAMS 0x0000000080300000| PB 0x0000000080300000| Complete 
|   4|0x0000000080400000, 0x0000000080500000, 0x0000000080500000|100%| O|  |TAMS 0x0000000080400000| PB 0x0000000080400000| Untracked 
|   5|0x0000000080500000, 0x0000000080600000, 0x0000000080600000|100%| O|  |TAMS 0x0000000080500000| PB 0x0000000080500000| Untracked 
|   6|0x0000000080600000, 0x0000000080700000, 0x0000000080700000|100%| O|  |TAMS 0x0000000080600000| PB 0x0000000080600000| Untracked 
|   7|0x0000000080700000, 0x0000000080800000, 0x0000000080800000|100%| O|  |TAMS 0x0000000080700000| PB 0x0000000080700000| Untracked 
|   8|0x0000000080800000, 0x0000000080900000, 0x0000000080900000|100%| O|  |TAMS 0x0000000080800000| PB 0x0000000080800000| Untracked 
|   9|0x0000000080900000, 0x0000000080a00000, 0x0000000080a00000|100%| O|  |TAMS 0x0000000080900000| PB 0x0000000080900000| Untracked 
|  10|0x0000000080a00000, 0x0000000080b00000, 0x0000000080b00000|100%| O|  |TAMS 0x0000000080a00000| PB 0x0000000080a00000| Untracked 
|  11|0x0000000080b00000, 0x0000000080c00000, 0x0000000080c00000|100%| O|  |TAMS 0x0000000080b00000| PB 0x0000000080b00000| Untracked 
|  12|0x0000000080c00000, 0x0000000080d00000, 0x0000000080d00000|100%| O|  |TAMS 0x0000000080c00000| PB 0x0000000080c00000| Untracked 
|  13|0x0000000080d00000, 0x0000000080e00000, 0x0000000080e00000|100%| O|  |TAMS 0x0000000080d00000| PB 0x0000000080d00000| Untracked 
|  14|0x0000000080e00000, 0x0000000080f00000, 0x0000000080f00000|100%| O|  |TAMS 0x0000000080e00000| PB 0x0000000080e00000| Untracked 
|  15|0x0000000080f00000, 0x0000000081000000, 0x0000000081000000|100%| O|  |TAMS 0x0000000080f00000| PB 0x0000000080f00000| Untracked 
|  16|0x0000000081000000, 0x0000000081100000, 0x0000000081100000|100%| O|  |TAMS 0x0000000081000000| PB 0x0000000081000000| Untracked 
|  17|0x0000000081100000, 0x0000000081200000, 0x0000000081200000|100%| O|  |TAMS 0x0000000081100000| PB 0x0000000081100000| Untracked 
|  18|0x0000000081200000, 0x0000000081300000, 0x0000000081300000|100%| O|  |TAMS 0x0000000081200000| PB 0x0000000081200000| Untracked 
|  19|0x0000000081300000, 0x0000000081400000, 0x0000000081400000|100%| O|  |TAMS 0x0000000081300000| PB 0x0000000081300000| Untracked 
|  20|0x0000000081400000, 0x0000000081500000, 0x0000000081500000|100%| O|  |TAMS 0x0000000081400000| PB 0x0000000081400000| Untracked 
|  21|0x0000000081500000, 0x0000000081600000, 0x0000000081600000|100%| O|  |TAMS 0x0000000081500000| PB 0x0000000081500000| Untracked 
|  22|0x0000000081600000, 0x0000000081700000, 0x0000000081700000|100%| O|  |TAMS 0x0000000081600000| PB 0x0000000081600000| Untracked 
|  23|0x0000000081700000, 0x0000000081800000, 0x0000000081800000|100%| O|  |TAMS 0x0000000081700000| PB 0x0000000081700000| Untracked 
|  24|0x0000000081800000, 0x0000000081900000, 0x0000000081900000|100%| O|  |TAMS 0x0000000081800000| PB 0x0000000081800000| Untracked 
|  25|0x0000000081900000, 0x0000000081a00000, 0x0000000081a00000|100%| O|  |TAMS 0x0000000081900000| PB 0x0000000081900000| Untracked 
|  26|0x0000000081a00000, 0x0000000081b00000, 0x0000000081b00000|100%| O|  |TAMS 0x0000000081a00000| PB 0x0000000081a00000| Untracked 
|  27|0x0000000081b00000, 0x0000000081c00000, 0x0000000081c00000|100%| O|  |TAMS 0x0000000081b00000| PB 0x0000000081b00000| Untracked 
|  28|0x0000000081c00000, 0x0000000081d00000, 0x0000000081d00000|100%| O|  |TAMS 0x0000000081c00000| PB 0x0000000081c00000| Untracked 
|  29|0x0000000081d00000, 0x0000000081e00000, 0x0000000081e00000|100%| O|  |TAMS 0x0000000081d00000| PB 0x0000000081d00000| Untracked 
|  30|0x0000000081e00000, 0x0000000081f00000, 0x0000000081f00000|100%| O|  |TAMS 0x0000000081e00000| PB 0x0000000081e00000| Untracked 
|  31|0x0000000081f00000, 0x0000000082000000, 0x0000000082000000|100%| O|  |TAMS 0x0000000081f00000| PB 0x0000000081f00000| Untracked 
|  32|0x0000000082000000, 0x0000000082100000, 0x0000000082100000|100%| O|  |TAMS 0x0000000082000000| PB 0x0000000082000000| Untracked 
|  33|0x0000000082100000, 0x0000000082200000, 0x0000000082200000|100%| O|  |TAMS 0x0000000082100000| PB 0x0000000082100000| Untracked 
|  34|0x0000000082200000, 0x0000000082300000, 0x0000000082300000|100%|HS|  |TAMS 0x0000000082200000| PB 0x0000000082200000| Complete 
|  35|0x0000000082300000, 0x0000000082400000, 0x0000000082400000|100%|HS|  |TAMS 0x0000000082300000| PB 0x0000000082300000| Complete 
|  36|0x0000000082400000, 0x0000000082500000, 0x0000000082500000|100%| O|  |TAMS 0x0000000082400000| PB 0x0000000082400000| Untracked 
|  37|0x0000000082500000, 0x0000000082600000, 0x0000000082600000|100%|HS|  |TAMS 0x0000000082500000| PB 0x0000000082500000| Complete 
|  38|0x0000000082600000, 0x0000000082700000, 0x0000000082700000|100%| O|  |TAMS 0x0000000082600000| PB 0x0000000082600000| Untracked 
|  39|0x0000000082700000, 0x0000000082800000, 0x0000000082800000|100%|HS|  |TAMS 0x0000000082700000| PB 0x0000000082700000| Complete 
|  40|0x0000000082800000, 0x0000000082900000, 0x0000000082900000|100%| O|  |TAMS 0x0000000082800000| PB 0x0000000082800000| Untracked 
|  41|0x0000000082900000, 0x0000000082a00000, 0x0000000082a00000|100%| O|  |TAMS 0x0000000082900000| PB 0x0000000082900000| Untracked 
|  42|0x0000000082a00000, 0x0000000082b00000, 0x0000000082b00000|100%| O|  |TAMS 0x0000000082a00000| PB 0x0000000082a00000| Untracked 
|  43|0x0000000082b00000, 0x0000000082c00000, 0x0000000082c00000|100%|HS|  |TAMS 0x0000000082b00000| PB 0x0000000082b00000| Complete 
|  44|0x0000000082c00000, 0x0000000082d00000, 0x0000000082d00000|100%|HC|  |TAMS 0x0000000082c00000| PB 0x0000000082c00000| Complete 
|  45|0x0000000082d00000, 0x0000000082e00000, 0x0000000082e00000|100%|HS|  |TAMS 0x0000000082d00000| PB 0x0000000082d00000| Complete 
|  46|0x0000000082e00000, 0x0000000082f00000, 0x0000000082f00000|100%|HC|  |TAMS 0x0000000082e00000| PB 0x0000000082e00000| Complete 
|  47|0x0000000082f00000, 0x0000000083000000, 0x0000000083000000|100%|HS|  |TAMS 0x0000000082f00000| PB 0x0000000082f00000| Complete 
|  48|0x0000000083000000, 0x0000000083100000, 0x0000000083100000|100%|HC|  |TAMS 0x0000000083000000| PB 0x0000000083000000| Complete 
|  49|0x0000000083100000, 0x0000000083200000, 0x0000000083200000|100%|HC|  |TAMS 0x0000000083100000| PB 0x0000000083100000| Complete 
|  50|0x0000000083200000, 0x0000000083300000, 0x0000000083300000|100%|HC|  |TAMS 0x0000000083200000| PB 0x0000000083200000| Complete 
|  51|0x0000000083300000, 0x0000000083400000, 0x0000000083400000|100%|HS|  |TAMS 0x0000000083300000| PB 0x0000000083300000| Complete 
|  52|0x0000000083400000, 0x0000000083500000, 0x0000000083500000|100%| O|  |TAMS 0x0000000083400000| PB 0x0000000083400000| Untracked 
|  53|0x0000000083500000, 0x0000000083600000, 0x0000000083600000|100%| O|  |TAMS 0x0000000083500000| PB 0x0000000083500000| Untracked 
|  54|0x0000000083600000, 0x0000000083700000, 0x0000000083700000|100%| O|  |TAMS 0x0000000083600000| PB 0x0000000083600000| Untracked 
|  55|0x0000000083700000, 0x0000000083800000, 0x0000000083800000|100%| O|  |TAMS 0x0000000083700000| PB 0x0000000083700000| Untracked 
|  56|0x0000000083800000, 0x0000000083900000, 0x0000000083900000|100%| O|  |TAMS 0x0000000083800000| PB 0x0000000083800000| Untracked 
|  57|0x0000000083900000, 0x0000000083a00000, 0x0000000083a00000|100%| O|  |TAMS 0x0000000083900000| PB 0x0000000083900000| Untracked 
|  58|0x0000000083a00000, 0x0000000083b00000, 0x0000000083b00000|100%| O|  |TAMS 0x0000000083a00000| PB 0x0000000083a00000| Untracked 
|  59|0x0000000083b00000, 0x0000000083c00000, 0x0000000083c00000|100%| O|  |TAMS 0x0000000083b00000| PB 0x0000000083b00000| Untracked 
|  60|0x0000000083c00000, 0x0000000083d00000, 0x0000000083d00000|100%| O|  |TAMS 0x0000000083c00000| PB 0x0000000083c00000| Untracked 
|  61|0x0000000083d00000, 0x0000000083e00000, 0x0000000083e00000|100%| O|  |TAMS 0x0000000083d00000| PB 0x0000000083d00000| Untracked 
|  62|0x0000000083e00000, 0x0000000083f00000, 0x0000000083f00000|100%| O|  |TAMS 0x0000000083e00000| PB 0x0000000083e00000| Untracked 
|  63|0x0000000083f00000, 0x0000000084000000, 0x0000000084000000|100%| O|  |TAMS 0x0000000083f00000| PB 0x0000000083f00000| Untracked 
|  64|0x0000000084000000, 0x0000000084100000, 0x0000000084100000|100%|HS|  |TAMS 0x0000000084000000| PB 0x0000000084000000| Complete 
|  65|0x0000000084100000, 0x0000000084200000, 0x0000000084200000|100%|HC|  |TAMS 0x0000000084100000| PB 0x0000000084100000| Complete 
|  66|0x0000000084200000, 0x0000000084300000, 0x0000000084300000|100%|HC|  |TAMS 0x0000000084200000| PB 0x0000000084200000| Complete 
|  67|0x0000000084300000, 0x0000000084400000, 0x0000000084400000|100%|HC|  |TAMS 0x0000000084300000| PB 0x0000000084300000| Complete 
|  68|0x0000000084400000, 0x0000000084500000, 0x0000000084500000|100%| O|  |TAMS 0x0000000084400000| PB 0x0000000084400000| Untracked 
|  69|0x0000000084500000, 0x0000000084600000, 0x0000000084600000|100%| O|  |TAMS 0x0000000084500000| PB 0x0000000084500000| Untracked 
|  70|0x0000000084600000, 0x0000000084700000, 0x0000000084700000|100%| O|  |TAMS 0x0000000084600000| PB 0x0000000084600000| Untracked 
|  71|0x0000000084700000, 0x0000000084800000, 0x0000000084800000|100%| O|  |TAMS 0x0000000084700000| PB 0x0000000084700000| Untracked 
|  72|0x0000000084800000, 0x0000000084900000, 0x0000000084900000|100%| O|  |TAMS 0x0000000084800000| PB 0x0000000084800000| Untracked 
|  73|0x0000000084900000, 0x0000000084a00000, 0x0000000084a00000|100%| O|  |TAMS 0x0000000084900000| PB 0x0000000084900000| Untracked 
|  74|0x0000000084a00000, 0x0000000084b00000, 0x0000000084b00000|100%| O|  |TAMS 0x0000000084a00000| PB 0x0000000084a00000| Untracked 
|  75|0x0000000084b00000, 0x0000000084c00000, 0x0000000084c00000|100%| O|  |TAMS 0x0000000084b00000| PB 0x0000000084b00000| Untracked 
|  76|0x0000000084c00000, 0x0000000084d00000, 0x0000000084d00000|100%| O|  |TAMS 0x0000000084c00000| PB 0x0000000084c00000| Untracked 
|  77|0x0000000084d00000, 0x0000000084e00000, 0x0000000084e00000|100%| O|  |TAMS 0x0000000084d00000| PB 0x0000000084d00000| Untracked 
|  78|0x0000000084e00000, 0x0000000084f00000, 0x0000000084f00000|100%| O|  |TAMS 0x0000000084e00000| PB 0x0000000084e00000| Untracked 
|  79|0x0000000084f00000, 0x0000000085000000, 0x0000000085000000|100%| O|  |TAMS 0x0000000084f00000| PB 0x0000000084f00000| Untracked 
|  80|0x0000000085000000, 0x0000000085100000, 0x0000000085100000|100%| O|  |TAMS 0x0000000085000000| PB 0x0000000085000000| Untracked 
|  81|0x0000000085100000, 0x0000000085200000, 0x0000000085200000|100%| O|  |TAMS 0x0000000085100000| PB 0x0000000085100000| Untracked 
|  82|0x0000000085200000, 0x0000000085300000, 0x0000000085300000|100%| O|  |TAMS 0x0000000085200000| PB 0x0000000085200000| Untracked 
|  83|0x0000000085300000, 0x0000000085400000, 0x0000000085400000|100%| O|  |TAMS 0x0000000085300000| PB 0x0000000085300000| Untracked 
|  84|0x0000000085400000, 0x0000000085500000, 0x0000000085500000|100%| O|  |TAMS 0x0000000085400000| PB 0x0000000085400000| Untracked 
|  85|0x0000000085500000, 0x0000000085600000, 0x0000000085600000|100%| O|  |TAMS 0x0000000085500000| PB 0x0000000085500000| Untracked 
|  86|0x0000000085600000, 0x0000000085700000, 0x0000000085700000|100%| O|  |TAMS 0x0000000085600000| PB 0x0000000085600000| Untracked 
|  87|0x0000000085700000, 0x0000000085800000, 0x0000000085800000|100%| O|  |TAMS 0x0000000085700000| PB 0x0000000085700000| Untracked 
|  88|0x0000000085800000, 0x0000000085900000, 0x0000000085900000|100%| O|  |TAMS 0x0000000085800000| PB 0x0000000085800000| Untracked 
|  89|0x0000000085900000, 0x0000000085a00000, 0x0000000085a00000|100%| O|  |TAMS 0x0000000085900000| PB 0x0000000085900000| Untracked 
|  90|0x0000000085a00000, 0x0000000085b00000, 0x0000000085b00000|100%| O|  |TAMS 0x0000000085a00000| PB 0x0000000085a00000| Untracked 
|  91|0x0000000085b00000, 0x0000000085c00000, 0x0000000085c00000|100%| O|  |TAMS 0x0000000085b00000| PB 0x0000000085b00000| Untracked 
|  92|0x0000000085c00000, 0x0000000085d00000, 0x0000000085d00000|100%| O|  |TAMS 0x0000000085c00000| PB 0x0000000085c00000| Untracked 
|  93|0x0000000085d00000, 0x0000000085e00000, 0x0000000085e00000|100%| O|  |TAMS 0x0000000085d00000| PB 0x0000000085d00000| Untracked 
|  94|0x0000000085e00000, 0x0000000085f00000, 0x0000000085f00000|100%| O|  |TAMS 0x0000000085e00000| PB 0x0000000085e00000| Untracked 
|  95|0x0000000085f00000, 0x0000000086000000, 0x0000000086000000|100%| O|  |TAMS 0x0000000085f00000| PB 0x0000000085f00000| Untracked 
|  96|0x0000000086000000, 0x0000000086100000, 0x0000000086100000|100%| O|  |TAMS 0x0000000086000000| PB 0x0000000086000000| Untracked 
|  97|0x0000000086100000, 0x0000000086200000, 0x0000000086200000|100%| O|  |TAMS 0x0000000086100000| PB 0x0000000086100000| Untracked 
|  98|0x0000000086200000, 0x0000000086300000, 0x0000000086300000|100%| O|  |TAMS 0x0000000086200000| PB 0x0000000086200000| Untracked 
|  99|0x0000000086300000, 0x0000000086400000, 0x0000000086400000|100%| O|  |TAMS 0x0000000086300000| PB 0x0000000086300000| Untracked 
| 100|0x0000000086400000, 0x0000000086500000, 0x0000000086500000|100%| O|  |TAMS 0x0000000086400000| PB 0x0000000086400000| Untracked 
| 101|0x0000000086500000, 0x0000000086600000, 0x0000000086600000|100%| O|Cm|TAMS 0x0000000086500000| PB 0x0000000086500000| Complete 
| 102|0x0000000086600000, 0x0000000086700000, 0x0000000086700000|100%| O|  |TAMS 0x0000000086600000| PB 0x0000000086600000| Untracked 
| 103|0x0000000086700000, 0x0000000086800000, 0x0000000086800000|100%| O|  |TAMS 0x0000000086700000| PB 0x0000000086700000| Untracked 
| 104|0x0000000086800000, 0x0000000086900000, 0x0000000086900000|100%| O|  |TAMS 0x0000000086800000| PB 0x0000000086800000| Untracked 
| 105|0x0000000086900000, 0x0000000086a00000, 0x0000000086a00000|100%| O|  |TAMS 0x0000000086900000| PB 0x0000000086900000| Untracked 
| 106|0x0000000086a00000, 0x0000000086b00000, 0x0000000086b00000|100%| O|  |TAMS 0x0000000086a00000| PB 0x0000000086a00000| Untracked 
| 107|0x0000000086b00000, 0x0000000086c00000, 0x0000000086c00000|100%| O|  |TAMS 0x0000000086b00000| PB 0x0000000086b00000| Untracked 
| 108|0x0000000086c00000, 0x0000000086d00000, 0x0000000086d00000|100%| O|  |TAMS 0x0000000086c00000| PB 0x0000000086c00000| Untracked 
| 109|0x0000000086d00000, 0x0000000086e00000, 0x0000000086e00000|100%| O|Cm|TAMS 0x0000000086d00000| PB 0x0000000086d00000| Complete 
| 110|0x0000000086e00000, 0x0000000086f00000, 0x0000000086f00000|100%| O|Cm|TAMS 0x0000000086e00000| PB 0x0000000086e00000| Complete 
| 111|0x0000000086f00000, 0x0000000087000000, 0x0000000087000000|100%| O|Cm|TAMS 0x0000000086f00000| PB 0x0000000086f00000| Complete 
| 112|0x0000000087000000, 0x0000000087100000, 0x0000000087100000|100%| O|  |TAMS 0x0000000087000000| PB 0x0000000087000000| Untracked 
| 113|0x0000000087100000, 0x0000000087200000, 0x0000000087200000|100%| O|  |TAMS 0x0000000087100000| PB 0x0000000087100000| Untracked 
| 114|0x0000000087200000, 0x0000000087300000, 0x0000000087300000|100%| O|  |TAMS 0x0000000087200000| PB 0x0000000087200000| Untracked 
| 115|0x0000000087300000, 0x0000000087400000, 0x0000000087400000|100%| O|  |TAMS 0x0000000087300000| PB 0x0000000087300000| Untracked 
| 116|0x0000000087400000, 0x0000000087500000, 0x0000000087500000|100%| O|  |TAMS 0x0000000087400000| PB 0x0000000087400000| Untracked 
| 117|0x0000000087500000, 0x0000000087600000, 0x0000000087600000|100%| O|  |TAMS 0x0000000087500000| PB 0x0000000087500000| Untracked 
| 118|0x0000000087600000, 0x000000008764fd70, 0x0000000087700000| 31%| O|  |TAMS 0x0000000087600000| PB 0x0000000087600000| Untracked 
| 119|0x0000000087700000, 0x0000000087700000, 0x0000000087800000|  0%| F|  |TAMS 0x0000000087700000| PB 0x0000000087700000| Untracked 
| 120|0x0000000087800000, 0x0000000087800000, 0x0000000087900000|  0%| F|  |TAMS 0x0000000087800000| PB 0x0000000087800000| Untracked 
| 121|0x0000000087900000, 0x0000000087900000, 0x0000000087a00000|  0%| F|  |TAMS 0x0000000087900000| PB 0x0000000087900000| Untracked 
| 122|0x0000000087a00000, 0x0000000087a00000, 0x0000000087b00000|  0%| F|  |TAMS 0x0000000087a00000| PB 0x0000000087a00000| Untracked 
| 123|0x0000000087b00000, 0x0000000087b00000, 0x0000000087c00000|  0%| F|  |TAMS 0x0000000087b00000| PB 0x0000000087b00000| Untracked 
| 124|0x0000000087c00000, 0x0000000087c00000, 0x0000000087d00000|  0%| F|  |TAMS 0x0000000087c00000| PB 0x0000000087c00000| Untracked 
| 125|0x0000000087d00000, 0x0000000087e00000, 0x0000000087e00000|100%| S|CS|TAMS 0x0000000087d00000| PB 0x0000000087d00000| Complete 
| 126|0x0000000087e00000, 0x0000000087f00000, 0x0000000087f00000|100%| O|  |TAMS 0x0000000087e00000| PB 0x0000000087e00000| Untracked 
| 127|0x0000000087f00000, 0x0000000088000000, 0x0000000088000000|100%| O|  |TAMS 0x0000000087f00000| PB 0x0000000087f00000| Untracked 
| 128|0x0000000088000000, 0x0000000088100000, 0x0000000088100000|100%| O|  |TAMS 0x0000000088000000| PB 0x0000000088000000| Untracked 
| 129|0x0000000088100000, 0x0000000088100000, 0x0000000088200000|  0%| F|  |TAMS 0x0000000088100000| PB 0x0000000088100000| Untracked 
| 130|0x0000000088200000, 0x0000000088200000, 0x0000000088300000|  0%| F|  |TAMS 0x0000000088200000| PB 0x0000000088200000| Untracked 
| 131|0x0000000088300000, 0x0000000088300000, 0x0000000088400000|  0%| F|  |TAMS 0x0000000088300000| PB 0x0000000088300000| Untracked 
| 132|0x0000000088400000, 0x0000000088400000, 0x0000000088500000|  0%| F|  |TAMS 0x0000000088400000| PB 0x0000000088400000| Untracked 
| 133|0x0000000088500000, 0x0000000088500000, 0x0000000088600000|  0%| F|  |TAMS 0x0000000088500000| PB 0x0000000088500000| Untracked 
| 134|0x0000000088600000, 0x0000000088700000, 0x0000000088700000|100%| S|CS|TAMS 0x0000000088600000| PB 0x0000000088600000| Complete 
| 135|0x0000000088700000, 0x0000000088800000, 0x0000000088800000|100%| S|CS|TAMS 0x0000000088700000| PB 0x0000000088700000| Complete 
| 136|0x0000000088800000, 0x0000000088900000, 0x0000000088900000|100%| S|CS|TAMS 0x0000000088800000| PB 0x0000000088800000| Complete 
| 137|0x0000000088900000, 0x0000000088900000, 0x0000000088a00000|  0%| F|  |TAMS 0x0000000088900000| PB 0x0000000088900000| Untracked 
| 138|0x0000000088a00000, 0x0000000088a00000, 0x0000000088b00000|  0%| F|  |TAMS 0x0000000088a00000| PB 0x0000000088a00000| Untracked 
| 139|0x0000000088b00000, 0x0000000088b00000, 0x0000000088c00000|  0%| F|  |TAMS 0x0000000088b00000| PB 0x0000000088b00000| Untracked 
| 140|0x0000000088c00000, 0x0000000088c00000, 0x0000000088d00000|  0%| F|  |TAMS 0x0000000088c00000| PB 0x0000000088c00000| Untracked 
| 141|0x0000000088d00000, 0x0000000088d00000, 0x0000000088e00000|  0%| F|  |TAMS 0x0000000088d00000| PB 0x0000000088d00000| Untracked 
| 142|0x0000000088e00000, 0x0000000088e00000, 0x0000000088f00000|  0%| F|  |TAMS 0x0000000088e00000| PB 0x0000000088e00000| Untracked 
| 143|0x0000000088f00000, 0x0000000088f00000, 0x0000000089000000|  0%| F|  |TAMS 0x0000000088f00000| PB 0x0000000088f00000| Untracked 
| 144|0x0000000089000000, 0x0000000089000000, 0x0000000089100000|  0%| F|  |TAMS 0x0000000089000000| PB 0x0000000089000000| Untracked 
| 145|0x0000000089100000, 0x0000000089100000, 0x0000000089200000|  0%| F|  |TAMS 0x0000000089100000| PB 0x0000000089100000| Untracked 
| 146|0x0000000089200000, 0x0000000089200000, 0x0000000089300000|  0%| F|  |TAMS 0x0000000089200000| PB 0x0000000089200000| Untracked 
| 147|0x0000000089300000, 0x0000000089300000, 0x0000000089400000|  0%| F|  |TAMS 0x0000000089300000| PB 0x0000000089300000| Untracked 
| 148|0x0000000089400000, 0x0000000089400000, 0x0000000089500000|  0%| F|  |TAMS 0x0000000089400000| PB 0x0000000089400000| Untracked 
| 149|0x0000000089500000, 0x0000000089500000, 0x0000000089600000|  0%| F|  |TAMS 0x0000000089500000| PB 0x0000000089500000| Untracked 
| 150|0x0000000089600000, 0x0000000089600000, 0x0000000089700000|  0%| F|  |TAMS 0x0000000089600000| PB 0x0000000089600000| Untracked 
| 151|0x0000000089700000, 0x0000000089700000, 0x0000000089800000|  0%| F|  |TAMS 0x0000000089700000| PB 0x0000000089700000| Untracked 
| 152|0x0000000089800000, 0x0000000089800000, 0x0000000089900000|  0%| F|  |TAMS 0x0000000089800000| PB 0x0000000089800000| Untracked 
| 153|0x0000000089900000, 0x0000000089900000, 0x0000000089a00000|  0%| F|  |TAMS 0x0000000089900000| PB 0x0000000089900000| Untracked 
| 154|0x0000000089a00000, 0x0000000089a00000, 0x0000000089b00000|  0%| F|  |TAMS 0x0000000089a00000| PB 0x0000000089a00000| Untracked 
| 155|0x0000000089b00000, 0x0000000089b00000, 0x0000000089c00000|  0%| F|  |TAMS 0x0000000089b00000| PB 0x0000000089b00000| Untracked 
| 156|0x0000000089c00000, 0x0000000089c00000, 0x0000000089d00000|  0%| F|  |TAMS 0x0000000089c00000| PB 0x0000000089c00000| Untracked 
| 157|0x0000000089d00000, 0x0000000089d00000, 0x0000000089e00000|  0%| F|  |TAMS 0x0000000089d00000| PB 0x0000000089d00000| Untracked 
| 158|0x0000000089e00000, 0x0000000089e00000, 0x0000000089f00000|  0%| F|  |TAMS 0x0000000089e00000| PB 0x0000000089e00000| Untracked 
| 159|0x0000000089f00000, 0x0000000089f00000, 0x000000008a000000|  0%| F|  |TAMS 0x0000000089f00000| PB 0x0000000089f00000| Untracked 
| 160|0x000000008a000000, 0x000000008a000000, 0x000000008a100000|  0%| F|  |TAMS 0x000000008a000000| PB 0x000000008a000000| Untracked 
| 161|0x000000008a100000, 0x000000008a100000, 0x000000008a200000|  0%| F|  |TAMS 0x000000008a100000| PB 0x000000008a100000| Untracked 
| 162|0x000000008a200000, 0x000000008a200000, 0x000000008a300000|  0%| F|  |TAMS 0x000000008a200000| PB 0x000000008a200000| Untracked 
| 163|0x000000008a300000, 0x000000008a300000, 0x000000008a400000|  0%| F|  |TAMS 0x000000008a300000| PB 0x000000008a300000| Untracked 
| 164|0x000000008a400000, 0x000000008a400000, 0x000000008a500000|  0%| F|  |TAMS 0x000000008a400000| PB 0x000000008a400000| Untracked 
| 165|0x000000008a500000, 0x000000008a500000, 0x000000008a600000|  0%| F|  |TAMS 0x000000008a500000| PB 0x000000008a500000| Untracked 
| 166|0x000000008a600000, 0x000000008a600000, 0x000000008a700000|  0%| F|  |TAMS 0x000000008a600000| PB 0x000000008a600000| Untracked 
| 167|0x000000008a700000, 0x000000008a700000, 0x000000008a800000|  0%| F|  |TAMS 0x000000008a700000| PB 0x000000008a700000| Untracked 
| 168|0x000000008a800000, 0x000000008a800000, 0x000000008a900000|  0%| F|  |TAMS 0x000000008a800000| PB 0x000000008a800000| Untracked 
| 169|0x000000008a900000, 0x000000008a900000, 0x000000008aa00000|  0%| F|  |TAMS 0x000000008a900000| PB 0x000000008a900000| Untracked 
| 170|0x000000008aa00000, 0x000000008aa00000, 0x000000008ab00000|  0%| F|  |TAMS 0x000000008aa00000| PB 0x000000008aa00000| Untracked 
| 171|0x000000008ab00000, 0x000000008ab00a60, 0x000000008ac00000|  0%| E|  |TAMS 0x000000008ab00000| PB 0x000000008ab00000| Complete 
| 172|0x000000008ac00000, 0x000000008ad00000, 0x000000008ad00000|100%| E|CS|TAMS 0x000000008ac00000| PB 0x000000008ac00000| Complete 
| 173|0x000000008ad00000, 0x000000008ae00000, 0x000000008ae00000|100%| E|  |TAMS 0x000000008ad00000| PB 0x000000008ad00000| Complete 
| 174|0x000000008ae00000, 0x000000008af00000, 0x000000008af00000|100%| E|CS|TAMS 0x000000008ae00000| PB 0x000000008ae00000| Complete 
| 175|0x000000008af00000, 0x000000008b000000, 0x000000008b000000|100%| E|CS|TAMS 0x000000008af00000| PB 0x000000008af00000| Complete 
| 176|0x000000008b000000, 0x000000008b100000, 0x000000008b100000|100%| E|CS|TAMS 0x000000008b000000| PB 0x000000008b000000| Complete 
| 177|0x000000008b100000, 0x000000008b200000, 0x000000008b200000|100%| E|CS|TAMS 0x000000008b100000| PB 0x000000008b100000| Complete 
| 178|0x000000008b200000, 0x000000008b300000, 0x000000008b300000|100%| E|CS|TAMS 0x000000008b200000| PB 0x000000008b200000| Complete 
| 179|0x000000008b300000, 0x000000008b400000, 0x000000008b400000|100%| E|CS|TAMS 0x000000008b300000| PB 0x000000008b300000| Complete 
| 180|0x000000008b400000, 0x000000008b500000, 0x000000008b500000|100%| E|CS|TAMS 0x000000008b400000| PB 0x000000008b400000| Complete 
| 181|0x000000008b500000, 0x000000008b600000, 0x000000008b600000|100%| E|CS|TAMS 0x000000008b500000| PB 0x000000008b500000| Complete 
| 182|0x000000008b600000, 0x000000008b700000, 0x000000008b700000|100%| E|CS|TAMS 0x000000008b600000| PB 0x000000008b600000| Complete 
| 183|0x000000008b700000, 0x000000008b800000, 0x000000008b800000|100%| E|CS|TAMS 0x000000008b700000| PB 0x000000008b700000| Complete 
| 184|0x000000008b800000, 0x000000008b900000, 0x000000008b900000|100%| E|CS|TAMS 0x000000008b800000| PB 0x000000008b800000| Complete 
| 185|0x000000008b900000, 0x000000008ba00000, 0x000000008ba00000|100%| E|CS|TAMS 0x000000008b900000| PB 0x000000008b900000| Complete 
| 186|0x000000008ba00000, 0x000000008bb00000, 0x000000008bb00000|100%| E|CS|TAMS 0x000000008ba00000| PB 0x000000008ba00000| Complete 
| 187|0x000000008bb00000, 0x000000008bc00000, 0x000000008bc00000|100%| E|CS|TAMS 0x000000008bb00000| PB 0x000000008bb00000| Complete 
| 188|0x000000008bc00000, 0x000000008bd00000, 0x000000008bd00000|100%| E|CS|TAMS 0x000000008bc00000| PB 0x000000008bc00000| Complete 
| 189|0x000000008bd00000, 0x000000008be00000, 0x000000008be00000|100%| E|CS|TAMS 0x000000008bd00000| PB 0x000000008bd00000| Complete 
| 190|0x000000008be00000, 0x000000008bf00000, 0x000000008bf00000|100%| E|CS|TAMS 0x000000008be00000| PB 0x000000008be00000| Complete 
| 191|0x000000008bf00000, 0x000000008c000000, 0x000000008c000000|100%| E|CS|TAMS 0x000000008bf00000| PB 0x000000008bf00000| Complete 
| 192|0x000000008c000000, 0x000000008c100000, 0x000000008c100000|100%| E|CS|TAMS 0x000000008c000000| PB 0x000000008c000000| Complete 
| 193|0x000000008c100000, 0x000000008c200000, 0x000000008c200000|100%| E|CS|TAMS 0x000000008c100000| PB 0x000000008c100000| Complete 
| 194|0x000000008c200000, 0x000000008c300000, 0x000000008c300000|100%| E|CS|TAMS 0x000000008c200000| PB 0x000000008c200000| Complete 
| 195|0x000000008c300000, 0x000000008c400000, 0x000000008c400000|100%| E|CS|TAMS 0x000000008c300000| PB 0x000000008c300000| Complete 
| 196|0x000000008c400000, 0x000000008c500000, 0x000000008c500000|100%| E|CS|TAMS 0x000000008c400000| PB 0x000000008c400000| Complete 
| 197|0x000000008c500000, 0x000000008c600000, 0x000000008c600000|100%| E|CS|TAMS 0x000000008c500000| PB 0x000000008c500000| Complete 
| 198|0x000000008c600000, 0x000000008c700000, 0x000000008c700000|100%| E|CS|TAMS 0x000000008c600000| PB 0x000000008c600000| Complete 
| 199|0x000000008c700000, 0x000000008c800000, 0x000000008c800000|100%| E|CS|TAMS 0x000000008c700000| PB 0x000000008c700000| Complete 
| 200|0x000000008c800000, 0x000000008c900000, 0x000000008c900000|100%| E|CS|TAMS 0x000000008c800000| PB 0x000000008c800000| Complete 
| 201|0x000000008c900000, 0x000000008ca00000, 0x000000008ca00000|100%| E|CS|TAMS 0x000000008c900000| PB 0x000000008c900000| Complete 
| 202|0x000000008ca00000, 0x000000008cb00000, 0x000000008cb00000|100%| E|CS|TAMS 0x000000008ca00000| PB 0x000000008ca00000| Complete 
| 203|0x000000008cb00000, 0x000000008cc00000, 0x000000008cc00000|100%| E|CS|TAMS 0x000000008cb00000| PB 0x000000008cb00000| Complete 
| 204|0x000000008cc00000, 0x000000008cd00000, 0x000000008cd00000|100%| E|CS|TAMS 0x000000008cc00000| PB 0x000000008cc00000| Complete 
| 205|0x000000008cd00000, 0x000000008ce00000, 0x000000008ce00000|100%| E|CS|TAMS 0x000000008cd00000| PB 0x000000008cd00000| Complete 
| 206|0x000000008ce00000, 0x000000008cf00000, 0x000000008cf00000|100%| E|CS|TAMS 0x000000008ce00000| PB 0x000000008ce00000| Complete 
| 207|0x000000008cf00000, 0x000000008d000000, 0x000000008d000000|100%| E|CS|TAMS 0x000000008cf00000| PB 0x000000008cf00000| Complete 
| 208|0x000000008d000000, 0x000000008d100000, 0x000000008d100000|100%| E|CS|TAMS 0x000000008d000000| PB 0x000000008d000000| Complete 
| 209|0x000000008d100000, 0x000000008d200000, 0x000000008d200000|100%| E|CS|TAMS 0x000000008d100000| PB 0x000000008d100000| Complete 
| 210|0x000000008d200000, 0x000000008d300000, 0x000000008d300000|100%| E|CS|TAMS 0x000000008d200000| PB 0x000000008d200000| Complete 
| 211|0x000000008d300000, 0x000000008d400000, 0x000000008d400000|100%| E|CS|TAMS 0x000000008d300000| PB 0x000000008d300000| Complete 
| 212|0x000000008d400000, 0x000000008d500000, 0x000000008d500000|100%| E|CS|TAMS 0x000000008d400000| PB 0x000000008d400000| Complete 
|2037|0x00000000ff500000, 0x00000000ff600000, 0x00000000ff600000|100%| O|  |TAMS 0x00000000ff500000| PB 0x00000000ff500000| Untracked 
|2038|0x00000000ff600000, 0x00000000ff700000, 0x00000000ff700000|100%| O|  |TAMS 0x00000000ff600000| PB 0x00000000ff600000| Untracked 
|2039|0x00000000ff700000, 0x00000000ff800000, 0x00000000ff800000|100%| O|  |TAMS 0x00000000ff700000| PB 0x00000000ff700000| Untracked 
|2040|0x00000000ff800000, 0x00000000ff900000, 0x00000000ff900000|100%| O|  |TAMS 0x00000000ff800000| PB 0x00000000ff800000| Untracked 
|2041|0x00000000ff900000, 0x00000000ffa00000, 0x00000000ffa00000|100%| E|CS|TAMS 0x00000000ff900000| PB 0x00000000ff900000| Complete 
|2042|0x00000000ffa00000, 0x00000000ffb00000, 0x00000000ffb00000|100%| E|CS|TAMS 0x00000000ffa00000| PB 0x00000000ffa00000| Complete 
|2043|0x00000000ffb00000, 0x00000000ffc00000, 0x00000000ffc00000|100%| E|CS|TAMS 0x00000000ffb00000| PB 0x00000000ffb00000| Complete 
|2044|0x00000000ffc00000, 0x00000000ffd00000, 0x00000000ffd00000|100%| O|  |TAMS 0x00000000ffc00000| PB 0x00000000ffc00000| Untracked 
|2045|0x00000000ffd00000, 0x00000000ffe00000, 0x00000000ffe00000|100%| O|  |TAMS 0x00000000ffd00000| PB 0x00000000ffd00000| Untracked 
|2046|0x00000000ffe00000, 0x00000000fff00000, 0x00000000fff00000|100%| O|  |TAMS 0x00000000ffe00000| PB 0x00000000ffe00000| Untracked 
|2047|0x00000000fff00000, 0x0000000100000000, 0x0000000100000000|100%| O|  |TAMS 0x00000000fff00000| PB 0x00000000fff00000| Untracked 

Card table byte_map: [0x00000276fdd40000,0x00000276fe140000] _byte_map_base: 0x00000276fd940000

Marking Bits: (CMBitMap*) 0x00000276fd5a4fb0
 Bits: [0x00000276920a0000, 0x00000276940a0000)

Polling page: 0x00000276fb2f0000

Metaspace:

Usage:
  Non-class:     96.10 MB used.
      Class:     15.59 MB used.
       Both:    111.69 MB used.

Virtual space:
  Non-class space:      128.00 MB reserved,      97.00 MB ( 76%) committed,  2 nodes.
      Class space:        1.00 GB reserved,      16.56 MB (  2%) committed,  1 nodes.
             Both:        1.12 GB reserved,     113.56 MB ( 10%) committed. 

Chunk freelists:
   Non-Class:  14.44 MB
       Class:  15.37 MB
        Both:  29.81 MB

MaxMetaspaceSize: unlimited
CompressedClassSpaceSize: 1.00 GB
Initial GC threshold: 21.00 MB
Current GC threshold: 187.81 MB
CDS: off
 - commit_granule_bytes: 65536.
 - commit_granule_words: 8192.
 - virtual_space_node_default_size: 8388608.
 - enlarge_chunks_in_place: 1.
 - use_allocation_guard: 0.


Internal statistics:

num_allocs_failed_limit: 6.
num_arena_births: 3868.
num_arena_deaths: 4.
num_vsnodes_births: 3.
num_vsnodes_deaths: 0.
num_space_committed: 1816.
num_space_uncommitted: 0.
num_chunks_returned_to_freelist: 11.
num_chunks_taken_from_freelist: 8537.
num_chunk_merges: 6.
num_chunk_splits: 5602.
num_chunks_enlarged: 3577.
num_inconsistent_stats: 0.

CodeHeap 'non-profiled nmethods': size=120000Kb used=8810Kb max_used=8810Kb free=111190Kb
 bounds [0x000002768ab70000, 0x000002768b410000, 0x00000276920a0000]
CodeHeap 'profiled nmethods': size=120000Kb used=24272Kb max_used=24353Kb free=95727Kb
 bounds [0x00000276830a0000, 0x0000027684870000, 0x000002768a5d0000]
CodeHeap 'non-nmethods': size=5760Kb used=1984Kb max_used=2038Kb free=3775Kb
 bounds [0x000002768a5d0000, 0x000002768a840000, 0x000002768ab70000]
CodeCache: size=245760Kb, used=35066Kb, max_used=35201Kb, free=210692Kb
 total_blobs=13592, nmethods=12727, adapters=769, full_count=0
Compilation: enabled, stopped_count=0, restarted_count=0

Compilation events (20 events):
Event: 83.920 Thread 0x0000027696116490 nmethod 15115 0x000002768b408f10 code [0x000002768b4090a0, 0x000002768b409170]
Event: 83.988 Thread 0x000002769611c6a0 15116       3       java.util.HashMap$Values::spliterator (16 bytes)
Event: 83.989 Thread 0x000002769611c6a0 nmethod 15116 0x00000276843f2a10 code [0x00000276843f2bc0, 0x00000276843f2d80]
Event: 83.989 Thread 0x000002769611c6a0 15117       3       java.util.HashMap$ValueSpliterator::<init> (12 bytes)
Event: 83.989 Thread 0x000002769611c6a0 nmethod 15117 0x000002768364fe10 code [0x000002768364ffc0, 0x00000276836501f0]
Event: 84.815 Thread 0x000002769611c6a0 15118       3       com.google.common.base.Joiner::toString (24 bytes)
Event: 84.815 Thread 0x000002769611c6a0 nmethod 15118 0x0000027683a23010 code [0x0000027683a23200, 0x0000027683a23770]
Event: 84.816 Thread 0x000002769611c6a0 15119       3       java.lang.StringBuilder::append (8 bytes)
Event: 84.816 Thread 0x000002769611c6a0 nmethod 15119 0x0000027683b78210 code [0x0000027683b783c0, 0x0000027683b78570]
Event: 84.817 Thread 0x000002769611c6a0 15120       3       java.util.Formatter$FormatSpecifier::<init> (68 bytes)
Event: 84.819 Thread 0x000002769611c6a0 nmethod 15120 0x0000027683546c10 code [0x0000027683546e20, 0x0000027683547478]
Event: 87.420 Thread 0x0000027696116490 15121   !   4       java.lang.Thread::sleep (82 bytes)
Event: 87.425 Thread 0x0000027696116490 nmethod 15121 0x000002768b409210 code [0x000002768b4093c0, 0x000002768b409538]
Event: 87.425 Thread 0x0000027696116490 15122   !   4       java.lang.Thread::beforeSleep (33 bytes)
Event: 87.426 Thread 0x0000027696116490 nmethod 15122 0x000002768b409710 code [0x000002768b409880, 0x000002768b4098e8]
Event: 87.986 Thread 0x0000027696116490 15123   !   4       java.util.stream.ReferencePipeline$7$1::accept (127 bytes)
Event: 88.009 Thread 0x0000027696116490 nmethod 15123 0x000002768b409a10 code [0x000002768b409c40, 0x000002768b40a330]
Event: 90.665 Thread 0x000002769611c6a0 15124       3       com.esotericsoftware.kryo.io.Output::writeString (125 bytes)
Event: 90.671 Thread 0x000002769611c6a0 nmethod 15124 0x0000027683b61d90 code [0x0000027683b61fc0, 0x0000027683b625c8]
Event: 92.007 Thread 0x0000027696116490 15125       4       javax.management.ObjectName::construct (1135 bytes)

GC Heap History (20 events):
Event: 45.047 GC heap before
{Heap before GC invocations=40 (full 0):
 garbage-first heap   total 176128K, used 146534K [0x0000000080000000, 0x0000000100000000)
  region size 1024K, 46 young (47104K), 4 survivors (4096K)
 Metaspace       used 108041K, committed 109952K, reserved 1179648K
  class space    used 15188K, committed 16128K, reserved 1048576K
}
Event: 45.056 GC heap after
{Heap after GC invocations=41 (full 0):
 garbage-first heap   total 176128K, used 104590K [0x0000000080000000, 0x0000000100000000)
  region size 1024K, 6 young (6144K), 6 survivors (6144K)
 Metaspace       used 108041K, committed 109952K, reserved 1179648K
  class space    used 15188K, committed 16128K, reserved 1048576K
}
Event: 46.019 GC heap before
{Heap before GC invocations=41 (full 0):
 garbage-first heap   total 176128K, used 160910K [0x0000000080000000, 0x0000000100000000)
  region size 1024K, 62 young (63488K), 6 survivors (6144K)
 Metaspace       used 108303K, committed 110144K, reserved 1179648K
  class space    used 15192K, committed 16128K, reserved 1048576K
}
Event: 46.029 GC heap after
{Heap after GC invocations=42 (full 0):
 garbage-first heap   total 176128K, used 108432K [0x0000000080000000, 0x0000000100000000)
  region size 1024K, 5 young (5120K), 5 survivors (5120K)
 Metaspace       used 108303K, committed 110144K, reserved 1179648K
  class space    used 15192K, committed 16128K, reserved 1048576K
}
Event: 46.867 GC heap before
{Heap before GC invocations=42 (full 0):
 garbage-first heap   total 176128K, used 160656K [0x0000000080000000, 0x0000000100000000)
  region size 1024K, 57 young (58368K), 5 survivors (5120K)
 Metaspace       used 108813K, committed 110720K, reserved 1179648K
  class space    used 15245K, committed 16192K, reserved 1048576K
}
Event: 46.876 GC heap after
{Heap after GC invocations=43 (full 0):
 garbage-first heap   total 176128K, used 112990K [0x0000000080000000, 0x0000000100000000)
  region size 1024K, 6 young (6144K), 6 survivors (6144K)
 Metaspace       used 108813K, committed 110720K, reserved 1179648K
  class space    used 15245K, committed 16192K, reserved 1048576K
}
Event: 47.803 GC heap before
{Heap before GC invocations=44 (full 0):
 garbage-first heap   total 189440K, used 161118K [0x0000000080000000, 0x0000000100000000)
  region size 1024K, 54 young (55296K), 6 survivors (6144K)
 Metaspace       used 108968K, committed 110848K, reserved 1179648K
  class space    used 15256K, committed 16192K, reserved 1048576K
}
Event: 47.810 GC heap after
{Heap after GC invocations=45 (full 0):
 garbage-first heap   total 189440K, used 115893K [0x0000000080000000, 0x0000000100000000)
  region size 1024K, 5 young (5120K), 5 survivors (5120K)
 Metaspace       used 108968K, committed 110848K, reserved 1179648K
  class space    used 15256K, committed 16192K, reserved 1048576K
}
Event: 49.016 GC heap before
{Heap before GC invocations=45 (full 0):
 garbage-first heap   total 189440K, used 172213K [0x0000000080000000, 0x0000000100000000)
  region size 1024K, 61 young (62464K), 5 survivors (5120K)
 Metaspace       used 109184K, committed 111040K, reserved 1179648K
  class space    used 15268K, committed 16192K, reserved 1048576K
}
Event: 49.030 GC heap after
{Heap after GC invocations=46 (full 0):
 garbage-first heap   total 189440K, used 120381K [0x0000000080000000, 0x0000000100000000)
  region size 1024K, 7 young (7168K), 7 survivors (7168K)
 Metaspace       used 109184K, committed 111040K, reserved 1179648K
  class space    used 15268K, committed 16192K, reserved 1048576K
}
Event: 49.949 GC heap before
{Heap before GC invocations=46 (full 0):
 garbage-first heap   total 189440K, used 171581K [0x0000000080000000, 0x0000000100000000)
  region size 1024K, 58 young (59392K), 7 survivors (7168K)
 Metaspace       used 109348K, committed 111232K, reserved 1179648K
  class space    used 15297K, committed 16256K, reserved 1048576K
}
Event: 49.957 GC heap after
{Heap after GC invocations=47 (full 0):
 garbage-first heap   total 189440K, used 123512K [0x0000000080000000, 0x0000000100000000)
  region size 1024K, 5 young (5120K), 5 survivors (5120K)
 Metaspace       used 109348K, committed 111232K, reserved 1179648K
  class space    used 15297K, committed 16256K, reserved 1048576K
}
Event: 52.874 GC heap before
{Heap before GC invocations=48 (full 0):
 garbage-first heap   total 208896K, used 173688K [0x0000000080000000, 0x0000000100000000)
  region size 1024K, 55 young (56320K), 5 survivors (5120K)
 Metaspace       used 109763K, committed 111616K, reserved 1179648K
  class space    used 15351K, committed 16256K, reserved 1048576K
}
Event: 52.881 GC heap after
{Heap after GC invocations=49 (full 0):
 garbage-first heap   total 208896K, used 125144K [0x0000000080000000, 0x0000000100000000)
  region size 1024K, 3 young (3072K), 3 survivors (3072K)
 Metaspace       used 109763K, committed 111616K, reserved 1179648K
  class space    used 15351K, committed 16256K, reserved 1048576K
}
Event: 55.620 GC heap before
{Heap before GC invocations=49 (full 0):
 garbage-first heap   total 208896K, used 192728K [0x0000000080000000, 0x0000000100000000)
  region size 1024K, 70 young (71680K), 3 survivors (3072K)
 Metaspace       used 112862K, committed 114752K, reserved 1179648K
  class space    used 15718K, committed 16640K, reserved 1048576K
}
Event: 55.631 GC heap after
{Heap after GC invocations=50 (full 0):
 garbage-first heap   total 208896K, used 130675K [0x0000000080000000, 0x0000000100000000)
  region size 1024K, 8 young (8192K), 8 survivors (8192K)
 Metaspace       used 112862K, committed 114752K, reserved 1179648K
  class space    used 15718K, committed 16640K, reserved 1048576K
}
Event: 56.740 GC heap before
{Heap before GC invocations=50 (full 0):
 garbage-first heap   total 208896K, used 193139K [0x0000000080000000, 0x0000000100000000)
  region size 1024K, 70 young (71680K), 8 survivors (8192K)
 Metaspace       used 113458K, committed 115328K, reserved 1179648K
  class space    used 15820K, committed 16768K, reserved 1048576K
}
Event: 56.754 GC heap after
{Heap after GC invocations=51 (full 0):
 garbage-first heap   total 208896K, used 133445K [0x0000000080000000, 0x0000000100000000)
  region size 1024K, 5 young (5120K), 5 survivors (5120K)
 Metaspace       used 113458K, committed 115328K, reserved 1179648K
  class space    used 15820K, committed 16768K, reserved 1048576K
}
Event: 57.367 GC heap before
{Heap before GC invocations=51 (full 0):
 garbage-first heap   total 208896K, used 192837K [0x0000000080000000, 0x0000000100000000)
  region size 1024K, 64 young (65536K), 5 survivors (5120K)
 Metaspace       used 113487K, committed 115392K, reserved 1179648K
  class space    used 15821K, committed 16768K, reserved 1048576K
}
Event: 57.374 GC heap after
{Heap after GC invocations=52 (full 0):
 garbage-first heap   total 208896K, used 136511K [0x0000000080000000, 0x0000000100000000)
  region size 1024K, 4 young (4096K), 4 survivors (4096K)
 Metaspace       used 113487K, committed 115392K, reserved 1179648K
  class space    used 15821K, committed 16768K, reserved 1048576K
}

Dll operation events (3 events):
Event: 0.032 Loaded shared library C:\Program Files\Android\Android Studio\jbr\bin\java.dll
Event: 0.040 Loaded shared library C:\Program Files\Android\Android Studio\jbr\bin\zip.dll
Event: 1.052 Loaded shared library C:\Program Files\Android\Android Studio\jbr\bin\verify.dll

Deoptimization events (20 events):
Event: 77.087 Thread 0x00000276a6096c20 Uncommon trap: trap_request=0xffffffde fr.pc=0x000002768b241050 relative=0x0000000000003090
Event: 77.087 Thread 0x00000276a6096c20 Uncommon trap: reason=class_check action=maybe_recompile pc=0x000002768b241050 method=sun.nio.cs.StreamDecoder.readBytes()I @ 117 c2
Event: 77.087 Thread 0x00000276a6096c20 DEOPT PACKING pc=0x000002768b241050 sp=0x0000009859efd8a0
Event: 77.087 Thread 0x00000276a6096c20 DEOPT UNPACKING pc=0x000002768a6243a2 sp=0x0000009859efd578 mode 2
Event: 77.094 Thread 0x000002769c072590 Uncommon trap: trap_request=0xffffffde fr.pc=0x000002768b241050 relative=0x0000000000003090
Event: 77.094 Thread 0x000002769c072590 Uncommon trap: reason=class_check action=maybe_recompile pc=0x000002768b241050 method=sun.nio.cs.StreamDecoder.readBytes()I @ 117 c2
Event: 77.094 Thread 0x000002769c072590 DEOPT PACKING pc=0x000002768b241050 sp=0x000000985eefee60
Event: 77.094 Thread 0x000002769c072590 DEOPT UNPACKING pc=0x000002768a6243a2 sp=0x000000985eefeb38 mode 2
Event: 90.621 Thread 0x00000276a6096c20 Uncommon trap: trap_request=0xffffffc6 fr.pc=0x000002768b16aeb4 relative=0x0000000000000094
Event: 90.622 Thread 0x00000276a6096c20 Uncommon trap: reason=bimorphic_or_optimized_type_check action=maybe_recompile pc=0x000002768b16aeb4 method=org.gradle.internal.logging.sink.OutputEventRenderer.onOutput(Lorg/gradle/internal/logging/events/OutputEvent;)V @ 1 c2
Event: 90.622 Thread 0x00000276a6096c20 DEOPT PACKING pc=0x000002768b16aeb4 sp=0x0000009859efd840
Event: 90.623 Thread 0x00000276a6096c20 DEOPT UNPACKING pc=0x000002768a6243a2 sp=0x0000009859efd780 mode 2
Event: 90.624 Thread 0x00000276a6096c20 Uncommon trap: trap_request=0xffffffde fr.pc=0x000002768b1336e4 relative=0x00000000000005c4
Event: 90.624 Thread 0x00000276a6096c20 Uncommon trap: reason=class_check action=maybe_recompile pc=0x000002768b1336e4 method=org.gradle.internal.logging.sink.OutputEventTransformer.onOutput(Lorg/gradle/internal/logging/events/OutputEvent;)V @ 215 c2
Event: 90.624 Thread 0x00000276a6096c20 DEOPT PACKING pc=0x000002768b1336e4 sp=0x0000009859efd760
Event: 90.624 Thread 0x00000276a6096c20 DEOPT UNPACKING pc=0x000002768a6243a2 sp=0x0000009859efd6f8 mode 2
Event: 90.650 Thread 0x00000276a6096c20 Uncommon trap: trap_request=0xffffffc6 fr.pc=0x000002768b1694c8 relative=0x0000000000000068
Event: 90.650 Thread 0x00000276a6096c20 Uncommon trap: reason=bimorphic_or_optimized_type_check action=maybe_recompile pc=0x000002768b1694c8 method=org.gradle.internal.logging.sink.OutputEventRenderer.onOutput(Lorg/gradle/internal/logging/events/OutputEvent;)V @ 1 c2
Event: 90.650 Thread 0x00000276a6096c20 DEOPT PACKING pc=0x000002768b1694c8 sp=0x0000009859efd7e0
Event: 90.651 Thread 0x00000276a6096c20 DEOPT UNPACKING pc=0x000002768a6243a2 sp=0x0000009859efd780 mode 2

Classes loaded (20 events):
Event: 73.867 Loading class java/lang/Throwable$WrappedPrintWriter
Event: 73.872 Loading class java/lang/Throwable$PrintStreamOrWriter
Event: 73.872 Loading class java/lang/Throwable$PrintStreamOrWriter done
Event: 73.873 Loading class java/lang/Throwable$WrappedPrintWriter done
Event: 76.750 Loading class java/time/temporal/TemporalQueries
Event: 76.757 Loading class java/time/temporal/TemporalQueries done
Event: 76.757 Loading class java/time/temporal/TemporalQueries$1
Event: 76.760 Loading class java/time/temporal/TemporalQueries$1 done
Event: 76.761 Loading class java/time/temporal/TemporalQueries$2
Event: 76.763 Loading class java/time/temporal/TemporalQueries$2 done
Event: 76.763 Loading class java/time/temporal/TemporalQueries$3
Event: 76.766 Loading class java/time/temporal/TemporalQueries$3 done
Event: 76.766 Loading class java/time/temporal/TemporalQueries$4
Event: 76.769 Loading class java/time/temporal/TemporalQueries$4 done
Event: 76.769 Loading class java/time/temporal/TemporalQueries$5
Event: 76.772 Loading class java/time/temporal/TemporalQueries$5 done
Event: 76.772 Loading class java/time/temporal/TemporalQueries$6
Event: 76.775 Loading class java/time/temporal/TemporalQueries$6 done
Event: 76.775 Loading class java/time/temporal/TemporalQueries$7
Event: 76.778 Loading class java/time/temporal/TemporalQueries$7 done

Classes unloaded (2 events):
Event: 46.980 Thread 0x00000276febadea0 Unloading class 0x0000000100fb0400 'java/lang/invoke/LambdaForm$DMH+0x0000000100fb0400'
Event: 46.980 Thread 0x00000276febadea0 Unloading class 0x0000000100fb0800 'java/lang/invoke/LambdaForm$DMH+0x0000000100fb0800'

Classes redefined (0 events):
No events

Internal exceptions (20 events):
Event: 64.791 Thread 0x000002769b75c660 Exception <a 'sun/nio/fs/WindowsException'{0x000000008c181d90}> (0x000000008c181d90) 
thrown [s\src\hotspot\share\prims\jni.cpp, line 537]
Event: 64.801 Thread 0x000002769b75c660 Exception <a 'sun/nio/fs/WindowsException'{0x000000008c18ca48}> (0x000000008c18ca48) 
thrown [s\src\hotspot\share\prims\jni.cpp, line 537]
Event: 64.802 Thread 0x000002769b75c660 Exception <a 'sun/nio/fs/WindowsException'{0x000000008c18df58}> (0x000000008c18df58) 
thrown [s\src\hotspot\share\prims\jni.cpp, line 537]
Event: 64.805 Thread 0x000002769b75c660 Exception <a 'sun/nio/fs/WindowsException'{0x000000008c19b2b0}> (0x000000008c19b2b0) 
thrown [s\src\hotspot\share\prims\jni.cpp, line 537]
Event: 73.592 Thread 0x00000276a5dc1340 Exception <a 'sun/net/ConnectionResetException'{0x000000008c157570}: Connection reset> (0x000000008c157570) 
thrown [s\src\hotspot\share\prims\jni.cpp, line 572]
Event: 73.592 Thread 0x00000276a6096c20 Exception <a 'sun/net/ConnectionResetException'{0x000000008c10cdb8}: Connection reset> (0x000000008c10cdb8) 
thrown [s\src\hotspot\share\prims\jni.cpp, line 572]
Event: 73.655 Thread 0x00000276a6096c20 Exception <a 'java/net/ConnectException'{0x000000008b59b8c8}: Connection refused: connect> (0x000000008b59b8c8) 
thrown [s\src\hotspot\share\prims\jni.cpp, line 572]
Event: 73.667 Thread 0x00000276a6096c20 Exception <a 'java/net/ConnectException'{0x000000008b59c3b0}: Connection refused: connect> (0x000000008b59c3b0) 
thrown [s\src\hotspot\share\prims\jni.cpp, line 572]
Event: 73.679 Thread 0x00000276a6096c20 Exception <a 'java/net/ConnectException'{0x000000008b59ce98}: Connection refused: connect> (0x000000008b59ce98) 
thrown [s\src\hotspot\share\prims\jni.cpp, line 572]
Event: 73.687 Thread 0x00000276a6096c20 Exception <a 'java/net/ConnectException'{0x000000008b59e528}: Connection refused: connect> (0x000000008b59e528) 
thrown [s\src\hotspot\share\prims\jni.cpp, line 572]
Event: 73.699 Thread 0x00000276a6096c20 Exception <a 'java/net/ConnectException'{0x000000008b59f010}: Connection refused: connect> (0x000000008b59f010) 
thrown [s\src\hotspot\share\prims\jni.cpp, line 572]
Event: 73.711 Thread 0x00000276a6096c20 Exception <a 'java/net/ConnectException'{0x000000008b59faf8}: Connection refused: connect> (0x000000008b59faf8) 
thrown [s\src\hotspot\share\prims\jni.cpp, line 572]
Event: 74.827 Thread 0x000002769b75c660 Exception <a 'sun/nio/fs/WindowsException'{0x000000008b4559d8}> (0x000000008b4559d8) 
thrown [s\src\hotspot\share\prims\jni.cpp, line 537]
Event: 74.847 Thread 0x000002769b75c660 Exception <a 'sun/nio/fs/WindowsException'{0x000000008b45fc20}> (0x000000008b45fc20) 
thrown [s\src\hotspot\share\prims\jni.cpp, line 537]
Event: 74.850 Thread 0x000002769b75c660 Exception <a 'sun/nio/fs/WindowsException'{0x000000008b461130}> (0x000000008b461130) 
thrown [s\src\hotspot\share\prims\jni.cpp, line 537]
Event: 74.887 Thread 0x000002769b75c660 Exception <a 'sun/nio/fs/WindowsException'{0x000000008b46e540}> (0x000000008b46e540) 
thrown [s\src\hotspot\share\prims\jni.cpp, line 537]
Event: 84.799 Thread 0x000002769b75c660 Exception <a 'sun/nio/fs/WindowsException'{0x000000008acaf808}> (0x000000008acaf808) 
thrown [s\src\hotspot\share\prims\jni.cpp, line 537]
Event: 84.812 Thread 0x000002769b75c660 Exception <a 'sun/nio/fs/WindowsException'{0x000000008acb9958}> (0x000000008acb9958) 
thrown [s\src\hotspot\share\prims\jni.cpp, line 537]
Event: 84.813 Thread 0x000002769b75c660 Exception <a 'sun/nio/fs/WindowsException'{0x000000008acbb0d0}> (0x000000008acbb0d0) 
thrown [s\src\hotspot\share\prims\jni.cpp, line 537]
Event: 84.820 Thread 0x000002769b75c660 Exception <a 'sun/nio/fs/WindowsException'{0x000000008acc82e0}> (0x000000008acc82e0) 
thrown [s\src\hotspot\share\prims\jni.cpp, line 537]

ZGC Phase Switch (0 events):
No events

VM Operations (20 events):
Event: 68.228 Executing VM operation: Cleanup
Event: 68.229 Executing VM operation: Cleanup done
Event: 73.230 Executing VM operation: Cleanup
Event: 73.230 Executing VM operation: Cleanup done
Event: 74.230 Executing VM operation: Cleanup
Event: 74.234 Executing VM operation: Cleanup done
Event: 75.519 Executing VM operation: HandshakeAllThreads (Deoptimize)
Event: 75.521 Executing VM operation: HandshakeAllThreads (Deoptimize) done
Event: 76.521 Executing VM operation: Cleanup
Event: 76.522 Executing VM operation: Cleanup done
Event: 77.522 Executing VM operation: Cleanup
Event: 77.522 Executing VM operation: Cleanup done
Event: 84.525 Executing VM operation: Cleanup
Event: 84.525 Executing VM operation: Cleanup done
Event: 85.527 Executing VM operation: Cleanup
Event: 85.527 Executing VM operation: Cleanup done
Event: 89.529 Executing VM operation: Cleanup
Event: 89.529 Executing VM operation: Cleanup done
Event: 91.538 Executing VM operation: Cleanup
Event: 91.538 Executing VM operation: Cleanup done

Memory protections (0 events):
No events

Nmethod flushes (20 events):
Event: 57.522 Thread 0x00000276febadea0 flushing  nmethod 0x000002768467c290
Event: 57.522 Thread 0x00000276febadea0 flushing  nmethod 0x000002768b1b9190
Event: 57.522 Thread 0x00000276febadea0 flushing  nmethod 0x00000276830ff910
Event: 57.522 Thread 0x00000276febadea0 flushing  nmethod 0x0000027683146790
Event: 57.522 Thread 0x00000276febadea0 flushing  nmethod 0x00000276831c8c10
Event: 57.522 Thread 0x00000276febadea0 flushing  nmethod 0x0000027683932190
Event: 57.522 Thread 0x00000276febadea0 flushing  nmethod 0x0000027683a24410
Event: 57.522 Thread 0x00000276febadea0 flushing  nmethod 0x0000027683a75910
Event: 57.522 Thread 0x00000276febadea0 flushing  nmethod 0x0000027683a79490
Event: 57.522 Thread 0x00000276febadea0 flushing  nmethod 0x0000027683ab5c90
Event: 57.522 Thread 0x00000276febadea0 flushing  nmethod 0x0000027683ae8c90
Event: 57.522 Thread 0x00000276febadea0 flushing  nmethod 0x0000027683ae9110
Event: 57.522 Thread 0x00000276febadea0 flushing  nmethod 0x0000027683b61990
Event: 57.522 Thread 0x00000276febadea0 flushing  nmethod 0x0000027683b61d90
Event: 57.522 Thread 0x00000276febadea0 flushing  nmethod 0x0000027683da6c10
Event: 57.522 Thread 0x00000276febadea0 flushing  nmethod 0x00000276843ae390
Event: 57.522 Thread 0x00000276febadea0 flushing  nmethod 0x00000276843b1090
Event: 57.522 Thread 0x00000276febadea0 flushing  nmethod 0x00000276843b2d90
Event: 57.522 Thread 0x00000276febadea0 flushing  nmethod 0x0000027684465810
Event: 57.522 Thread 0x00000276febadea0 flushing  nmethod 0x00000276844a5c90

Events (20 events):
Event: 54.939 Thread 0x000002769611c6a0 Thread added: 0x000002769f179470
Event: 55.225 Thread 0x000002769fb85140 Thread added: 0x00000276a6099a10
Event: 55.226 Thread 0x000002769fb85140 Thread added: 0x00000276a60972b0
Event: 55.228 Thread 0x000002769fb85140 Thread added: 0x00000276a609a0a0
Event: 55.229 Thread 0x000002769fb85140 Thread added: 0x00000276a609a730
Event: 55.230 Thread 0x000002769fb85140 Thread added: 0x00000276a609adc0
Event: 55.231 Thread 0x000002769fb85140 Thread added: 0x00000276a609bae0
Event: 56.204 Loaded shared library C:\Users\91865\AppData\Local\Temp\native-platform8284157814929932839dir\native-platform.dll
Event: 56.690 Thread 0x00000276a6096c20 Thread added: 0x00000276a6098660
Event: 59.265 Thread 0x00000276a6098660 Thread exited: 0x00000276a6098660
Event: 59.268 Thread 0x000002769f179470 Thread exited: 0x000002769f179470
Event: 59.405 Thread 0x00000276a6096c20 Thread added: 0x00000276a5869d30
Event: 59.423 Thread 0x00000276a6096c20 Thread added: 0x00000276a586a3c0
Event: 59.428 Loaded shared library C:\Program Files\Android\Android Studio\jbr\bin\rmi.dll
Event: 59.430 Thread 0x00000276a6096c20 Thread added: 0x00000276a586aa50
Event: 59.622 Thread 0x00000276a6096c20 Thread added: 0x00000276a5dbff90
Event: 59.623 Thread 0x00000276a6096c20 Thread added: 0x00000276a5dc26f0
Event: 59.798 Thread 0x00000276a5dbff90 Thread added: 0x00000276a5dc1340
Event: 65.117 Thread 0x000002769c072590 Thread exited: 0x000002769c072590
Event: 77.064 Thread 0x00000276a6096c20 Thread added: 0x000002769c072590


Dynamic libraries:
0x00007ff77ba70000 - 0x00007ff77ba7a000 	C:\Program Files\Android\Android Studio\jbr\bin\java.exe
0x00007ffd7cf20000 - 0x00007ffd7d187000 	C:\WINDOWS\SYSTEM32\ntdll.dll
0x00007ffd7ad70000 - 0x00007ffd7ae39000 	C:\WINDOWS\System32\KERNEL32.DLL
0x00007ffd79930000 - 0x00007ffd79d21000 	C:\WINDOWS\System32\KERNELBASE.dll
0x00007ffd79ff0000 - 0x00007ffd7a13b000 	C:\WINDOWS\System32\ucrtbase.dll
0x00007ffd6bff0000 - 0x00007ffd6c00b000 	C:\Program Files\Android\Android Studio\jbr\bin\VCRUNTIME140.dll
0x00007ffd6c010000 - 0x00007ffd6c028000 	C:\Program Files\Android\Android Studio\jbr\bin\jli.dll
0x00007ffd7beb0000 - 0x00007ffd7c075000 	C:\WINDOWS\System32\USER32.dll
0x00007ffd651d0000 - 0x00007ffd65463000 	C:\WINDOWS\WinSxS\amd64_microsoft.windows.common-controls_6595b64144ccf1df_6.0.26100.8037_none_3e092faae333b53b\COMCTL32.dll
0x00007ffd7a1f0000 - 0x00007ffd7a217000 	C:\WINDOWS\System32\win32u.dll
0x00007ffd7c2e0000 - 0x00007ffd7c389000 	C:\WINDOWS\System32\msvcrt.dll
0x00007ffd7c090000 - 0x00007ffd7c0bb000 	C:\WINDOWS\System32\GDI32.dll
0x00007ffd79800000 - 0x00007ffd7992b000 	C:\WINDOWS\System32\gdi32full.dll
0x00007ffd79d30000 - 0x00007ffd79dd3000 	C:\WINDOWS\System32\msvcp_win.dll
0x00007ffd7c410000 - 0x00007ffd7c441000 	C:\WINDOWS\System32\IMM32.DLL
0x00007ffd674e0000 - 0x00007ffd674ec000 	C:\Program Files\Android\Android Studio\jbr\bin\vcruntime140_1.dll
0x00007ffd4dfb0000 - 0x00007ffd4e03d000 	C:\Program Files\Android\Android Studio\jbr\bin\msvcp140.dll
0x00007ffcc6c20000 - 0x00007ffcc78b6000 	C:\Program Files\Android\Android Studio\jbr\bin\server\jvm.dll
0x00007ffd7c1a0000 - 0x00007ffd7c25b000 	C:\WINDOWS\System32\ADVAPI32.dll
0x00007ffd7b720000 - 0x00007ffd7b7c7000 	C:\WINDOWS\System32\sechost.dll
0x00007ffd7b900000 - 0x00007ffd7ba18000 	C:\WINDOWS\System32\RPCRT4.dll
0x00007ffd7acc0000 - 0x00007ffd7ad34000 	C:\WINDOWS\System32\WS2_32.dll
0x00007ffd79660000 - 0x00007ffd796be000 	C:\WINDOWS\SYSTEM32\POWRPROF.dll
0x00007ffd6fa40000 - 0x00007ffd6fa75000 	C:\WINDOWS\SYSTEM32\WINMM.dll
0x00007ffd6bd60000 - 0x00007ffd6bd6b000 	C:\WINDOWS\SYSTEM32\VERSION.dll
0x00007ffd79640000 - 0x00007ffd79654000 	C:\WINDOWS\SYSTEM32\UMPDC.dll
0x00007ffd78590000 - 0x00007ffd785ab000 	C:\WINDOWS\SYSTEM32\kernel.appcore.dll
0x00007ffd674d0000 - 0x00007ffd674da000 	C:\Program Files\Android\Android Studio\jbr\bin\jimage.dll
0x00007ffd6cbe0000 - 0x00007ffd6ce22000 	C:\WINDOWS\SYSTEM32\DBGHELP.DLL
0x00007ffd7c670000 - 0x00007ffd7c9f2000 	C:\WINDOWS\System32\combase.dll
0x00007ffd7c0c0000 - 0x00007ffd7c197000 	C:\WINDOWS\System32\OLEAUT32.dll
0x00007ffd60bc0000 - 0x00007ffd60bfb000 	C:\WINDOWS\SYSTEM32\dbgcore.DLL
0x00007ffd7a140000 - 0x00007ffd7a1e5000 	C:\WINDOWS\System32\bcryptPrimitives.dll
0x00007ffd6fc40000 - 0x00007ffd6fc4e000 	C:\Program Files\Android\Android Studio\jbr\bin\instrument.dll
0x00007ffd65680000 - 0x00007ffd656a0000 	C:\Program Files\Android\Android Studio\jbr\bin\java.dll
0x00007ffd65660000 - 0x00007ffd65678000 	C:\Program Files\Android\Android Studio\jbr\bin\zip.dll
0x00007ffd7ae40000 - 0x00007ffd7b59f000 	C:\WINDOWS\System32\SHELL32.dll
0x00007ffd7a220000 - 0x00007ffd7a38a000 	C:\WINDOWS\System32\wintypes.dll
0x00007ffd7a450000 - 0x00007ffd7acb4000 	C:\WINDOWS\System32\windows.storage.dll
0x00007ffd7ca90000 - 0x00007ffd7cb87000 	C:\WINDOWS\System32\SHCORE.dll
0x00007ffd7c260000 - 0x00007ffd7c2c7000 	C:\WINDOWS\System32\shlwapi.dll
0x00007ffd79720000 - 0x00007ffd79749000 	C:\WINDOWS\SYSTEM32\profapi.dll
0x00007ffd65540000 - 0x00007ffd65550000 	C:\Program Files\Android\Android Studio\jbr\bin\net.dll
0x00007ffd6ea30000 - 0x00007ffd6eb57000 	C:\WINDOWS\SYSTEM32\WINHTTP.dll
0x00007ffd78b00000 - 0x00007ffd78b6b000 	C:\WINDOWS\system32\mswsock.dll
0x00007ffd63e70000 - 0x00007ffd63e86000 	C:\Program Files\Android\Android Studio\jbr\bin\nio.dll
0x00007ffd64d70000 - 0x00007ffd64d80000 	C:\Program Files\Android\Android Studio\jbr\bin\verify.dll
0x00007ffd65870000 - 0x00007ffd65897000 	C:\Users\91865\.gradle\native\68d5fa5c4cc2d200863cafc0d521ce42e7d3e7ee720ec0a83991735586a16f82\windows-amd64\native-platform.dll
0x00007ffd49f00000 - 0x00007ffd4a044000 	C:\Users\91865\.gradle\native\e376f236ea51e6404a007f0833ffe2c6e607c4080706a723a18a27aeea778392\windows-amd64\native-platform-file-events.dll
0x00007ffd64ca0000 - 0x00007ffd64ca9000 	C:\Program Files\Android\Android Studio\jbr\bin\management.dll
0x00007ffd64110000 - 0x00007ffd6411b000 	C:\Program Files\Android\Android Studio\jbr\bin\management_ext.dll
0x00007ffd7c2d0000 - 0x00007ffd7c2d8000 	C:\WINDOWS\System32\PSAPI.DLL
0x00007ffd78de0000 - 0x00007ffd78dfb000 	C:\WINDOWS\SYSTEM32\CRYPTSP.dll
0x00007ffd784f0000 - 0x00007ffd78529000 	C:\WINDOWS\system32\rsaenh.dll
0x00007ffd78bb0000 - 0x00007ffd78be2000 	C:\WINDOWS\SYSTEM32\USERENV.dll
0x00007ffd796f0000 - 0x00007ffd7971a000 	C:\WINDOWS\SYSTEM32\bcrypt.dll
0x00007ffd78e00000 - 0x00007ffd78e0c000 	C:\WINDOWS\SYSTEM32\CRYPTBASE.dll
0x00007ffd77f80000 - 0x00007ffd77fb3000 	C:\WINDOWS\SYSTEM32\IPHLPAPI.DLL
0x00007ffd7c080000 - 0x00007ffd7c08a000 	C:\WINDOWS\System32\NSI.dll
0x00007ffd63fc0000 - 0x00007ffd63fc9000 	C:\Program Files\Android\Android Studio\jbr\bin\extnet.dll
0x00007ffd26c70000 - 0x00007ffd26c78000 	C:\WINDOWS\system32\wshunix.dll
0x00007ffd5f240000 - 0x00007ffd5f258000 	C:\WINDOWS\system32\napinsp.dll
0x00007ffd78010000 - 0x00007ffd7813a000 	C:\WINDOWS\SYSTEM32\DNSAPI.dll
0x00007ffd5df20000 - 0x00007ffd5df32000 	C:\WINDOWS\System32\winrnr.dll
0x00007ffd5def0000 - 0x00007ffd5df12000 	C:\WINDOWS\system32\nlansp_c.dll
0x00007ffd5ded0000 - 0x00007ffd5dee6000 	C:\WINDOWS\system32\wshbth.dll
0x00007ffd6ebd0000 - 0x00007ffd6ebdb000 	C:\Windows\System32\rasadhlp.dll
0x00007ffd74080000 - 0x00007ffd74106000 	C:\WINDOWS\System32\fwpuclnt.dll
0x00007ffd6bf80000 - 0x00007ffd6bf9e000 	C:\Users\91865\AppData\Local\Temp\native-platform8284157814929932839dir\native-platform.dll
0x00007ffd638c0000 - 0x00007ffd638c7000 	C:\Program Files\Android\Android Studio\jbr\bin\rmi.dll

JVMTI agents:
C:\Users\91865\.gradle\wrapper\dists\gradle-8.2-bin\bbg7u40eoinfdyxsxr3z4i7ta\gradle-8.2\lib\agents\gradle-instrumentation-agent-8.2.jar path:C:\Program Files\Android\Android Studio\jbr\bin\instrument.dll, loaded, initialized, instrumentlib options:none

dbghelp: loaded successfully - version: 4.0.5 - missing functions: none
symbol engine: initialized successfully - sym options: 0x614 - pdb path: .;C:\Program Files\Android\Android Studio\jbr\bin;C:\WINDOWS\SYSTEM32;C:\WINDOWS\WinSxS\amd64_microsoft.windows.common-controls_6595b64144ccf1df_6.0.26100.8037_none_3e092faae333b53b;C:\Program Files\Android\Android Studio\jbr\bin\server;C:\Users\91865\.gradle\native\68d5fa5c4cc2d200863cafc0d521ce42e7d3e7ee720ec0a83991735586a16f82\windows-amd64;C:\Users\91865\.gradle\native\e376f236ea51e6404a007f0833ffe2c6e607c4080706a723a18a27aeea778392\windows-amd64;C:\Users\91865\AppData\Local\Temp\native-platform8284157814929932839dir

VM Arguments:
jvm_args: --add-opens=java.base/java.util=ALL-UNNAMED --add-opens=java.base/java.lang=ALL-UNNAMED --add-opens=java.base/java.lang.invoke=ALL-UNNAMED --add-opens=java.prefs/java.util.prefs=ALL-UNNAMED --add-opens=java.base/java.nio.charset=ALL-UNNAMED --add-opens=java.base/java.net=ALL-UNNAMED --add-opens=java.base/java.util.concurrent.atomic=ALL-UNNAMED -Xmx2048m -Dfile.encoding=UTF-8 -Duser.country=US -Duser.language=en -Duser.variant -javaagent:C:\Users\91865\.gradle\wrapper\dists\gradle-8.2-bin\bbg7u40eoinfdyxsxr3z4i7ta\gradle-8.2\lib\agents\gradle-instrumentation-agent-8.2.jar 
java_command: org.gradle.launcher.daemon.bootstrap.GradleDaemon 8.2
java_class_path (initial): C:\Users\91865\.gradle\wrapper\dists\gradle-8.2-bin\bbg7u40eoinfdyxsxr3z4i7ta\gradle-8.2\lib\gradle-launcher-8.2.jar
Launcher Type: SUN_STANDARD

[Global flags]
     intx CICompilerCount                          = 4                                         {product} {ergonomic}
     uint ConcGCThreads                            = 2                                         {product} {ergonomic}
     uint G1ConcRefinementThreads                  = 8                                         {product} {ergonomic}
   size_t G1HeapRegionSize                         = 1048576                                   {product} {ergonomic}
    uintx GCDrainStackTargetSize                   = 64                                        {product} {ergonomic}
   size_t InitialHeapSize                          = 98566144                                  {product} {ergonomic}
   size_t MarkStackSize                            = 4194304                                   {product} {ergonomic}
   size_t MaxHeapSize                              = 2147483648                                {product} {command line}
   size_t MaxNewSize                               = 1287651328                                {product} {ergonomic}
   size_t MinHeapDeltaBytes                        = 1048576                                   {product} {ergonomic}
   size_t MinHeapSize                              = 8388608                                   {product} {ergonomic}
    uintx NonNMethodCodeHeapSize                   = 5839372                                {pd product} {ergonomic}
    uintx NonProfiledCodeHeapSize                  = 122909434                              {pd product} {ergonomic}
    uintx ProfiledCodeHeapSize                     = 122909434                              {pd product} {ergonomic}
    uintx ReservedCodeCacheSize                    = 251658240                              {pd product} {ergonomic}
     bool SegmentedCodeCache                       = true                                      {product} {ergonomic}
   size_t SoftMaxHeapSize                          = 2147483648                             {manageable} {ergonomic}
     bool UseCompressedOops                        = true                           {product lp64_product} {ergonomic}
     bool UseG1GC                                  = true                                      {product} {ergonomic}
     bool UseLargePagesIndividualAllocation        = false                                  {pd product} {ergonomic}

Logging:
Log output configuration:
 #0: stdout all=warning uptime,level,tags foldmultilines=false
 #1: stderr all=off uptime,level,tags foldmultilines=false

Release file:
JAVA_VERSION="21.0.9" 
MODULES="java.base java.compiler java.datatransfer java.xml java.prefs java.desktop java.instrument java.logging java.management java.security.sasl java.naming java.rmi java.management.rmi java.net.http java.scripting java.security.jgss java.transaction.xa java.sql java.sql.rowset java.xml.crypto java.se java.smartcardio jdk.accessibility jdk.internal.jvmstat jdk.attach jdk.charsets jdk.internal.opt jdk.zipfs jdk.compiler jdk.crypto.ec jdk.crypto.cryptoki jdk.dynalink jdk.hotspot.agent jdk.httpserver jdk.internal.ed jdk.internal.le jdk.internal.vm.ci jdk.jartool jdk.javadoc jdk.jcmd jdk.jdeps jdk.jdwp.agent jdk.jdi jdk.jfr jdk.jlink jdk.jsobject jdk.localedata jdk.management jdk.management.agent jdk.management.jfr jdk.naming.dns jdk.naming.rmi jdk.net jdk.sctp jdk.security.auth jdk.security.jgss jdk.unsupported jdk.unsupported.desktop jdk.xml.dom" 
IMPLEMENTOR="JetBrains s.r.o." 
JAVA_RUNTIME_VERSION="21.0.9+-14787801-b1163.94" 
LIBC="default" 
OS_ARCH="x86_64" 
OS_NAME="Windows" 
SOURCE=".:git:0c757ddc9f2f" 

Environment Variables:
JAVA_HOME=C:/Program Files/Android/Android Studio/jbr
PATH=C:\Program Files\Android\Android Studio\jbr\bin;C:\Users\91865\AppData\Local\Android\Sdk\platform-tools;C:\Users\91865\bin;C:\Program Files\Git\mingw64\bin;C:\Program Files\Git\usr\local\bin;C:\Program Files\Git\usr\bin;C:\Program Files\Git\usr\bin;C:\Program Files\Git\mingw64\bin;C:\Program Files\Git\usr\bin;C:\Users\91865\bin;C:\Users\91865\AppData\Local\Programs\Microsoft VS Code;C:\WINDOWS\system32;C:\WINDOWS;C:\WINDOWS\System32\Wbem;C:\WINDOWS\System32\WindowsPowerShell\v1.0;C:\WINDOWS\System32\OpenSSH;C:\Program Files\Git\cmd;C:\xampp\php;C:\composer;C:\Program Files\MySQL\MySQL Server 8.0\bin;C:\ffmpeg\bin;C:\Program Files\nodejs;C:\Users\91865\AppData\Roaming\npm;C:\Users\91865\AppData\Local\Programs\Microsoft VS Code\bin;C:\Users\91865\.fly\bin;C:\Program Files\Git\usr\bin\vendor_perl;C:\Program Files\Git\usr\bin\core_perl
USERNAME=91865
SHELL=C:\Program Files\Git\usr\bin\bash.exe
LANG=en_US.UTF-8
TERM=xterm-256color
OS=Windows_NT
PROCESSOR_IDENTIFIER=AMD64 Family 23 Model 160 Stepping 0, AuthenticAMD
TMP=C:\Users\91865\AppData\Local\Temp
TEMP=C:\Users\91865\AppData\Local\Temp




Periodic native trim disabled

JNI global refs:
JNI global refs: 27, weak refs: 0

JNI global refs memory usage: 835, weak refs: 201

Process memory usage:
Resident Set Size: 48896K (0% of 6108668K total physical memory with 578540K free physical memory)

OOME stack traces (most recent first):
Classloader memory used:
Loader org.gradle.internal.classloader.VisitableURLClassLoader                         : 39991K
Loader org.gradle.internal.classloader.VisitableURLClassLoader$InstrumentingVisitableURLClassLoader: 32652K
Loader bootstrap                                                                       : 29996K
Loader org.gradle.initialization.MixInLegacyTypesClassLoader                           : 10655K
Loader jdk.internal.loader.ClassLoaders$PlatformClassLoader                            : 502K
Loader jdk.internal.reflect.DelegatingClassLoader                                      : 342K
Loader jdk.internal.loader.ClassLoaders$AppClassLoader                                 : 227K
Loader sun.reflect.misc.MethodUtil                                                     : 3024B

Classes loaded by more than one classloader:
Class Program                                                                         : loaded 5 times (x 72B)
Class com.google.common.base.PairwiseEquivalence                                      : loaded 2 times (x 83B)
Class com.google.common.collect.RegularImmutableMap$KeySet                            : loaded 2 times (x 150B)
Class org.gradle.internal.classloader.FilteringClassLoader                            : loaded 2 times (x 105B)
Class net.rubygrapefruit.platform.internal.Platform$FreeBSD64Bit                      : loaded 2 times (x 82B)
Class [Lcom.google.common.base.AbstractIterator$State;                                : loaded 2 times (x 69B)
Class com.google.common.base.CharMatcher$IsEither                                     : loaded 2 times (x 111B)
Class org.gradle.internal.classloader.ClassLoaderHierarchy                            : loaded 2 times (x 70B)
Class net.rubygrapefruit.platform.internal.Platform$FreeBSD                           : loaded 2 times (x 82B)
Class com.google.common.collect.ImmutableEnumSet                                      : loaded 2 times (x 146B)
Class com.google.common.util.concurrent.ExecutionError                                : loaded 2 times (x 82B)
Class com.google.common.collect.ImmutableList$1                                       : loaded 2 times (x 97B)
Class org.gradle.api.internal.classpath.ManifestUtil                                  : loaded 2 times (x 71B)
Class net.rubygrapefruit.platform.NativeException                                     : loaded 2 times (x 82B)
Class com.google.common.collect.RegularImmutableMap                                   : loaded 2 times (x 121B)
Class com.google.common.collect.ImmutableMap$MapViewOfValuesAsSingletonSets           : loaded 2 times (x 125B)
Class org.jetbrains.kotlin.config.ExplicitApiMode$Companion                           : loaded 2 times (x 71B)
Class [Lorg.objectweb.asm.Symbol;                                                     : loaded 2 times (x 69B)
Class org.objectweb.asm.ClassVisitor                                                  : loaded 2 times (x 88B)
Class com.google.common.collect.UnmodifiableListIterator                              : loaded 2 times (x 95B)
Class org.jetbrains.kotlin.name.FqNameUnsafe$1                                        : loaded 2 times (x 74B)
Class org.objectweb.asm.MethodTooLargeException                                       : loaded 2 times (x 83B)
Class com.google.common.base.Platform$JdkPatternCompiler                              : loaded 2 times (x 75B)
Class [Lcom.google.common.cache.CacheBuilder$OneWeigher;                              : loaded 2 times (x 69B)
Class com.google.common.base.Suppliers                                                : loaded 2 times (x 71B)
Class org.gradle.internal.classloader.DefaultClassLoaderFactory                       : loaded 2 times (x 82B)
Class org.jetbrains.kotlin.config.LanguageVersionSettings                             : loaded 2 times (x 70B)
Class com.google.common.base.CharMatcher$None                                         : loaded 2 times (x 112B)
Class org.gradle.internal.classloader.ClassLoaderVisitor                              : loaded 2 times (x 76B)
Class net.rubygrapefruit.platform.NativeIntegrationUnavailableException               : loaded 2 times (x 82B)
Class net.rubygrapefruit.platform.internal.Platform                                   : loaded 2 times (x 79B)
Class [Lcom.google.common.collect.ImmutableMapEntry;                                  : loaded 2 times (x 69B)
Class org.gradle.api.internal.classpath.EffectiveClassPath                            : loaded 2 times (x 90B)
Class com.google.common.collect.ImmutableEnumMap                                      : loaded 2 times (x 125B)
Class com.google.common.collect.ListMultimap                                          : loaded 2 times (x 70B)
Class com.google.common.collect.Sets$1                                                : loaded 2 times (x 139B)
Class org.objectweb.asm.AnnotationVisitor                                             : loaded 2 times (x 78B)
Class com.google.common.base.Splitter                                                 : loaded 2 times (x 72B)
Class org.gradle.api.internal.DefaultClassPathProvider                                : loaded 2 times (x 76B)
Class com.google.common.collect.Sets$2                                                : loaded 2 times (x 139B)
Class [Lorg.gradle.api.internal.ClassPathProvider;                                    : loaded 2 times (x 69B)
Class org.gradle.api.internal.ClassPathProvider                                       : loaded 2 times (x 70B)
Class com.google.common.collect.Sets$3                                                : loaded 2 times (x 139B)
Class com.google.common.util.concurrent.AbstractFuture$SafeAtomicHelper               : loaded 2 times (x 79B)
Class com.google.common.cache.LocalCache$LocalLoadingCache                            : loaded 2 times (x 134B)
Class com.google.common.base.AbstractIterator$State                                   : loaded 2 times (x 79B)
Class org.gradle.internal.service.UnknownServiceException                             : loaded 2 times (x 83B)
Class org.jetbrains.kotlin.config.JvmDefaultMode                                      : loaded 2 times (x 79B)
Class com.google.common.collect.Sets$4                                                : loaded 2 times (x 139B)
Class org.objectweb.asm.ModuleVisitor                                                 : loaded 2 times (x 81B)
Class com.google.common.cache.LocalCache$Strength$1                                   : loaded 2 times (x 81B)
Class net.rubygrapefruit.platform.internal.Platform$MacOs64Bit                        : loaded 2 times (x 82B)
Class com.google.common.util.concurrent.SettableFuture                                : loaded 2 times (x 114B)
Class com.google.common.cache.LocalCache$Strength$2                                   : loaded 2 times (x 81B)
Class net.rubygrapefruit.platform.internal.Platform$Posix                             : loaded 2 times (x 81B)
Class com.google.common.cache.LocalCache$Strength$3                                   : loaded 2 times (x 81B)
Class com.google.common.collect.MapDifference                                         : loaded 2 times (x 70B)
Class com.google.common.base.Splitter$1                                               : loaded 2 times (x 77B)
Class org.objectweb.asm.FieldWriter                                                   : loaded 2 times (x 78B)
Class com.google.common.cache.CacheBuilder$NullListener                               : loaded 2 times (x 82B)
Class org.gradle.internal.classpath.TransformedClassPath                              : loaded 2 times (x 96B)
Class com.google.common.cache.CacheLoader$FunctionToCacheLoader                       : loaded 2 times (x 75B)
Class com.google.common.collect.Iterators$ArrayItr                                    : loaded 2 times (x 97B)
Class com.google.common.collect.ImmutableCollection$Builder                           : loaded 2 times (x 76B)
Class org.jetbrains.kotlin.config.LanguageFeature                                     : loaded 2 times (x 80B)
Class com.google.common.base.Joiner                                                   : loaded 2 times (x 79B)
Class com.google.common.base.MoreObjects                                              : loaded 2 times (x 71B)
Class org.jetbrains.kotlin.config.LanguageOrApiVersion                                : loaded 2 times (x 70B)
Class [Lorg.objectweb.asm.Type;                                                       : loaded 2 times (x 69B)
Class com.google.common.collect.Platform                                              : loaded 2 times (x 71B)
Class com.google.common.collect.UnmodifiableIterator                                  : loaded 2 times (x 80B)
Class org.gradle.internal.service.ServiceLocator                                      : loaded 2 times (x 70B)
Class com.google.common.base.Ascii                                                    : loaded 2 times (x 71B)
Class com.google.common.collect.SingletonImmutableBiMap                               : loaded 2 times (x 143B)
Class com.google.common.cache.LocalCache$1                                            : loaded 2 times (x 89B)
Class com.google.common.collect.AbstractMapEntry                                      : loaded 2 times (x 81B)
Class com.google.common.collect.Sets$ImprovedAbstractSet                              : loaded 2 times (x 135B)
Class com.google.common.collect.ImmutableList$Builder                                 : loaded 2 times (x 77B)
Class com.google.common.cache.LocalCache$2                                            : loaded 2 times (x 142B)
Class com.google.common.collect.AbstractMultimap                                      : loaded 2 times (x 123B)
Class com.google.common.util.concurrent.AbstractFuture$UnsafeAtomicHelper$1           : loaded 2 times (x 76B)
Class com.google.common.collect.RegularImmutableAsList                                : loaded 2 times (x 216B)
Class com.google.common.util.concurrent.AbstractFuture$Trusted                        : loaded 2 times (x 70B)
Class com.google.common.collect.Iterators                                             : loaded 2 times (x 71B)
Class com.google.common.base.CharMatcher$RangesMatcher                                : loaded 2 times (x 112B)
Class net.rubygrapefruit.platform.internal.Platform$Linux32Bit                        : loaded 2 times (x 83B)
Class com.google.common.util.concurrent.UncheckedExecutionException                   : loaded 2 times (x 82B)
Class com.google.common.collect.Lists$StringAsImmutableList                           : loaded 2 times (x 207B)
Class net.rubygrapefruit.platform.Native                                              : loaded 2 times (x 71B)
Class net.rubygrapefruit.platform.NativeIntegration                                   : loaded 2 times (x 70B)
Class com.google.common.base.CharMatcher$JavaLetterOrDigit                            : loaded 2 times (x 111B)
Class org.gradle.internal.InternalTransformer                                         : loaded 2 times (x 70B)
Class [Lnet.rubygrapefruit.platform.internal.FunctionResult$Failure;                  : loaded 2 times (x 69B)
Class com.google.common.collect.AbstractMapBasedMultimap$KeySet$1                     : loaded 2 times (x 82B)
Class org.objectweb.asm.ClassWriter                                                   : loaded 2 times (x 106B)
Class com.google.common.cache.CacheLoader$UnsupportedLoadingOperationException        : loaded 2 times (x 82B)
Class com.google.common.base.CharMatcher$And                                          : loaded 2 times (x 112B)
Class org.gradle.internal.classloader.ClasspathUtil$1                                 : loaded 2 times (x 76B)
Class com.google.common.base.Objects                                                  : loaded 2 times (x 71B)
Class org.objectweb.asm.FieldVisitor                                                  : loaded 2 times (x 77B)
Class com.google.common.collect.IndexedImmutableSet                                   : loaded 2 times (x 150B)
Class com.google.common.collect.ImmutableMap$1                                        : loaded 2 times (x 81B)
Class com.google.common.collect.BiMap                                                 : loaded 2 times (x 70B)
Class org.gradle.api.internal.classpath.DefaultModuleRegistry$DefaultModule           : loaded 2 times (x 86B)
Class com.google.common.primitives.Ints                                               : loaded 2 times (x 71B)
Class com.google.common.collect.AbstractIterator                                      : loaded 2 times (x 82B)
Class com.google.common.math.MathPreconditions                                        : loaded 2 times (x 71B)
Class com.google.common.collect.Multiset                                              : loaded 2 times (x 70B)
Class com.google.common.collect.ArrayListMultimapGwtSerializationDependencies         : loaded 2 times (x 172B)
Class com.google.common.collect.ObjectArrays                                          : loaded 2 times (x 71B)
Class com.google.common.collect.AbstractIndexedListIterator                           : loaded 2 times (x 96B)
Class com.google.common.collect.ImmutableMapEntrySet                                  : loaded 2 times (x 151B)
Class org.gradle.api.internal.classpath.Module                                        : loaded 2 times (x 70B)
Class com.google.common.cache.Weigher                                                 : loaded 2 times (x 70B)
Class org.gradle.api.internal.classpath.UnknownModuleException                        : loaded 2 times (x 82B)
Class org.gradle.cache.GlobalCache                                                    : loaded 2 times (x 70B)
Class org.jetbrains.kotlin.config.ApiVersion                                          : loaded 2 times (x 86B)
Class com.google.common.base.Stopwatch                                                : loaded 2 times (x 72B)
Class com.google.common.cache.LocalCache$Strength                                     : loaded 2 times (x 81B)
Class com.google.common.cache.Cache                                                   : loaded 2 times (x 70B)
Class com.google.common.util.concurrent.AbstractFuture$Cancellation                   : loaded 2 times (x 72B)
Class com.google.common.collect.ImmutableMap$Builder                                  : loaded 2 times (x 82B)
Class com.google.common.base.NullnessCasts                                            : loaded 2 times (x 71B)
Class net.rubygrapefruit.platform.internal.FunctionResult                             : loaded 2 times (x 77B)
Class com.google.common.cache.RemovalListener                                         : loaded 2 times (x 70B)
Class org.gradle.api.internal.DefaultClassPathRegistry                                : loaded 2 times (x 76B)
Class net.rubygrapefruit.platform.NativeIntegrationLinkageException                   : loaded 2 times (x 82B)
Class [Lorg.jetbrains.kotlin.config.JvmDefaultMode;                                   : loaded 2 times (x 69B)
Class com.google.common.primitives.IntsMethodsForWeb                                  : loaded 2 times (x 71B)
Class com.google.common.collect.Multimap                                              : loaded 2 times (x 70B)
Class org.gradle.api.internal.ClassPathRegistry                                       : loaded 2 times (x 70B)
Class org.gradle.internal.classpath.DefaultClassPath$ImmutableUniqueList              : loaded 2 times (x 199B)
Class com.google.common.base.ExtraObjectsMethodsForWeb                                : loaded 2 times (x 71B)
Class com.google.common.base.Equivalence$Identity                                     : loaded 2 times (x 82B)
Class net.rubygrapefruit.platform.internal.jni.NativeLibraryFunctions                 : loaded 2 times (x 71B)
Class org.jetbrains.kotlin.config.JvmDefaultMode$Companion                            : loaded 2 times (x 71B)
Class com.google.common.cache.CacheBuilder                                            : loaded 2 times (x 72B)
Class com.google.common.collect.SingletonImmutableList                                : loaded 2 times (x 207B)
Class Settings_gradle$1                                                               : loaded 2 times (x 74B)
Class org.gradle.internal.classpath.ClassPath                                         : loaded 2 times (x 70B)
Class org.gradle.api.UncheckedIOException                                             : loaded 2 times (x 82B)
Class com.google.common.collect.ImmutableList$ReverseImmutableList                    : loaded 2 times (x 208B)
Class com.google.common.base.JdkPattern                                               : loaded 2 times (x 75B)
Class net.rubygrapefruit.platform.internal.Platform$Windows                           : loaded 2 times (x 79B)
Class org.objectweb.asm.SymbolTable$Entry                                             : loaded 2 times (x 74B)
Class com.google.common.util.concurrent.AbstractFuture$AtomicHelper                   : loaded 2 times (x 78B)
Class org.objectweb.asm.Edge                                                          : loaded 2 times (x 72B)
Class com.google.common.base.Suppliers$SupplierOfInstance                             : loaded 2 times (x 79B)
Class com.google.common.collect.Iterators$1                                           : loaded 2 times (x 81B)
Class com.google.common.cache.LocalCache$ComputingValueReference                      : loaded 2 times (x 96B)
Class com.google.common.collect.SingletonImmutableSet                                 : loaded 2 times (x 146B)
Class com.google.common.collect.ImmutableMap$IteratorBasedImmutableMap                : loaded 2 times (x 125B)
Class com.google.common.cache.LocalCache$Segment                                      : loaded 2 times (x 154B)
Class net.rubygrapefruit.platform.internal.LibraryDef                                 : loaded 2 times (x 72B)
Class org.jetbrains.kotlin.utils.DescriptionAware                                     : loaded 2 times (x 70B)
Class [Lorg.objectweb.asm.SymbolTable$Entry;                                          : loaded 2 times (x 69B)
Class com.google.common.cache.CacheLoader                                             : loaded 2 times (x 74B)
Class com.google.common.collect.Iterators$4                                           : loaded 2 times (x 82B)
Class com.google.common.collect.ImmutableBiMap                                        : loaded 2 times (x 143B)
Class com.google.common.collect.AbstractListMultimap                                  : loaded 2 times (x 172B)
Class org.gradle.internal.installation.GradleInstallation$1                           : loaded 2 times (x 75B)
Class org.gradle.api.internal.classpath.ModuleRegistry                                : loaded 2 times (x 70B)
Class com.google.common.util.concurrent.internal.InternalFutureFailureAccess          : loaded 2 times (x 72B)
Class com.google.common.collect.Iterators$5                                           : loaded 2 times (x 82B)
Class com.google.common.collect.ImmutableSet$JdkBackedSetBuilderImpl                  : loaded 2 times (x 76B)
Class com.google.common.base.Splitter$SplittingIterator                               : loaded 2 times (x 84B)
Class org.jetbrains.kotlin.name.FqNameUnsafe                                          : loaded 2 times (x 72B)
Class com.google.common.util.concurrent.AbstractFuture$UnsafeAtomicHelper             : loaded 2 times (x 78B)
Class com.google.common.cache.LocalCache$LocalManualCache$1                           : loaded 2 times (x 75B)
Class com.google.common.base.CharMatcher$ForPredicate                                 : loaded 2 times (x 112B)
Class net.rubygrapefruit.platform.internal.Platform$Window32Bit                       : loaded 2 times (x 79B)
Class org.jetbrains.kotlin.config.AnalysisFlag                                        : loaded 2 times (x 72B)
Class com.google.common.collect.ImmutableCollection                                   : loaded 2 times (x 125B)
Class com.google.common.base.CharMatcher$AnyOf                                        : loaded 2 times (x 112B)
Class org.gradle.api.internal.classpath.DefaultModuleRegistry                         : loaded 2 times (x 86B)
Class com.google.common.util.concurrent.ListenableFuture                              : loaded 2 times (x 70B)
Class com.google.common.cache.ReferenceEntry                                          : loaded 2 times (x 70B)
Class com.google.common.collect.ImmutableSet$CachingAsList                            : loaded 2 times (x 147B)
Class com.google.common.base.Converter                                                : loaded 2 times (x 90B)
Class com.google.common.collect.Lists                                                 : loaded 2 times (x 71B)
Class com.google.common.base.CharMatcher$Any                                          : loaded 2 times (x 112B)
Class com.google.common.util.concurrent.AbstractFuture                                : loaded 2 times (x 106B)
Class com.google.common.base.FunctionalEquivalence                                    : loaded 2 times (x 83B)
Class com.google.common.collect.Iterators$9                                           : loaded 2 times (x 81B)
Class com.google.common.collect.AbstractMapBasedMultimap                              : loaded 2 times (x 139B)
Class com.google.common.collect.ImmutableAsList                                       : loaded 2 times (x 209B)
Class org.jetbrains.kotlin.config.ExplicitApiMode                                     : loaded 2 times (x 79B)
Class org.objectweb.asm.RecordComponentVisitor                                        : loaded 2 times (x 77B)
Class com.google.common.cache.CacheLoader$SupplierToCacheLoader                       : loaded 2 times (x 75B)
Class com.google.common.collect.Maps$EntryTransformer                                 : loaded 2 times (x 70B)
Class org.gradle.internal.service.ServiceLookupException                              : loaded 2 times (x 82B)
Class [Lcom.google.common.cache.LocalCache$EntryFactory;                              : loaded 2 times (x 69B)
Class com.google.common.base.CharMatcher$JavaLetter                                   : loaded 2 times (x 111B)
Class org.gradle.internal.classloader.ClassLoaderFactory                              : loaded 2 times (x 70B)
Class net.rubygrapefruit.platform.internal.Platform$Linux                             : loaded 2 times (x 83B)
Class com.google.common.cache.LocalCache$LocalManualCache                             : loaded 2 times (x 99B)
Class com.google.common.base.CharMatcher$IsNot                                        : loaded 2 times (x 111B)
Class com.google.common.base.CommonPattern                                            : loaded 2 times (x 74B)
Class org.gradle.internal.service.CachingServiceLocator                               : loaded 2 times (x 82B)
Class com.google.common.collect.AbstractMapBasedMultimap$KeySet                       : loaded 2 times (x 137B)
Class com.google.common.math.IntMath                                                  : loaded 2 times (x 71B)
Class com.google.common.collect.Iterators$10                                          : loaded 2 times (x 81B)
Class com.google.common.collect.ImmutableMapEntry                                     : loaded 2 times (x 85B)
Class com.google.common.base.CharMatcher$JavaDigit                                    : loaded 2 times (x 111B)
Class org.jetbrains.kotlin.name.FqName                                                : loaded 2 times (x 72B)
Class com.google.common.base.Equivalence                                              : loaded 2 times (x 82B)
Class com.google.common.collect.ImmutableMapEntry$NonTerminalImmutableMapEntry        : loaded 2 times (x 85B)
Class com.google.common.base.Function                                                 : loaded 2 times (x 70B)
Class com.google.common.cache.CacheBuilder$OneWeigher                                 : loaded 2 times (x 82B)
Class com.google.common.collect.RegularImmutableList                                  : loaded 2 times (x 212B)
Class net.rubygrapefruit.platform.internal.Platform$Unsupported                       : loaded 2 times (x 79B)
Class net.rubygrapefruit.platform.internal.Platform$FreeBSD32Bit                      : loaded 2 times (x 82B)
Class com.google.common.collect.ImmutableBiMapFauxverideShim                          : loaded 2 times (x 120B)
Class org.gradle.internal.classloader.ClasspathUtil                                   : loaded 2 times (x 71B)
Class net.rubygrapefruit.platform.internal.Platform$Unix                              : loaded 2 times (x 82B)
Class com.google.common.base.Charsets                                                 : loaded 2 times (x 71B)
Class com.google.common.util.concurrent.Uninterruptibles                              : loaded 2 times (x 71B)
Class com.google.common.collect.Maps                                                  : loaded 2 times (x 71B)
Class com.google.common.base.CharMatcher$JavaUpperCase                                : loaded 2 times (x 111B)
Class org.gradle.api.specs.Spec                                                       : loaded 2 times (x 70B)
Class org.jetbrains.kotlin.name.Name                                                  : loaded 2 times (x 75B)
Class [Lcom.google.common.collect.ImmutableEntry;                                     : loaded 2 times (x 69B)
Class com.google.common.cache.LocalCache$LoadingValueReference                        : loaded 2 times (x 96B)
Class Build_gradle$1                                                                  : loaded 2 times (x 74B)
Class com.google.common.base.Platform                                                 : loaded 2 times (x 71B)
Class Build_gradle$2                                                                  : loaded 2 times (x 78B)
Class com.google.common.primitives.Ints$IntConverter                                  : loaded 2 times (x 90B)
Class com.google.common.collect.Maps$8                                                : loaded 2 times (x 82B)
Class com.google.common.collect.Sets$SetView                                          : loaded 2 times (x 138B)
Class com.google.common.cache.LocalCache$StrongValueReference                         : loaded 2 times (x 90B)
Class com.google.common.util.concurrent.AbstractFuture$SynchronizedHelper             : loaded 2 times (x 78B)
Class com.google.common.base.CharMatcher$Invisible                                    : loaded 2 times (x 112B)
Class org.objectweb.asm.Type                                                          : loaded 2 times (x 72B)
Class org.gradle.internal.classloader.VisitableURLClassLoader$InstrumentingVisitableURLClassLoader: loaded 2 times (x 123B)
Class org.objectweb.asm.ByteVector                                                    : loaded 2 times (x 79B)
Class [Lcom.google.common.cache.CacheBuilder$NullListener;                            : loaded 2 times (x 69B)
Class com.google.common.math.IntMath$1                                                : loaded 2 times (x 71B)
Class org.gradle.internal.classloader.VisitableURLClassLoader$Spec                    : loaded 2 times (x 74B)
Class org.gradle.internal.classpath.DefaultClassPath                                  : loaded 2 times (x 90B)
Class org.objectweb.asm.Symbol                                                        : loaded 2 times (x 73B)
Class com.google.common.base.AbstractIterator                                         : loaded 2 times (x 80B)
Class com.google.common.collect.RegularImmutableMap$Values                            : loaded 2 times (x 207B)
Class com.google.common.collect.ImmutableSet                                          : loaded 2 times (x 145B)
Class com.google.common.base.CharMatcher$Ascii                                        : loaded 2 times (x 112B)
Class com.google.common.base.CharMatcher$BitSetMatcher                                : loaded 2 times (x 112B)
Class org.gradle.internal.classloader.ClassLoaderSpec                                 : loaded 2 times (x 71B)
Class net.rubygrapefruit.platform.internal.Platform$MacOs32Bit                        : loaded 2 times (x 82B)
Class net.rubygrapefruit.platform.internal.Platform$Linux64Bit                        : loaded 2 times (x 83B)
Class org.objectweb.asm.AnnotationWriter                                              : loaded 2 times (x 79B)
Class com.google.common.cache.CacheStats                                              : loaded 2 times (x 71B)
Class org.objectweb.asm.RecordComponentWriter                                         : loaded 2 times (x 78B)
Class com.google.common.util.concurrent.AbstractFuture$Listener                       : loaded 2 times (x 72B)
Class com.google.common.base.CharMatcher$Or                                           : loaded 2 times (x 112B)
Class Settings_gradle$1$1                                                             : loaded 2 times (x 74B)
Class org.objectweb.asm.Attribute                                                     : loaded 2 times (x 77B)
Class com.google.common.base.Supplier                                                 : loaded 2 times (x 70B)
Class org.gradle.internal.classloader.VisitableURLClassLoader                         : loaded 2 times (x 117B)
Class net.rubygrapefruit.platform.internal.FunctionResult$Failure                     : loaded 2 times (x 79B)
Class net.rubygrapefruit.platform.internal.NativeLibraryLoader                        : loaded 2 times (x 73B)
Class com.google.common.util.concurrent.AbstractFuture$Waiter                         : loaded 2 times (x 72B)
Class Settings_gradle                                                                 : loaded 2 times (x 128B)
Class org.gradle.internal.Cast                                                        : loaded 2 times (x 71B)
Class org.gradle.api.Action                                                           : loaded 2 times (x 70B)
Class com.google.common.collect.Sets                                                  : loaded 2 times (x 71B)
Class org.objectweb.asm.Handler                                                       : loaded 2 times (x 72B)
Class com.google.common.base.Strings                                                  : loaded 2 times (x 71B)
Class com.google.common.base.Ticker                                                   : loaded 2 times (x 72B)
Class com.google.common.base.CharMatcher$FastMatcher                                  : loaded 2 times (x 111B)
Class org.gradle.internal.agents.InstrumentingClassLoader                             : loaded 2 times (x 70B)
Class [Lcom.google.common.cache.LocalCache$Segment;                                   : loaded 2 times (x 69B)
Class [Lcom.google.common.cache.LocalCache$Strength;                                  : loaded 2 times (x 69B)
Class com.google.common.cache.CacheBuilder$1                                          : loaded 2 times (x 85B)
Class com.google.common.collect.ImmutableMap                                          : loaded 2 times (x 120B)
Class com.google.common.base.Predicate                                                : loaded 2 times (x 70B)
Class org.gradle.internal.classpath.DefaultClassPath$ImmutableUniqueList$Builder      : loaded 2 times (x 75B)
Class com.google.common.cache.LocalCache                                              : loaded 2 times (x 187B)
Class com.google.common.cache.CacheBuilder$2                                          : loaded 2 times (x 79B)
Class com.google.common.base.CharMatcher$NegatedFastMatcher                           : loaded 2 times (x 113B)
Class org.jetbrains.kotlin.config.LanguageVersion                                     : loaded 2 times (x 91B)
Class com.google.common.cache.CacheBuilder$3                                          : loaded 2 times (x 72B)
Class [Lcom.google.common.collect.AbstractMapEntry;                                   : loaded 2 times (x 69B)
Class com.google.common.collect.ImmutableEntry                                        : loaded 2 times (x 82B)
Class com.google.common.collect.ArrayListMultimap                                     : loaded 2 times (x 172B)
Class com.google.common.base.AbstractIterator$1                                       : loaded 2 times (x 71B)
Class com.google.common.base.CharMatcher$Digit                                        : loaded 2 times (x 112B)
Class org.gradle.api.GradleException                                                  : loaded 2 times (x 82B)
Class com.google.common.collect.CollectPreconditions                                  : loaded 2 times (x 71B)
Class com.google.common.base.CharMatcher$JavaIsoControl                               : loaded 2 times (x 112B)
Class com.google.common.collect.SortedMapDifference                                   : loaded 2 times (x 70B)
Class com.google.common.base.CharMatcher$JavaLowerCase                                : loaded 2 times (x 111B)
Class net.rubygrapefruit.platform.internal.NativeLibraryLocator                       : loaded 2 times (x 73B)
Class net.rubygrapefruit.platform.Process                                             : loaded 2 times (x 70B)
Class com.google.common.cache.LocalCache$EntryFactory                                 : loaded 2 times (x 83B)
Class com.google.common.cache.LocalCache$AbstractReferenceEntry                       : loaded 2 times (x 107B)
Class com.google.common.base.Splitter$1$1                                             : loaded 2 times (x 86B)
Class com.google.common.base.CharMatcher$Whitespace                                   : loaded 2 times (x 112B)
Class org.gradle.internal.IoActions                                                   : loaded 2 times (x 71B)
Class org.objectweb.asm.SymbolTable                                                   : loaded 2 times (x 72B)
Class com.google.common.cache.CacheLoader$InvalidCacheLoadException                   : loaded 2 times (x 82B)
Class com.google.common.collect.ImmutableSet$RegularSetBuilderImpl                    : loaded 2 times (x 77B)
Class com.google.common.base.CharMatcher$SingleWidth                                  : loaded 2 times (x 112B)
Class org.gradle.internal.classloader.SystemClassLoaderSpec                           : loaded 2 times (x 71B)
Class com.google.common.cache.LocalCache$StrongEntry                                  : loaded 2 times (x 108B)
Class com.google.common.util.concurrent.AbstractFuture$TrustedFuture                  : loaded 2 times (x 114B)
Class com.google.common.cache.LoadingCache                                            : loaded 2 times (x 70B)
Class net.rubygrapefruit.platform.ProcessLauncher                                     : loaded 2 times (x 70B)
Class org.objectweb.asm.MethodWriter                                                  : loaded 2 times (x 106B)
Class [Lcom.google.common.cache.Weigher;                                              : loaded 2 times (x 69B)
Class com.google.common.collect.RegularImmutableMap$BucketOverflowException           : loaded 2 times (x 82B)
Class [Lorg.jetbrains.kotlin.config.ExplicitApiMode;                                  : loaded 2 times (x 69B)
Class com.google.common.collect.RegularImmutableBiMap                                 : loaded 2 times (x 148B)
Class com.google.common.cache.LocalCache$ValueReference                               : loaded 2 times (x 70B)
Class com.google.common.base.CharMatcher$Is                                           : loaded 2 times (x 111B)
Class com.google.common.base.CharMatcher$Negated                                      : loaded 2 times (x 113B)
Class com.google.common.util.concurrent.AbstractFuture$Failure                        : loaded 2 times (x 72B)
Class com.google.common.base.PatternCompiler                                          : loaded 2 times (x 70B)
Class com.google.common.base.Equivalence$Equals                                       : loaded 2 times (x 82B)
Class com.google.common.collect.Hashing                                               : loaded 2 times (x 71B)
Class com.google.common.base.Preconditions                                            : loaded 2 times (x 71B)
Class com.google.common.base.Joiner$1                                                 : loaded 2 times (x 80B)
Class org.objectweb.asm.Label                                                         : loaded 2 times (x 73B)
Class org.objectweb.asm.CurrentFrame                                                  : loaded 2 times (x 73B)
Class org.objectweb.asm.ClassTooLargeException                                        : loaded 2 times (x 83B)
Class com.google.common.collect.PeekingIterator                                       : loaded 2 times (x 70B)
Class com.google.common.base.CharMatcher                                              : loaded 2 times (x 111B)
Class com.google.common.collect.Maps$IteratorBasedAbstractMap                         : loaded 2 times (x 125B)
Class com.google.common.base.Joiner$2                                                 : loaded 2 times (x 79B)
Class org.objectweb.asm.Frame                                                         : loaded 2 times (x 73B)
Class org.objectweb.asm.MethodVisitor                                                 : loaded 2 times (x 105B)
Class com.google.common.cache.LocalCache$EntryFactory$1                               : loaded 2 times (x 83B)
Class [Lcom.google.common.cache.RemovalListener;                                      : loaded 2 times (x 69B)
Class com.google.common.base.CharMatcher$1                                            : loaded 2 times (x 113B)
Class com.google.common.base.CharMatcher$NamedFastMatcher                             : loaded 2 times (x 112B)
Class com.google.common.cache.LocalCache$EntryFactory$2                               : loaded 2 times (x 83B)
Class org.objectweb.asm.ModuleWriter                                                  : loaded 2 times (x 82B)
Class com.google.common.cache.LocalCache$EntryFactory$3                               : loaded 2 times (x 83B)
Class com.google.common.base.Ticker$1                                                 : loaded 2 times (x 72B)
Class com.google.common.collect.ImmutableMapEntrySet$RegularEntrySet                  : loaded 2 times (x 151B)
Class com.google.common.collect.Maps$BiMapConverter                                   : loaded 2 times (x 90B)
Class net.rubygrapefruit.platform.internal.Platform$MacOs                             : loaded 2 times (x 82B)
Class net.rubygrapefruit.platform.internal.Platform$Window64Bit                       : loaded 2 times (x 79B)
Class com.google.common.cache.LocalCache$EntryFactory$4                               : loaded 2 times (x 83B)
Class com.google.common.collect.ImmutableSet$Builder                                  : loaded 2 times (x 85B)
Class com.google.common.base.CharMatcher$InRange                                      : loaded 2 times (x 111B)
Class com.google.common.cache.LocalCache$EntryFactory$5                               : loaded 2 times (x 83B)
Class Build_gradle                                                                    : loaded 2 times (x 130B)
Class com.google.common.cache.LocalCache$EntryFactory$6                               : loaded 2 times (x 83B)
Class org.gradle.internal.installation.CurrentGradleInstallationLocator               : loaded 2 times (x 71B)
Class com.google.common.collect.Maps$KeySet                                           : loaded 2 times (x 137B)
Class com.google.common.cache.LocalCache$EntryFactory$7                               : loaded 2 times (x 83B)
Class com.google.common.collect.ImmutableSet$EmptySetBuilderImpl                      : loaded 2 times (x 76B)
Class com.google.common.collect.ImmutableList                                         : loaded 2 times (x 206B)
Class org.gradle.internal.service.DefaultServiceLocator                               : loaded 2 times (x 83B)
Class com.google.common.cache.LocalCache$EntryFactory$8                               : loaded 2 times (x 83B)
Class com.google.common.collect.ImmutableSet$SetBuilderImpl                           : loaded 2 times (x 76B)
Class org.gradle.internal.installation.CurrentGradleInstallation                      : loaded 2 times (x 73B)
Class com.google.common.cache.CacheLoader$1                                           : loaded 2 times (x 75B)
Class com.google.common.collect.ImmutableList$SubList                                 : loaded 2 times (x 208B)
Class org.gradle.util.internal.GUtil                                                  : loaded 2 times (x 71B)
Class com.google.common.util.concurrent.AbstractFuture$SetFuture                      : loaded 2 times (x 75B)
Class com.google.common.cache.AbstractCache$StatsCounter                              : loaded 2 times (x 70B)
Class com.google.common.collect.Iterators$MergingIterator                             : loaded 2 times (x 81B)
Class com.google.common.collect.RegularImmutableSet                                   : loaded 2 times (x 148B)
Class org.gradle.internal.installation.GradleInstallation                             : loaded 2 times (x 75B)
Class org.jetbrains.kotlin.config.LanguageFeature$State                               : loaded 2 times (x 82B)
Class com.google.common.collect.Iterables                                             : loaded 2 times (x 71B)
Class com.google.common.base.Splitter$Strategy                                        : loaded 2 times (x 70B)

---------------  S Y S T E M  ---------------

OS:
 Windows 11 , 64 bit Build 26100 (10.0.26100.7920)
OS uptime: 11 days 6:07 hours
Hyper-V role detected

CPU: total 8 (initial active 8) (8 cores per cpu, 2 threads per core) family 23 model 160 stepping 0 microcode 0x8a00009, cx8, cmov, fxsr, ht, mmx, 3dnowpref, sse, sse2, sse3, ssse3, sse4a, sse4.1, sse4.2, popcnt, lzcnt, tsc, tscinvbit, avx, avx2, aes, clmul, bmi1, bmi2, adx, sha, fma, vzeroupper, clflush, clflushopt, hv, rdtscp, rdpid, f16c
Processor Information for the first 8 processors :
  Max Mhz: 2401, Current Mhz: 2401, Mhz Limit: 2401

Memory: 4k page, system-wide physical 5965M (520M free)
TotalPageFile size 24397M (AvailPageFile size 0M)
current process WorkingSet (physical memory assigned to process): 87M, peak: 409M
current process commit charge ("private bytes"): 564M, peak: 580M

vm_info: OpenJDK 64-Bit Server VM (21.0.9+-14787801-b1163.94) for windows-amd64 JRE (21.0.9+-14787801-b1163.94), built on 2026-01-27T21:15:44Z by "builder" with MS VC++ 16.10 / 16.11 (VS2019)

END.
