version 2
JvmtiExport can_access_local_variables 0
JvmtiExport can_hotswap_or_post_breakpoint 1
JvmtiExport can_post_on_exceptions 0
# 553 ciObject found
instanceKlass org/jetbrains/kotlin/ir/util/DeepCopySymbolRemapper
ciInstanceKlass kotlin/jvm/internal/Intrinsics 1 1 278 10 7 10 10 10 10 10 10 100 10 10 10 100 10 10 100 10 8 8 10 100 10 10 100 10 10 100 10 10 8 8 8 8 10 10 10 10 10 100 10 10 10 10 8 8 10 10 10 8 10 100 10 10 10 10 100 8 8 10 8 10 10 10 100 10 7 100 1 1 1 1 1 1 1 1 1 1 1 1 1 1 1 1 1 1 1 1 1 1 1 1 1 1 1 1 1 1 1 1 1 1 1 1 1 1 1 1 1 1 1 1 1 1 1 1 1 1 1 1 1 1 1 1 1 1 100 1 1 1 1 1 1 1 1 1 1 1 1 1 1 1 1 1 1 1 1 1 1 1 1 1 1 1 1 1 1 1 1 1 100 1 1 1 1 1 1 1 1 1 1 1 1 1 1 1 1 1 100 1 1 1 12 1 12 12 12 12 12 1 12 12 1 1 1 1 12 1 12 1 1 1 1 1 1 12 12 12 100 12 12 1 100 12 100 12 100 12 12 1 1 100 12 100 12 1 12 1 12 12 12 1 1 1 12 1 12 100 100 12 12 1 1 1 1 1 1 1 1 1 1 1 1 1 1 1 1 1 1 1 1 1 1 1 1 1 1 1 1 1 1 1 1 1 1 1 1 1
ciInstanceKlass kotlin/jvm/internal/markers/KMappedMarker 1 0 22 1 100 1 100 1 1 3 3 3 1 1 3 1 1 1 1 1 1 1 1 1
ciInstanceKlass kotlin/reflect/KAnnotatedElement 1 0 29 1 100 1 100 1 1 1 1 1 1 3 3 3 1 1 3 1 1 1 1 1 1 1 1 1 1 1 1
ciInstanceKlass kotlin/reflect/KCallable 1 0 78 1 100 1 1 100 1 100 1 1 1 1 1 1 1 1 1 1 1 1 1 1 1 1 1 1 1 1 1 1 1 1 1 1 3 3 3 1 1 3 1 1 1 1 1 1 1 1 1 1 1 1 1 1 1 1 1 1 1 1 1 1 1 1 1 1 1 1 1 100 1 1 1 1 1 1 1 1
ciInstanceKlass java/util/LinkedHashMap 1 1 386 9 7 12 1 1 1 9 12 1 1 9 12 1 9 7 12 1 1 9 12 1 10 7 12 1 1 1 10 12 1 1 10 12 1 1 9 12 1 9 12 1 1 9 12 1 10 12 1 1 100 1 10 10 12 1 1 10 12 1 10 12 1 1 9 12 1 1 9 12 1 10 12 1 1 10 100 12 1 1 1 10 12 1 10 12 1 10 12 10 12 1 1 10 100 12 1 1 1 10 12 1 1 10 12 1 1 9 7 1 10 12 1 10 12 1 1 9 12 1 1 7 1 10 12 1 7 1 100 1 10 10 12 1 1 10 12 1 1 9 12 1 1 7 1 10 7 1 10 12 1 9 12 1 7 1 10 100 1 10 11 100 12 1 1 1 100 1 10 11 100 12 1 1 100 1 100 1 10 8 1 10 12 1 1 10 12 1 10 12 1 1 10 12 1 10 12 1 1 10 100 1 10 12 1 100 1 1 1 1 5 0 1 1 1 3 1 3 1 3 1 1 1 1 1 1 1 1 1 1 1 1 1 1 1 1 1 1 1 1 1 1 1 1 1 1 1 1 1 1 1 1 1 1 1 1 1 1 1 1 1 1 1 1 1 1 1 100 1 1 1 1 1 1 1 1 100 1 1 1 1 1 1 1 1 1 1 1 1 1 1 1 1 1 1 1 1 1 1 1 1 1 1 1 1 100 1 1 1 1 1 1 1 1 1 1 1 1 1 1 100 1 1 1 1 1 1 1 1 1 100 1 1 1 1 1 1 1 1 1 1 1 1 1 1 1 1 1 1 1 1 1 1 1 1 1 1 1 1 1 1 1 100 1 100 1 100 1 100 1 1 1 1 1 100 1 100 1 1 1 1 1 1 1 1 1
ciInstanceKlass java/lang/Void 1 1 31 10 100 12 1 1 1 8 1 10 7 12 1 1 1 9 7 12 1 1 1 1 1 1 1 1 1 1 1 1 1
staticfield java/lang/Void TYPE Ljava/lang/Class; java/lang/Class
instanceKlass androidx/compose/compiler/plugins/kotlin/lower/ComposableTargetAnnotationsTransformer$infer$1
instanceKlass androidx/compose/compiler/plugins/kotlin/lower/ComposableTypeRemapperKt
instanceKlass androidx/compose/compiler/plugins/kotlin/lower/ComposerTypeRemapper
instanceKlass  @bci androidx/compose/compiler/plugins/kotlin/lower/ComposerParamTransformer copyWithComposerParam (Lorg/jetbrains/kotlin/ir/declarations/IrSimpleFunction;)Lorg/jetbrains/kotlin/ir/declarations/IrSimpleFunction; 575 <appendix> form vmentry <vmtarget> ; # java/lang/invoke/LambdaForm$MH+0x000000010096b000
# instanceKlass java/lang/invoke/LambdaForm$MH+0x000000010096ac00
instanceKlass  @bci androidx/compose/compiler/plugins/kotlin/lower/ComposerParamTransformer copyWithComposerParam (Lorg/jetbrains/kotlin/ir/declarations/IrSimpleFunction;)Lorg/jetbrains/kotlin/ir/declarations/IrSimpleFunction; 575 <appendix> argL3 form vmentry <vmtarget> ; # java/lang/invoke/LambdaForm$MH+0x000000010096a800
# instanceKlass java/lang/invoke/LambdaForm$MH+0x000000010096a400
# instanceKlass java/lang/invoke/LambdaForm$MH+0x000000010096a000
# instanceKlass java/lang/invoke/LambdaForm$MH+0x0000000100969c00
# instanceKlass java/lang/invoke/LambdaForm$MH+0x0000000100969800
instanceKlass  @bci androidx/compose/compiler/plugins/kotlin/lower/ComposerParamTransformer copyWithComposerParam (Lorg/jetbrains/kotlin/ir/declarations/IrSimpleFunction;)Lorg/jetbrains/kotlin/ir/declarations/IrSimpleFunction; 575 <appendix> argL1 form vmentry <vmtarget> ; # java/lang/invoke/LambdaForm$MH+0x0000000100969400
# instanceKlass java/lang/invoke/LambdaForm$MH+0x0000000100969000
instanceKlass  @bci androidx/compose/compiler/plugins/kotlin/lower/ComposerParamTransformer copyWithComposerParam (Lorg/jetbrains/kotlin/ir/declarations/IrSimpleFunction;)Lorg/jetbrains/kotlin/ir/declarations/IrSimpleFunction; 575 <appendix> argL1 argL0 form vmentry <vmtarget> ; # java/lang/invoke/LambdaForm$MH+0x0000000100968c00
# instanceKlass java/lang/invoke/LambdaForm$MH+0x0000000100968800
# instanceKlass java/lang/invoke/LambdaForm$MH+0x0000000100968400
# instanceKlass java/lang/invoke/LambdaForm$MH+0x0000000100968000
instanceKlass org/jetbrains/kotlin/ir/expressions/impl/IrConstImpl$Companion$WhenMappings
instanceKlass org/jetbrains/kotlin/ir/DeepCopyIrTreeWithDeclarationsKt
instanceKlass androidx/compose/compiler/plugins/kotlin/lower/ComposableFunctionBodyTransformerKt
instanceKlass org/jetbrains/kotlin/ir/util/SymbolRenamer$DefaultImpls
instanceKlass org/jetbrains/kotlin/ir/util/SymbolRenamer$DEFAULT
instanceKlass org/jetbrains/kotlin/ir/util/SymbolRenamer
instanceKlass androidx/compose/compiler/plugins/kotlin/lower/decoys/DecoyTransformBaseKt$copyWithNewTypeParams$1$typeParamRemapper$1
instanceKlass org/jetbrains/kotlin/ir/util/DeepCopyTypeRemapper
instanceKlass org/jetbrains/kotlin/ir/util/TypeRemapper
instanceKlass org/jetbrains/kotlin/ir/util/DescriptorsRemapper$DefaultImpls
instanceKlass org/jetbrains/kotlin/ir/util/NullDescriptorsRemapper
instanceKlass org/jetbrains/kotlin/backend/common/ir/IrInlineUtilsKt
instanceKlass androidx/compose/compiler/plugins/kotlin/lower/decoys/DecoyClassIds
instanceKlass androidx/compose/compiler/plugins/kotlin/lower/decoys/DecoyFqNames
instanceKlass androidx/compose/compiler/plugins/kotlin/lower/decoys/DecoyTransformBaseKt
instanceKlass androidx/compose/compiler/plugins/kotlin/lower/ComposeMemoizedLambdaOrigin
instanceKlass org/jetbrains/kotlin/utils/MemoryOptimizedCollectionUtilKt
instanceKlass org/jetbrains/kotlin/platform/JsPlatformKt
instanceKlass androidx/compose/compiler/plugins/kotlin/lower/CaptureCollector
instanceKlass androidx/compose/compiler/plugins/kotlin/lower/ComposerLambdaMemoizationKt
instanceKlass androidx/compose/compiler/plugins/kotlin/lower/DeclarationContext
instanceKlass org/jetbrains/kotlin/ir/symbols/IrScriptSymbol
instanceKlass androidx/compose/compiler/plugins/kotlin/lower/ComposeInlineLambdaLocator$scan$1
instanceKlass androidx/compose/compiler/plugins/kotlin/lower/ComposeInlineLambdaLocator
instanceKlass org/jetbrains/kotlin/ir/util/SetDeclarationsParentVisitor
instanceKlass androidx/compose/compiler/plugins/kotlin/analysis/ComposeWritableSlices
instanceKlass androidx/compose/compiler/plugins/kotlin/WeakBindingTrace
instanceKlass androidx/compose/compiler/plugins/kotlin/WeakBindingTraceKt
instanceKlass androidx/compose/compiler/plugins/kotlin/lower/KeyInfo
instanceKlass androidx/compose/compiler/plugins/kotlin/lower/ComposableFunInterfaceLoweringKt
instanceKlass org/jetbrains/kotlin/backend/common/UtilsKt
instanceKlass org/jetbrains/kotlin/backend/common/ScopeWithIr
instanceKlass  @bci androidx/compose/compiler/plugins/kotlin/lower/AbstractComposeLoweringKt function (Lorg/jetbrains/kotlin/backend/common/extensions/IrPluginContext;I)Lorg/jetbrains/kotlin/ir/symbols/IrClassSymbol; 15 <appendix> form vmentry <vmtarget> ; # java/lang/invoke/LambdaForm$MH+0x0000000100941400
instanceKlass  @bci androidx/compose/compiler/plugins/kotlin/lower/AbstractComposeLoweringKt function (Lorg/jetbrains/kotlin/backend/common/extensions/IrPluginContext;I)Lorg/jetbrains/kotlin/ir/symbols/IrClassSymbol; 15 <appendix> argL3 form vmentry <vmtarget> ; # java/lang/invoke/LambdaForm$MH+0x0000000100941000
# instanceKlass java/lang/invoke/LambdaForm$MH+0x0000000100940c00
# instanceKlass java/lang/invoke/LambdaForm$MH+0x0000000100940800
instanceKlass  @bci androidx/compose/compiler/plugins/kotlin/lower/AbstractComposeLoweringKt function (Lorg/jetbrains/kotlin/backend/common/extensions/IrPluginContext;I)Lorg/jetbrains/kotlin/ir/symbols/IrClassSymbol; 15 <appendix> argL1 form vmentry <vmtarget> ; # java/lang/invoke/LambdaForm$MH+0x0000000100940400
# instanceKlass java/lang/invoke/LambdaForm$MH+0x0000000100940000
instanceKlass androidx/compose/compiler/plugins/kotlin/lower/PathPartInfo$Companion
instanceKlass androidx/compose/compiler/plugins/kotlin/lower/PathPartInfo
instanceKlass androidx/compose/compiler/plugins/kotlin/lower/DurableKeyVisitor
instanceKlass org/jetbrains/kotlin/backend/common/extensions/IrPluginContext$DefaultImpls
instanceKlass androidx/compose/compiler/plugins/kotlin/analysis/Stability$Companion
instanceKlass androidx/compose/compiler/plugins/kotlin/analysis/Stability
instanceKlass kotlin/coroutines/EmptyCoroutineContext
instanceKlass kotlin/coroutines/CoroutineContext
instanceKlass kotlin/ranges/ClosedFloatingPointRange
instanceKlass kotlin/Result
instanceKlass androidx/compose/compiler/plugins/kotlin/analysis/KnownStableConstructs
instanceKlass androidx/compose/compiler/plugins/kotlin/lower/IrInlineReferenceLocatorKt
instanceKlass org/jetbrains/kotlin/ir/util/IrTypeUtilsKt
instanceKlass androidx/compose/compiler/plugins/kotlin/lower/AbstractComposeLoweringKt
instanceKlass androidx/compose/compiler/plugins/kotlin/analysis/StabilityKt
instanceKlass org/jetbrains/kotlin/backend/jvm/ir/JvmIrTypeUtilsKt
instanceKlass org/jetbrains/kotlin/ir/symbols/impl/IrPublicSymbolBase
instanceKlass org/jetbrains/kotlin/ir/types/IdSignatureValues
instanceKlass org/jetbrains/kotlin/ir/types/IrTypePredicatesKt
instanceKlass androidx/compose/compiler/plugins/kotlin/lower/UNINITIALIZED_VALUE
instanceKlass androidx/compose/compiler/plugins/kotlin/lower/GuardedLazy
instanceKlass androidx/compose/compiler/plugins/kotlin/lower/GuardedLazyKt
instanceKlass androidx/compose/compiler/plugins/kotlin/lower/ModuleLoweringPass
instanceKlass org/jetbrains/kotlin/backend/common/ClassLoweringPass
instanceKlass androidx/compose/compiler/plugins/kotlin/lower/ComposableSymbolRemapper$1
instanceKlass org/jetbrains/kotlin/ir/util/DescriptorsRemapper
instanceKlass org/jetbrains/kotlin/ir/util/DeepCopySymbolRemapper
instanceKlass org/jetbrains/kotlin/ir/util/SymbolRemapper
instanceKlass androidx/compose/compiler/plugins/kotlin/analysis/MutableMatcherTree$Node
instanceKlass androidx/compose/compiler/plugins/kotlin/analysis/MutableMatcherTree
instanceKlass androidx/compose/compiler/plugins/kotlin/analysis/FqNameMatcherCollection
instanceKlass androidx/compose/compiler/plugins/kotlin/analysis/StabilityInferencer
instanceKlass org/jetbrains/kotlin/ir/declarations/lazy/LazyScopedTypeParametersResolver
instanceKlass androidx/compose/compiler/plugins/kotlin/VersionChecker$Companion
instanceKlass androidx/compose/compiler/plugins/kotlin/VersionChecker
instanceKlass org/jetbrains/kotlin/platform/jvm/JvmPlatformKt
instanceKlass org/jetbrains/kotlin/backend/common/linkage/issues/ChecksKt
instanceKlass org/jetbrains/kotlin/ir/declarations/lazy/IrLazyFunctionBase$DefaultImpls
instanceKlass org/jetbrains/kotlin/ir/declarations/lazy/IrLazyFunctionBase
instanceKlass org/jetbrains/kotlin/ir/declarations/lazy/SynchronizedLazyVar
instanceKlass org/jetbrains/kotlin/ir/declarations/lazy/LazyUtilKt
instanceKlass org/jetbrains/kotlin/ir/declarations/lazy/IrLazyDeclarationBase$DefaultImpls
instanceKlass org/jetbrains/kotlin/ir/util/DeserializableClass
instanceKlass org/jetbrains/kotlin/ir/declarations/lazy/IrLazyDeclarationBase
instanceKlass org/jetbrains/kotlin/ir/util/ExternalDependenciesGenerator
instanceKlass org/jetbrains/kotlin/psi2ir/intermediate/DelegatedLocalPropertyLValue
instanceKlass org/jetbrains/kotlin/ir/expressions/impl/IrFunctionReferenceImpl$Companion
instanceKlass  @bci org/jetbrains/kotlin/psi2ir/generators/ReflectionReferencesGenerator generateCallableReference (Lorg/jetbrains/kotlin/psi/KtCallableReferenceExpression;)Lorg/jetbrains/kotlin/ir/expressions/IrExpression; 175 <appendix> member <vmtarget> ; # org/jetbrains/kotlin/psi2ir/generators/ReflectionReferencesGenerator$$Lambda+0x000000010091e7e8
instanceKlass org/jetbrains/kotlin/psi2ir/intermediate/RematerializableValueKt
instanceKlass org/jetbrains/kotlin/ir/expressions/IrStatementOrigin$COMPONENT_N$Companion
instanceKlass  @bci org/jetbrains/kotlin/psi2ir/generators/CallGenerator generateEnumConstructorSuperCall (IILorg/jetbrains/kotlin/psi2ir/intermediate/CallBuilder;)Lorg/jetbrains/kotlin/ir/expressions/IrExpression; 113 <adapter> ; # java/lang/invoke/LambdaForm$MH+0x000000010091cc00
# instanceKlass java/lang/invoke/LambdaForm$DMH+0x000000010091c800
instanceKlass  @bci org/jetbrains/kotlin/psi2ir/generators/CallGenerator generateEnumConstructorSuperCall (IILorg/jetbrains/kotlin/psi2ir/intermediate/CallBuilder;)Lorg/jetbrains/kotlin/ir/expressions/IrExpression; 113 <appendix> form vmentry <vmtarget> ; # java/lang/invoke/LambdaForm$DMH+0x000000010091c400
instanceKlass  @bci org/jetbrains/kotlin/psi2ir/generators/CallGenerator generateEnumConstructorSuperCall (IILorg/jetbrains/kotlin/psi2ir/intermediate/CallBuilder;)Lorg/jetbrains/kotlin/ir/expressions/IrExpression; 113 <appendix> member <vmtarget> ; # org/jetbrains/kotlin/psi2ir/generators/CallGenerator$$Lambda+0x00000001009187e8
instanceKlass  @cpi org/jetbrains/kotlin/psi2ir/generators/CallGenerator 554 form vmentry <vmtarget> ; # java/lang/invoke/LambdaForm$DMH+0x000000010091c000
instanceKlass org/jetbrains/kotlin/ir/expressions/impl/IrEnumConstructorCallImpl$Companion
instanceKlass org/jetbrains/kotlin/psi2ir/intermediate/OnceExpressionValue
instanceKlass org/jetbrains/kotlin/psi2ir/intermediate/ArrayAccessAssignmentReceiver$Companion
instanceKlass org/jetbrains/kotlin/psi2ir/intermediate/ArrayAccessAssignmentReceiver
instanceKlass org/jetbrains/kotlin/psi2ir/generators/ReflectionReferencesGenerator$DelegatedPropertySymbols
instanceKlass org/jetbrains/kotlin/psi2ir/intermediate/BackingFieldLValue
instanceKlass org/jetbrains/kotlin/ir/descriptors/IrPropertyDelegateDescriptor
instanceKlass org/jetbrains/kotlin/ir/descriptors/IrDelegateDescriptor
instanceKlass org/jetbrains/kotlin/ir/symbols/IrTypeAliasSymbol
instanceKlass org/jetbrains/kotlin/ir/types/impl/IrTypeAbbreviationImpl
instanceKlass org/jetbrains/kotlin/ir/types/IrTypeAbbreviation
instanceKlass org/jetbrains/kotlin/psi2ir/intermediate/TransientReceiverValue
instanceKlass org/jetbrains/kotlin/ir/symbols/IrAnonymousInitializerSymbol
instanceKlass org/jetbrains/kotlin/psi2ir/generators/DataClassMembersGenerator$MyDataClassMethodGenerator$irDataClassMembersGenerator$1$Psi2IrHashCodeFunctionInfo
instanceKlass org/jetbrains/kotlin/ir/util/DataClassMembersGenerator$HashCodeFunctionInfo
instanceKlass org/jetbrains/kotlin/ir/types/IrTypeUtilsKt
instanceKlass org/jetbrains/kotlin/ir/util/DataClassMembersGenerator
instanceKlass org/jetbrains/kotlin/backend/common/FunctionsFromAnyGenerator
instanceKlass org/jetbrains/kotlin/psi2ir/intermediate/SafeCallReceiver
instanceKlass  @bci org/jetbrains/kotlin/psi2ir/generators/CallGenerator generateCall (IILorg/jetbrains/kotlin/psi2ir/intermediate/CallBuilder;Lorg/jetbrains/kotlin/ir/expressions/IrStatementOrigin;)Lorg/jetbrains/kotlin/ir/expressions/IrExpression; 133 <adapter> ; # java/lang/invoke/LambdaForm$MH+0x000000010090cc00
# instanceKlass java/lang/invoke/LambdaForm$DMH+0x000000010090c800
instanceKlass  @bci org/jetbrains/kotlin/psi2ir/generators/CallGenerator generateCall (IILorg/jetbrains/kotlin/psi2ir/intermediate/CallBuilder;Lorg/jetbrains/kotlin/ir/expressions/IrStatementOrigin;)Lorg/jetbrains/kotlin/ir/expressions/IrExpression; 133 <appendix> form vmentry <vmtarget> ; # java/lang/invoke/LambdaForm$DMH+0x000000010090c400
instanceKlass  @bci org/jetbrains/kotlin/psi2ir/generators/CallGenerator generateCall (IILorg/jetbrains/kotlin/psi2ir/intermediate/CallBuilder;Lorg/jetbrains/kotlin/ir/expressions/IrStatementOrigin;)Lorg/jetbrains/kotlin/ir/expressions/IrExpression; 133 <appendix> member <vmtarget> ; # org/jetbrains/kotlin/psi2ir/generators/CallGenerator$$Lambda+0x00000001009086b8
instanceKlass  @cpi org/jetbrains/kotlin/psi2ir/generators/CallGenerator 171 form vmentry <vmtarget> ; # java/lang/invoke/LambdaForm$DMH+0x000000010090c000
instanceKlass org/jetbrains/kotlin/psi2ir/generators/CallGeneratorKt
instanceKlass org/jetbrains/kotlin/psi2ir/transformations/InsertImplicitCasts$WhenMappings
instanceKlass org/jetbrains/kotlin/mpp/K1SyntheticClassifierSymbolMarker
instanceKlass org/jetbrains/kotlin/config/JvmClosureGenerationScheme$Companion
instanceKlass org/jetbrains/kotlin/ir/declarations/IrFactoryHelpersKt
instanceKlass org/jetbrains/kotlin/ir/symbols/IrEnumEntrySymbol
instanceKlass org/jetbrains/kotlin/mpp/EnumEntrySymbolMarker
instanceKlass org/jetbrains/kotlin/resolve/lazy/descriptors/LazyAnnotationsKt
instanceKlass org/jetbrains/kotlin/psi2ir/generators/AnnotationGenerator
instanceKlass org/jetbrains/kotlin/psi2ir/transformations/InsertImplicitCasts$postprocessReturnExpressions$1
instanceKlass org/jetbrains/kotlin/ir/util/TransformKt
instanceKlass org/jetbrains/kotlin/ir/visitors/IrElementTransformerVoidKt
instanceKlass org/jetbrains/kotlin/ir/visitors/IrElementTransformerVoid
instanceKlass org/jetbrains/kotlin/ir/visitors/IrElementTransformer
instanceKlass org/jetbrains/kotlin/psi2ir/transformations/InsertImplicitCastsKt
instanceKlass org/jetbrains/kotlin/psi2ir/generators/StandaloneDeclarationGenerator
instanceKlass org/jetbrains/kotlin/psi2ir/generators/SyntheticDeclarationsGenerator$Companion
instanceKlass org/jetbrains/kotlin/psi2ir/generators/SyntheticDeclarationsGenerator
instanceKlass org/jetbrains/kotlin/psi2ir/generators/IrSyntheticDeclarationGenerator
instanceKlass org/jetbrains/kotlin/ir/util/DeclarationParentsVisitor
instanceKlass org/jetbrains/kotlin/ir/util/PatchDeclarationParentsKt
instanceKlass org/jetbrains/kotlin/types/CommonFlexibleTypeBoundsChecker
instanceKlass org/jetbrains/kotlin/types/FlexibleTypeBoundsChecker
instanceKlass org/jetbrains/kotlin/ir/util/ScopedTypeParametersResolver
instanceKlass org/jetbrains/kotlin/ir/util/TypeParametersResolver
instanceKlass org/jetbrains/kotlin/ir/util/OriginalDescriptorsKt
instanceKlass org/jetbrains/kotlin/ir/types/impl/IrTypeProjectionImpl
instanceKlass org/jetbrains/kotlin/ir/builders/PrimitivesKt
instanceKlass kotlin/collections/SlidingWindowKt
instanceKlass org/jetbrains/kotlin/ir/builders/ExpressionHelpersKt
instanceKlass  @bci org/jetbrains/kotlin/psi2ir/intermediate/CallBuilderKt$setExplicitReceiverValue$1 call (Lorg/jetbrains/kotlin/psi2ir/intermediate/CallExpressionBuilder;)Lorg/jetbrains/kotlin/ir/expressions/IrExpression; 19 <appendix> member <vmtarget> ; # org/jetbrains/kotlin/psi2ir/intermediate/CallBuilderKt$setExplicitReceiverValue$1$$Lambda+0x00000001008f2dc8
instanceKlass org/jetbrains/kotlin/psi2ir/intermediate/CallBuilderKt$setExplicitReceiverValue$1
instanceKlass org/jetbrains/kotlin/ir/types/impl/IrStarProjectionImpl
instanceKlass org/jetbrains/kotlin/ir/types/IrStarProjection
instanceKlass org/jetbrains/kotlin/psi2ir/generators/OperatorExpressionGenerator$WhenMappings
instanceKlass org/jetbrains/kotlin/ir/builders/IrBuilder
instanceKlass org/jetbrains/kotlin/psi2ir/intermediate/VariableLValue
instanceKlass org/jetbrains/kotlin/ir/descriptors/IrLocalDelegatedPropertyDelegateDescriptor
instanceKlass org/jetbrains/kotlin/ir/descriptors/IrLocalDelegateDescriptor
instanceKlass org/jetbrains/kotlin/ir/symbols/IrLocalDelegatedPropertySymbol
instanceKlass  @bci org/jetbrains/kotlin/psi2ir/intermediate/AccessorPropertyLValue store (Lorg/jetbrains/kotlin/ir/expressions/IrExpression;)Lorg/jetbrains/kotlin/ir/expressions/IrExpression; 26 <appendix> member <vmtarget> ; # org/jetbrains/kotlin/psi2ir/intermediate/AccessorPropertyLValue$$Lambda+0x00000001008ebc40
instanceKlass org/jetbrains/kotlin/psi2ir/intermediate/PropertyLValueBase
instanceKlass org/jetbrains/kotlin/psi2ir/intermediate/AssignmentReceiver
instanceKlass  @bci org/jetbrains/kotlin/psi2ir/generators/CallGenerator generatePropertyGetterCall (Lorg/jetbrains/kotlin/descriptors/PropertyDescriptor;IILorg/jetbrains/kotlin/psi2ir/intermediate/CallBuilder;)Lorg/jetbrains/kotlin/ir/expressions/IrExpression; 164 <adapter> ; # java/lang/invoke/LambdaForm$MH+0x00000001008ecc00
# instanceKlass java/lang/invoke/LambdaForm$DMH+0x00000001008ec800
instanceKlass  @bci org/jetbrains/kotlin/psi2ir/generators/CallGenerator generatePropertyGetterCall (Lorg/jetbrains/kotlin/descriptors/PropertyDescriptor;IILorg/jetbrains/kotlin/psi2ir/intermediate/CallBuilder;)Lorg/jetbrains/kotlin/ir/expressions/IrExpression; 164 <appendix> form vmentry <vmtarget> ; # java/lang/invoke/LambdaForm$DMH+0x00000001008ec400
instanceKlass  @bci org/jetbrains/kotlin/psi2ir/generators/CallGenerator generatePropertyGetterCall (Lorg/jetbrains/kotlin/descriptors/PropertyDescriptor;IILorg/jetbrains/kotlin/psi2ir/intermediate/CallBuilder;)Lorg/jetbrains/kotlin/ir/expressions/IrExpression; 164 <appendix> member <vmtarget> ; # org/jetbrains/kotlin/psi2ir/generators/CallGenerator$$Lambda+0x00000001008eb1e0
instanceKlass  @cpi org/jetbrains/kotlin/psi2ir/generators/CallGenerator 599 form vmentry <vmtarget> ; # java/lang/invoke/LambdaForm$DMH+0x00000001008ec000
instanceKlass org/jetbrains/kotlin/psi2ir/intermediate/LValue
instanceKlass org/jetbrains/kotlin/psi2ir/generators/OperatorConventionsKt
instanceKlass org/jetbrains/kotlin/ir/symbols/IrVariableSymbol
instanceKlass  @bci org/jetbrains/kotlin/psi2ir/generators/CallGenerator generateConstructorCall (Lorg/jetbrains/kotlin/descriptors/ClassConstructorDescriptor;IILorg/jetbrains/kotlin/ir/expressions/IrStatementOrigin;Lorg/jetbrains/kotlin/psi2ir/intermediate/CallBuilder;)Lorg/jetbrains/kotlin/ir/expressions/IrExpression; 13 <appendix> member <vmtarget> ; # org/jetbrains/kotlin/psi2ir/generators/CallGenerator$$Lambda+0x00000001008e2d68
instanceKlass org/jetbrains/kotlin/ir/expressions/IrConstKind
instanceKlass org/jetbrains/kotlin/ir/expressions/impl/IrConstImpl$Companion
instanceKlass org/jetbrains/kotlin/ir/expressions/IrStatementOriginImpl
instanceKlass  @bci org/jetbrains/kotlin/psi2ir/intermediate/IrUtilsKt$adjustForCallee$1 call (Lorg/jetbrains/kotlin/psi2ir/intermediate/CallExpressionBuilder;)Lorg/jetbrains/kotlin/ir/expressions/IrExpression; 15 <appendix> member <vmtarget> ; # org/jetbrains/kotlin/psi2ir/intermediate/IrUtilsKt$adjustForCallee$1$$Lambda+0x00000001008e14d0
instanceKlass  @bci org/jetbrains/kotlin/psi2ir/generators/CallGenerator generatePropertyGetterCall (Lorg/jetbrains/kotlin/descriptors/PropertyDescriptor;IILorg/jetbrains/kotlin/psi2ir/intermediate/CallBuilder;)Lorg/jetbrains/kotlin/ir/expressions/IrExpression; 238 <adapter> ; # java/lang/invoke/LambdaForm$MH+0x00000001008e5c00
# instanceKlass java/lang/invoke/LambdaForm$DMH+0x00000001008e5800
instanceKlass  @bci org/jetbrains/kotlin/psi2ir/generators/CallGenerator generatePropertyGetterCall (Lorg/jetbrains/kotlin/descriptors/PropertyDescriptor;IILorg/jetbrains/kotlin/psi2ir/intermediate/CallBuilder;)Lorg/jetbrains/kotlin/ir/expressions/IrExpression; 238 <appendix> form vmentry <vmtarget> ; # java/lang/invoke/LambdaForm$DMH+0x00000001008e5400
instanceKlass  @bci org/jetbrains/kotlin/psi2ir/generators/CallGenerator generatePropertyGetterCall (Lorg/jetbrains/kotlin/descriptors/PropertyDescriptor;IILorg/jetbrains/kotlin/psi2ir/intermediate/CallBuilder;)Lorg/jetbrains/kotlin/ir/expressions/IrExpression; 238 <appendix> member <vmtarget> ; # org/jetbrains/kotlin/psi2ir/generators/CallGenerator$$Lambda+0x00000001008e1278
instanceKlass  @cpi org/jetbrains/kotlin/psi2ir/generators/CallGenerator 615 form vmentry <vmtarget> ; # java/lang/invoke/LambdaForm$DMH+0x00000001008e5000
instanceKlass org/jetbrains/kotlin/psi2ir/intermediate/IrUtilsKt$adjustForCallee$1
instanceKlass org/jetbrains/kotlin/psi2ir/intermediate/IrUtilsKt
instanceKlass org/jetbrains/kotlin/ir/expressions/impl/IrCallImpl$Companion
instanceKlass  @bci org/jetbrains/kotlin/psi2ir/generators/CallGenerator generateFunctionCall$ir_psi2ir (Lorg/jetbrains/kotlin/descriptors/FunctionDescriptor;IILorg/jetbrains/kotlin/ir/expressions/IrStatementOrigin;Lorg/jetbrains/kotlin/psi2ir/intermediate/CallBuilder;)Lorg/jetbrains/kotlin/ir/expressions/IrExpression; 22 <adapter> ; # java/lang/invoke/LambdaForm$MH+0x00000001008e4c00
# instanceKlass java/lang/invoke/LambdaForm$DMH+0x00000001008e4800
instanceKlass  @bci org/jetbrains/kotlin/psi2ir/generators/CallGenerator generateFunctionCall$ir_psi2ir (Lorg/jetbrains/kotlin/descriptors/FunctionDescriptor;IILorg/jetbrains/kotlin/ir/expressions/IrStatementOrigin;Lorg/jetbrains/kotlin/psi2ir/intermediate/CallBuilder;)Lorg/jetbrains/kotlin/ir/expressions/IrExpression; 22 <appendix> form vmentry <vmtarget> ; # java/lang/invoke/LambdaForm$DMH+0x00000001008e4400
instanceKlass  @bci org/jetbrains/kotlin/psi2ir/generators/CallGenerator generateFunctionCall$ir_psi2ir (Lorg/jetbrains/kotlin/descriptors/FunctionDescriptor;IILorg/jetbrains/kotlin/ir/expressions/IrStatementOrigin;Lorg/jetbrains/kotlin/psi2ir/intermediate/CallBuilder;)Lorg/jetbrains/kotlin/ir/expressions/IrExpression; 22 <appendix> member <vmtarget> ; # org/jetbrains/kotlin/psi2ir/generators/CallGenerator$$Lambda+0x00000001008e0230
instanceKlass  @cpi org/jetbrains/kotlin/psi2ir/generators/CallGenerator 652 form vmentry <vmtarget> ; # java/lang/invoke/LambdaForm$DMH+0x00000001008e4000
instanceKlass org/jetbrains/kotlin/ir/expressions/IrStatementOrigin
instanceKlass org/jetbrains/kotlin/psi2ir/intermediate/ExpressionValue
instanceKlass org/jetbrains/kotlin/psi2ir/generators/PropertyGeneratorKt
instanceKlass org/jetbrains/kotlin/ir/util/OverridesKt
instanceKlass org/jetbrains/kotlin/ir/symbols/IrFieldSymbol
instanceKlass org/jetbrains/kotlin/mpp/FieldSymbolMarker
instanceKlass org/jetbrains/kotlin/resolve/ResolveUtilKt
instanceKlass org/jetbrains/kotlin/ir/declarations/MetadataSource$Property
instanceKlass org/jetbrains/kotlin/ir/symbols/IrPropertySymbol
instanceKlass org/jetbrains/kotlin/ir/declarations/IrDeclarationsKt
instanceKlass org/jetbrains/kotlin/ir/expressions/IrExpressionsKt
instanceKlass org/jetbrains/kotlin/ir/expressions/impl/IrDelegatingConstructorCallImpl$Companion
instanceKlass  @bci org/jetbrains/kotlin/psi2ir/generators/CallGenerator generateDelegatingConstructorCall (IILorg/jetbrains/kotlin/psi2ir/intermediate/CallBuilder;)Lorg/jetbrains/kotlin/ir/expressions/IrExpression; 14 <adapter> ; # java/lang/invoke/LambdaForm$MH+0x00000001008d8c00
# instanceKlass java/lang/invoke/LambdaForm$DMH+0x00000001008d8800
instanceKlass  @bci org/jetbrains/kotlin/psi2ir/generators/CallGenerator generateDelegatingConstructorCall (IILorg/jetbrains/kotlin/psi2ir/intermediate/CallBuilder;)Lorg/jetbrains/kotlin/ir/expressions/IrExpression; 14 <appendix> form vmentry <vmtarget> ; # java/lang/invoke/LambdaForm$DMH+0x00000001008d8400
instanceKlass  @bci org/jetbrains/kotlin/psi2ir/generators/CallGenerator generateDelegatingConstructorCall (IILorg/jetbrains/kotlin/psi2ir/intermediate/CallBuilder;)Lorg/jetbrains/kotlin/ir/expressions/IrExpression; 14 <appendix> member <vmtarget> ; # org/jetbrains/kotlin/psi2ir/generators/CallGenerator$$Lambda+0x00000001008d6c20
instanceKlass  @cpi org/jetbrains/kotlin/psi2ir/generators/CallGenerator 525 form vmentry <vmtarget> ; # java/lang/invoke/LambdaForm$DMH+0x00000001008d8000
instanceKlass org/jetbrains/kotlin/psi2ir/intermediate/IntermediateValue
instanceKlass org/jetbrains/kotlin/psi2ir/intermediate/CallExpressionBuilder
instanceKlass org/jetbrains/kotlin/psi2ir/generators/StatementGeneratorExtension
instanceKlass org/jetbrains/kotlin/psi2ir/intermediate/CallBuilderKt
instanceKlass org/jetbrains/kotlin/psi2ir/intermediate/SimpleCallReceiver
instanceKlass org/jetbrains/kotlin/psi2ir/intermediate/CallReceiver
instanceKlass org/jetbrains/kotlin/psi2ir/intermediate/CallBuilder
instanceKlass org/jetbrains/kotlin/descriptors/synthetic/FunctionInterfaceAdapterExtensionFunctionDescriptor
instanceKlass org/jetbrains/kotlin/psi2ir/generators/SamConversionsKt
instanceKlass org/jetbrains/kotlin/psi2ir/generators/ArgumentsGenerationUtilsKt
instanceKlass org/jetbrains/kotlin/psi2ir/generators/GeneratorKt
instanceKlass org/jetbrains/kotlin/psi2ir/generators/BodyGenerator$WhenMappings
instanceKlass org/jetbrains/kotlin/ir/expressions/IrStatementContainer
instanceKlass org/jetbrains/kotlin/ir/builders/Scope
instanceKlass org/jetbrains/kotlin/psi2ir/generators/BodyGenerator
instanceKlass org/jetbrains/kotlin/psi2ir/generators/LoopResolver
instanceKlass org/jetbrains/kotlin/psi2ir/generators/GeneratorWithScope
instanceKlass org/jetbrains/kotlin/ir/builders/IrGeneratorWithScope
instanceKlass org/jetbrains/kotlin/psi2ir/generators/DeclarationGeneratorKt
instanceKlass org/jetbrains/kotlin/ir/declarations/MetadataSource$Function
instanceKlass org/jetbrains/kotlin/psi2ir/KotlinUtilsKt
instanceKlass org/jetbrains/kotlin/ir/util/SymbolTableSlice$Scoped$SliceScope
instanceKlass org/jetbrains/kotlin/ir/declarations/MetadataSource$Class
instanceKlass org/jetbrains/kotlin/ir/util/DescriptorToIrUtilKt
instanceKlass org/jetbrains/kotlin/ir/builders/IrGeneratorContext$DefaultImpls
instanceKlass org/jetbrains/kotlin/psi2ir/generators/DeclarationStartOffsetKt
instanceKlass org/jetbrains/kotlin/psi2ir/generators/DeclarationGeneratorExtension
instanceKlass  @bci org/jetbrains/kotlin/backend/common/CodegenUtil getMemberDeclarationsToGenerate (Lorg/jetbrains/kotlin/psi/KtFile;)Ljava/util/List; 11 <appendix> member <vmtarget> ; # org/jetbrains/kotlin/backend/common/CodegenUtil$$Lambda+0x00000001008cfa40
instanceKlass org/jetbrains/kotlin/backend/common/CodegenUtil
instanceKlass org/jetbrains/kotlin/ir/declarations/DescriptorMetadataSource
instanceKlass org/jetbrains/kotlin/ir/declarations/MetadataSource$File
instanceKlass org/jetbrains/kotlin/ir/declarations/MetadataSource
instanceKlass org/jetbrains/kotlin/ir/symbols/IrFileSymbol
instanceKlass org/jetbrains/kotlin/com/google/common/base/ExtraObjectsMethodsForWeb
instanceKlass org/jetbrains/kotlin/resolve/lazy/descriptors/PackageDescriptorUtilKt
instanceKlass org/jetbrains/kotlin/ir/PsiIrFileEntry
instanceKlass org/jetbrains/kotlin/ir/IrFileEntry
instanceKlass org/jetbrains/kotlin/psi2ir/generators/DeclarationGenerator
instanceKlass org/jetbrains/kotlin/psi2ir/generators/ModuleGenerator
instanceKlass org/jetbrains/kotlin/psi2ir/generators/Generator
instanceKlass org/jetbrains/kotlin/ir/builders/IrGenerator
instanceKlass org/jetbrains/kotlin/psi2ir/generators/DeclarationStubGeneratorForNotFoundClasses
instanceKlass org/jetbrains/kotlin/backend/common/serialization/DeclarationTableKt
instanceKlass org/jetbrains/kotlin/library/KotlinAbiVersion$Companion
instanceKlass org/jetbrains/kotlin/library/KotlinAbiVersion
instanceKlass org/jetbrains/kotlin/backend/common/serialization/IrModuleDeserializer
instanceKlass org/jetbrains/kotlin/library/metadata/KlibModuleOrigin$Companion
instanceKlass org/jetbrains/kotlin/library/metadata/KlibModuleOrigin
instanceKlass  @bci org/jetbrains/kotlin/backend/jvm/JvmIrCodegenFactory convertToIr (Lorg/jetbrains/kotlin/codegen/CodegenFactory$IrConversionInput;)Lorg/jetbrains/kotlin/backend/jvm/JvmIrCodegenFactory$JvmIrBackendInput; 666 <appendix> member <vmtarget> ; # org/jetbrains/kotlin/backend/jvm/JvmIrCodegenFactory$$Lambda+0x00000001008ca898
instanceKlass org/jetbrains/kotlin/psi2ir/Psi2IrPostprocessingStep
instanceKlass org/jetbrains/kotlin/backend/common/extensions/IrPluginContextImpl
instanceKlass org/jetbrains/kotlin/backend/common/extensions/IrPluginContext
instanceKlass org/jetbrains/kotlin/psi/synthetics/SyntheticClassOrObjectDescriptorKt
instanceKlass org/jetbrains/kotlin/psi2ir/preprocessing/SourceDeclarationsPreprocessor
instanceKlass org/jetbrains/kotlin/backend/common/serialization/signature/IdSignatureSerializer
instanceKlass org/jetbrains/kotlin/backend/common/serialization/IdSignatureClashTracker$Companion$DEFAULT_TRACKER$1
instanceKlass org/jetbrains/kotlin/backend/common/serialization/IdSignatureClashTracker$Companion
instanceKlass org/jetbrains/kotlin/backend/common/serialization/IdSignatureClashTracker
instanceKlass org/jetbrains/kotlin/backend/common/serialization/GlobalDeclarationTable
instanceKlass org/jetbrains/kotlin/backend/common/serialization/DeclarationTable
instanceKlass org/jetbrains/kotlin/backend/common/overrides/DefaultFakeOverrideClassFilter
instanceKlass org/jetbrains/kotlin/backend/common/overrides/FakeOverrideClassFilter
instanceKlass org/jetbrains/kotlin/backend/common/linkage/partial/PartialLinkageSupportForLinker$Companion$DISABLED$1
instanceKlass org/jetbrains/kotlin/backend/common/linkage/partial/PartialLinkageSupportForLinker$Companion
instanceKlass org/jetbrains/kotlin/backend/common/linkage/partial/PartialLinkageSupportForLinker
instanceKlass org/jetbrains/kotlin/backend/common/serialization/IrInterningService
instanceKlass org/jetbrains/kotlin/backend/jvm/JvmIrTypeSystemContext
instanceKlass org/jetbrains/kotlin/backend/common/serialization/KotlinIrLinker
instanceKlass org/jetbrains/kotlin/ir/linkage/IrDeserializer
instanceKlass org/jetbrains/kotlin/backend/common/overrides/FileLocalAwareLinker
instanceKlass org/jetbrains/kotlin/backend/jvm/JvmIrCodegenFactory$convertToIr$frontEndContext$1
instanceKlass org/jetbrains/kotlin/ir/builders/TranslationPluginContext
instanceKlass kotlin/ULong$Companion
instanceKlass kotlin/ULong
instanceKlass org/jetbrains/kotlin/backend/common/serialization/CityHashKt
instanceKlass org/jetbrains/kotlin/backend/common/serialization/mangle/MangleUtilsKt
instanceKlass org/jetbrains/kotlin/backend/common/serialization/mangle/MangleConstant$Companion
instanceKlass org/jetbrains/kotlin/backend/common/serialization/mangle/ir/IrMangleComputer$Visitor
instanceKlass org/jetbrains/kotlin/backend/common/serialization/mangle/BaseKotlinMangleComputer
instanceKlass org/jetbrains/kotlin/backend/common/serialization/mangle/KotlinMangleComputer
instanceKlass org/jetbrains/kotlin/ir/visitors/IrElementVisitorVoid$DefaultImpls
instanceKlass org/jetbrains/kotlin/ir/visitors/IrVisitorsKt
instanceKlass org/jetbrains/kotlin/backend/common/serialization/mangle/ir/IrExportCheckerVisitorKt
instanceKlass org/jetbrains/kotlin/ir/visitors/IrElementVisitor$DefaultImpls
instanceKlass org/jetbrains/kotlin/backend/common/serialization/mangle/ir/IrExportCheckerVisitor$Checker
instanceKlass org/jetbrains/kotlin/backend/common/serialization/mangle/ir/IrExportCheckerVisitor$CompatibleChecker
instanceKlass org/jetbrains/kotlin/backend/common/serialization/mangle/ir/IrExportCheckerVisitor
instanceKlass org/jetbrains/kotlin/backend/common/serialization/mangle/KotlinExportChecker
instanceKlass org/jetbrains/kotlin/ir/util/IdSignature
instanceKlass org/jetbrains/kotlin/backend/common/serialization/signature/IdSignatureBuilder
instanceKlass org/jetbrains/kotlin/ir/visitors/IrElementVisitorVoid
instanceKlass org/jetbrains/kotlin/ir/visitors/IrElementVisitor
instanceKlass org/jetbrains/kotlin/ir/util/KotlinMangler$IrMangler
instanceKlass org/jetbrains/kotlin/backend/common/serialization/signature/PublicIdSignatureComputer
instanceKlass org/jetbrains/kotlin/backend/common/serialization/signature/IdSignatureComputer
instanceKlass org/jetbrains/kotlin/backend/common/serialization/DescriptorByIdSignatureFinderImpl
instanceKlass org/jetbrains/kotlin/ir/util/DescriptorByIdSignatureFinder
instanceKlass org/jetbrains/kotlin/ir/util/DeclarationStubGenerator
instanceKlass org/jetbrains/kotlin/ir/linkage/IrProvider
instanceKlass org/jetbrains/kotlin/backend/common/SamTypeApproximator
instanceKlass org/jetbrains/kotlin/psi2ir/generators/DescriptorStorageForContextReceivers
instanceKlass org/jetbrains/kotlin/ir/util/EmptyArraysForMemberAccessKt
instanceKlass org/jetbrains/kotlin/ir/util/AdditionalIrUtilsKt
instanceKlass org/jetbrains/kotlin/ir/descriptors/IrBasedDescriptorsKt
instanceKlass org/jetbrains/kotlin/ir/expressions/impl/IrConstructorCallImpl$Companion
instanceKlass org/jetbrains/kotlin/ir/expressions/IrVarargElement
instanceKlass org/jetbrains/kotlin/ir/symbols/IrSimpleFunctionSymbol
instanceKlass org/jetbrains/kotlin/ir/descriptors/IrBuiltinValueParameterDescriptor
instanceKlass org/jetbrains/kotlin/ir/descriptors/IrBuiltinOperatorDescriptor
instanceKlass org/jetbrains/kotlin/ir/symbols/FqNameEqualityChecker
instanceKlass org/jetbrains/kotlin/ir/symbols/IrClassifierEqualityChecker
instanceKlass org/jetbrains/kotlin/ir/linkage/partial/IrUnimplementedOverridesStrategy$ProcessAsFakeOverrides
instanceKlass org/jetbrains/kotlin/ir/linkage/partial/IrUnimplementedOverridesStrategy
instanceKlass org/jetbrains/kotlin/ir/overrides/FakeOverrideBuilderStrategy
instanceKlass org/jetbrains/kotlin/ir/overrides/IrOverridingUtil
instanceKlass org/jetbrains/kotlin/ir/types/IrTypeSystemContextImpl
instanceKlass org/jetbrains/kotlin/ir/types/IrTypeSystemContext
instanceKlass org/jetbrains/kotlin/ir/types/impl/IrTypeBaseKt
instanceKlass org/jetbrains/kotlin/ir/types/impl/IrSimpleTypeImplKt
instanceKlass org/jetbrains/kotlin/ir/descriptors/IrBasedDeclarationDescriptor
instanceKlass org/jetbrains/kotlin/ir/util/StubGeneratorExtensions$EnhancedNullability
instanceKlass org/jetbrains/kotlin/ir/types/impl/IrSimpleTypeBuilder
instanceKlass org/jetbrains/kotlin/ir/descriptors/IrBuiltinsPackageFragmentDescriptorImpl
instanceKlass org/jetbrains/kotlin/psi2ir/generators/GeneratorContext
instanceKlass org/jetbrains/kotlin/ir/builders/IrGeneratorContext
instanceKlass org/jetbrains/kotlin/ir/builders/IrGeneratorContextInterface
instanceKlass org/jetbrains/kotlin/ir/util/ConstantValueGenerator
instanceKlass org/jetbrains/kotlin/ir/util/TypeTranslator
instanceKlass org/jetbrains/kotlin/psi2ir/Psi2IrConfiguration
instanceKlass org/jetbrains/kotlin/psi2ir/Psi2IrTranslator
instanceKlass org/jetbrains/kotlin/ir/util/IrMessageLoggerKt
instanceKlass org/jetbrains/kotlin/utils/ThreadLocalDelegate
instanceKlass org/jetbrains/kotlin/utils/ThreadLocalKt
instanceKlass org/jetbrains/kotlin/ir/util/ReferenceSymbolTableExtension
instanceKlass org/jetbrains/kotlin/ir/declarations/lazy/IrLazySymbolTable
instanceKlass org/jetbrains/kotlin/ir/util/SymbolTableSlice
instanceKlass org/jetbrains/kotlin/ir/util/SymbolTableKt
instanceKlass org/jetbrains/kotlin/ir/IrLock
instanceKlass org/jetbrains/kotlin/ir/util/NameProvider$DEFAULT
instanceKlass org/jetbrains/kotlin/ir/util/NameProvider
instanceKlass org/jetbrains/kotlin/ir/util/SymbolTable
instanceKlass org/jetbrains/kotlin/ir/util/ReferenceSymbolTable
instanceKlass org/jetbrains/kotlin/backend/jvm/serialization/DisabledDescriptorMangler
instanceKlass org/jetbrains/kotlin/backend/common/serialization/signature/IdSignatureDescriptor
instanceKlass org/jetbrains/kotlin/ir/util/IdSignatureComposer
instanceKlass org/jetbrains/kotlin/backend/common/serialization/mangle/AbstractKotlinMangler
instanceKlass org/jetbrains/kotlin/ir/util/KotlinMangler$DescriptorMangler
instanceKlass org/jetbrains/kotlin/ir/util/KotlinMangler
instanceKlass org/jetbrains/kotlin/codegen/CodegenFactory$IrConversionInput$Companion
instanceKlass org/jetbrains/kotlin/codegen/CodegenFactory$IrConversionInput
instanceKlass org/jetbrains/kotlin/backend/jvm/JvmIrCodegenFactory$IdeCodegenSettings
instanceKlass org/jetbrains/kotlin/ir/symbols/IrConstructorSymbol
instanceKlass org/jetbrains/kotlin/ir/symbols/IrFunctionSymbol
instanceKlass org/jetbrains/kotlin/ir/symbols/IrReturnTargetSymbol
instanceKlass org/jetbrains/kotlin/ir/declarations/IrValueDeclaration
instanceKlass org/jetbrains/kotlin/ir/symbols/IrValueParameterSymbol
instanceKlass org/jetbrains/kotlin/ir/symbols/IrValueSymbol
instanceKlass org/jetbrains/kotlin/ir/symbols/IrTypeParameterSymbol
instanceKlass org/jetbrains/kotlin/ir/types/IrType
instanceKlass org/jetbrains/kotlin/ir/types/IrTypeProjection
instanceKlass org/jetbrains/kotlin/ir/types/IrTypeArgument
instanceKlass org/jetbrains/kotlin/ir/types/SimpleTypeNullability$Companion
instanceKlass org/jetbrains/kotlin/ir/types/IrTypesKt
instanceKlass org/jetbrains/kotlin/ir/declarations/IrFactory$DefaultImpls
instanceKlass org/jetbrains/kotlin/ir/symbols/impl/IrSymbolBase
instanceKlass org/jetbrains/kotlin/ir/symbols/IrClassSymbol
instanceKlass org/jetbrains/kotlin/ir/symbols/IrClassifierSymbol
instanceKlass org/jetbrains/kotlin/ir/builders/declarations/DeclarationBuildersKt
instanceKlass org/jetbrains/kotlin/ir/builders/IrElementBuilder
instanceKlass org/jetbrains/kotlin/ir/util/IrUtilsKt
instanceKlass org/jetbrains/kotlin/backend/jvm/JvmSymbols$Companion
instanceKlass org/jetbrains/kotlin/backend/common/ir/Symbols$Companion
instanceKlass org/jetbrains/kotlin/backend/common/ir/BuiltinSymbolsBase
instanceKlass org/jetbrains/kotlin/ir/declarations/IrDeclarationOriginImpl
instanceKlass org/jetbrains/kotlin/ir/declarations/IrDeclarationOrigin
instanceKlass org/jetbrains/kotlin/ir/IrBuiltIns$Companion
instanceKlass org/jetbrains/kotlin/ir/IrBuiltIns
instanceKlass org/jetbrains/kotlin/ir/symbols/impl/DescriptorlessExternalPackageFragmentSymbol
instanceKlass org/jetbrains/kotlin/ir/symbols/IrExternalPackageFragmentSymbol
instanceKlass org/jetbrains/kotlin/ir/symbols/IrPackageFragmentSymbol
instanceKlass org/jetbrains/kotlin/ir/symbols/IrBindableSymbol
instanceKlass org/jetbrains/kotlin/ir/symbols/IrSymbol
instanceKlass org/jetbrains/kotlin/ir/declarations/impl/IrExternalPackageFragmentImpl$Companion
instanceKlass org/jetbrains/kotlin/ir/declarations/IrDeclarationContainer
instanceKlass org/jetbrains/kotlin/psi2ir/generators/GeneratorExtensions$SamConversion
instanceKlass org/jetbrains/kotlin/ir/declarations/StageController
instanceKlass org/jetbrains/kotlin/ir/declarations/impl/AbstractIrFactoryImpl
instanceKlass org/jetbrains/kotlin/ir/declarations/IrFactory
instanceKlass org/jetbrains/kotlin/backend/jvm/CachedFieldsForObjectInstances
instanceKlass org/jetbrains/kotlin/ir/util/StubGeneratorExtensions$Companion
instanceKlass org/jetbrains/kotlin/ir/util/StubGeneratorExtensions
instanceKlass org/jetbrains/kotlin/backend/jvm/JvmGeneratorExtensions
instanceKlass org/jetbrains/kotlin/codegen/CodegenFactory$Companion
instanceKlass org/jetbrains/kotlin/backend/jvm/JvmIrCodegenFactory
instanceKlass org/jetbrains/kotlin/codegen/CodegenFactory
instanceKlass org/jetbrains/kotlin/cli/common/CodeAnalysisMeasurement
instanceKlass org/jetbrains/kotlin/cli/common/PerformanceMeasurement
instanceKlass org/jetbrains/kotlin/renderer/DescriptorRendererImpl$RenderDeclarationDescriptorVisitor$WhenMappings
instanceKlass org/jetbrains/kotlin/renderer/DescriptorRendererImpl$WhenMappings
instanceKlass org/jetbrains/kotlin/descriptors/PossiblyInnerType
instanceKlass org/jetbrains/kotlin/diagnostics/rendering/AdaptiveClassifierNamePolicy
instanceKlass org/jetbrains/kotlin/diagnostics/rendering/RenderingContext$Key
instanceKlass org/jetbrains/kotlin/diagnostics/rendering/AdaptiveClassifierNamePolicyKt
instanceKlass org/jetbrains/kotlin/cli/common/messages/GroupingMessageCollector$Message
instanceKlass org/jetbrains/kotlin/cli/common/messages/CompilerMessageLocationWithRange$Companion
instanceKlass org/jetbrains/kotlin/cli/common/messages/CompilerMessageLocationWithRange
instanceKlass org/jetbrains/kotlin/cli/common/messages/CompilerMessageSourceLocation
instanceKlass org/jetbrains/kotlin/cli/common/messages/MessageUtil
instanceKlass org/jetbrains/kotlin/com/intellij/openapi/util/text/LineTokenizer
instanceKlass org/jetbrains/kotlin/it/unimi/dsi/fastutil/bytes/ByteArrays$ArrayHashStrategy
instanceKlass org/jetbrains/kotlin/it/unimi/dsi/fastutil/bytes/ByteArrays$Segment
instanceKlass org/jetbrains/kotlin/it/unimi/dsi/fastutil/bytes/ByteArrays
instanceKlass org/jetbrains/kotlin/it/unimi/dsi/fastutil/bytes/ByteListIterator
instanceKlass org/jetbrains/kotlin/it/unimi/dsi/fastutil/bytes/ByteBidirectionalIterator
instanceKlass org/jetbrains/kotlin/it/unimi/dsi/fastutil/bytes/ByteSpliterator
instanceKlass org/jetbrains/kotlin/it/unimi/dsi/fastutil/bytes/ByteIterator
instanceKlass org/jetbrains/kotlin/com/intellij/openapi/editor/ex/LineIterator
instanceKlass org/jetbrains/kotlin/it/unimi/dsi/fastutil/bytes/ByteList
instanceKlass org/jetbrains/kotlin/it/unimi/dsi/fastutil/bytes/ByteCollection
instanceKlass org/jetbrains/kotlin/it/unimi/dsi/fastutil/bytes/ByteIterable
instanceKlass org/jetbrains/kotlin/com/intellij/openapi/editor/impl/LineSet
instanceKlass org/jetbrains/kotlin/diagnostics/PsiDiagnosticUtils
instanceKlass org/jetbrains/kotlin/diagnostics/PsiDiagnosticUtils$LineAndColumn
instanceKlass org/jetbrains/kotlin/diagnostics/PsiDiagnosticUtils$LineAndColumnRange
instanceKlass org/jetbrains/kotlin/cli/common/messages/AnalyzerWithCompilerReport$Companion$WhenMappings
instanceKlass java/text/AttributedCharacterIterator$Attribute
instanceKlass java/util/Date
instanceKlass java/text/FieldPosition
instanceKlass org/jetbrains/kotlin/diagnostics/rendering/RenderingContext$Companion
instanceKlass  @bci org/jetbrains/kotlin/diagnostics/rendering/DefaultErrorMessages getRendererForDiagnostic (Lorg/jetbrains/kotlin/diagnostics/UnboundDiagnostic;)Lorg/jetbrains/kotlin/diagnostics/rendering/DiagnosticRenderer; 12 <appendix> member <vmtarget> ; # org/jetbrains/kotlin/diagnostics/rendering/DefaultErrorMessages$$Lambda+0x000000010088b558
instanceKlass java/lang/invoke/DirectMethodHandle$1
instanceKlass  @bci org/jetbrains/kotlin/diagnostics/rendering/DefaultErrorMessages <clinit> ()V 11641 <appendix> argL0 ; # org/jetbrains/kotlin/diagnostics/rendering/DefaultErrorMessages$$Lambda+0x000000010088b308
instanceKlass  @bci org/jetbrains/kotlin/diagnostics/rendering/DefaultErrorMessages <clinit> ()V 11624 <appendix> argL0 ; # org/jetbrains/kotlin/diagnostics/rendering/DefaultErrorMessages$$Lambda+0x000000010088b0b8
instanceKlass  @bci org/jetbrains/kotlin/diagnostics/rendering/DefaultErrorMessages <clinit> ()V 11607 <appendix> argL0 ; # org/jetbrains/kotlin/diagnostics/rendering/DefaultErrorMessages$$Lambda+0x000000010088ae68
instanceKlass org/jetbrains/kotlin/diagnostics/RenderedDiagnostic
instanceKlass  @bci org/jetbrains/kotlin/diagnostics/rendering/DefaultErrorMessages <clinit> ()V 9560 <appendix> argL0 ; # org/jetbrains/kotlin/diagnostics/rendering/DefaultErrorMessages$$Lambda+0x000000010088a9d8
instanceKlass  @bci org/jetbrains/kotlin/diagnostics/rendering/DefaultErrorMessages <clinit> ()V 9540 <appendix> argL0 ; # org/jetbrains/kotlin/diagnostics/rendering/DefaultErrorMessages$$Lambda+0x000000010088a788
instanceKlass  @bci org/jetbrains/kotlin/diagnostics/rendering/DefaultErrorMessages <clinit> ()V 8937 <appendix> argL0 ; # org/jetbrains/kotlin/diagnostics/rendering/DefaultErrorMessages$$Lambda+0x000000010088a538
instanceKlass  @bci org/jetbrains/kotlin/diagnostics/rendering/DefaultErrorMessages <clinit> ()V 8914 <appendix> argL0 ; # org/jetbrains/kotlin/diagnostics/rendering/DefaultErrorMessages$$Lambda+0x000000010088a2e8
instanceKlass  @bci org/jetbrains/kotlin/diagnostics/rendering/DefaultErrorMessages <clinit> ()V 8519 <appendix> argL0 ; # org/jetbrains/kotlin/diagnostics/rendering/DefaultErrorMessages$$Lambda+0x000000010088a098
instanceKlass org/jetbrains/kotlin/resolve/VarianceConflictDiagnosticData
instanceKlass  @bci org/jetbrains/kotlin/diagnostics/rendering/DefaultErrorMessages <clinit> ()V 7983 <appendix> argL0 ; # org/jetbrains/kotlin/diagnostics/rendering/DefaultErrorMessages$$Lambda+0x0000000100889c08
instanceKlass org/jetbrains/kotlin/diagnostics/rendering/LanguageFeatureMessageRenderer
instanceKlass  @bci org/jetbrains/kotlin/diagnostics/rendering/DefaultErrorMessages <clinit> ()V 6212 <appendix> argL0 ; # org/jetbrains/kotlin/diagnostics/rendering/DefaultErrorMessages$$Lambda+0x00000001008894e8
instanceKlass  @bci org/jetbrains/kotlin/diagnostics/rendering/DefaultErrorMessages <clinit> ()V 4472 <appendix> argL0 ; # org/jetbrains/kotlin/diagnostics/rendering/DefaultErrorMessages$$Lambda+0x0000000100889298
instanceKlass org/jetbrains/kotlin/serialization/deserialization/IncompatibleVersionErrorData
instanceKlass  @bci org/jetbrains/kotlin/diagnostics/rendering/DefaultErrorMessages <clinit> ()V 4169 <appendix> argL0 ; # org/jetbrains/kotlin/diagnostics/rendering/DefaultErrorMessages$$Lambda+0x0000000100888e08
instanceKlass  @bci org/jetbrains/kotlin/diagnostics/rendering/DefaultErrorMessages <clinit> ()V 4148 <appendix> argL0 ; # org/jetbrains/kotlin/diagnostics/rendering/DefaultErrorMessages$$Lambda+0x0000000100888bb8
instanceKlass  @bci org/jetbrains/kotlin/diagnostics/rendering/DefaultErrorMessages <clinit> ()V 4130 <appendix> argL0 ; # org/jetbrains/kotlin/diagnostics/rendering/DefaultErrorMessages$$Lambda+0x0000000100888968
instanceKlass org/jetbrains/kotlin/diagnostics/rendering/ExpectActualAnnotationIncompatibilityDiagnosticRenderers
instanceKlass org/jetbrains/kotlin/diagnostics/rendering/ExpectActualScopeDiffRenderer
instanceKlass org/jetbrains/kotlin/diagnostics/rendering/ExpectActualScopeDiffsRenderer$Companion
instanceKlass org/jetbrains/kotlin/diagnostics/rendering/ExpectActualScopeDiffsRenderer
instanceKlass  @bci org/jetbrains/kotlin/diagnostics/rendering/DefaultErrorMessages adaptGenerics2 (Lorg/jetbrains/kotlin/diagnostics/rendering/DiagnosticParameterRenderer;)Lorg/jetbrains/kotlin/diagnostics/rendering/DiagnosticParameterRenderer; 1 <appendix> member <vmtarget> ; # org/jetbrains/kotlin/diagnostics/rendering/DefaultErrorMessages$$Lambda+0x00000001008816e8
instanceKlass org/jetbrains/kotlin/diagnostics/rendering/IncompatibleExpectedActualClassScopesRenderer$Companion
instanceKlass org/jetbrains/kotlin/diagnostics/rendering/IncompatibleExpectedActualClassScopesRenderer
instanceKlass  @bci org/jetbrains/kotlin/diagnostics/rendering/DefaultErrorMessages adaptGenerics1 (Lorg/jetbrains/kotlin/diagnostics/rendering/DiagnosticParameterRenderer;)Lorg/jetbrains/kotlin/diagnostics/rendering/DiagnosticParameterRenderer; 1 <appendix> member <vmtarget> ; # org/jetbrains/kotlin/diagnostics/rendering/DefaultErrorMessages$$Lambda+0x0000000100881000
instanceKlass  @cpi org/jetbrains/kotlin/diagnostics/rendering/DefaultErrorMessages 132 form vmentry <vmtarget> ; # java/lang/invoke/LambdaForm$DMH+0x0000000100880c00
instanceKlass org/jetbrains/kotlin/diagnostics/rendering/PlatformIncompatibilityDiagnosticRenderer$Companion
instanceKlass org/jetbrains/kotlin/diagnostics/rendering/PlatformIncompatibilityDiagnosticRenderer
instanceKlass  @bci org/jetbrains/kotlin/diagnostics/rendering/DefaultErrorMessages <clinit> ()V 1875 <appendix> argL0 ; # org/jetbrains/kotlin/diagnostics/rendering/DefaultErrorMessages$$Lambda+0x0000000100883708
instanceKlass  @bci org/jetbrains/kotlin/diagnostics/rendering/DefaultErrorMessages <clinit> ()V 781 <appendix> argL0 ; # org/jetbrains/kotlin/diagnostics/rendering/DefaultErrorMessages$$Lambda+0x0000000100882fd0
instanceKlass org/jetbrains/kotlin/diagnostics/TypeMismatchDueToTypeProjectionsData
instanceKlass org/jetbrains/kotlin/diagnostics/rendering/MultiRenderer
instanceKlass org/jetbrains/kotlin/wasm/resolve/diagnostics/ErrorsWasm$1
instanceKlass org/jetbrains/kotlin/wasm/resolve/diagnostics/ErrorsWasm
instanceKlass org/jetbrains/kotlin/wasm/resolve/diagnostics/DefaultErrorMessagesWasmKt
instanceKlass org/jetbrains/kotlin/wasm/resolve/diagnostics/DefaultErrorMessagesWasm
instanceKlass org/jetbrains/kotlin/resolve/konan/diagnostics/ErrorsNative
instanceKlass org/jetbrains/kotlin/resolve/konan/diagnostics/DefaultErrorMessagesNativeKt
instanceKlass org/jetbrains/kotlin/resolve/konan/diagnostics/DefaultErrorMessagesNative
instanceKlass org/jetbrains/kotlin/js/resolve/diagnostics/RenderFirstLineOfElementText
instanceKlass org/jetbrains/kotlin/js/resolve/diagnostics/JsCallDataRenderer
instanceKlass org/jetbrains/kotlin/js/resolve/diagnostics/ErrorsJs$1
instanceKlass org/jetbrains/kotlin/js/resolve/diagnostics/ErrorsJs
instanceKlass org/jetbrains/kotlin/js/resolve/diagnostics/DefaultErrorMessagesJsKt
instanceKlass org/jetbrains/kotlin/js/resolve/diagnostics/DefaultErrorMessagesJs
instanceKlass org/jetbrains/kotlin/diagnostics/rendering/CommonRenderers
instanceKlass org/jetbrains/kotlin/diagnostics/rendering/MultiplatformDiagnosticRenderingMode
instanceKlass org/jetbrains/kotlin/diagnostics/rendering/Renderers$DESCRIPTORS_ON_NEWLINE_WITH_INDENT$1
instanceKlass org/jetbrains/kotlin/diagnostics/rendering/AnnotationsWhitelistDescriptorRenderer
instanceKlass org/jetbrains/kotlin/diagnostics/rendering/AnnotationsWhitelistDescriptorRendererKt
instanceKlass org/jetbrains/kotlin/diagnostics/rendering/SmartDescriptorRenderer
instanceKlass org/jetbrains/kotlin/diagnostics/rendering/RenderersKt
instanceKlass org/jetbrains/kotlin/diagnostics/rendering/DiagnosticParameterRendererKt$ContextDependentRenderer$1
instanceKlass  @bci jdk/internal/reflect/MethodHandleObjectFieldAccessorImpl set (Ljava/lang/Object;Ljava/lang/Object;)V 41 <adapter> ; # java/lang/invoke/LambdaForm$MH+0x0000000100880800
instanceKlass  @bci jdk/internal/reflect/MethodHandleBooleanFieldAccessorImpl getBoolean (Ljava/lang/Object;)Z 20 <adapter> ; # java/lang/invoke/LambdaForm$MH+0x0000000100880400
# instanceKlass java/lang/invoke/LambdaForm$MH+0x0000000100880000
instanceKlass org/jetbrains/kotlin/diagnostics/rendering/SmartTypeRenderer
instanceKlass org/jetbrains/kotlin/diagnostics/rendering/DiagnosticParameterRendererKt$Renderer$1
instanceKlass org/jetbrains/kotlin/diagnostics/rendering/ContextIndependentParameterRenderer
instanceKlass org/jetbrains/kotlin/diagnostics/rendering/DiagnosticParameterRendererKt
instanceKlass org/jetbrains/kotlin/diagnostics/rendering/Renderers
instanceKlass org/jetbrains/kotlin/diagnostics/rendering/SimpleDiagnosticRenderer
instanceKlass java/text/Format
instanceKlass org/jetbrains/kotlin/diagnostics/rendering/AbstractDiagnosticWithParametersRenderer
instanceKlass org/jetbrains/kotlin/diagnostics/rendering/DiagnosticRenderer
instanceKlass  @bci org/jetbrains/kotlin/resolve/jvm/diagnostics/DefaultErrorMessagesJvm <clinit> ()V 0 <appendix> argL0 ; # org/jetbrains/kotlin/resolve/jvm/diagnostics/DefaultErrorMessagesJvm$$Lambda+0x00000001008790f8
instanceKlass org/jetbrains/kotlin/resolve/jvm/diagnostics/ConflictingJvmDeclarationsData
instanceKlass org/jetbrains/kotlin/diagnostics/rendering/RenderingContext
instanceKlass org/jetbrains/kotlin/resolve/jvm/diagnostics/DefaultErrorMessagesJvm
instanceKlass org/jetbrains/kotlin/diagnostics/rendering/DiagnosticParameterRenderer
instanceKlass org/jetbrains/kotlin/diagnostics/rendering/DefaultErrorMessages
instanceKlass org/jetbrains/kotlin/diagnostics/PositioningStrategyKt
instanceKlass  @bci org/jetbrains/kotlin/diagnostics/DiagnosticUtils sortedDiagnostics (Ljava/util/Collection;)Ljava/util/List; 15 <appendix> argL0 ; # org/jetbrains/kotlin/diagnostics/DiagnosticUtils$$Lambda+0x00000001008778e0
instanceKlass  @bci org/jetbrains/kotlin/diagnostics/DiagnosticUtils <clinit> ()V 16 <appendix> argL0 ; # org/jetbrains/kotlin/diagnostics/DiagnosticUtils$$Lambda+0x0000000100877618
instanceKlass org/jetbrains/kotlin/diagnostics/DiagnosticUtils
instanceKlass org/jetbrains/kotlin/diagnostics/AbstractKotlinSuppressCache$Suppressor
instanceKlass org/jetbrains/kotlin/resolve/diagnostics/KotlinSuppressCache$DiagnosticSuppressRequest
instanceKlass org/jetbrains/kotlin/diagnostics/AbstractKotlinSuppressCache$SuppressRequest
instanceKlass org/jetbrains/kotlin/cli/common/messages/AnalyzerWithCompilerReport$SyntaxErrorReport
instanceKlass org/jetbrains/kotlin/cli/common/messages/DefaultDiagnosticReporter
instanceKlass org/jetbrains/kotlin/cli/common/messages/MessageCollectorBasedReporter
instanceKlass org/jetbrains/kotlin/cli/common/messages/DiagnosticMessageReporter
instanceKlass org/jetbrains/kotlin/analyzer/AnalysisResult$Companion
instanceKlass org/jetbrains/kotlin/analyzer/AnalysisResult
instanceKlass org/jetbrains/kotlin/resolve/checkers/UsageCheckerUtilsKt
instanceKlass org/jetbrains/kotlin/com/google/common/collect/AbstractMapBasedMultimap$Itr
instanceKlass org/jetbrains/kotlin/resolve/inline/InlineOnlyKt
instanceKlass org/jetbrains/kotlin/resolve/inline/InlineAnalyzerExtension
instanceKlass org/jetbrains/kotlin/resolve/AnalyzerExtensions$AnalyzerExtension
instanceKlass org/jetbrains/kotlin/resolve/checkers/ConstApplicability
instanceKlass org/jetbrains/kotlin/name/StandardClassIds$Annotations
instanceKlass org/jetbrains/kotlin/resolve/ModifierCheckerCore$WhenMappings
instanceKlass org/jetbrains/kotlin/resolve/AnnotationUseSiteTargetChecker$WhenMappings
instanceKlass org/jetbrains/kotlin/resolve/UseSiteTargetsList
instanceKlass org/jetbrains/kotlin/resolve/NonExpansiveInheritanceRestrictionChecker
instanceKlass org/jetbrains/kotlin/resolve/FiniteBoundRestrictionChecker
# instanceKlass java/lang/invoke/LambdaForm$MH+0x0000000100864c00
instanceKlass org/jetbrains/kotlin/cfg/ControlFlowProcessor$CatchFinallyLabels
instanceKlass org/jetbrains/kotlin/cfg/ControlFlowProcessor$CFPVisitor$FinallyBlockGenerator
instanceKlass org/jetbrains/kotlin/cfg/pseudocode/ControlFlowInstructionsGenerator$ControlFlowInstructionsGeneratorWorker$WhenMappings
instanceKlass org/jetbrains/kotlin/cfg/ControlFlowInformationProviderImpl$ReturnedExpressionsInfo
instanceKlass org/jetbrains/kotlin/contracts/description/EventOccurrencesRangeKt
instanceKlass org/jetbrains/kotlin/resolve/calls/checkers/CapturingInClosureCheckerKt
instanceKlass org/jetbrains/kotlin/cfg/variable/PseudocodeVariablesData$variableUseStatusData$2$WhenMappings
instanceKlass org/jetbrains/kotlin/cfg/variable/VariableUseState$Companion
instanceKlass org/jetbrains/kotlin/cfg/ConstructorConsistencyChecker$Companion
instanceKlass org/jetbrains/kotlin/cfg/ConstructorConsistencyChecker
instanceKlass org/jetbrains/kotlin/cfg/UnreachableCodeImpl
instanceKlass org/jetbrains/kotlin/cfg/UnreachableCode
instanceKlass org/jetbrains/kotlin/descriptors/DescriptorPsiUtilsKt
instanceKlass org/jetbrains/kotlin/cfg/variable/VariableControlFlowState$Companion$WhenMappings
instanceKlass org/jetbrains/kotlin/cfg/variable/VariableControlFlowState$Companion
instanceKlass org/jetbrains/kotlin/cfg/variable/VariableControlFlowState
instanceKlass org/jetbrains/kotlin/cfg/variable/PseudocodeVariablesData$ReadOnlyUseControlFlowInfoImpl
instanceKlass org/jetbrains/kotlin/cfg/ControlFlowInformationProviderImpl$VariableContext
instanceKlass  @bci org/jetbrains/kotlin/resolve/BodyResolver computeDeferredTypes ()V 45 <appendix> member <vmtarget> ; # org/jetbrains/kotlin/resolve/BodyResolver$$Lambda+0x0000000100862290
# instanceKlass java/lang/invoke/LambdaForm$MH+0x0000000100864800
instanceKlass kotlin/jvm/internal/FloatCompanionObject
instanceKlass org/jetbrains/kotlin/types/expressions/ExpressionTypingVisitorDispatcher$1
# instanceKlass java/lang/invoke/LambdaForm$MH+0x0000000100864400
# instanceKlass java/lang/invoke/LambdaForm$MH+0x0000000100864000
instanceKlass javaslang/control/Option$1
instanceKlass org/jetbrains/kotlin/descriptors/annotations/AnnotationUtilKt
instanceKlass org/jetbrains/kotlin/builtins/jvm/JvmBuiltInsCustomizerKt
instanceKlass org/jetbrains/kotlin/load/kotlin/header/ReadKotlinClassHeaderAnnotationVisitor$1
# instanceKlass java/lang/invoke/LambdaForm$MH+0x0000000100858c00
instanceKlass org/jetbrains/kotlin/resolve/calls/tower/FakePositionalValueArgumentForCallableReferenceImpl
instanceKlass org/jetbrains/kotlin/psi/FakePositionalValueArgumentForCallableReference
instanceKlass org/jetbrains/kotlin/resolve/calls/model/FakeKotlinCallArgumentForCallableReference
instanceKlass org/jetbrains/kotlin/resolve/calls/tower/ResolvedAtomCompleter$CallableReferenceResultTypeInfo
instanceKlass org/jetbrains/kotlin/resolve/calls/tower/ResolvedAtomCompleter$WhenMappings
instanceKlass org/jetbrains/kotlin/resolve/calls/components/CallableReferenceAdaptation
instanceKlass org/jetbrains/kotlin/resolve/calls/components/InputOutputTypes
instanceKlass org/jetbrains/kotlin/resolve/calls/components/CallableReceiver
instanceKlass org/jetbrains/kotlin/resolve/calls/tower/SamePriorityCompositeScopeTowerProcessor
instanceKlass org/jetbrains/kotlin/resolve/calls/components/CallableReferenceResolutionKt
instanceKlass org/jetbrains/kotlin/resolve/calls/model/CallableReferencesCandidateFactory
instanceKlass org/jetbrains/kotlin/resolve/calls/model/LHSResult
instanceKlass org/jetbrains/kotlin/resolve/calls/tower/FakeValueArgumentForLeftCallableReference
instanceKlass androidx/compose/compiler/plugins/kotlin/inference/SchemeKt$WhenMappings
instanceKlass androidx/compose/compiler/plugins/kotlin/inference/SchemeStringSerializationReader$WhenMappings
instanceKlass androidx/compose/compiler/plugins/kotlin/inference/SchemeStringSerializationReader
instanceKlass org/jetbrains/kotlin/cfg/WhenOnExpectExhaustivenessChecker
instanceKlass org/jetbrains/kotlin/cfg/WhenOnNullableExhaustivenessChecker
instanceKlass org/jetbrains/kotlin/resolve/CliSealedClassInheritorsProvider$computeSealedSubclasses$$inlined$sortedBy$1
# instanceKlass java/lang/invoke/LambdaForm$MH+0x0000000100858800
instanceKlass org/jetbrains/kotlin/com/intellij/psi/util/ConstantExpressionUtil
# instanceKlass java/lang/invoke/LambdaForm$MH+0x0000000100858400
# instanceKlass java/lang/invoke/LambdaForm$MH+0x0000000100858000
instanceKlass org/jetbrains/kotlin/com/intellij/psi/impl/source/PsiJavaCodeReferenceElementImpl$1
instanceKlass org/jetbrains/kotlin/com/intellij/psi/PsiTypeCodeFragment
instanceKlass org/jetbrains/kotlin/com/intellij/psi/impl/source/PsiJavaCodeReferenceElementImpl$OurGenericsResolver
instanceKlass org/jetbrains/kotlin/com/intellij/psi/impl/source/PsiTypeElementImpl$1
instanceKlass  @bci org/jetbrains/kotlin/com/intellij/psi/impl/source/PsiTypeElementImpl getReferenceComputable (Lorg/jetbrains/kotlin/com/intellij/psi/PsiJavaCodeReferenceElement;)Lorg/jetbrains/kotlin/com/intellij/psi/impl/source/ClassReferencePointer; 49 <appendix> member <vmtarget> ; # org/jetbrains/kotlin/com/intellij/psi/impl/source/PsiTypeElementImpl$$Lambda+0x0000000100856ce0
instanceKlass  @bci org/jetbrains/kotlin/com/intellij/openapi/util/Conditions compose (Lorg/jetbrains/kotlin/com/intellij/util/Function;Lorg/jetbrains/kotlin/com/intellij/openapi/util/Condition;)Lorg/jetbrains/kotlin/com/intellij/openapi/util/Condition; 20 <appendix> member <vmtarget> ; # org/jetbrains/kotlin/com/intellij/openapi/util/Conditions$$Lambda+0x0000000100856860
instanceKlass  @bci org/jetbrains/kotlin/com/intellij/openapi/util/Conditions instanceOf (Ljava/lang/Class;)Lorg/jetbrains/kotlin/com/intellij/openapi/util/Condition; 9 <appendix> member <vmtarget> ; # org/jetbrains/kotlin/com/intellij/openapi/util/Conditions$$Lambda+0x0000000100856608
instanceKlass  @bci org/jetbrains/kotlin/com/intellij/psi/SyntaxTraverser <init> (Lorg/jetbrains/kotlin/com/intellij/psi/SyntaxTraverser$Api;Lorg/jetbrains/kotlin/com/intellij/util/containers/FilteredTraverserBase$Meta;)V 24 <appendix> member <vmtarget> ; # org/jetbrains/kotlin/com/intellij/psi/SyntaxTraverser$$Lambda+0x00000001008563b0
instanceKlass  @bci org/jetbrains/kotlin/com/intellij/util/containers/JBIterable takeWhile (Lorg/jetbrains/kotlin/com/intellij/openapi/util/Condition;)Lorg/jetbrains/kotlin/com/intellij/util/containers/JBIterable; 11 <appendix> member <vmtarget> ; # org/jetbrains/kotlin/com/intellij/util/containers/JBIterable$$Lambda+0x0000000100855ed0
instanceKlass  @bci org/jetbrains/kotlin/com/intellij/psi/impl/source/PsiTypeElementImpl getRootTypeElement (Lorg/jetbrains/kotlin/com/intellij/psi/PsiJavaCodeReferenceElement;)Lorg/jetbrains/kotlin/com/intellij/psi/PsiTypeElement; 21 <appendix> argL0 ; # org/jetbrains/kotlin/com/intellij/psi/impl/source/PsiTypeElementImpl$$Lambda+0x0000000100855c80
instanceKlass  @bci org/jetbrains/kotlin/com/intellij/psi/SyntaxTraverser$Api parents (Ljava/lang/Object;)Lorg/jetbrains/kotlin/com/intellij/util/containers/JBIterable; 2 <appendix> member <vmtarget> ; # org/jetbrains/kotlin/com/intellij/psi/SyntaxTraverser$Api$$Lambda+0x0000000100855a28
instanceKlass org/jetbrains/kotlin/com/intellij/psi/SyntaxTraverser$ApiEx$1
instanceKlass org/jetbrains/kotlin/com/intellij/psi/SyntaxTraverser$Api$3
instanceKlass org/jetbrains/kotlin/com/intellij/psi/SyntaxTraverser$Api$2
instanceKlass org/jetbrains/kotlin/com/intellij/psi/SyntaxTraverser$Api$1
instanceKlass org/jetbrains/kotlin/com/intellij/psi/SyntaxTraverser$Api
instanceKlass org/jetbrains/kotlin/com/intellij/codeInsight/CodeInsightUtilCore$StringParser
instanceKlass org/jetbrains/kotlin/com/intellij/codeInsight/FileModificationService
instanceKlass org/jetbrains/kotlin/com/intellij/psi/util/PsiLiteralUtil
instanceKlass org/jetbrains/kotlin/com/intellij/psi/scope/ElementClassFilter$1
instanceKlass org/jetbrains/kotlin/com/intellij/psi/meta/PsiMetaOwner
instanceKlass  @bci org/jetbrains/kotlin/com/intellij/psi/impl/PsiClassImplUtil$MemberCache calcMembersByName (Lorg/jetbrains/kotlin/com/intellij/psi/impl/PsiClassImplUtil$MemberType;Ljava/lang/String;Lorg/jetbrains/kotlin/com/intellij/psi/PsiClass;Lorg/jetbrains/kotlin/com/intellij/psi/PsiElement;)Ljava/util/List; 235 <appendix> argL0 ; # org/jetbrains/kotlin/com/intellij/psi/impl/PsiClassImplUtil$MemberCache$$Lambda+0x0000000100850738
instanceKlass  @bci org/jetbrains/kotlin/com/intellij/psi/augment/PsiAugmentProvider collectExtensionMethods (Lorg/jetbrains/kotlin/com/intellij/psi/PsiClass;Ljava/lang/String;Lorg/jetbrains/kotlin/com/intellij/psi/PsiElement;)Ljava/util/List; 27 <appendix> member <vmtarget> ; # org/jetbrains/kotlin/com/intellij/psi/augment/PsiAugmentProvider$$Lambda+0x00000001008504e0
instanceKlass  @bci org/jetbrains/kotlin/com/intellij/psi/impl/source/ClassInnerStuffCache lambda$getMethodsMap$9 (Ljava/util/List;Ljava/lang/String;)[Lorg/jetbrains/kotlin/com/intellij/psi/PsiMethod; 5 <appendix> member <vmtarget> ; # org/jetbrains/kotlin/com/intellij/psi/impl/source/ClassInnerStuffCache$$Lambda+0x0000000100850000
instanceKlass  @bci org/jetbrains/kotlin/com/intellij/psi/impl/source/ClassInnerStuffCache getMethodsMap ()Ljava/util/Map; 12 <appendix> member <vmtarget> ; # org/jetbrains/kotlin/com/intellij/psi/impl/source/ClassInnerStuffCache$$Lambda+0x0000000100840400
instanceKlass  @bci org/jetbrains/kotlin/com/intellij/psi/impl/compiled/ClsMethodImpl <init> (Lorg/jetbrains/kotlin/com/intellij/psi/impl/java/stubs/PsiMethodStub;)V 18 <appendix> member <vmtarget> ; # org/jetbrains/kotlin/com/intellij/psi/impl/compiled/ClsMethodImpl$$Lambda+0x0000000100840cc0
instanceKlass  @bci org/jetbrains/kotlin/com/intellij/psi/impl/compiled/ClsMemberImpl <init> (Lorg/jetbrains/kotlin/com/intellij/psi/impl/java/stubs/PsiMemberStub;)V 20 <appendix> member <vmtarget> ; # org/jetbrains/kotlin/com/intellij/psi/impl/compiled/ClsMemberImpl$$Lambda+0x0000000100840a68
instanceKlass org/jetbrains/kotlin/com/intellij/psi/PsiAnnotationMethod
instanceKlass  @bci org/jetbrains/kotlin/com/intellij/psi/impl/source/ClassInnerStuffCache findMethodsByName (Ljava/lang/String;Z)[Lorg/jetbrains/kotlin/com/intellij/psi/PsiMethod; 28 <appendix> member <vmtarget> ; # org/jetbrains/kotlin/com/intellij/psi/impl/source/ClassInnerStuffCache$$Lambda+0x000000010084d058
instanceKlass org/jetbrains/kotlin/com/intellij/util/containers/UnmodifiableHashMap
instanceKlass org/jetbrains/kotlin/com/intellij/psi/impl/PsiSubstitutorImpl$1
instanceKlass org/jetbrains/kotlin/com/intellij/psi/impl/PsiSubstitutorImpl
instanceKlass org/jetbrains/kotlin/com/intellij/psi/util/PsiUtil$1
instanceKlass  @bci org/jetbrains/kotlin/com/intellij/psi/util/PsiUtil typeParametersIterable (Lorg/jetbrains/kotlin/com/intellij/psi/PsiTypeParameterListOwner;)Ljava/lang/Iterable; 30 <appendix> member <vmtarget> ; # org/jetbrains/kotlin/com/intellij/psi/util/PsiUtil$$Lambda+0x0000000100841a38
instanceKlass org/jetbrains/kotlin/com/intellij/psi/impl/compiled/SignatureParsing$TypeParameterDeclaration
instanceKlass org/jetbrains/kotlin/com/intellij/psi/impl/source/PsiClassReferenceType$DelegatingClassResolveResult
instanceKlass org/jetbrains/kotlin/com/intellij/psi/impl/SharedPsiElementImplUtil
instanceKlass  @bci org/jetbrains/kotlin/com/intellij/psi/impl/compiled/ClsTypeElementImpl <init> (Lorg/jetbrains/kotlin/com/intellij/psi/PsiElement;Ljava/lang/String;CLorg/jetbrains/kotlin/com/intellij/psi/impl/cache/TypeAnnotationContainer;)V 59 <appendix> member <vmtarget> ; # org/jetbrains/kotlin/com/intellij/psi/impl/compiled/ClsTypeElementImpl$$Lambda+0x0000000100843958
instanceKlass org/jetbrains/kotlin/com/intellij/openapi/util/NullableLazyValue
instanceKlass org/jetbrains/kotlin/com/intellij/psi/impl/source/ClassReferencePointer$1
instanceKlass  @bci org/jetbrains/kotlin/com/intellij/psi/impl/compiled/ClsReferenceListImpl <init> (Lorg/jetbrains/kotlin/com/intellij/psi/impl/java/stubs/PsiClassReferenceListStub;)V 15 <appendix> member <vmtarget> ; # org/jetbrains/kotlin/com/intellij/psi/impl/compiled/ClsReferenceListImpl$$Lambda+0x00000001008466c8
instanceKlass org/jetbrains/kotlin/com/intellij/psi/PsiSuperExpression
instanceKlass org/jetbrains/kotlin/com/intellij/psi/PsiQualifiedExpression
instanceKlass  @bci org/jetbrains/kotlin/com/intellij/psi/impl/source/resolve/JavaResolveCache getType (Lorg/jetbrains/kotlin/com/intellij/psi/PsiExpression;Lorg/jetbrains/kotlin/com/intellij/util/Function;)Lorg/jetbrains/kotlin/com/intellij/psi/PsiType; 52 <appendix> member <vmtarget> ; # org/jetbrains/kotlin/com/intellij/psi/impl/source/resolve/JavaResolveCache$$Lambda+0x0000000100844ee8
instanceKlass org/jetbrains/kotlin/com/intellij/psi/impl/source/resolve/ParameterTypeInferencePolicy
instanceKlass org/jetbrains/kotlin/com/intellij/psi/scope/conflictResolvers/JavaMethodsConflictResolver
instanceKlass  @bci org/jetbrains/kotlin/com/intellij/psi/impl/source/resolve/PsiResolveHelperImpl isAccessible (Lorg/jetbrains/kotlin/com/intellij/psi/PsiMember;Lorg/jetbrains/kotlin/com/intellij/psi/PsiModifierList;Lorg/jetbrains/kotlin/com/intellij/psi/PsiElement;Lorg/jetbrains/kotlin/com/intellij/psi/PsiClass;Lorg/jetbrains/kotlin/com/intellij/psi/PsiElement;)Z 61 <appendix> member <vmtarget> ; # org/jetbrains/kotlin/com/intellij/psi/impl/source/resolve/PsiResolveHelperImpl$$Lambda+0x000000010083f870
instanceKlass org/jetbrains/kotlin/com/intellij/psi/ServerPageFile
instanceKlass org/jetbrains/kotlin/com/intellij/psi/FileResolveScopeProvider
instanceKlass org/jetbrains/kotlin/com/intellij/psi/impl/source/resolve/JavaResolveUtil
instanceKlass org/jetbrains/kotlin/com/intellij/notebook/editor/BackedVirtualFile
instanceKlass org/jetbrains/kotlin/com/intellij/psi/search/PsiSearchScopeUtil
# instanceKlass java/lang/invoke/LambdaForm$MH+0x0000000100840000
instanceKlass org/jetbrains/kotlin/com/intellij/psi/impl/cache/TypeAnnotationContainer$Collector
instanceKlass org/jetbrains/kotlin/com/intellij/codeInsight/completion/scope/JavaCompletionHints
instanceKlass  @bci org/jetbrains/kotlin/com/intellij/psi/impl/source/PsiJavaFileBaseImpl$1 getHint (Lorg/jetbrains/kotlin/com/intellij/openapi/util/Key;)Ljava/lang/Object; 15 <appendix> argL0 ; # org/jetbrains/kotlin/com/intellij/psi/impl/source/PsiJavaFileBaseImpl$1$$Lambda+0x000000010083cba0
instanceKlass  @bci org/jetbrains/kotlin/com/intellij/psi/impl/source/ClassInnerStuffCache getInnerClassesMap ()Ljava/util/Map; 100 <appendix> member <vmtarget> ; # org/jetbrains/kotlin/com/intellij/psi/impl/source/ClassInnerStuffCache$$Lambda+0x000000010083ae88
instanceKlass  @bci org/jetbrains/kotlin/com/intellij/psi/impl/source/ClassInnerStuffCache findInnerClassByName (Ljava/lang/String;Z)Lorg/jetbrains/kotlin/com/intellij/psi/PsiClass; 19 <appendix> member <vmtarget> ; # org/jetbrains/kotlin/com/intellij/psi/impl/source/ClassInnerStuffCache$$Lambda+0x000000010083ac10
instanceKlass org/jetbrains/kotlin/com/intellij/psi/PsiResolveHelper$SERVICE
instanceKlass org/jetbrains/kotlin/com/intellij/psi/scope/DelegatingScopeProcessor
instanceKlass org/jetbrains/kotlin/com/intellij/psi/impl/source/resolve/ClassResolverProcessor
instanceKlass  @bci org/jetbrains/kotlin/com/intellij/psi/impl/source/PsiJavaFileBaseImpl lambda$getExplicitlyEnumeratedDeclarations$2 ()Lorg/jetbrains/kotlin/com/intellij/psi/util/CachedValueProvider$Result; 281 <appendix> member <vmtarget> ; # org/jetbrains/kotlin/com/intellij/psi/impl/source/PsiJavaFileBaseImpl$$Lambda+0x0000000100839f98
instanceKlass  @bci org/jetbrains/kotlin/com/intellij/psi/impl/source/PsiJavaFileBaseImpl lambda$getExplicitlyEnumeratedDeclarations$2 ()Lorg/jetbrains/kotlin/com/intellij/psi/util/CachedValueProvider$Result; 265 <appendix> member <vmtarget> ; # org/jetbrains/kotlin/com/intellij/psi/impl/source/PsiJavaFileBaseImpl$$Lambda+0x0000000100839d40
instanceKlass  @bci org/jetbrains/kotlin/com/intellij/util/containers/ContainerUtil concat ([Ljava/lang/Iterable;)Ljava/lang/Iterable; 50 <appendix> member <vmtarget> ; # org/jetbrains/kotlin/com/intellij/util/containers/ContainerUtil$$Lambda+0x0000000100839ac8
instanceKlass  @bci org/jetbrains/kotlin/com/intellij/psi/impl/source/PsiImportStaticStatementImpl <clinit> ()V 7 <appendix> argL0 ; # org/jetbrains/kotlin/com/intellij/psi/impl/source/PsiImportStaticStatementImpl$$Lambda+0x0000000100839878
instanceKlass org/jetbrains/kotlin/com/intellij/psi/PsiImportStaticStatement
instanceKlass  @bci org/jetbrains/kotlin/com/intellij/psi/impl/source/PsiImportStatementImpl <clinit> ()V 7 <appendix> argL0 ; # org/jetbrains/kotlin/com/intellij/psi/impl/source/PsiImportStatementImpl$$Lambda+0x0000000100838000
instanceKlass org/jetbrains/kotlin/com/intellij/psi/PsiImportStatement
instanceKlass  @bci org/jetbrains/kotlin/com/intellij/psi/impl/source/PsiImportListImpl <clinit> ()V 6 <appendix> argL0 ; # org/jetbrains/kotlin/com/intellij/psi/impl/source/PsiImportListImpl$$Lambda+0x00000001008353f0
instanceKlass  @bci org/jetbrains/kotlin/com/intellij/psi/PsiImportStatementBase <clinit> ()V 7 <appendix> argL0 ; # org/jetbrains/kotlin/com/intellij/psi/PsiImportStatementBase$$Lambda+0x00000001008351a0
instanceKlass  @bci org/jetbrains/kotlin/com/intellij/psi/impl/source/PsiJavaFileBaseImpl getExplicitlyEnumeratedDeclarations ()Ljava/util/Map; 2 <appendix> member <vmtarget> ; # org/jetbrains/kotlin/com/intellij/psi/impl/source/PsiJavaFileBaseImpl$$Lambda+0x0000000100833f48
instanceKlass  @bci org/jetbrains/kotlin/com/intellij/psi/impl/PsiClassImplUtil$MemberCache <init> (Lorg/jetbrains/kotlin/com/intellij/psi/PsiClass;Lorg/jetbrains/kotlin/com/intellij/psi/search/GlobalSearchScope;)V 35 <appendix> member <vmtarget> ; # org/jetbrains/kotlin/com/intellij/psi/impl/PsiClassImplUtil$MemberCache$$Lambda+0x0000000100833ac8
instanceKlass org/jetbrains/kotlin/com/intellij/util/Functions$4
instanceKlass org/jetbrains/kotlin/com/intellij/psi/util/PsiSuperMethodUtil
instanceKlass  @bci org/jetbrains/kotlin/com/intellij/psi/impl/PsiClassImplUtil$MemberCache lambda$new$1 (Lorg/jetbrains/kotlin/com/intellij/psi/search/GlobalSearchScope;Lorg/jetbrains/kotlin/com/intellij/psi/PsiClass;)Ljava/lang/Iterable; 7 <appendix> member <vmtarget> ; # org/jetbrains/kotlin/com/intellij/psi/impl/PsiClassImplUtil$MemberCache$$Lambda+0x0000000100833160
instanceKlass org/jetbrains/kotlin/com/intellij/util/containers/SingletonIteratorBase
instanceKlass org/jetbrains/kotlin/com/intellij/util/containers/JBIterable$Stateful
instanceKlass org/jetbrains/kotlin/com/intellij/util/containers/TreeTraversal$P$1
instanceKlass  @bci org/jetbrains/kotlin/com/intellij/util/containers/TreeTraversal$P <clinit> ()V 0 <appendix> argL0 ; # org/jetbrains/kotlin/com/intellij/util/containers/TreeTraversal$P$$Lambda+0x0000000100832548
instanceKlass org/jetbrains/kotlin/com/intellij/util/containers/JBIterator$2
instanceKlass org/jetbrains/kotlin/com/intellij/util/containers/TreeTraversal$P
instanceKlass org/jetbrains/kotlin/com/intellij/util/containers/JBIterator$Op
instanceKlass org/jetbrains/kotlin/com/intellij/util/containers/TreeTraversal$2$1WrappedTree
instanceKlass org/jetbrains/kotlin/com/intellij/util/containers/TreeTraversal$TraversalArgs
instanceKlass  @bci org/jetbrains/kotlin/com/intellij/util/containers/JBIterable filter (Lorg/jetbrains/kotlin/com/intellij/openapi/util/Condition;)Lorg/jetbrains/kotlin/com/intellij/util/containers/JBIterable; 11 <appendix> member <vmtarget> ; # org/jetbrains/kotlin/com/intellij/util/containers/JBIterable$$Lambda+0x000000010082f758
instanceKlass org/jetbrains/kotlin/com/intellij/util/containers/TreeTraversal$2
instanceKlass  @bci org/jetbrains/kotlin/com/intellij/util/containers/FilteredTraverserBase traverse (Lorg/jetbrains/kotlin/com/intellij/util/containers/TreeTraversal;)Lorg/jetbrains/kotlin/com/intellij/util/containers/JBIterable; 9 <appendix> member <vmtarget> ; # org/jetbrains/kotlin/com/intellij/util/containers/FilteredTraverserBase$$Lambda+0x000000010082f2a0
instanceKlass  @bci org/jetbrains/kotlin/com/intellij/util/containers/FilteredTraverserBase unique (Lorg/jetbrains/kotlin/com/intellij/util/Function;)Lorg/jetbrains/kotlin/com/intellij/util/containers/FilteredTraverserBase; 11 <appendix> member <vmtarget> ; # org/jetbrains/kotlin/com/intellij/util/containers/FilteredTraverserBase$$Lambda+0x000000010082f048
instanceKlass org/jetbrains/kotlin/com/intellij/util/Functions$8
instanceKlass org/jetbrains/kotlin/com/intellij/util/Functions$7
instanceKlass org/jetbrains/kotlin/com/intellij/util/Functions$6
instanceKlass org/jetbrains/kotlin/com/intellij/util/Functions$2
instanceKlass org/jetbrains/kotlin/com/intellij/util/Functions$1
instanceKlass org/jetbrains/kotlin/com/intellij/util/Function$Mono
instanceKlass org/jetbrains/kotlin/com/intellij/util/Functions
instanceKlass org/jetbrains/kotlin/com/intellij/util/containers/FilteredTraverserBase$Cond
instanceKlass org/jetbrains/kotlin/com/intellij/util/containers/JBIterator
instanceKlass org/jetbrains/kotlin/com/intellij/util/NotNullizer
instanceKlass org/jetbrains/kotlin/com/intellij/util/containers/TreeTraversal$TraversalInterceptor
instanceKlass org/jetbrains/kotlin/com/intellij/util/containers/JBIterable
instanceKlass org/jetbrains/kotlin/com/intellij/util/containers/TreeTraversal$GuidedIt$Guide
instanceKlass org/jetbrains/kotlin/com/intellij/util/containers/FilteredTraverserBase$Meta
instanceKlass org/jetbrains/kotlin/com/intellij/util/containers/TreeTraversal
instanceKlass org/jetbrains/kotlin/com/intellij/util/containers/FilteredTraverserBase
instanceKlass  @bci org/jetbrains/kotlin/com/intellij/psi/impl/PsiClassImplUtil$MemberCache <init> (Lorg/jetbrains/kotlin/com/intellij/psi/PsiClass;Lorg/jetbrains/kotlin/com/intellij/psi/search/GlobalSearchScope;)V 6 <appendix> member <vmtarget> ; # org/jetbrains/kotlin/com/intellij/psi/impl/PsiClassImplUtil$MemberCache$$Lambda+0x0000000100827b88
instanceKlass  @bci org/jetbrains/kotlin/com/intellij/psi/impl/PsiClassImplUtil lambda$getMap$2 (Lorg/jetbrains/kotlin/com/intellij/psi/PsiClass;)Ljava/util/concurrent/ConcurrentMap; 1 <appendix> member <vmtarget> ; # org/jetbrains/kotlin/com/intellij/psi/impl/PsiClassImplUtil$$Lambda+0x0000000100827930
instanceKlass org/jetbrains/kotlin/com/intellij/psi/impl/PsiClassImplUtil$MemberCache
instanceKlass  @bci org/jetbrains/kotlin/com/intellij/psi/impl/PsiClassImplUtil getMap (Lorg/jetbrains/kotlin/com/intellij/psi/PsiClass;Lorg/jetbrains/kotlin/com/intellij/psi/search/GlobalSearchScope;)Lorg/jetbrains/kotlin/com/intellij/psi/impl/PsiClassImplUtil$MemberCache; 19 <appendix> argL0 ; # org/jetbrains/kotlin/com/intellij/psi/impl/PsiClassImplUtil$$Lambda+0x0000000100827470
instanceKlass  @bci org/jetbrains/kotlin/com/intellij/psi/impl/source/ClassInnerStuffCache getFieldsMap ()Ljava/util/Map; 76 <appendix> member <vmtarget> ; # org/jetbrains/kotlin/com/intellij/psi/impl/source/ClassInnerStuffCache$$Lambda+0x0000000100827218
instanceKlass  @bci org/jetbrains/kotlin/com/intellij/psi/impl/source/ClassInnerStuffCache findFieldByName (Ljava/lang/String;Z)Lorg/jetbrains/kotlin/com/intellij/psi/PsiField; 19 <appendix> member <vmtarget> ; # org/jetbrains/kotlin/com/intellij/psi/impl/source/ClassInnerStuffCache$$Lambda+0x0000000100826fa0
instanceKlass  @bci org/jetbrains/kotlin/com/intellij/psi/impl/ScopedClassHierarchy <init> (Lorg/jetbrains/kotlin/com/intellij/psi/PsiClass;Lorg/jetbrains/kotlin/com/intellij/psi/search/GlobalSearchScope;)V 6 <appendix> member <vmtarget> ; # org/jetbrains/kotlin/com/intellij/psi/impl/ScopedClassHierarchy$$Lambda+0x0000000100826d48
instanceKlass  @bci org/jetbrains/kotlin/com/intellij/psi/impl/ScopedClassHierarchy lambda$getHierarchy$1 (Lorg/jetbrains/kotlin/com/intellij/psi/PsiClass;)Lorg/jetbrains/kotlin/com/intellij/psi/util/CachedValueProvider$Result; 1 <appendix> member <vmtarget> ; # org/jetbrains/kotlin/com/intellij/psi/impl/ScopedClassHierarchy$$Lambda+0x0000000100826af0
instanceKlass  @bci org/jetbrains/kotlin/com/intellij/psi/impl/ScopedClassHierarchy getHierarchy (Lorg/jetbrains/kotlin/com/intellij/psi/PsiClass;Lorg/jetbrains/kotlin/com/intellij/psi/search/GlobalSearchScope;)Lorg/jetbrains/kotlin/com/intellij/psi/impl/ScopedClassHierarchy; 35 <appendix> member <vmtarget> ; # org/jetbrains/kotlin/com/intellij/psi/impl/ScopedClassHierarchy$$Lambda+0x0000000100826898
instanceKlass org/jetbrains/kotlin/com/intellij/psi/impl/ScopedClassHierarchy$1
instanceKlass org/jetbrains/kotlin/com/intellij/psi/impl/ScopedClassHierarchy
instanceKlass org/jetbrains/kotlin/com/intellij/psi/impl/PsiClassImplUtil$1
instanceKlass org/jetbrains/kotlin/com/intellij/psi/scope/PsiScopeProcessor$Event$1
instanceKlass org/jetbrains/kotlin/com/intellij/psi/JavaResolveResult$1
instanceKlass org/jetbrains/kotlin/com/intellij/psi/scope/JavaScopeProcessorEvent
instanceKlass org/jetbrains/kotlin/com/intellij/psi/ResolveState
instanceKlass org/jetbrains/kotlin/com/intellij/psi/scope/util/PsiScopesUtil
instanceKlass org/jetbrains/kotlin/com/intellij/psi/scope/conflictResolvers/JavaVariableConflictResolver
instanceKlass org/jetbrains/kotlin/com/intellij/psi/scope/PsiConflictResolver
instanceKlass org/jetbrains/kotlin/com/intellij/psi/scope/ElementClassFilter
instanceKlass org/jetbrains/kotlin/com/intellij/psi/impl/source/tree/java/PsiReferenceExpressionImpl$OurGenericsResolver
instanceKlass org/jetbrains/kotlin/com/intellij/psi/PsiConstantEvaluationHelper$AuxEvaluator
instanceKlass org/jetbrains/kotlin/com/intellij/psi/impl/JavaConstantExpressionEvaluator$1
instanceKlass org/jetbrains/kotlin/com/intellij/psi/PsiWalkingState$PsiTreeGuide
instanceKlass  @bci org/jetbrains/kotlin/com/intellij/psi/impl/JavaConstantExpressionEvaluator <clinit> ()V 22 <appendix> argL0 ; # org/jetbrains/kotlin/com/intellij/psi/impl/JavaConstantExpressionEvaluator$$Lambda+0x0000000100822090
instanceKlass org/jetbrains/kotlin/com/intellij/psi/impl/source/PsiFieldImpl$OurConstValueComputer
instanceKlass org/jetbrains/kotlin/com/intellij/psi/PsiPattern
instanceKlass org/jetbrains/kotlin/com/intellij/psi/PsiUnaryExpression
instanceKlass org/jetbrains/kotlin/com/intellij/psi/PsiPolyadicExpression
instanceKlass  @bci org/jetbrains/kotlin/com/intellij/psi/augment/PsiAugmentProvider getInferredType (Lorg/jetbrains/kotlin/com/intellij/psi/PsiTypeElement;)Lorg/jetbrains/kotlin/com/intellij/psi/PsiType; 21 <appendix> member <vmtarget> ; # org/jetbrains/kotlin/com/intellij/psi/augment/PsiAugmentProvider$$Lambda+0x000000010081c400
instanceKlass  @bci org/jetbrains/kotlin/com/intellij/psi/impl/source/PsiTypeElementImpl getType ()Lorg/jetbrains/kotlin/com/intellij/psi/PsiType; 2 <appendix> member <vmtarget> ; # org/jetbrains/kotlin/com/intellij/psi/impl/source/PsiTypeElementImpl$$Lambda+0x000000010081cb38
instanceKlass org/jetbrains/kotlin/com/intellij/psi/impl/source/tree/JavaSharedImplUtil
instanceKlass  @bci org/jetbrains/kotlin/com/intellij/codeInsight/AnnotationUtil lambda$findNonCodeAnnotations$3 (Lorg/jetbrains/kotlin/com/intellij/psi/PsiModifierListOwner;)Lorg/jetbrains/kotlin/com/intellij/psi/util/CachedValueProvider$Result; 1 <appendix> member <vmtarget> ; # org/jetbrains/kotlin/com/intellij/codeInsight/AnnotationUtil$$Lambda+0x000000010081d920
instanceKlass  @bci org/jetbrains/kotlin/com/intellij/codeInsight/AnnotationUtil findNonCodeAnnotations (Lorg/jetbrains/kotlin/com/intellij/psi/PsiModifierListOwner;Ljava/util/Collection;)Ljava/util/List; 34 <appendix> member <vmtarget> ; # org/jetbrains/kotlin/com/intellij/codeInsight/AnnotationUtil$$Lambda+0x000000010081d6c8
instanceKlass org/jetbrains/kotlin/com/intellij/codeInsight/AnnotationCacheOwnerNormalizer
instanceKlass org/jetbrains/kotlin/com/intellij/psi/stub/JavaStubImplUtil
instanceKlass org/jetbrains/kotlin/load/java/structure/impl/source/JavaElementTypeSource
instanceKlass org/jetbrains/kotlin/load/java/structure/impl/JavaClassifierTypeImpl$ResolutionResult
instanceKlass org/jetbrains/kotlin/load/java/structure/impl/JavaClassifierTypeImpl$Companion
instanceKlass org/jetbrains/kotlin/load/java/structure/impl/JavaTypeImpl
instanceKlass org/jetbrains/kotlin/com/intellij/psi/PsiClassType$ClassResolveResult$1
instanceKlass org/jetbrains/kotlin/com/intellij/psi/impl/source/PsiImmediateClassType$1
instanceKlass  @bci org/jetbrains/kotlin/com/intellij/psi/PsiClassType <clinit> ()V 7 <appendix> argL0 ; # org/jetbrains/kotlin/com/intellij/psi/PsiClassType$$Lambda+0x000000010081e460
instanceKlass org/jetbrains/kotlin/com/intellij/psi/PsiClassType$ClassResolveResult
instanceKlass org/jetbrains/kotlin/com/intellij/lang/jvm/types/JvmTypeResolveResult
instanceKlass  @bci org/jetbrains/kotlin/com/intellij/psi/impl/compiled/StubBuildingVisitor$MethodAnnotationCollectingVisitor visitParameterAnnotation (ILjava/lang/String;Z)Lorg/jetbrains/org/objectweb/asm/AnnotationVisitor; 23 <appendix> member <vmtarget> ; # org/jetbrains/kotlin/com/intellij/psi/impl/compiled/StubBuildingVisitor$MethodAnnotationCollectingVisitor$$Lambda+0x000000010081bc68
instanceKlass  @cpi org/jetbrains/kotlin/com/intellij/psi/impl/compiled/StubBuildingVisitor$MethodAnnotationCollectingVisitor 123 form vmentry <vmtarget> ; # java/lang/invoke/LambdaForm$DMH+0x000000010081c000
instanceKlass  @bci org/jetbrains/kotlin/com/intellij/psi/impl/compiled/StubBuildingVisitor$MethodAnnotationCollectingVisitor visitAnnotation (Ljava/lang/String;Z)Lorg/jetbrains/org/objectweb/asm/AnnotationVisitor; 10 <appendix> member <vmtarget> ; # org/jetbrains/kotlin/com/intellij/psi/impl/compiled/StubBuildingVisitor$MethodAnnotationCollectingVisitor$$Lambda+0x000000010081ba10
instanceKlass org/jetbrains/kotlin/com/intellij/psi/impl/compiled/SignatureParsing
instanceKlass  @bci org/jetbrains/kotlin/com/intellij/psi/impl/compiled/StubBuildingVisitor parseMethodDescription (Ljava/lang/String;[Ljava/lang/String;)Lorg/jetbrains/kotlin/com/intellij/psi/impl/compiled/StubBuildingVisitor$MethodInfo; 39 <appendix> member <vmtarget> ; # org/jetbrains/kotlin/com/intellij/psi/impl/compiled/StubBuildingVisitor$$Lambda+0x000000010081a0e0
instanceKlass org/jetbrains/kotlin/com/intellij/psi/impl/compiled/StubBuildingVisitor$MethodInfo
instanceKlass  @bci org/jetbrains/kotlin/com/intellij/psi/PsiJavaCodeReferenceElement <clinit> ()V 7 <appendix> argL0 ; # org/jetbrains/kotlin/com/intellij/psi/PsiJavaCodeReferenceElement$$Lambda+0x00000001008191e8
instanceKlass  @bci org/jetbrains/kotlin/com/intellij/psi/impl/PsiClassImplUtil <clinit> ()V 24 <appendix> argL0 ; # org/jetbrains/kotlin/com/intellij/psi/impl/PsiClassImplUtil$$Lambda+0x00000001008176b0
instanceKlass org/jetbrains/kotlin/com/intellij/psi/impl/PsiClassImplUtil$ClassIconRequest
instanceKlass org/jetbrains/kotlin/com/intellij/psi/impl/PsiClassImplUtil
instanceKlass  @bci org/jetbrains/kotlin/com/intellij/psi/PsiRecordComponent <clinit> ()V 7 <appendix> argL0 ; # org/jetbrains/kotlin/com/intellij/psi/PsiRecordComponent$$Lambda+0x0000000100816fe8
instanceKlass  @bci org/jetbrains/kotlin/com/intellij/psi/impl/source/ClassInnerStuffCache getRecordComponents ()[Lorg/jetbrains/kotlin/com/intellij/psi/PsiRecordComponent; 5 <appendix> member <vmtarget> ; # org/jetbrains/kotlin/com/intellij/psi/impl/source/ClassInnerStuffCache$$Lambda+0x0000000100816d70
instanceKlass org/jetbrains/kotlin/com/intellij/psi/impl/source/resolve/JavaResolveCache$ConstValueComputer
instanceKlass  @bci org/jetbrains/kotlin/com/intellij/psi/PsiField <clinit> ()V 7 <appendix> argL0 ; # org/jetbrains/kotlin/com/intellij/psi/PsiField$$Lambda+0x0000000100813998
instanceKlass  @bci org/jetbrains/kotlin/com/intellij/psi/impl/source/ClassInnerStuffCache getFields ()[Lorg/jetbrains/kotlin/com/intellij/psi/PsiField; 5 <appendix> member <vmtarget> ; # org/jetbrains/kotlin/com/intellij/psi/impl/source/ClassInnerStuffCache$$Lambda+0x0000000100813720
instanceKlass  @bci org/jetbrains/kotlin/com/intellij/psi/PsiMethod <clinit> ()V 7 <appendix> argL0 ; # org/jetbrains/kotlin/com/intellij/psi/PsiMethod$$Lambda+0x0000000100812be0
instanceKlass  @bci org/jetbrains/kotlin/com/intellij/psi/impl/source/ClassInnerStuffCache getMethods ()[Lorg/jetbrains/kotlin/com/intellij/psi/PsiMethod; 5 <appendix> member <vmtarget> ; # org/jetbrains/kotlin/com/intellij/psi/impl/source/ClassInnerStuffCache$$Lambda+0x0000000100812968
instanceKlass org/jetbrains/kotlin/com/intellij/psi/PsiClassLevelDeclarationStatement
instanceKlass java/util/ComparableTimSort
instanceKlass  @bci org/jetbrains/kotlin/com/intellij/psi/augment/PsiAugmentProvider transformModifierProperties (Lorg/jetbrains/kotlin/com/intellij/psi/PsiModifierList;Lorg/jetbrains/kotlin/com/intellij/openapi/project/Project;Ljava/util/Set;)Ljava/util/Set; 35 <appendix> member <vmtarget> ; # org/jetbrains/kotlin/com/intellij/psi/augment/PsiAugmentProvider$$Lambda+0x0000000100811bb0
instanceKlass org/jetbrains/kotlin/com/intellij/psi/impl/source/PsiModifierListImpl$ModifierCache
instanceKlass org/jetbrains/kotlin/load/java/structure/impl/JavaElementUtil
instanceKlass org/jetbrains/kotlin/com/intellij/psi/impl/source/tree/JavaSourceUtil
instanceKlass org/jetbrains/kotlin/com/intellij/psi/impl/source/tree/ChildRole
instanceKlass org/jetbrains/kotlin/com/intellij/psi/PsiExpressionList
instanceKlass org/jetbrains/kotlin/com/intellij/psi/impl/source/tree/java/PsiReferenceExpressionImpl$TypeEvaluator
instanceKlass org/jetbrains/kotlin/com/intellij/psi/impl/source/tree/java/PsiMethodCallExpressionImpl$TypeEvaluator
instanceKlass org/jetbrains/kotlin/com/intellij/psi/PsiMethodCallExpression
instanceKlass org/jetbrains/kotlin/com/intellij/psi/PsiCallExpression
instanceKlass org/jetbrains/kotlin/com/intellij/psi/impl/source/ClassReferencePointer
instanceKlass org/jetbrains/kotlin/com/intellij/patterns/ElementPattern
instanceKlass org/jetbrains/kotlin/com/intellij/psi/filters/ElementFilter
instanceKlass org/jetbrains/kotlin/com/intellij/psi/impl/source/SourceJavaCodeReference
instanceKlass  @bci org/jetbrains/kotlin/com/intellij/psi/impl/source/javadoc/PsiDocCommentImpl <clinit> ()V 40 <appendix> argL0 ; # org/jetbrains/kotlin/com/intellij/psi/impl/source/javadoc/PsiDocCommentImpl$$Lambda+0x00000001007fc738
instanceKlass org/jetbrains/kotlin/com/intellij/psi/javadoc/PsiDocTag
instanceKlass org/jetbrains/kotlin/com/intellij/lang/java/parser/ExpressionParser$1
instanceKlass org/jetbrains/kotlin/com/intellij/lang/java/parser/ReferenceParser$TypeInfo
instanceKlass org/jetbrains/kotlin/com/intellij/lang/PsiBuilderUtil
instanceKlass  @bci org/jetbrains/kotlin/com/intellij/lang/java/parser/FileParser parse (Lorg/jetbrains/kotlin/com/intellij/lang/PsiBuilder;)V 10 <appendix> argL0 ; # org/jetbrains/kotlin/com/intellij/lang/java/parser/FileParser$$Lambda+0x00000001007f9868
instanceKlass org/jetbrains/kotlin/com/intellij/lang/java/parser/PatternParser
instanceKlass org/jetbrains/kotlin/com/intellij/lang/java/parser/ReferenceParser
instanceKlass org/jetbrains/kotlin/com/intellij/lang/java/parser/ExpressionParser
instanceKlass org/jetbrains/kotlin/com/intellij/lang/java/parser/StatementParser
instanceKlass org/jetbrains/kotlin/com/intellij/lang/java/parser/DeclarationParser
instanceKlass org/jetbrains/kotlin/com/intellij/lang/java/parser/ModuleParser
instanceKlass org/jetbrains/kotlin/com/intellij/lang/java/parser/FileParser
instanceKlass org/jetbrains/kotlin/com/intellij/lang/java/parser/JavaParser
instanceKlass org/jetbrains/kotlin/com/intellij/lang/java/parser/JavaParserUtil$TrailingWhitespacesAndCommentsBinder
instanceKlass org/jetbrains/kotlin/com/intellij/lang/java/parser/JavaParserUtil$PrecedingWhitespacesAndCommentsBinder
instanceKlass org/jetbrains/kotlin/com/intellij/lang/java/parser/JavaParserUtil
instanceKlass org/jetbrains/kotlin/com/intellij/psi/impl/source/Constants
instanceKlass org/jetbrains/kotlin/com/intellij/psi/impl/source/PsiJavaFileBaseImpl$MyCacheBuilder
instanceKlass  @bci org/jetbrains/kotlin/com/intellij/psi/impl/source/PsiJavaFileBaseImpl <clinit> ()V 40 <appendix> argL0 ; # org/jetbrains/kotlin/com/intellij/psi/impl/source/PsiJavaFileBaseImpl$$Lambda+0x00000001007f7028
instanceKlass org/jetbrains/kotlin/com/intellij/psi/scope/PsiScopeProcessor$Event
instanceKlass org/jetbrains/kotlin/descriptors/NotFoundClasses$ClassRequest
# instanceKlass java/lang/invoke/LambdaForm$MH+0x00000001007f1800
# instanceKlass java/lang/invoke/LambdaForm$MH+0x00000001007f1400
# instanceKlass java/lang/invoke/LambdaForm$MH+0x00000001007f1000
instanceKlass  @bci org/jetbrains/kotlin/types/CommonSupertypes depth (Lorg/jetbrains/kotlin/types/KotlinType;)I 14 <appendix> member <vmtarget> ; # org/jetbrains/kotlin/types/CommonSupertypes$$Lambda+0x00000001007f4000
# instanceKlass java/lang/invoke/LambdaForm$MH+0x00000001007f0c00
instanceKlass org/jetbrains/kotlin/resolve/calls/CallResolver$1
# instanceKlass java/lang/invoke/LambdaForm$MH+0x00000001007f0800
# instanceKlass java/lang/invoke/LambdaForm$MH+0x00000001007f0400
instanceKlass org/jetbrains/kotlin/serialization/deserialization/AnnotationAndConstantLoaderImpl$WhenMappings
instanceKlass org/jetbrains/kotlin/resolve/checkers/OptInDescription$Companion
instanceKlass org/jetbrains/kotlin/resolve/checkers/OptInDescription
instanceKlass org/jetbrains/kotlin/contracts/description/expressions/IsNullPredicate
# instanceKlass java/lang/invoke/LambdaForm$MH+0x00000001007f0000
# instanceKlass java/lang/invoke/LambdaForm$MH+0x00000001007e4c00
instanceKlass org/jetbrains/kotlin/descriptors/impl/EnumEntrySyntheticClassDescriptor$EnumEntryScope$3
instanceKlass org/jetbrains/kotlin/descriptors/impl/EnumEntrySyntheticClassDescriptor$EnumEntryScope$2
instanceKlass org/jetbrains/kotlin/descriptors/impl/EnumEntrySyntheticClassDescriptor$EnumEntryScope$1
instanceKlass  @bci org/jetbrains/kotlin/resolve/DescriptorResolver resolveValueParameterDescriptor (Lorg/jetbrains/kotlin/resolve/scopes/LexicalScope;Lorg/jetbrains/kotlin/descriptors/FunctionDescriptor;Lorg/jetbrains/kotlin/psi/KtParameter;ILorg/jetbrains/kotlin/types/KotlinType;Lorg/jetbrains/kotlin/resolve/BindingTrace;Lorg/jetbrains/kotlin/descriptors/annotations/Annotations;Lorg/jetbrains/kotlin/resolve/calls/components/InferenceSession;)Lorg/jetbrains/kotlin/descriptors/impl/ValueParameterDescriptorImpl; 159 <appendix> member <vmtarget> ; # org/jetbrains/kotlin/resolve/DescriptorResolver$$Lambda+0x00000001007ece68
instanceKlass org/jetbrains/kotlin/types/expressions/FakeCallResolver$TracingStrategyForComponentCall
instanceKlass org/jetbrains/kotlin/contracts/model/structure/ESOr
instanceKlass org/jetbrains/kotlin/contracts/model/structure/ESAnd
instanceKlass org/jetbrains/kotlin/com/intellij/openapi/util/TextRange
instanceKlass org/jetbrains/kotlin/com/intellij/openapi/util/Segment
instanceKlass org/jetbrains/kotlin/cfg/CfgContainingDeclarationUtilsKt
instanceKlass org/jetbrains/kotlin/types/expressions/AssignedVariablesSearcher$Writer
instanceKlass org/jetbrains/kotlin/kdoc/parser/KDocLinkParser$Companion
instanceKlass org/jetbrains/kotlin/kdoc/parser/KDocLinkParser
instanceKlass org/jetbrains/kotlin/kdoc/parser/KDocKnownTag$Companion
instanceKlass kotlin/jvm/internal/IntCompanionObject
instanceKlass org/jetbrains/kotlin/resolve/calls/results/ManyCandidates$WhenMappings
instanceKlass  @bci org/jetbrains/kotlin/resolve/calls/tasks/TracingStrategyImpl isFunctionExpectedError (Ljava/util/Collection;)Lorg/jetbrains/kotlin/descriptors/VariableDescriptor; 10 <appendix> argL0 ; # org/jetbrains/kotlin/resolve/calls/tasks/TracingStrategyImpl$$Lambda+0x00000001007e3ce8
instanceKlass org/jetbrains/kotlin/resolve/jvm/checkers/RepeatableAnnotationChecker$ResolvedAnnotation
instanceKlass org/jetbrains/kotlin/kdoc/psi/impl/KDocTag$Companion
instanceKlass org/jetbrains/kotlin/kdoc/parser/KDocElementTypes
instanceKlass org/jetbrains/kotlin/kdoc/parser/KDocParser
instanceKlass org/jetbrains/kotlin/com/intellij/lexer/MergingLexerAdapter$MyMergeFunction
instanceKlass org/jetbrains/kotlin/kdoc/lexer/_KDocLexer
instanceKlass org/jetbrains/kotlin/com/intellij/lexer/MergeFunction
instanceKlass org/jetbrains/kotlin/contracts/model/structure/ESIs
instanceKlass org/jetbrains/kotlin/resolve/calls/inference/model/NewConstraintSystemImpl$WhenMappings
instanceKlass org/jetbrains/kotlin/resolve/calls/inference/components/ConstraintInjector$TypeCheckerStateForConstraintInjector$WhenMappings
instanceKlass org/jetbrains/kotlin/types/typesApproximation/ApproximationBounds
instanceKlass org/jetbrains/kotlin/types/typesApproximation/TypeArgument
instanceKlass org/jetbrains/kotlin/types/typesApproximation/CapturedTypeApproximationKt$WhenMappings
instanceKlass org/jetbrains/kotlin/types/TypeUnifier$UnificationResultImpl
instanceKlass org/jetbrains/kotlin/types/TypeUnifier$UnificationResult
instanceKlass org/jetbrains/kotlin/types/TypeUnifier
instanceKlass  @bci org/jetbrains/kotlin/types/CastDiagnosticsUtil findStaticallyKnownSubtype (Lorg/jetbrains/kotlin/types/KotlinType;Lorg/jetbrains/kotlin/types/TypeConstructor;)Lorg/jetbrains/kotlin/types/TypeReconstructionResult; 277 <appendix> member <vmtarget> ; # org/jetbrains/kotlin/types/CastDiagnosticsUtil$$Lambda+0x00000001007e1068
# instanceKlass java/lang/invoke/LambdaForm$MH+0x00000001007e4800
# instanceKlass java/lang/invoke/LambdaForm$MH+0x00000001007e4400
# instanceKlass java/lang/invoke/LambdaForm$MH+0x00000001007e4000
instanceKlass  @bci org/jetbrains/kotlin/types/expressions/ControlStructureTypingVisitor isCatchBranchesReturnsNothing (Ljava/util/List;Lorg/jetbrains/kotlin/resolve/BindingContext;)Z 5 <appendix> argL0 ; # org/jetbrains/kotlin/types/expressions/ControlStructureTypingVisitor$$Lambda+0x00000001007dfaf0
instanceKlass  @bci org/jetbrains/kotlin/types/expressions/ControlStructureTypingVisitor whichCatchBranchesReturnNothing (Ljava/util/List;Lorg/jetbrains/kotlin/resolve/BindingContext;)Ljava/util/List; 17 <appendix> argL0 ; # org/jetbrains/kotlin/types/expressions/ControlStructureTypingVisitor$$Lambda+0x00000001007df880
instanceKlass  @bci org/jetbrains/kotlin/types/expressions/ControlStructureTypingVisitor whichCatchBranchesReturnNothing (Ljava/util/List;Lorg/jetbrains/kotlin/resolve/BindingContext;)Ljava/util/List; 7 <appendix> member <vmtarget> ; # org/jetbrains/kotlin/types/expressions/ControlStructureTypingVisitor$$Lambda+0x00000001007df608
instanceKlass org/jetbrains/kotlin/resolve/checkers/EmptyIntersectionTypeChecker
instanceKlass org/jetbrains/kotlin/resolve/scopes/TypeIntersectionScope$Companion
instanceKlass org/jetbrains/kotlin/resolve/calls/smartcasts/IdentifierInfo$PostfixIdentifierInfo
instanceKlass org/jetbrains/kotlin/types/TypeAliasExpansionReportStrategy$DO_NOTHING
instanceKlass org/jetbrains/kotlin/types/TypeAliasExpander$Companion
instanceKlass org/jetbrains/kotlin/types/TypeAliasExpander
instanceKlass org/jetbrains/kotlin/types/TypeAliasExpansion$Companion
instanceKlass org/jetbrains/kotlin/types/TypeAliasExpansion
instanceKlass org/jetbrains/kotlin/resolve/TypeResolver$TracingTypeAliasExpansionReportStrategy
instanceKlass org/jetbrains/kotlin/types/TypeAliasExpansionReportStrategy
instanceKlass  @bci org/jetbrains/kotlin/types/expressions/ControlStructureTypingVisitor visitTryExpression (Lorg/jetbrains/kotlin/psi/KtTryExpression;Lorg/jetbrains/kotlin/types/expressions/ExpressionTypingContext;)Lorg/jetbrains/kotlin/types/expressions/KotlinTypeInfo; 14 <appendix> member <vmtarget> ; # org/jetbrains/kotlin/types/expressions/ControlStructureTypingVisitor$$Lambda+0x00000001007dc6e8
instanceKlass  @bci org/jetbrains/kotlin/types/expressions/FakeCallResolver$resolveFakeCall$result$1 invoke (Lorg/jetbrains/kotlin/psi/KtSimpleNameExpression;)V 144 <appendix> member <vmtarget> ; # org/jetbrains/kotlin/types/expressions/FakeCallResolver$resolveFakeCall$result$1$$Lambda+0x00000001007dc490
instanceKlass org/jetbrains/kotlin/types/expressions/FakeCallResolver$TracingStrategyForIteratorCall
instanceKlass org/jetbrains/kotlin/types/expressions/FakeCallResolver$WhenMappings
instanceKlass  @bci org/jetbrains/kotlin/types/expressions/PreliminaryLoopVisitor clearDataFlowInfoForAssignedLocalVariables (Lorg/jetbrains/kotlin/resolve/calls/smartcasts/DataFlowInfo;Lorg/jetbrains/kotlin/config/LanguageVersionSettings;)Lorg/jetbrains/kotlin/resolve/calls/smartcasts/DataFlowInfo; 97 <appendix> member <vmtarget> ; # org/jetbrains/kotlin/types/expressions/PreliminaryLoopVisitor$$Lambda+0x00000001007db838
instanceKlass  @bci org/jetbrains/kotlin/types/expressions/PreliminaryLoopVisitor clearDataFlowInfoForAssignedLocalVariables (Lorg/jetbrains/kotlin/resolve/calls/smartcasts/DataFlowInfo;Lorg/jetbrains/kotlin/config/LanguageVersionSettings;)Lorg/jetbrains/kotlin/resolve/calls/smartcasts/DataFlowInfo; 52 <appendix> member <vmtarget> ; # org/jetbrains/kotlin/types/expressions/PreliminaryLoopVisitor$$Lambda+0x00000001007db350
instanceKlass org/jetbrains/kotlin/types/expressions/PreliminaryLoopVisitor$Companion
instanceKlass org/jetbrains/kotlin/resolve/calls/smartcasts/MultipleSmartCasts
instanceKlass org/jetbrains/kotlin/types/checker/NewKotlinTypeCheckerKt
instanceKlass org/jetbrains/kotlin/cfg/ControlFlowProcessor$CFPVisitor$WhenMappings
instanceKlass  @bci javaslang/collection/HashArrayMappedTrieModule$AbstractNode keysIterator ()Ljavaslang/collection/Iterator; 4 <appendix> argL0 ; # javaslang/collection/HashArrayMappedTrieModule$AbstractNode$$Lambda+0x00000001007d8270
instanceKlass  @bci javaslang/collection/HashMap keySet ()Ljavaslang/collection/Set; 4 <appendix> argL0 ; # javaslang/collection/HashMap$$Lambda+0x00000001007d8000
instanceKlass org/jetbrains/kotlin/resolve/calls/smartcasts/SingleSmartCast
instanceKlass org/jetbrains/kotlin/resolve/calls/smartcasts/ExplicitSmartCasts
instanceKlass org/jetbrains/kotlin/types/checker/NullabilityChecker
instanceKlass org/jetbrains/kotlin/types/checker/TypeIntersector
instanceKlass org/jetbrains/kotlin/resolve/calls/tower/MemberScopeTowerLevel$approximateCapturedTypes$wrappedSubstitution$1$WhenMappings
instanceKlass org/jetbrains/kotlin/resolve/OverridingUtilsKt
instanceKlass  @bci javaslang/ValueModule toJavaCollection (Ljavaslang/Value;Ljava/util/Collection;)Ljava/util/Collection; 41 <appendix> member <vmtarget> ; # javaslang/ValueModule$$Lambda+0x00000001007d5458
instanceKlass  @bci javaslang/collection/HashArrayMappedTrieModule$AbstractNode iterator ()Ljavaslang/collection/Iterator; 4 <appendix> argL0 ; # javaslang/collection/HashArrayMappedTrieModule$AbstractNode$$Lambda+0x00000001007d51e8
instanceKlass  @bci org/jetbrains/kotlin/contracts/model/MutableContextInfo initAndAdd (Ljava/util/Map;Lorg/jetbrains/kotlin/contracts/model/ESValue;Ljava/lang/Object;)V 13 <appendix> member <vmtarget> ; # org/jetbrains/kotlin/contracts/model/MutableContextInfo$$Lambda+0x00000001007d4938
instanceKlass org/jetbrains/kotlin/contracts/model/structure/ValuesKt
instanceKlass org/jetbrains/kotlin/contracts/model/structure/ESEqual
instanceKlass org/jetbrains/kotlin/contracts/model/ESOperator
instanceKlass org/jetbrains/kotlin/resolve/calls/components/ResolutionPartsKt$WhenMappings
instanceKlass org/jetbrains/kotlin/resolve/calls/checkers/InlineChecker
instanceKlass org/jetbrains/kotlin/types/AbstractFlexibilityChecker
instanceKlass org/jetbrains/kotlin/descriptors/impl/TypeAliasConstructorDescriptorImpl$Companion
instanceKlass org/jetbrains/kotlin/descriptors/impl/AbstractTypeAliasDescriptor$typeConstructor$1
instanceKlass gnu/trove/HashFunctions
instanceKlass gnu/trove/TIntObjectProcedure
instanceKlass gnu/trove/TIntHashingStrategy
instanceKlass org/jetbrains/kotlin/resolve/sam/SamConversionResolverKt
instanceKlass org/jetbrains/kotlin/resolve/calls/model/SamConversionDescription
instanceKlass org/jetbrains/kotlin/types/expressions/LabelResolver
instanceKlass org/jetbrains/kotlin/load/kotlin/AbstractBinaryClassAnnotationLoader$WhenMappings
instanceKlass org/jetbrains/kotlin/resolve/diagnostics/SimpleGenericDiagnostics
instanceKlass  @bci org/jetbrains/kotlin/resolve/diagnostics/DiagnosticsElementsCache <init> (Lorg/jetbrains/kotlin/resolve/diagnostics/Diagnostics;Lkotlin/jvm/functions/Function1;)V 16 <appendix> member <vmtarget> ; # org/jetbrains/kotlin/resolve/diagnostics/DiagnosticsElementsCache$$Lambda+0x00000001007cdd18
instanceKlass org/jetbrains/kotlin/resolve/diagnostics/DiagnosticsElementsCache
instanceKlass org/jetbrains/kotlin/resolve/diagnostics/DiagnosticsWithSuppression
instanceKlass org/jetbrains/kotlin/resolve/calls/inference/model/ConstraintStorageKt$WhenMappings
instanceKlass org/jetbrains/kotlin/resolve/calls/inference/model/ConstraintStorageKt
instanceKlass org/jetbrains/kotlin/resolve/checkers/ConfusingWhenBranchSyntaxChecker
instanceKlass org/jetbrains/kotlin/diagnostics/WhenMissingCase
instanceKlass  @bci org/jetbrains/kotlin/com/intellij/psi/impl/source/codeStyle/CodeEditUtil <clinit> ()V 79 <appendix> argL0 ; # org/jetbrains/kotlin/com/intellij/psi/impl/source/codeStyle/CodeEditUtil$$Lambda+0x00000001007cb2b8
instanceKlass  @bci org/jetbrains/kotlin/com/intellij/psi/impl/source/codeStyle/CodeEditUtil <clinit> ()V 68 <appendix> argL0 ; # org/jetbrains/kotlin/com/intellij/psi/impl/source/codeStyle/CodeEditUtil$$Lambda+0x00000001007cb068
instanceKlass org/jetbrains/kotlin/com/intellij/psi/impl/source/codeStyle/CodeEditUtil
instanceKlass org/jetbrains/kotlin/resolve/calls/smartcasts/ConditionalDataFlowInfo$Companion
instanceKlass org/jetbrains/kotlin/types/expressions/PatternMatchingTypingVisitor$Subject
instanceKlass org/jetbrains/kotlin/cfg/WhenOnClassExhaustivenessChecker
instanceKlass org/jetbrains/kotlin/cfg/WhenOnBooleanExhaustivenessChecker
instanceKlass org/jetbrains/kotlin/cfg/WhenExhaustivenessChecker
instanceKlass org/jetbrains/kotlin/cfg/WhenChecker
instanceKlass androidx/compose/compiler/plugins/kotlin/inference/CallBindings
instanceKlass org/jetbrains/kotlin/backend/jvm/ir/JvmIrUtilsKt
instanceKlass androidx/compose/compiler/plugins/kotlin/inference/ApplierInferencer$WhenMappings
instanceKlass kotlin/jvm/internal/Intrinsics$Kotlin
instanceKlass androidx/compose/compiler/plugins/kotlin/k1/InferenceNodeType
instanceKlass androidx/compose/compiler/plugins/kotlin/k1/AnnotationUtilsKt$makeComposableAnnotation$1
instanceKlass org/jetbrains/kotlin/resolve/calls/checkers/AssignmentCheckUtilsKt
instanceKlass org/jetbrains/kotlin/types/expressions/unqualifiedSuper/UnqualifiedSuperKt
instanceKlass  @bci org/jetbrains/kotlin/resolve/BodyResolver resolveSecondaryConstructorBody (Lorg/jetbrains/kotlin/resolve/calls/smartcasts/DataFlowInfo;Lorg/jetbrains/kotlin/resolve/BindingTrace;Lorg/jetbrains/kotlin/psi/KtSecondaryConstructor;Lorg/jetbrains/kotlin/descriptors/ClassConstructorDescriptor;Lorg/jetbrains/kotlin/resolve/scopes/LexicalScope;Lorg/jetbrains/kotlin/types/expressions/ExpressionTypingContext;)V 80 <appendix> member <vmtarget> ; # org/jetbrains/kotlin/resolve/BodyResolver$$Lambda+0x00000001007c1810
instanceKlass  @bci org/jetbrains/kotlin/resolve/BodyResolver resolveSecondaryConstructorBody (Lorg/jetbrains/kotlin/resolve/calls/smartcasts/DataFlowInfo;Lorg/jetbrains/kotlin/resolve/BindingTrace;Lorg/jetbrains/kotlin/psi/KtSecondaryConstructor;Lorg/jetbrains/kotlin/descriptors/ClassConstructorDescriptor;Lorg/jetbrains/kotlin/resolve/scopes/LexicalScope;Lorg/jetbrains/kotlin/types/expressions/ExpressionTypingContext;)V 73 <appendix> member <vmtarget> ; # org/jetbrains/kotlin/resolve/BodyResolver$$Lambda+0x00000001007c15b8
instanceKlass  @bci org/jetbrains/kotlin/com/intellij/psi/util/TypeConversionUtil <clinit> ()V 757 <appendix> argL0 ; # org/jetbrains/kotlin/com/intellij/psi/util/TypeConversionUtil$$Lambda+0x00000001007c1130
instanceKlass org/jetbrains/kotlin/com/intellij/util/containers/ObjectIntHashMap
instanceKlass org/jetbrains/kotlin/com/intellij/psi/PsiTypeVisitor
instanceKlass org/jetbrains/kotlin/com/intellij/util/containers/ObjectIntMap
instanceKlass org/jetbrains/kotlin/com/intellij/psi/util/TypeConversionUtil
# instanceKlass java/lang/invoke/LambdaForm$MH+0x00000001007bc800
# instanceKlass java/lang/invoke/LambdaForm$MH+0x00000001007bc400
instanceKlass org/jetbrains/kotlin/com/intellij/util/io/URLUtil
instanceKlass org/jetbrains/kotlin/com/intellij/util/PathUtil
instanceKlass org/jetbrains/kotlin/load/kotlin/ModuleVisibilityUtilsKt
instanceKlass org/jetbrains/kotlin/resolve/constants/evaluate/OperationsMapGeneratedKt$WhenMappings
instanceKlass org/jetbrains/kotlin/resolve/constants/evaluate/OperationsMapGeneratedKt
instanceKlass org/jetbrains/kotlin/resolve/constants/evaluate/ConstantExpressionEvaluatorVisitor$OperationArgument
instanceKlass jdk/internal/math/FloatingDecimal$ASCIIToBinaryBuffer
instanceKlass jdk/internal/math/FloatingDecimal$PreparedASCIIToBinaryBuffer
instanceKlass jdk/internal/math/FloatingDecimal$ASCIIToBinaryConverter
instanceKlass jdk/internal/math/FloatingDecimal$BinaryToASCIIBuffer
instanceKlass jdk/internal/math/FloatingDecimal$ExceptionalBinaryToASCIIBuffer
instanceKlass jdk/internal/math/FloatingDecimal$BinaryToASCIIConverter
instanceKlass jdk/internal/math/FloatingDecimal
instanceKlass org/jetbrains/kotlin/serialization/deserialization/ValueClassUtilKt
instanceKlass org/jetbrains/kotlin/resolve/calls/tower/InvokeProcessorsKt
instanceKlass org/jetbrains/kotlin/resolve/calls/tower/AbstractInvokeTowerProcessor$VariableInvokeProcessor
instanceKlass org/jetbrains/kotlin/diagnostics/DiagnosticWithParameters2Marker
instanceKlass org/jetbrains/kotlin/resolve/deprecation/DeprecationUtilKt$WhenMappings
instanceKlass org/jetbrains/kotlin/resolve/deprecation/DeprecationUtilKt
instanceKlass java/time/Instant
instanceKlass java/time/temporal/TemporalAdjuster
instanceKlass java/time/temporal/Temporal
instanceKlass java/time/temporal/TemporalAccessor
instanceKlass org/jetbrains/kotlin/metadata/jvm/JvmProtoBuf$1
# instanceKlass java/lang/invoke/LambdaForm$MH+0x00000001007bc000
instanceKlass org/jetbrains/kotlin/resolve/calls/inference/model/InferredEmptyIntersection
instanceKlass kotlin/jvm/internal/EnumCompanionObject
instanceKlass  @bci org/jetbrains/kotlin/resolve/calls/inference/model/NewConstraintSystemImpl substituteFixedVariables (Lorg/jetbrains/kotlin/types/model/TypeSubstitutorMarker;)V 26 <appendix> member <vmtarget> ; # org/jetbrains/kotlin/resolve/calls/inference/model/NewConstraintSystemImpl$$Lambda+0x00000001007b4fb0
instanceKlass org/jetbrains/kotlin/resolve/calls/inference/ComposedSubstitutor
instanceKlass org/jetbrains/kotlin/resolve/calls/inference/BuilderInferenceSession$WhenMappings
instanceKlass org/jetbrains/kotlin/resolve/calls/inference/ConstraintSystemImpl$WhenMappings
instanceKlass org/jetbrains/kotlin/resolve/calls/inference/ConstraintSystemImpl$status$1
instanceKlass org/jetbrains/kotlin/resolve/calls/inference/ConstraintSystemStatus
instanceKlass org/jetbrains/kotlin/resolve/calls/inference/ConstraintSystemImpl
instanceKlass org/jetbrains/kotlin/resolve/calls/inference/ConstraintSystem
instanceKlass org/jetbrains/kotlin/resolve/calls/inference/ConstraintSystemBuilderImpl$Constraint
instanceKlass org/jetbrains/kotlin/types/FunctionPlaceholderTypeConstructor
instanceKlass org/jetbrains/kotlin/types/FunctionPlaceholdersKt
instanceKlass org/jetbrains/kotlin/resolve/calls/inference/ConstraintSystemBuilderImpl$addConstraint$typeCheckingProcedure$1
instanceKlass org/jetbrains/kotlin/resolve/calls/inference/ConstraintContext
instanceKlass org/jetbrains/kotlin/resolve/calls/inference/constraintPosition/ConstraintPositionImpl
instanceKlass org/jetbrains/kotlin/resolve/calls/inference/constraintPosition/ConstraintPosition
instanceKlass org/jetbrains/kotlin/resolve/calls/inference/CallHandle$NONE
instanceKlass  @bci org/jetbrains/kotlin/types/TypeIntersector$TypeUnifier unify (Lorg/jetbrains/kotlin/types/KotlinType;Lorg/jetbrains/kotlin/types/KotlinType;)Z 45 <appendix> member <vmtarget> ; # org/jetbrains/kotlin/types/TypeIntersector$TypeUnifier$$Lambda+0x00000001007b0258
instanceKlass  @bci org/jetbrains/kotlin/types/TypeIntersector$TypeUnifier unify (Lorg/jetbrains/kotlin/types/KotlinType;Lorg/jetbrains/kotlin/types/KotlinType;)Z 26 <appendix> member <vmtarget> ; # org/jetbrains/kotlin/types/TypeIntersector$TypeUnifier$$Lambda+0x00000001007b0000
instanceKlass  @bci org/jetbrains/kotlin/types/TypeIntersector$TypeUnifier unify (Lorg/jetbrains/kotlin/types/KotlinType;Lorg/jetbrains/kotlin/types/KotlinType;)Z 9 <appendix> member <vmtarget> ; # org/jetbrains/kotlin/types/TypeIntersector$TypeUnifier$$Lambda+0x00000001007afc80
instanceKlass org/jetbrains/kotlin/types/TypeIntersector$TypeUnifier$TypeParameterUsage
instanceKlass org/jetbrains/kotlin/resolve/calls/inference/CallHandle
instanceKlass org/jetbrains/kotlin/types/TypeIntersector$TypeUnifier
instanceKlass org/jetbrains/kotlin/contracts/model/visitors/Substitutor
instanceKlass org/jetbrains/kotlin/contracts/description/ReturnsEffectDeclaration
instanceKlass org/jetbrains/kotlin/contracts/description/ConditionalEffectDeclaration
instanceKlass org/jetbrains/kotlin/contracts/interpretation/CallsEffectInterpreter
instanceKlass org/jetbrains/kotlin/contracts/interpretation/ReturnsEffectInterpreter
instanceKlass org/jetbrains/kotlin/contracts/interpretation/EffectDeclarationInterpreter
instanceKlass org/jetbrains/kotlin/contracts/interpretation/ConditionalEffectInterpreter
instanceKlass org/jetbrains/kotlin/contracts/interpretation/ConditionInterpreter
instanceKlass org/jetbrains/kotlin/contracts/description/ContractDescriptionVisitor
instanceKlass org/jetbrains/kotlin/contracts/interpretation/ConstantValuesInterpreter
instanceKlass org/jetbrains/kotlin/contracts/interpretation/ContractInterpretationDispatcher
instanceKlass org/jetbrains/kotlin/contracts/description/AbstractContractProvider
instanceKlass org/jetbrains/kotlin/descriptors/ContractProvider
instanceKlass org/jetbrains/kotlin/contracts/description/ContractDescription
instanceKlass org/jetbrains/kotlin/contracts/description/CallsEffectDeclaration
instanceKlass org/jetbrains/kotlin/contracts/description/EffectDeclaration
instanceKlass org/jetbrains/kotlin/contracts/description/EventOccurrencesRange$Companion
instanceKlass org/jetbrains/kotlin/contracts/description/expressions/VariableReference
instanceKlass org/jetbrains/kotlin/contracts/ContractDeserializerImpl$ContractDeserializationWorker$WhenMappings
instanceKlass org/jetbrains/kotlin/contracts/ContractDeserializerImpl$ContractDeserializationWorker
instanceKlass org/jetbrains/kotlin/resolve/multiplatform/OptionalAnnotationUtil
instanceKlass org/jetbrains/kotlin/resolve/checkers/ClassifierUsageCheckerKt
instanceKlass org/jetbrains/kotlin/resolve/ModifierCheckerHelpersKt$or$1
instanceKlass org/jetbrains/kotlin/resolve/ModifierCheckerHelpersKt$ifSupported$1
instanceKlass org/jetbrains/kotlin/resolve/ModifierCheckerHelpersKt$always$1
instanceKlass org/jetbrains/kotlin/resolve/TargetAllowedPredicate
instanceKlass org/jetbrains/kotlin/resolve/ModifierCheckerHelpersKt
instanceKlass kotlin/jvm/internal/Ref$IntRef
instanceKlass androidx/compose/compiler/plugins/kotlin/inference/BindingsKt
instanceKlass androidx/compose/compiler/plugins/kotlin/inference/Value
instanceKlass androidx/compose/compiler/plugins/kotlin/inference/Binding
instanceKlass androidx/compose/compiler/plugins/kotlin/inference/Bindings
instanceKlass androidx/compose/compiler/plugins/kotlin/inference/LazyScheme$Companion
instanceKlass androidx/compose/compiler/plugins/kotlin/inference/LazyScheme
instanceKlass androidx/compose/compiler/plugins/kotlin/inference/SchemeKt
instanceKlass androidx/compose/compiler/plugins/kotlin/inference/Scheme
instanceKlass androidx/compose/compiler/plugins/kotlin/inference/Item
instanceKlass androidx/compose/compiler/plugins/kotlin/k1/ComposableTargetCheckerKt
instanceKlass org/jetbrains/kotlin/psi/VisitorWrappersKt
instanceKlass org/jetbrains/kotlin/descriptors/EffectiveVisibilityUtilsKt$WhenMappings
instanceKlass org/jetbrains/kotlin/descriptors/RelationToType$WhenMappings
instanceKlass org/jetbrains/kotlin/descriptors/DescriptorWithRelation
instanceKlass org/jetbrains/kotlin/descriptors/EffectiveVisibility$WhenMappings
instanceKlass org/jetbrains/kotlin/descriptors/EffectiveVisibilityUtilsKt
instanceKlass org/jetbrains/kotlin/descriptors/annotations/KotlinTarget$Companion$WhenMappings
instanceKlass org/jetbrains/kotlin/resolve/jvm/JdkClassesKt
instanceKlass org/jetbrains/kotlin/resolve/jvm/checkers/BadInheritedJavaSignaturesCheckerKt
instanceKlass org/jetbrains/kotlin/types/SubstitutionUtils
instanceKlass org/jetbrains/kotlin/cfg/variable/PseudocodeVariablesData$VariablesForDeclaration
instanceKlass org/jetbrains/kotlin/cfg/pseudocode/PseudocodeUtil
instanceKlass org/jetbrains/kotlin/cfg/pseudocodeTraverser/Edges
instanceKlass org/jetbrains/kotlin/cfg/variable/PseudocodeVariablesData$ReadOnlyInitVariableControlFlowInfoImpl
instanceKlass javaslang/collection/HashSet
instanceKlass org/jetbrains/kotlin/cfg/variable/BlockScopeVariableInfoImpl
instanceKlass org/jetbrains/kotlin/cfg/variable/BlockScopeVariableInfo
instanceKlass org/jetbrains/kotlin/cfg/variable/PseudocodeVariableDataCollector
instanceKlass org/jetbrains/kotlin/cfg/ControlFlowInfo
instanceKlass org/jetbrains/kotlin/cfg/variable/VariableInitReadOnlyControlFlowInfo
instanceKlass org/jetbrains/kotlin/cfg/ReadOnlyControlFlowInfo
instanceKlass org/jetbrains/kotlin/cfg/variable/PseudocodeVariablesData$Companion
instanceKlass org/jetbrains/kotlin/cfg/variable/PseudocodeVariablesData
instanceKlass org/jetbrains/kotlin/cfg/pseudocodeTraverser/PseudocodeTraverserKt$WhenMappings
instanceKlass org/jetbrains/kotlin/cfg/pseudocodeTraverser/PseudocodeTraverserKt
instanceKlass org/jetbrains/kotlin/cfg/pseudocode/instructions/InstructionVisitor
instanceKlass org/jetbrains/kotlin/cfg/pseudocode/instructions/eval/AccessTarget
instanceKlass org/jetbrains/kotlin/cfg/pseudocode/instructions/jumps/JumpInstruction
instanceKlass  @bci org/jetbrains/kotlin/com/intellij/util/containers/BidirectionalMap put (Ljava/lang/Object;Ljava/lang/Object;)Ljava/lang/Object; 76 <appendix> argL0 ; # org/jetbrains/kotlin/com/intellij/util/containers/BidirectionalMap$$Lambda+0x000000010079bba8
instanceKlass org/jetbrains/kotlin/cfg/pseudocode/PseudoValueImpl
instanceKlass org/jetbrains/kotlin/cfg/pseudocode/PseudoValue
instanceKlass org/jetbrains/kotlin/cfg/pseudocode/instructions/eval/InstructionWithReceivers
instanceKlass org/jetbrains/kotlin/cfg/pseudocode/PseudocodeUtilsKt
instanceKlass org/jetbrains/kotlin/cfg/pseudocode/instructions/eval/InstructionWithValue
instanceKlass org/jetbrains/kotlin/cfg/pseudocode/instructions/InstructionImpl
instanceKlass org/jetbrains/kotlin/cfg/pseudocode/instructions/KtElementInstruction
instanceKlass org/jetbrains/kotlin/cfg/pseudocode/instructions/Instruction
instanceKlass org/jetbrains/kotlin/cfg/BlockInfo
instanceKlass org/jetbrains/kotlin/cfg/pseudocode/instructions/BlockScope
instanceKlass org/jetbrains/kotlin/cfg/pseudocode/PseudoValueFactoryImpl
instanceKlass org/jetbrains/kotlin/cfg/pseudocode/PseudoValueFactory
instanceKlass org/jetbrains/kotlin/cfg/pseudocode/PseudocodeLabel
instanceKlass org/jetbrains/kotlin/cfg/Label
instanceKlass org/jetbrains/kotlin/com/intellij/util/containers/BidirectionalMap
instanceKlass org/jetbrains/kotlin/cfg/pseudocode/PseudocodeImpl
instanceKlass org/jetbrains/kotlin/cfg/pseudocode/Pseudocode
instanceKlass org/jetbrains/kotlin/cfg/pseudocode/ControlFlowInstructionsGenerator$ControlFlowInstructionsGeneratorWorker
instanceKlass org/jetbrains/kotlin/cfg/ControlFlowBuilderAdapter
instanceKlass org/jetbrains/kotlin/cfg/ControlFlowBuilder
instanceKlass org/jetbrains/kotlin/cfg/ControlFlowProcessor
instanceKlass org/jetbrains/kotlin/cfg/ControlFlowInformationProviderImpl$Companion
instanceKlass org/jetbrains/kotlin/cfg/ControlFlowInformationProviderImpl
instanceKlass org/jetbrains/kotlin/contracts/model/structure/ESReceiver
instanceKlass  @bci org/jetbrains/kotlin/resolve/BodyResolver getPrimaryConstructorParametersScope (Lorg/jetbrains/kotlin/resolve/scopes/LexicalScope;Lorg/jetbrains/kotlin/descriptors/ConstructorDescriptor;)Lorg/jetbrains/kotlin/resolve/scopes/LexicalScope; 18 <appendix> member <vmtarget> ; # org/jetbrains/kotlin/resolve/BodyResolver$$Lambda+0x0000000100791b48
instanceKlass  @bci org/jetbrains/kotlin/types/expressions/BasicExpressionTypingVisitor lambda$visitObjectLiteralExpression$0 (Lorg/jetbrains/kotlin/psi/KtObjectLiteralExpression;[Lorg/jetbrains/kotlin/types/KotlinType;Lorg/jetbrains/kotlin/types/expressions/ExpressionTypingContext;Lorg/jetbrains/kotlin/util/slicedMap/WritableSlice;Lorg/jetbrains/kotlin/com/intellij/psi/PsiElement;Lorg/jetbrains/kotlin/descriptors/ClassDescriptor;)V 37 <appendix> member <vmtarget> ; # org/jetbrains/kotlin/types/expressions/BasicExpressionTypingVisitor$$Lambda+0x00000001007918f0
instanceKlass org/jetbrains/kotlin/types/expressions/LocalClassDescriptorHolder$getClassDescriptor$2$declarationProviderFactory$1
instanceKlass org/jetbrains/kotlin/types/expressions/LocalClassDescriptorHolder$getClassDescriptor$2
# instanceKlass java/lang/invoke/LambdaForm$MH+0x0000000100795800
# instanceKlass java/lang/invoke/LambdaForm$MH+0x0000000100795400
# instanceKlass java/lang/invoke/LambdaForm$MH+0x0000000100795000
# instanceKlass java/lang/invoke/LambdaForm$MH+0x0000000100794c00
# instanceKlass java/lang/invoke/LambdaForm$MH+0x0000000100794800
# instanceKlass java/lang/invoke/LambdaForm$MH+0x0000000100794400
# instanceKlass java/lang/invoke/LambdaForm$MH+0x0000000100794000
instanceKlass org/jetbrains/kotlin/platform/PlatformSpecificDiagnosticComponents$Default
instanceKlass org/jetbrains/kotlin/resolve/deprecation/DeprecationSettings$Default
instanceKlass org/jetbrains/kotlin/resolve/lazy/FileScopeProvider$ThrowException
instanceKlass org/jetbrains/kotlin/resolve/lazy/NoTopLevelDescriptorProvider
instanceKlass org/jetbrains/kotlin/types/expressions/LocalClassDescriptorHolder
instanceKlass org/jetbrains/kotlin/context/ModuleContextImpl
instanceKlass  @bci org/jetbrains/kotlin/types/expressions/BasicExpressionTypingVisitor visitObjectLiteralExpression (Lorg/jetbrains/kotlin/psi/KtObjectLiteralExpression;Lorg/jetbrains/kotlin/types/expressions/ExpressionTypingContext;)Lorg/jetbrains/kotlin/types/expressions/KotlinTypeInfo; 47 <appendix> member <vmtarget> ; # org/jetbrains/kotlin/types/expressions/BasicExpressionTypingVisitor$$Lambda+0x0000000100788800
instanceKlass  @cpi org/jetbrains/kotlin/types/expressions/BasicExpressionTypingVisitor 1308 form vmentry <vmtarget> ; # java/lang/invoke/LambdaForm$DMH+0x0000000100788400
instanceKlass org/jetbrains/kotlin/resolve/LateinitModifierApplicabilityChecker
instanceKlass org/jetbrains/kotlin/resolve/checkers/OptionalExpectationChecker
instanceKlass org/jetbrains/kotlin/resolve/checkers/PublishedApiUsageChecker
instanceKlass org/jetbrains/kotlin/resolve/OperatorModifierChecker
instanceKlass org/jetbrains/kotlin/resolve/checkers/ActualClassifierMustHasTheSameMembersAsNonFinalExpectClassifierCheckerKt
instanceKlass org/jetbrains/kotlin/resolve/AnnotationUseSiteTargetChecker
instanceKlass org/jetbrains/kotlin/resolve/calls/DslMarkerUtils$FunctionTypeAnnotationsKey
instanceKlass org/jetbrains/kotlin/resolve/calls/inference/BuilderInferenceSession$Companion
instanceKlass org/jetbrains/kotlin/types/model/TypeSystemContext$iterator$1
instanceKlass org/jetbrains/kotlin/utils/SmartList$1
instanceKlass org/jetbrains/kotlin/resolve/calls/tower/ResolutionResultCallInfo
instanceKlass org/jetbrains/kotlin/resolve/calls/components/PartialCallInfo
instanceKlass org/jetbrains/kotlin/resolve/calls/model/ArgumentUnmapped
instanceKlass org/jetbrains/kotlin/resolve/calls/checkers/RttiExpressionInformation
instanceKlass org/jetbrains/kotlin/types/CastDiagnosticsUtil
instanceKlass org/jetbrains/kotlin/types/TypeReconstructionResult
instanceKlass org/jetbrains/kotlin/types/expressions/TypeReconstructionUtil
instanceKlass org/jetbrains/kotlin/types/expressions/DefinitelyNotNullDeprecationKt
instanceKlass org/jetbrains/kotlin/types/expressions/BasicExpressionTypingVisitor$1
instanceKlass org/jetbrains/kotlin/types/expressions/LabelResolver$LabeledReceiverResolutionResult$Companion
instanceKlass org/jetbrains/kotlin/types/expressions/LabelResolver$LabeledReceiverResolutionResult
instanceKlass org/jetbrains/kotlin/resolve/calls/model/ResolvedCallImpl
instanceKlass org/jetbrains/kotlin/com/intellij/psi/impl/source/tree/Factory
instanceKlass org/jetbrains/kotlin/resolve/InferenceSessionForExistingCandidates
instanceKlass org/jetbrains/kotlin/types/AbstractStubType$Companion
instanceKlass org/jetbrains/kotlin/resolve/calls/model/PartialCallContainer$Companion
instanceKlass org/jetbrains/kotlin/resolve/calls/model/PartialCallContainer
# instanceKlass java/lang/invoke/LambdaForm$MH+0x0000000100788000
instanceKlass org/jetbrains/kotlin/types/checker/IntersectionTypeKt
instanceKlass org/jetbrains/kotlin/resolve/calls/tower/SimpleTypeArgumentImpl
instanceKlass org/jetbrains/kotlin/resolve/calls/model/SimpleTypeArgument
instanceKlass org/jetbrains/kotlin/resolve/calls/model/TypeArgument
instanceKlass org/jetbrains/kotlin/resolve/deprecation/DeprecatedByAnnotation$Companion
instanceKlass org/jetbrains/kotlin/resolve/deprecation/DeprecationInfo
instanceKlass org/jetbrains/kotlin/load/kotlin/AbstractBinaryClassAnnotationLoaderKt
instanceKlass org/jetbrains/kotlin/metadata/jvm/deserialization/JvmFlags
instanceKlass org/jetbrains/kotlin/contracts/model/functors/FunctorsUtilsKt
instanceKlass org/jetbrains/kotlin/contracts/model/AbstractFunctor
instanceKlass org/jetbrains/kotlin/contracts/model/Functor
instanceKlass  @bci org/jetbrains/kotlin/resolve/calls/inference/components/ConstraintInjector$TypeCheckerStateForConstraintInjector addNewIncorporatedConstraint (Lorg/jetbrains/kotlin/types/model/KotlinTypeMarker;Lorg/jetbrains/kotlin/types/model/KotlinTypeMarker;ZZZ)V 62 <adapter> ; # java/lang/invoke/LambdaForm$MH+0x0000000100781c00
# instanceKlass java/lang/invoke/LambdaForm$DMH+0x0000000100781800
instanceKlass  @bci org/jetbrains/kotlin/resolve/calls/inference/components/ConstraintInjector$TypeCheckerStateForConstraintInjector addNewIncorporatedConstraint (Lorg/jetbrains/kotlin/types/model/KotlinTypeMarker;Lorg/jetbrains/kotlin/types/model/KotlinTypeMarker;ZZZ)V 62 <appendix> form vmentry <vmtarget> ; # java/lang/invoke/LambdaForm$DMH+0x0000000100781400
instanceKlass  @bci org/jetbrains/kotlin/resolve/calls/inference/components/ConstraintInjector$TypeCheckerStateForConstraintInjector addNewIncorporatedConstraint (Lorg/jetbrains/kotlin/types/model/KotlinTypeMarker;Lorg/jetbrains/kotlin/types/model/KotlinTypeMarker;ZZZ)V 62 <appendix> member <vmtarget> ; # org/jetbrains/kotlin/resolve/calls/inference/components/ConstraintInjector$TypeCheckerStateForConstraintInjector$$Lambda+0x000000010077fc60
instanceKlass  @cpi org/jetbrains/kotlin/resolve/calls/inference/components/ConstraintInjector$TypeCheckerStateForConstraintInjector 1318 form vmentry <vmtarget> ; # java/lang/invoke/LambdaForm$DMH+0x0000000100781000
instanceKlass org/jetbrains/kotlin/types/checker/ClassicTypeSystemContextKt$WhenMappings
instanceKlass org/jetbrains/kotlin/resolve/calls/inference/components/ConstraintIncorporatorKt
instanceKlass org/jetbrains/kotlin/resolve/calls/inference/components/ConstraintIncorporator$WhenMappings
instanceKlass org/jetbrains/kotlin/resolve/calls/inference/components/NewTypeSubstitutorKt$createCompositeSubstitutor$1
instanceKlass org/jetbrains/kotlin/resolve/calls/inference/components/NewTypeSubstitutorKt
instanceKlass  @bci org/jetbrains/kotlin/resolve/DescriptorEquivalenceForOverrides areCallableDescriptorsEquivalent (Lorg/jetbrains/kotlin/descriptors/CallableDescriptor;Lorg/jetbrains/kotlin/descriptors/CallableDescriptor;ZZZLorg/jetbrains/kotlin/types/checker/KotlinTypeRefiner;)Z 184 <adapter> ; # java/lang/invoke/LambdaForm$MH+0x0000000100780c00
# instanceKlass java/lang/invoke/LambdaForm$DMH+0x0000000100780800
instanceKlass  @bci org/jetbrains/kotlin/resolve/DescriptorEquivalenceForOverrides areCallableDescriptorsEquivalent (Lorg/jetbrains/kotlin/descriptors/CallableDescriptor;Lorg/jetbrains/kotlin/descriptors/CallableDescriptor;ZZZLorg/jetbrains/kotlin/types/checker/KotlinTypeRefiner;)Z 184 <appendix> form vmentry <vmtarget> ; # java/lang/invoke/LambdaForm$DMH+0x0000000100780400
instanceKlass  @bci org/jetbrains/kotlin/resolve/DescriptorEquivalenceForOverrides areCallableDescriptorsEquivalent (Lorg/jetbrains/kotlin/descriptors/CallableDescriptor;Lorg/jetbrains/kotlin/descriptors/CallableDescriptor;ZZZLorg/jetbrains/kotlin/types/checker/KotlinTypeRefiner;)Z 184 <appendix> member <vmtarget> ; # org/jetbrains/kotlin/resolve/DescriptorEquivalenceForOverrides$$Lambda+0x000000010077d260
instanceKlass  @cpi org/jetbrains/kotlin/resolve/DescriptorEquivalenceForOverrides 211 form vmentry <vmtarget> ; # java/lang/invoke/LambdaForm$DMH+0x0000000100780000
instanceKlass org/jetbrains/kotlin/resolve/checkers/PrimitiveNumericComparisonInfo
instanceKlass org/jetbrains/kotlin/resolve/constants/evaluate/ConstantExpressionEvaluatorKt$WhenMappings
instanceKlass org/jetbrains/kotlin/resolve/constants/evaluate/ConstantExpressionEvaluatorKt
instanceKlass org/jetbrains/kotlin/resolve/calls/smartcasts/IdentifierInfo$EnumEntry
instanceKlass org/jetbrains/kotlin/resolve/CliStdlibClassFinderImpl
instanceKlass org/jetbrains/kotlin/resolve/StdlibClassFinder
instanceKlass org/jetbrains/kotlin/resolve/StdlibClassFinderKt
instanceKlass org/jetbrains/kotlin/resolve/calls/inference/model/ConstraintSystemError
instanceKlass org/jetbrains/kotlin/resolve/calls/inference/model/NewConstraintMismatch
instanceKlass org/jetbrains/kotlin/load/kotlin/BinaryClassAnnotationAndConstantLoaderImpl$AbstractAnnotationArgumentVisitor$visitAnnotation$1
instanceKlass org/jetbrains/kotlin/resolve/calls/smartcasts/IdentifierInfo$SafeCast
instanceKlass org/jetbrains/kotlin/resolve/calls/smartcasts/Nullability$1
instanceKlass  @bci javaslang/collection/List reverse ()Ljavaslang/collection/List; 17 <appendix> argL0 ; # javaslang/collection/List$$Lambda+0x0000000100778000
instanceKlass javaslang/collection/List$Cons
instanceKlass org/jetbrains/kotlin/resolve/calls/smartcasts/DataFlowInfoImplKt
instanceKlass  @bci org/jetbrains/kotlin/resolve/calls/CallResolver resolveCallWithKnownCandidate (Lorg/jetbrains/kotlin/psi/Call;Lorg/jetbrains/kotlin/resolve/calls/tasks/TracingStrategy;Lorg/jetbrains/kotlin/resolve/calls/context/ResolutionContext;Lorg/jetbrains/kotlin/resolve/calls/tasks/OldResolutionCandidate;Lorg/jetbrains/kotlin/resolve/calls/model/MutableDataFlowInfoForArguments;)Lorg/jetbrains/kotlin/resolve/calls/results/OverloadResolutionResults; 48 <appendix> member <vmtarget> ; # org/jetbrains/kotlin/resolve/calls/CallResolver$$Lambda+0x0000000100776eb8
instanceKlass org/jetbrains/kotlin/types/expressions/ControlStructureTypingUtils$ThrowingOnErrorTracingStrategy
instanceKlass org/jetbrains/kotlin/resolve/descriptorUtil/AnnotationsWithOnly
instanceKlass org/jetbrains/kotlin/types/expressions/ControlStructureTypingUtils$1
instanceKlass org/jetbrains/kotlin/com/google/common/primitives/IntsMethodsForWeb
instanceKlass org/jetbrains/kotlin/resolve/jvm/JvmBindingContextSlices
instanceKlass org/jetbrains/kotlin/resolve/jvm/RuntimeAssertionsKt
instanceKlass org/jetbrains/kotlin/load/java/typeEnhancement/EnhancedTypeAnnotationDescriptor
instanceKlass org/jetbrains/kotlin/psi/KtElementUtilsKt
instanceKlass org/jetbrains/kotlin/js/resolve/diagnostics/SourceLocationUtilsKt
instanceKlass androidx/compose/compiler/plugins/kotlin/k1/FrontendWritableSlices
instanceKlass org/jetbrains/kotlin/resolve/calls/tower/FunctionLiteralTypes
instanceKlass org/jetbrains/kotlin/resolve/calls/tower/FunctionLiteralTypes$ProcessedType
instanceKlass org/jetbrains/kotlin/resolve/calls/CommonSuperTypeUtilsKt
instanceKlass org/jetbrains/kotlin/resolve/calls/components/ReturnArgumentsInfo$Companion
instanceKlass org/jetbrains/kotlin/resolve/calls/components/ReturnArgumentsInfo
instanceKlass org/jetbrains/kotlin/builtins/functions/FunctionInvokeDescriptor$Factory
instanceKlass org/jetbrains/kotlin/types/expressions/FunctionsTypingVisitorKt
instanceKlass org/jetbrains/kotlin/types/CommonSupertypes
instanceKlass org/jetbrains/kotlin/resolve/calls/components/CompletionModeCalculator$CalculatorForNestedCall$FixationDirectionForVariable
instanceKlass org/jetbrains/kotlin/resolve/calls/components/CompletionModeCalculator$CalculatorForNestedCall$WhenMappings
instanceKlass org/jetbrains/kotlin/resolve/calls/components/CompletionModeCalculator$CalculatorForNestedCall
instanceKlass org/jetbrains/kotlin/resolve/calls/DslMarkerUtils$DslMarkersFromReceiver
instanceKlass org/jetbrains/kotlin/resolve/calls/DslMarkerUtilsKt
instanceKlass org/jetbrains/kotlin/resolve/calls/DslMarkerUtils
instanceKlass org/jetbrains/kotlin/load/kotlin/AbstractBinaryClassAnnotationAndConstantLoader$loadAnnotationsAndInitializers$1$MemberAnnotationVisitor
instanceKlass org/jetbrains/kotlin/load/kotlin/KotlinJvmBinaryClass$MethodAnnotationVisitor
instanceKlass org/jetbrains/kotlin/load/kotlin/AbstractBinaryClassAnnotationAndConstantLoader$loadAnnotationsAndInitializers$1
instanceKlass org/jetbrains/kotlin/load/kotlin/KotlinJvmBinaryClass$MemberVisitor
instanceKlass org/jetbrains/kotlin/metadata/jvm/deserialization/JvmMemberSignature
instanceKlass org/jetbrains/kotlin/metadata/jvm/deserialization/ClassMapperLite
instanceKlass org/jetbrains/kotlin/load/kotlin/MemberSignature$Companion
instanceKlass org/jetbrains/kotlin/resolve/StatementFilterKt
instanceKlass org/jetbrains/kotlin/resolve/calls/util/FunctionTypeResolveUtilsKt
instanceKlass org/jetbrains/kotlin/types/AbstractTypeApproximator$ApproximationResult
instanceKlass org/jetbrains/kotlin/resolve/calls/tower/LambdaContextInfo
instanceKlass org/jetbrains/kotlin/resolve/calls/tower/KotlinResolutionCallbacksImpl$LambdaInfo$Companion
instanceKlass org/jetbrains/kotlin/resolve/calls/inference/model/MutableVariableWithConstraints$WhenMappings
instanceKlass org/jetbrains/kotlin/resolve/calls/components/BuiltInsProviderKt
instanceKlass org/jetbrains/kotlin/resolve/calls/model/FunctionExpression
instanceKlass org/jetbrains/kotlin/resolve/deprecation/CommonDeprecationUtilsKt$WhenMappings
instanceKlass org/jetbrains/kotlin/resolve/deprecation/CommonDeprecationUtilsKt
instanceKlass org/jetbrains/kotlin/metadata/deserialization/VersionRequirement$Companion$WhenMappings
instanceKlass org/jetbrains/kotlin/metadata/deserialization/VersionRequirement$Version$Companion
instanceKlass org/jetbrains/kotlin/metadata/deserialization/VersionRequirement$Version
instanceKlass org/jetbrains/kotlin/serialization/deserialization/AnnotationDeserializer$WhenMappings
instanceKlass org/jetbrains/kotlin/parsing/BindAll
instanceKlass org/jetbrains/kotlin/parsing/AllCommentsBinder
instanceKlass org/jetbrains/kotlin/parsing/KotlinWhitespaceAndCommentsBindersKt
instanceKlass org/jetbrains/kotlin/descriptors/SourceFile$1
instanceKlass org/jetbrains/kotlin/types/AbstractTypeApproximator$WhenMappings
instanceKlass kotlin/collections/builders/ListBuilder$Itr
instanceKlass kotlin/collections/builders/ListBuilder$Companion
instanceKlass org/jetbrains/kotlin/resolve/calls/NewCommonSuperTypeCalculator
instanceKlass org/jetbrains/kotlin/resolve/calls/inference/components/ResultTypeResolver$sinkIntegerLiteralTypes$$inlined$sortedBy$1
instanceKlass org/jetbrains/kotlin/resolve/calls/inference/components/VariableFixationFinder$WhenMappings
instanceKlass org/jetbrains/kotlin/types/model/TypeSystemContextHelpersKt
instanceKlass org/jetbrains/kotlin/resolve/calls/inference/components/VariableFixationFinderKt
instanceKlass org/jetbrains/kotlin/types/model/MarkerExtensionsKt
instanceKlass org/jetbrains/kotlin/resolve/calls/inference/components/ConstraintContext
instanceKlass org/jetbrains/kotlin/resolve/calls/inference/model/MutableVariableWithConstraints
instanceKlass org/jetbrains/kotlin/resolve/calls/inference/model/TypeVariableKt
instanceKlass org/jetbrains/kotlin/resolve/calls/inference/model/TypeVariableTypeConstructor
instanceKlass org/jetbrains/kotlin/resolve/calls/inference/model/NewTypeVariable
instanceKlass org/jetbrains/kotlin/resolve/constants/PrimitiveTypeUtilKt
instanceKlass org/jetbrains/kotlin/resolve/constants/IntegerLiteralTypeConstructor$Companion
instanceKlass org/jetbrains/kotlin/resolve/constants/IntegerValueTypeConstant$Companion
instanceKlass org/jetbrains/kotlin/resolve/constants/CompileTimeConstantKt
instanceKlass org/jetbrains/kotlin/utils/NumberWithRadix
instanceKlass org/jetbrains/kotlin/utils/NumbersKt
instanceKlass  @bci org/jetbrains/kotlin/com/intellij/util/text/LiteralFormatUtil <clinit> ()V 0 <appendix> argL0 ; # org/jetbrains/kotlin/com/intellij/util/text/LiteralFormatUtil$$Lambda+0x000000010075fb48
instanceKlass org/jetbrains/kotlin/com/intellij/openapi/util/text/CharFilter
instanceKlass org/jetbrains/kotlin/com/intellij/util/text/LiteralFormatUtil
instanceKlass org/jetbrains/kotlin/types/AlternativeTypeSubstitutionKt$substituteAlternativesInPublicType$substitutor$1
instanceKlass org/jetbrains/kotlin/types/AlternativeTypeSubstitutionKt
instanceKlass org/jetbrains/kotlin/resolve/ArrayFqNames
instanceKlass org/jetbrains/kotlin/resolve/CompileTimeConstantUtils
instanceKlass org/jetbrains/kotlin/types/RangeUtilKt
instanceKlass org/jetbrains/kotlin/contracts/ContextInfoToDataFlowInfoKt
instanceKlass org/jetbrains/kotlin/contracts/model/MutableContextInfo$Companion
instanceKlass org/jetbrains/kotlin/contracts/model/MutableContextInfo
instanceKlass org/jetbrains/kotlin/contracts/model/visitors/InfoCollector
instanceKlass org/jetbrains/kotlin/contracts/description/ContractProviderKey
instanceKlass org/jetbrains/kotlin/contracts/model/structure/CallComputation
instanceKlass org/jetbrains/kotlin/contracts/model/structure/TypesKt
instanceKlass org/jetbrains/kotlin/contracts/ESDataFlowValue
instanceKlass org/jetbrains/kotlin/contracts/model/ESTypeSubstitution$Companion
instanceKlass org/jetbrains/kotlin/contracts/model/ESTypeSubstitution
instanceKlass org/jetbrains/kotlin/contracts/model/structure/UNKNOWN_COMPUTATION
instanceKlass org/jetbrains/kotlin/contracts/model/visitors/Reducer
instanceKlass org/jetbrains/kotlin/contracts/model/ESExpressionVisitor
instanceKlass org/jetbrains/kotlin/contracts/model/structure/ESType
instanceKlass org/jetbrains/kotlin/contracts/description/expressions/BooleanConstantReference$Companion
instanceKlass org/jetbrains/kotlin/contracts/description/expressions/ConstantReference$Companion
instanceKlass org/jetbrains/kotlin/contracts/description/expressions/ConstantReference
instanceKlass org/jetbrains/kotlin/contracts/description/expressions/ContractDescriptionValue
instanceKlass org/jetbrains/kotlin/contracts/description/BooleanExpression
instanceKlass org/jetbrains/kotlin/contracts/description/ContractDescriptionElement
instanceKlass org/jetbrains/kotlin/contracts/model/structure/AbstractESValue
instanceKlass org/jetbrains/kotlin/contracts/model/ESValue
instanceKlass org/jetbrains/kotlin/contracts/model/ESExpression
instanceKlass org/jetbrains/kotlin/contracts/model/Computation
instanceKlass org/jetbrains/kotlin/contracts/model/structure/ESConstants
instanceKlass org/jetbrains/kotlin/contracts/model/ESEffect
instanceKlass org/jetbrains/kotlin/descriptors/ConstUtil
instanceKlass org/jetbrains/kotlin/descriptors/ConstUtilKt
instanceKlass kotlin/sequences/SequencesKt___SequencesKt$asIterable$$inlined$Iterable$1
instanceKlass  @bci org/jetbrains/kotlin/load/java/lazy/descriptors/LazyJavaStaticClassScope flatMapJavaStaticSupertypesScopes (Lorg/jetbrains/kotlin/descriptors/ClassDescriptor;Ljava/util/Set;Lkotlin/jvm/functions/Function1;)Ljava/util/Set; 7 <appendix> argL0 ; # org/jetbrains/kotlin/load/java/lazy/descriptors/LazyJavaStaticClassScope$$Lambda+0x00000001007557e0
instanceKlass org/jetbrains/kotlin/resolve/jvm/checkers/JavaNullabilityCheckerKt
instanceKlass org/jetbrains/kotlin/types/expressions/SenselessComparisonChecker$WhenMappings
instanceKlass org/jetbrains/kotlin/types/expressions/SenselessComparisonChecker
instanceKlass org/jetbrains/kotlin/types/EnumCompatibilityCheckerKt
instanceKlass org/jetbrains/kotlin/resolve/calls/smartcasts/IdentifierInfo$NULL
instanceKlass javaslang/ValueModule
instanceKlass  @bci javaslang/collection/LinkedHashSet toJavaSet ()Ljava/util/LinkedHashSet; 1 <appendix> argL0 ; # javaslang/collection/LinkedHashSet$$Lambda+0x0000000100752a50
instanceKlass  @bci org/jetbrains/kotlin/resolve/calls/CallResolver resolveEqualsCallWithGivenDescriptors (Lorg/jetbrains/kotlin/types/expressions/ExpressionTypingContext;Lorg/jetbrains/kotlin/psi/KtReferenceExpression;Lorg/jetbrains/kotlin/resolve/scopes/receivers/ExpressionReceiver;Lorg/jetbrains/kotlin/psi/Call;Ljava/util/Collection;)Lorg/jetbrains/kotlin/resolve/calls/results/OverloadResolutionResults; 63 <appendix> member <vmtarget> ; # org/jetbrains/kotlin/resolve/calls/CallResolver$$Lambda+0x00000001007527f8
instanceKlass org/jetbrains/kotlin/resolve/calls/util/CallMaker$ExpressionValueArgument
instanceKlass  @bci org/jetbrains/kotlin/types/expressions/BasicExpressionTypingVisitor findEqualsWithNullableAnyParameter (Lorg/jetbrains/kotlin/resolve/scopes/receivers/ExpressionReceiver;Lorg/jetbrains/kotlin/psi/KtBinaryExpression;)Ljava/util/List; 77 <appendix> argL0 ; # org/jetbrains/kotlin/types/expressions/BasicExpressionTypingVisitor$$Lambda+0x00000001007522f8
instanceKlass org/jetbrains/kotlin/types/expressions/OperatorConventions
instanceKlass org/jetbrains/kotlin/resolve/calls/smartcasts/SmartCastReceiverValue
instanceKlass org/jetbrains/kotlin/resolve/calls/smartcasts/SmartCastUtilKt
instanceKlass kotlin/properties/NotNullVar
instanceKlass org/jetbrains/kotlin/synthetic/JavaSyntheticPropertiesScope$MyPropertyDescriptor$Companion
instanceKlass org/jetbrains/kotlin/synthetic/SyntheticExtensionsUtilsKt
instanceKlass org/jetbrains/kotlin/resolve/calls/smartcasts/IdentifierInfo$Qualified
instanceKlass org/jetbrains/kotlin/resolve/scopes/receivers/ImplicitContextReceiver
instanceKlass org/jetbrains/kotlin/resolve/calls/smartcasts/DataFlowValueKindUtilsKt
instanceKlass org/jetbrains/kotlin/resolve/calls/smartcasts/IdentifierInfo$Variable
instanceKlass org/jetbrains/kotlin/load/kotlin/KotlinJvmBinaryPackageSourceElement
instanceKlass org/jetbrains/kotlin/resolve/calls/checkers/CoroutineCallCheckerKt
instanceKlass org/jetbrains/kotlin/resolve/calls/model/SimpleCandidateFactoryKt
instanceKlass org/jetbrains/kotlin/resolve/calls/model/ReceiverExpressionKotlinCallArgument$Companion
instanceKlass  @bci org/jetbrains/kotlin/resolve/BodyResolver resolveFunctionBody (Lorg/jetbrains/kotlin/resolve/calls/smartcasts/DataFlowInfo;Lorg/jetbrains/kotlin/resolve/BindingTrace;Lorg/jetbrains/kotlin/psi/KtDeclarationWithBody;Lorg/jetbrains/kotlin/descriptors/FunctionDescriptor;Lorg/jetbrains/kotlin/resolve/scopes/LexicalScope;Lkotlin/jvm/functions/Function1;Lkotlin/jvm/functions/Function1;Lorg/jetbrains/kotlin/types/expressions/ExpressionTypingContext;)V 238 <appendix> member <vmtarget> ; # org/jetbrains/kotlin/resolve/BodyResolver$$Lambda+0x000000010074a240
instanceKlass org/jetbrains/kotlin/descriptors/impl/SyntheticFieldDescriptor$Companion
instanceKlass  @bci org/jetbrains/kotlin/resolve/BodyResolver createFieldTrackingTrace (Lorg/jetbrains/kotlin/descriptors/PropertyDescriptor;)Lorg/jetbrains/kotlin/resolve/ObservableBindingTrace; 16 <appendix> member <vmtarget> ; # org/jetbrains/kotlin/resolve/BodyResolver$$Lambda+0x0000000100749568
instanceKlass  @cpi org/jetbrains/kotlin/resolve/BodyResolver 1356 form vmentry <vmtarget> ; # java/lang/invoke/LambdaForm$DMH+0x000000010074c000
instanceKlass org/jetbrains/kotlin/resolve/ObservableBindingTrace$RecordHandler
instanceKlass  @bci org/jetbrains/kotlin/resolve/scopes/ScopeUtils makeScopeForPropertyHeader (Lorg/jetbrains/kotlin/resolve/scopes/LexicalScope;Lorg/jetbrains/kotlin/descriptors/PropertyDescriptor;)Lorg/jetbrains/kotlin/resolve/scopes/LexicalScope; 34 <appendix> member <vmtarget> ; # org/jetbrains/kotlin/resolve/scopes/ScopeUtils$$Lambda+0x00000001007490e0
instanceKlass org/jetbrains/kotlin/types/expressions/PreliminaryDeclarationVisitor$Companion
instanceKlass org/jetbrains/kotlin/parsing/BindFirstShebangWithWhitespaceOnly
instanceKlass  @bci org/jetbrains/kotlin/com/intellij/psi/impl/source/PsiFileImpl createTreeElementPointer (Lorg/jetbrains/kotlin/com/intellij/psi/impl/source/tree/FileElement;)Ljava/util/function/Supplier; 17 <appendix> member <vmtarget> ; # org/jetbrains/kotlin/com/intellij/psi/impl/source/PsiFileImpl$$Lambda+0x00000001007464e8
instanceKlass org/jetbrains/kotlin/com/intellij/model/BranchableSyntheticPsiElement
instanceKlass  @bci org/jetbrains/kotlin/com/intellij/openapi/fileTypes/CharsetUtil extractCharsetFromFileContent (Lorg/jetbrains/kotlin/com/intellij/openapi/project/Project;Lorg/jetbrains/kotlin/com/intellij/openapi/vfs/VirtualFile;Lorg/jetbrains/kotlin/com/intellij/openapi/fileTypes/FileType;Ljava/lang/CharSequence;)Ljava/nio/charset/Charset; 25 <appendix> member <vmtarget> ; # org/jetbrains/kotlin/com/intellij/openapi/fileTypes/CharsetUtil$$Lambda+0x0000000100745ba0
instanceKlass org/jetbrains/kotlin/psi/KtPsiFactory$Companion
instanceKlass org/jetbrains/kotlin/psi/KtPsiFactory
instanceKlass  @bci org/jetbrains/kotlin/resolve/BodyResolver lambda$getConstructorForEmptyArgumentsList$3 (Lorg/jetbrains/kotlin/descriptors/ClassConstructorDescriptor;)Ljava/lang/Boolean; 6 <appendix> argL0 ; # org/jetbrains/kotlin/resolve/BodyResolver$$Lambda+0x00000001007454d8
instanceKlass  @bci org/jetbrains/kotlin/resolve/BodyResolver getConstructorForEmptyArgumentsList (Lorg/jetbrains/kotlin/descriptors/ClassDescriptor;)Ljava/util/List; 15 <appendix> argL0 ; # org/jetbrains/kotlin/resolve/BodyResolver$$Lambda+0x0000000100745288
instanceKlass org/jetbrains/kotlin/resolve/calls/inference/components/SimpleConstraintSystemImpl
instanceKlass org/jetbrains/kotlin/resolve/calls/results/OverloadingConflictResolver$WhenMappings
instanceKlass org/jetbrains/kotlin/resolve/DescriptorEquivalenceForOverrides
instanceKlass org/jetbrains/kotlin/resolve/calls/results/OverloadingConflictResolver$filterOutEquivalentCalls$$inlined$sortedBy$1
instanceKlass org/jetbrains/kotlin/resolve/annotations/AnnotationUtilKt
instanceKlass org/jetbrains/kotlin/resolve/BodyResolver$2
instanceKlass org/jetbrains/kotlin/resolve/constants/UnsignedErrorValueTypeConstant
instanceKlass org/jetbrains/kotlin/parsing/ParseUtilsKt
instanceKlass org/jetbrains/kotlin/resolve/constants/CompileTimeConstantChecker$CharacterWithDiagnostic
instanceKlass org/jetbrains/kotlin/resolve/constants/CompileTimeConstantChecker
instanceKlass  @bci org/jetbrains/kotlin/resolve/FunctionDescriptorUtil getFunctionInnerScope (Lorg/jetbrains/kotlin/resolve/scopes/LexicalScope;Lorg/jetbrains/kotlin/descriptors/FunctionDescriptor;Lorg/jetbrains/kotlin/resolve/scopes/LocalRedeclarationChecker;)Lorg/jetbrains/kotlin/resolve/scopes/LexicalScope; 51 <appendix> member <vmtarget> ; # org/jetbrains/kotlin/resolve/FunctionDescriptorUtil$$Lambda+0x00000001007419b0
instanceKlass org/jetbrains/kotlin/resolve/FunctionDescriptorUtil
instanceKlass org/jetbrains/kotlin/resolve/calls/results/FlatSignatureKt
instanceKlass org/jetbrains/kotlin/resolve/calls/results/OverloadabilitySpecificityCallbacks
instanceKlass org/jetbrains/kotlin/resolve/calls/results/TypeWithConversion
instanceKlass org/jetbrains/kotlin/resolve/calls/results/FlatSignatureUtilsKt
instanceKlass org/jetbrains/kotlin/resolve/calls/results/FlatSignature$Companion
instanceKlass org/jetbrains/kotlin/resolve/calls/results/FlatSignature
instanceKlass org/jetbrains/kotlin/resolve/source/PsiSourceFile
instanceKlass org/jetbrains/kotlin/descriptors/SourceFile
instanceKlass  @bci org/jetbrains/kotlin/com/intellij/util/containers/MultiMap putValues (Ljava/lang/Object;Ljava/util/Collection;)V 15 <appendix> member <vmtarget> ; # org/jetbrains/kotlin/com/intellij/util/containers/MultiMap$$Lambda+0x000000010073f2a0
instanceKlass org/jetbrains/kotlin/resolve/typeBinding/ExplicitTypeBinding
instanceKlass org/jetbrains/kotlin/resolve/typeBinding/TypeBinding
instanceKlass org/jetbrains/kotlin/resolve/typeBinding/TypeBindingKt
instanceKlass org/jetbrains/kotlin/resolve/OverrideResolver$checkOverrideForComponentFunction$1
instanceKlass org/jetbrains/kotlin/com/google/common/collect/Collections2
instanceKlass org/jetbrains/kotlin/resolve/OverridingUtil$2
instanceKlass org/jetbrains/kotlin/resolve/OverrideResolver$CollectErrorInformationForInheritedMembersStrategy
instanceKlass org/jetbrains/kotlin/resolve/OverrideResolver$CheckInheritedSignaturesReportStrategy
instanceKlass org/jetbrains/kotlin/resolve/OverrideResolver$checkOverrideForMember$1
instanceKlass org/jetbrains/kotlin/resolve/OverrideResolver$CheckOverrideReportForDeclaredMemberStrategy
instanceKlass org/jetbrains/kotlin/resolve/OverrideResolver$CheckOverrideReportStrategy
instanceKlass org/jetbrains/kotlin/descriptors/DeclarationDescriptorWithNavigationSubstitute
instanceKlass  @bci org/jetbrains/kotlin/resolve/lazy/descriptors/LazyClassDescriptor getDeclaredCallableMembers ()Ljava/util/Collection; 7 <appendix> argL0 ; # org/jetbrains/kotlin/resolve/lazy/descriptors/LazyClassDescriptor$$Lambda+0x000000010073cce8
instanceKlass org/jetbrains/kotlin/resolve/scopes/receivers/SuperCallReceiverValue
instanceKlass  @bci org/jetbrains/kotlin/resolve/calls/CallExpressionResolver getSafeOrUnsafeSelectorTypeInfo (Lorg/jetbrains/kotlin/resolve/scopes/receivers/Receiver;Lorg/jetbrains/kotlin/resolve/calls/CallExpressionElement;Lorg/jetbrains/kotlin/types/expressions/ExpressionTypingContext;)Lorg/jetbrains/kotlin/types/expressions/KotlinTypeInfo; 123 <appendix> member <vmtarget> ; # org/jetbrains/kotlin/resolve/calls/CallExpressionResolver$$Lambda+0x000000010073c330
instanceKlass org/jetbrains/kotlin/resolve/calls/CallExpressionElement
instanceKlass org/jetbrains/kotlin/resolve/calls/CallExpressionResolver$elementChain$1$WhenMappings
instanceKlass org/jetbrains/kotlin/resolve/calls/CallExpressionUnrollerKt
instanceKlass org/jetbrains/kotlin/com/google/common/collect/AbstractMapBasedMultimap$KeySet$1
instanceKlass  @bci org/jetbrains/kotlin/resolve/lazy/ResolveSession getTopLevelClassifierDescriptors (Lorg/jetbrains/kotlin/name/FqName;Lorg/jetbrains/kotlin/incremental/components/LookupLocation;)Ljava/util/Collection; 146 <appendix> member <vmtarget> ; # org/jetbrains/kotlin/resolve/lazy/ResolveSession$$Lambda+0x000000010073aa18
instanceKlass  @bci org/jetbrains/kotlin/resolve/lazy/ResolveSession getTopLevelClassifierDescriptors (Lorg/jetbrains/kotlin/name/FqName;Lorg/jetbrains/kotlin/incremental/components/LookupLocation;)Ljava/util/Collection; 119 <appendix> member <vmtarget> ; # org/jetbrains/kotlin/resolve/lazy/ResolveSession$$Lambda+0x000000010073a7c0
instanceKlass org/jetbrains/kotlin/resolve/lazy/data/KtScriptInfo
instanceKlass  @bci org/jetbrains/kotlin/resolve/lazy/ResolveSession getTopLevelClassifierDescriptors (Lorg/jetbrains/kotlin/name/FqName;Lorg/jetbrains/kotlin/incremental/components/LookupLocation;)Ljava/util/Collection; 92 <appendix> member <vmtarget> ; # org/jetbrains/kotlin/resolve/lazy/ResolveSession$$Lambda+0x000000010073a2b8
instanceKlass org/jetbrains/kotlin/com/google/common/collect/AbstractMapBasedMultimap$AsMap$AsMapIterator
instanceKlass org/jetbrains/kotlin/resolve/sam/SamConversionResolverImplKt
instanceKlass org/jetbrains/kotlin/load/java/sam/JavaBasedSamConversionOracle
instanceKlass org/jetbrains/kotlin/load/java/sam/JavaBasedSamConversionResolver
instanceKlass org/jetbrains/kotlin/load/java/sam/SamAdapterDescriptor
instanceKlass org/jetbrains/kotlin/descriptors/synthetic/FunctionInterfaceAdapterDescriptor
instanceKlass org/jetbrains/kotlin/load/java/sam/JavaSingleAbstractMethodUtils$FunctionInitializer
instanceKlass org/jetbrains/kotlin/load/java/sam/JavaSingleAbstractMethodUtils
instanceKlass org/jetbrains/kotlin/diagnostics/DiagnosticWithParameters3Marker
instanceKlass org/jetbrains/kotlin/resolve/calls/tower/ErrorCandidate
instanceKlass org/jetbrains/kotlin/resolve/ManualVariance
instanceKlass org/jetbrains/kotlin/builtins/jvm/JvmBuiltInsCustomizer$WhenMappings
instanceKlass  @bci org/jetbrains/kotlin/builtins/jvm/JvmBuiltInsCustomizer getJdkMethodStatus (Lorg/jetbrains/kotlin/descriptors/FunctionDescriptor;)Lorg/jetbrains/kotlin/builtins/jvm/JvmBuiltInsCustomizer$JDKMemberStatus; 43 <appendix> member <vmtarget> ; # org/jetbrains/kotlin/builtins/jvm/JvmBuiltInsCustomizer$$Lambda+0x0000000100732a38
instanceKlass  @bci org/jetbrains/kotlin/builtins/jvm/JvmBuiltInsCustomizer isMutabilityViolation (Lorg/jetbrains/kotlin/descriptors/SimpleFunctionDescriptor;Z)Z 64 <appendix> argL0 ; # org/jetbrains/kotlin/builtins/jvm/JvmBuiltInsCustomizer$$Lambda+0x0000000100732570
instanceKlass org/jetbrains/kotlin/types/checker/SubtypePathNode
instanceKlass org/jetbrains/kotlin/types/checker/UtilsKt
instanceKlass org/jetbrains/kotlin/types/checker/TypeCheckerProcedureCallbacksImpl
instanceKlass org/jetbrains/kotlin/types/checker/TypeCheckingProcedureCallbacks
instanceKlass org/jetbrains/kotlin/types/checker/TypeCheckingProcedure
instanceKlass org/jetbrains/kotlin/load/java/ClassicBuiltinSpecialProperties
instanceKlass  @bci org/jetbrains/kotlin/resolve/descriptorUtil/DescriptorUtilsKt firstOverridden (Lorg/jetbrains/kotlin/descriptors/CallableMemberDescriptor;ZLkotlin/jvm/functions/Function1;)Lorg/jetbrains/kotlin/descriptors/CallableMemberDescriptor; 29 <appendix> member <vmtarget> ; # org/jetbrains/kotlin/resolve/descriptorUtil/DescriptorUtilsKt$$Lambda+0x0000000100730d20
instanceKlass  @bci org/jetbrains/kotlin/resolve/descriptorUtil/DescriptorUtilsKt declaresOrInheritsDefaultValue (Lorg/jetbrains/kotlin/descriptors/ValueParameterDescriptor;)Z 13 <appendix> argL0 ; # org/jetbrains/kotlin/resolve/descriptorUtil/DescriptorUtilsKt$$Lambda+0x0000000100730000
instanceKlass org/jetbrains/kotlin/util/Check$DefaultImpls
instanceKlass org/jetbrains/kotlin/types/typesApproximation/CapturedTypeApproximationKt
instanceKlass org/jetbrains/kotlin/builtins/jvm/MappingUtilKt
instanceKlass org/jetbrains/kotlin/load/java/components/JavaResolverCache$1
instanceKlass org/jetbrains/kotlin/descriptors/deserialization/AdditionalClassPartsProvider$None
instanceKlass org/jetbrains/kotlin/descriptors/deserialization/PlatformDependentDeclarationFilter$All
instanceKlass org/jetbrains/kotlin/builtins/jvm/FallbackBuiltIns$Companion
instanceKlass org/jetbrains/kotlin/descriptors/deserialization/PlatformDependentDeclarationFilterKt
instanceKlass org/jetbrains/kotlin/resolve/MemberComparator$NameAndTypeMemberComparator
instanceKlass org/jetbrains/kotlin/utils/SmartSet$ArrayIterator
instanceKlass  @bci org/jetbrains/kotlin/resolve/jvm/kotlinSignature/SignaturesPropagationData modifyValueParametersAccordingToSuperMethods (Ljava/util/List;)Lorg/jetbrains/kotlin/resolve/jvm/kotlinSignature/SignaturesPropagationData$ValueParameters; 302 <appendix> argL0 ; # org/jetbrains/kotlin/resolve/jvm/kotlinSignature/SignaturesPropagationData$$Lambda+0x000000010072b168
instanceKlass  @cpi org/jetbrains/kotlin/resolve/jvm/kotlinSignature/SignaturesPropagationData 318 form vmentry <vmtarget> ; # java/lang/invoke/LambdaForm$DMH+0x000000010072c800
instanceKlass org/jetbrains/kotlin/resolve/jvm/kotlinSignature/SignaturesPropagationData$VarargCheckResult
instanceKlass  @bci org/jetbrains/kotlin/resolve/jvm/kotlinSignature/SignaturesPropagationData modifyValueParametersAccordingToSuperMethods (Ljava/util/List;)Lorg/jetbrains/kotlin/resolve/jvm/kotlinSignature/SignaturesPropagationData$ValueParameters; 78 <appendix> form vmentry <vmtarget> ; # java/lang/invoke/LambdaForm$DMH+0x000000010072c400
instanceKlass  @bci org/jetbrains/kotlin/resolve/jvm/kotlinSignature/SignaturesPropagationData modifyValueParametersAccordingToSuperMethods (Ljava/util/List;)Lorg/jetbrains/kotlin/resolve/jvm/kotlinSignature/SignaturesPropagationData$ValueParameters; 78 <appendix> member <vmtarget> ; # org/jetbrains/kotlin/resolve/jvm/kotlinSignature/SignaturesPropagationData$$Lambda+0x000000010072acd0
instanceKlass  @cpi org/jetbrains/kotlin/resolve/jvm/kotlinSignature/SignaturesPropagationData 238 form vmentry <vmtarget> ; # java/lang/invoke/LambdaForm$DMH+0x000000010072c000
instanceKlass org/jetbrains/kotlin/resolve/jvm/kotlinSignature/SignaturesPropagationData$TypeAndName
instanceKlass org/jetbrains/kotlin/resolve/jvm/jvmSignature/KotlinToJvmSignatureMapperKt
instanceKlass org/jetbrains/kotlin/codegen/state/InfoForMangling
instanceKlass org/jetbrains/kotlin/resolve/jvm/InlineClassManglingRulesKt
instanceKlass org/jetbrains/kotlin/codegen/binding/CodegenBinding
instanceKlass org/jetbrains/kotlin/descriptors/impl/PropertyDescriptorImpl$CopyConfiguration
instanceKlass org/jetbrains/kotlin/load/java/lazy/descriptors/JavaDescriptorUtilKt
instanceKlass org/jetbrains/kotlin/types/DefinitelyNotNullType$Companion
instanceKlass org/jetbrains/kotlin/load/java/structure/JavaTypesKt
instanceKlass org/jetbrains/kotlin/descriptors/impl/FunctionDescriptorImpl$1
instanceKlass org/jetbrains/kotlin/load/java/lazy/types/RawProjectionComputer$WhenMappings
instanceKlass org/jetbrains/kotlin/types/TypeParameterUpperBoundEraser$DataToEraseUpperBound
instanceKlass org/jetbrains/kotlin/descriptors/annotations/FilteredAnnotations
instanceKlass org/jetbrains/kotlin/util/OneElementArrayMap$iterator$1
instanceKlass org/jetbrains/kotlin/load/java/ErasedOverridabilityCondition$WhenMappings
instanceKlass org/jetbrains/kotlin/types/TypeCapabilitiesKt
instanceKlass org/jetbrains/kotlin/types/TypeSubstitutor$2
instanceKlass org/jetbrains/kotlin/load/java/lazy/types/RawSubstitution$Companion
instanceKlass kotlin/sequences/DropSequence$iterator$1
instanceKlass kotlin/sequences/TakeWhileSequence$iterator$1
instanceKlass kotlin/sequences/TakeWhileSequence
instanceKlass kotlin/sequences/DropSequence
instanceKlass org/jetbrains/kotlin/resolve/jvm/jvmSignature/JvmMethodSignature
instanceKlass org/jetbrains/org/objectweb/asm/commons/Method
instanceKlass org/jetbrains/kotlin/codegen/state/InlineClassManglingUtilsKt
instanceKlass org/jetbrains/kotlin/descriptors/ScriptDescriptor
instanceKlass org/jetbrains/kotlin/load/java/SpecialBuiltinMembers
instanceKlass org/jetbrains/kotlin/codegen/AsmUtil
instanceKlass org/jetbrains/kotlin/load/kotlin/TypeMappingMode$WhenMappings
instanceKlass org/jetbrains/kotlin/resolve/jvm/jvmSignature/JvmMethodParameterSignature
instanceKlass org/jetbrains/kotlin/resolve/jvm/AsmTypes$1
instanceKlass  @bci org/jetbrains/kotlin/resolve/jvm/AsmTypes getType (Ljava/lang/Class;)Lorg/jetbrains/org/objectweb/asm/Type; 14 <appendix> member <vmtarget> ; # org/jetbrains/kotlin/resolve/jvm/AsmTypes$$Lambda+0x000000010071fa90
instanceKlass org/jetbrains/kotlin/resolve/jvm/AsmTypes
instanceKlass org/jetbrains/kotlin/codegen/AccessorForCallableDescriptor
instanceKlass org/jetbrains/kotlin/codegen/state/KotlinTypeMapper$WhenMappings
instanceKlass org/jetbrains/kotlin/codegen/signature/AsmTypeFactory
instanceKlass org/jetbrains/kotlin/load/kotlin/JvmDescriptorTypeWriter
instanceKlass org/jetbrains/kotlin/codegen/JvmCodegenUtil
instanceKlass org/jetbrains/kotlin/codegen/coroutines/CoroutineCodegenUtilKt$INITIAL_SUSPEND_DESCRIPTOR_FOR_INVOKE_SUSPEND$1
instanceKlass org/jetbrains/kotlin/codegen/coroutines/CoroutineCodegenUtilKt$INITIAL_DESCRIPTOR_FOR_SUSPEND_FUNCTION$1
instanceKlass org/jetbrains/kotlin/codegen/CodegenUtilKt
instanceKlass org/jetbrains/kotlin/codegen/coroutines/CoroutineCodegenUtilKt
instanceKlass org/jetbrains/kotlin/resolve/ImportedFromObjectCallableDescriptor
instanceKlass org/jetbrains/kotlin/codegen/OwnerKind$Companion
instanceKlass org/jetbrains/kotlin/load/kotlin/JvmTypeFactoryImpl$WhenMappings
instanceKlass org/jetbrains/kotlin/resolve/OverridingUtil$7
instanceKlass org/jetbrains/kotlin/resolve/OverridingUtil$6
instanceKlass org/jetbrains/kotlin/resolve/VisibilityUtilKt
instanceKlass org/jetbrains/kotlin/resolve/OverridingUtil$3
instanceKlass org/jetbrains/kotlin/resolve/scopes/DescriptorKindExclude
instanceKlass  @bci org/jetbrains/kotlin/resolve/lazy/descriptors/LazyClassDescriptor getDescriptorsForExtraCompanionObjects ()Ljava/util/List; 20 <appendix> member <vmtarget> ; # org/jetbrains/kotlin/resolve/lazy/descriptors/LazyClassDescriptor$$Lambda+0x0000000100719ac8
instanceKlass org/jetbrains/kotlin/resolve/calls/model/DefaultValueArgument
instanceKlass  @bci org/jetbrains/kotlin/resolve/calls/components/ArgumentsUtilsKt hasDefaultValue (Lorg/jetbrains/kotlin/descriptors/ValueParameterDescriptor;)Z 13 <appendix> argL0 ; # org/jetbrains/kotlin/resolve/calls/components/ArgumentsUtilsKt$$Lambda+0x0000000100719130
instanceKlass org/jetbrains/kotlin/asJava/KtLightClassMarker
instanceKlass org/jetbrains/kotlin/load/java/structure/impl/JavaClassImpl$Companion
instanceKlass org/jetbrains/kotlin/com/intellij/psi/EmptySubstitutor$Holder
instanceKlass org/jetbrains/kotlin/com/intellij/psi/EmptySubstitutor
instanceKlass org/jetbrains/kotlin/com/intellij/psi/infos/CandidateInfo
instanceKlass  @bci org/jetbrains/kotlin/com/intellij/psi/impl/compiled/AnnotationTextCollector visitArray (Ljava/lang/String;)Lorg/jetbrains/org/objectweb/asm/AnnotationVisitor; 25 <appendix> member <vmtarget> ; # org/jetbrains/kotlin/com/intellij/psi/impl/compiled/AnnotationTextCollector$$Lambda+0x0000000100715730
instanceKlass  @bci org/jetbrains/kotlin/com/intellij/psi/impl/compiled/StubBuildingVisitor visit (IILjava/lang/String;Ljava/lang/String;Ljava/lang/String;[Ljava/lang/String;)V 423 <appendix> argL0 ; # org/jetbrains/kotlin/com/intellij/psi/impl/compiled/StubBuildingVisitor$$Lambda+0x00000001007154b0
instanceKlass org/jetbrains/kotlin/resolve/source/PsiSourceElementKt
instanceKlass org/jetbrains/kotlin/resolve/DescriptorToSourceUtils
instanceKlass  @bci org/jetbrains/kotlin/resolve/lazy/ResolveSessionUtils getClassDescriptorsByFqName (Lorg/jetbrains/kotlin/descriptors/ModuleDescriptor;Lorg/jetbrains/kotlin/name/FqName;)Ljava/util/Collection; 18 <appendix> argL0 ; # org/jetbrains/kotlin/resolve/lazy/ResolveSessionUtils$$Lambda+0x0000000100717a78
instanceKlass org/jetbrains/kotlin/resolve/lazy/ResolveSessionUtils
instanceKlass  @bci org/jetbrains/kotlin/com/intellij/psi/impl/JavaPsiFacadeImpl findClass (Ljava/lang/String;Lorg/jetbrains/kotlin/com/intellij/psi/search/GlobalSearchScope;)Lorg/jetbrains/kotlin/com/intellij/psi/PsiClass; 24 <appendix> argL0 ; # org/jetbrains/kotlin/com/intellij/psi/impl/JavaPsiFacadeImpl$$Lambda+0x0000000100716e30
instanceKlass org/jetbrains/kotlin/com/intellij/util/containers/EmptyIterator
instanceKlass  @bci org/jetbrains/kotlin/com/intellij/psi/impl/source/ClassInnerStuffCache internMembers (Ljava/util/List;)Ljava/util/List; 2 <appendix> member <vmtarget> ; # org/jetbrains/kotlin/com/intellij/psi/impl/source/ClassInnerStuffCache$$Lambda+0x0000000100716950
instanceKlass  @bci org/jetbrains/kotlin/com/intellij/psi/augment/PsiAugmentProvider collectAugments (Lorg/jetbrains/kotlin/com/intellij/psi/PsiElement;Ljava/lang/Class;Ljava/lang/String;)Ljava/util/List; 36 <appendix> member <vmtarget> ; # org/jetbrains/kotlin/com/intellij/psi/augment/PsiAugmentProvider$$Lambda+0x00000001007164d0
instanceKlass  @cpi org/jetbrains/kotlin/com/intellij/psi/augment/PsiAugmentProvider 162 form vmentry <vmtarget> ; # java/lang/invoke/LambdaForm$DMH+0x0000000100714c00
instanceKlass  @bci org/jetbrains/kotlin/com/intellij/psi/util/CachedValuesManager getProjectPsiDependentCache (Lorg/jetbrains/kotlin/com/intellij/psi/PsiElement;Ljava/util/function/Function;)Ljava/lang/Object; 31 <appendix> member <vmtarget> ; # org/jetbrains/kotlin/com/intellij/psi/util/CachedValuesManager$$Lambda+0x0000000100716278
instanceKlass  @bci org/jetbrains/kotlin/com/intellij/psi/impl/source/ClassInnerStuffCache getInnerClasses ()[Lorg/jetbrains/kotlin/com/intellij/psi/PsiClass; 5 <appendix> member <vmtarget> ; # org/jetbrains/kotlin/com/intellij/psi/impl/source/ClassInnerStuffCache$$Lambda+0x0000000100716000
instanceKlass org/jetbrains/kotlin/com/intellij/psi/PsiDeclarationStatement
instanceKlass org/jetbrains/kotlin/it/unimi/dsi/fastutil/objects/Object2IntOpenHashMap$MapIterator
instanceKlass org/jetbrains/kotlin/com/intellij/psi/impl/cache/ModifierFlags
instanceKlass  @bci org/jetbrains/kotlin/com/intellij/psi/PsiTypeParameter <clinit> ()V 7 <appendix> argL0 ; # org/jetbrains/kotlin/com/intellij/psi/PsiTypeParameter$$Lambda+0x0000000100712e68
instanceKlass org/jetbrains/kotlin/com/intellij/psi/impl/PsiImplUtil
instanceKlass  @bci org/jetbrains/kotlin/com/intellij/psi/util/PsiUtil <clinit> ()V 80 <appendix> argL0 ; # org/jetbrains/kotlin/com/intellij/psi/util/PsiUtil$$Lambda+0x0000000100711660
instanceKlass org/jetbrains/kotlin/com/intellij/lang/jvm/types/JvmWildcardType
instanceKlass  @bci org/jetbrains/kotlin/com/intellij/psi/PsiTypeElement <clinit> ()V 7 <appendix> argL0 ; # org/jetbrains/kotlin/com/intellij/psi/PsiTypeElement$$Lambda+0x0000000100710950
instanceKlass  @bci org/jetbrains/kotlin/com/intellij/psi/impl/source/resolve/ResolveCache loggingResolver (Ljava/lang/Object;Lorg/jetbrains/kotlin/com/intellij/openapi/util/Computable;)Lorg/jetbrains/kotlin/com/intellij/openapi/util/Computable; 20 <appendix> member <vmtarget> ; # org/jetbrains/kotlin/com/intellij/psi/impl/source/resolve/ResolveCache$$Lambda+0x00000001007104a8
instanceKlass  @bci org/jetbrains/kotlin/com/intellij/psi/impl/source/resolve/ResolveCache resolveWithCaching (Lorg/jetbrains/kotlin/com/intellij/psi/PsiPolyVariantReference;Lorg/jetbrains/kotlin/com/intellij/psi/impl/source/resolve/ResolveCache$PolyVariantContextResolver;ZZLorg/jetbrains/kotlin/com/intellij/psi/PsiFile;)[Lorg/jetbrains/kotlin/com/intellij/psi/ResolveResult; 76 <adapter> ; # java/lang/invoke/LambdaForm$MH+0x0000000100714800
# instanceKlass java/lang/invoke/LambdaForm$DMH+0x0000000100714400
instanceKlass  @bci org/jetbrains/kotlin/com/intellij/psi/impl/source/resolve/ResolveCache resolveWithCaching (Lorg/jetbrains/kotlin/com/intellij/psi/PsiPolyVariantReference;Lorg/jetbrains/kotlin/com/intellij/psi/impl/source/resolve/ResolveCache$PolyVariantContextResolver;ZZLorg/jetbrains/kotlin/com/intellij/psi/PsiFile;)[Lorg/jetbrains/kotlin/com/intellij/psi/ResolveResult; 76 <appendix> form vmentry <vmtarget> ; # java/lang/invoke/LambdaForm$DMH+0x0000000100714000
instanceKlass  @bci org/jetbrains/kotlin/com/intellij/psi/impl/source/resolve/ResolveCache resolveWithCaching (Lorg/jetbrains/kotlin/com/intellij/psi/PsiPolyVariantReference;Lorg/jetbrains/kotlin/com/intellij/psi/impl/source/resolve/ResolveCache$PolyVariantContextResolver;ZZLorg/jetbrains/kotlin/com/intellij/psi/PsiFile;)[Lorg/jetbrains/kotlin/com/intellij/psi/ResolveResult; 76 <appendix> member <vmtarget> ; # org/jetbrains/kotlin/com/intellij/psi/impl/source/resolve/ResolveCache$$Lambda+0x000000010070fc58
instanceKlass org/jetbrains/kotlin/com/intellij/psi/impl/compiled/ClsJavaCodeReferenceElementImpl$Resolver
instanceKlass org/jetbrains/kotlin/com/intellij/psi/PsiNameHelper
instanceKlass org/jetbrains/kotlin/com/intellij/lang/jvm/types/JvmArrayType
instanceKlass org/jetbrains/kotlin/com/intellij/psi/impl/cache/TypeAnnotationContainer
instanceKlass  @bci org/jetbrains/kotlin/com/intellij/psi/PsiReference <clinit> ()V 7 <appendix> argL0 ; # org/jetbrains/kotlin/com/intellij/psi/PsiReference$$Lambda+0x000000010070ea08
instanceKlass org/jetbrains/kotlin/com/intellij/psi/JavaResolveResult
instanceKlass org/jetbrains/kotlin/com/intellij/psi/impl/source/resolve/ResolveCache$PolyVariantContextResolver
instanceKlass org/jetbrains/kotlin/com/intellij/psi/PsiReferenceParameterList
instanceKlass  @bci org/jetbrains/kotlin/com/intellij/psi/impl/compiled/ClsAnnotationImpl <init> (Lorg/jetbrains/kotlin/com/intellij/psi/impl/java/stubs/PsiAnnotationStub;)V 20 <appendix> member <vmtarget> ; # org/jetbrains/kotlin/com/intellij/psi/impl/compiled/ClsAnnotationImpl$$Lambda+0x000000010070dbe0
instanceKlass  @bci org/jetbrains/kotlin/com/intellij/psi/impl/compiled/ClsAnnotationImpl <init> (Lorg/jetbrains/kotlin/com/intellij/psi/impl/java/stubs/PsiAnnotationStub;)V 7 <appendix> member <vmtarget> ; # org/jetbrains/kotlin/com/intellij/psi/impl/compiled/ClsAnnotationImpl$$Lambda+0x000000010070ccb8
instanceKlass org/jetbrains/kotlin/com/intellij/psi/PsiAnnotatedJavaCodeReferenceElement
instanceKlass org/jetbrains/kotlin/com/intellij/psi/impl/source/ClassInnerStuffCache
instanceKlass  @bci org/jetbrains/kotlin/com/intellij/psi/impl/compiled/ClsMemberImpl <init> (Lorg/jetbrains/kotlin/com/intellij/psi/impl/java/stubs/PsiMemberStub;)V 33 <appendix> member <vmtarget> ; # org/jetbrains/kotlin/com/intellij/psi/impl/compiled/ClsMemberImpl$$Lambda+0x0000000100708640
instanceKlass org/jetbrains/kotlin/com/intellij/psi/javadoc/PsiDocComment
instanceKlass org/jetbrains/kotlin/com/intellij/psi/stubs/StubSpine
instanceKlass org/jetbrains/kotlin/com/intellij/psi/stubs/MaterialStubList$1
instanceKlass  @bci java/util/function/IntUnaryOperator identity ()Ljava/util/function/IntUnaryOperator; 0 <appendix> argL0 ; # java/util/function/IntUnaryOperator$$Lambda+0x00000001006c0458
instanceKlass org/jetbrains/kotlin/com/intellij/psi/stubs/Hash
instanceKlass org/jetbrains/kotlin/com/intellij/psi/stubs/StrippedIntOpenHashMap
instanceKlass org/jetbrains/kotlin/com/intellij/psi/stubs/StubList$2
instanceKlass org/jetbrains/kotlin/com/intellij/util/containers/ConcurrentIntObjectHashMap$CollectionView
instanceKlass org/jetbrains/kotlin/com/intellij/util/containers/ConcurrentIntObjectHashMap$Node
instanceKlass org/jetbrains/kotlin/com/intellij/util/containers/IntObjectMap$Entry
instanceKlass org/jetbrains/kotlin/com/intellij/util/containers/ConcurrentIntObjectHashMap
instanceKlass org/jetbrains/kotlin/com/intellij/codeInsight/AnnotationUtil
instanceKlass  @bci org/jetbrains/kotlin/com/intellij/psi/impl/compiled/StubBuildingVisitor visitAnnotation (Ljava/lang/String;Z)Lorg/jetbrains/org/objectweb/asm/AnnotationVisitor; 10 <appendix> member <vmtarget> ; # org/jetbrains/kotlin/com/intellij/psi/impl/compiled/StubBuildingVisitor$$Lambda+0x0000000100704360
instanceKlass org/jetbrains/kotlin/com/intellij/util/Consumer
instanceKlass  @bci org/jetbrains/kotlin/com/intellij/psi/impl/compiled/FirstPassData createTypes ([Ljava/lang/String;)Ljava/util/List; 10 <appendix> member <vmtarget> ; # org/jetbrains/kotlin/com/intellij/psi/impl/compiled/FirstPassData$$Lambda+0x0000000100703588
instanceKlass org/jetbrains/kotlin/it/unimi/dsi/fastutil/objects/Object2IntMap$FastEntrySet
instanceKlass org/jetbrains/kotlin/it/unimi/dsi/fastutil/objects/AbstractObject2IntFunction
instanceKlass org/jetbrains/kotlin/it/unimi/dsi/fastutil/objects/Object2IntMap
instanceKlass org/jetbrains/kotlin/it/unimi/dsi/fastutil/objects/Object2IntFunction
instanceKlass java/util/function/ToIntFunction
instanceKlass org/jetbrains/kotlin/com/intellij/psi/impl/cache/TypeInfo
instanceKlass org/jetbrains/kotlin/com/intellij/psi/impl/compiled/SignatureParsing$TypeParametersDeclaration
instanceKlass org/jetbrains/kotlin/com/intellij/psi/impl/compiled/StubBuildingVisitor$ClassInfo
instanceKlass org/jetbrains/kotlin/com/intellij/psi/impl/compiled/FirstPassData
instanceKlass  @bci org/jetbrains/kotlin/com/intellij/psi/impl/compiled/StubBuildingVisitor <clinit> ()V 73 <appendix> argL0 ; # org/jetbrains/kotlin/com/intellij/psi/impl/compiled/StubBuildingVisitor$$Lambda+0x00000001006b77c8
instanceKlass org/jetbrains/org/objectweb/asm/RecordComponentVisitor
instanceKlass org/jetbrains/kotlin/com/intellij/psi/PsiEnumConstant
instanceKlass org/jetbrains/kotlin/com/intellij/psi/PsiConstructorCall
instanceKlass org/jetbrains/kotlin/com/intellij/psi/PsiCall
instanceKlass org/jetbrains/kotlin/com/intellij/lang/jvm/JvmEnumField
instanceKlass org/jetbrains/kotlin/com/intellij/psi/impl/compiled/ClsModifierListOwner
instanceKlass org/jetbrains/kotlin/com/intellij/psi/impl/PsiVariableEx
instanceKlass org/jetbrains/kotlin/com/intellij/psi/PsiAnonymousClass
instanceKlass org/jetbrains/kotlin/com/intellij/psi/impl/source/PsiExtensibleClass
instanceKlass org/jetbrains/kotlin/com/intellij/util/containers/UnsignedShortArrayList
instanceKlass org/jetbrains/kotlin/com/intellij/psi/stubs/MostlyUShortIntList
instanceKlass org/jetbrains/kotlin/com/intellij/psi/stubs/StubList$TempState
instanceKlass org/jetbrains/kotlin/com/intellij/psi/impl/java/stubs/StubPsiFactory
instanceKlass  @bci org/jetbrains/kotlin/com/intellij/psi/impl/compiled/ClsParsingUtil <clinit> ()V 24 <appendix> argL0 ; # org/jetbrains/kotlin/com/intellij/psi/impl/compiled/ClsParsingUtil$$Lambda+0x00000001006aceb8
instanceKlass org/jetbrains/kotlin/com/intellij/psi/PsiArrayInitializerMemberValue
instanceKlass org/jetbrains/kotlin/com/intellij/psi/impl/compiled/ClsParsingUtil
instanceKlass  @bci org/jetbrains/kotlin/com/intellij/psi/impl/compiled/ClassFileStubBuilder buildStubTree (Lorg/jetbrains/kotlin/com/intellij/util/indexing/FileContent;Lorg/jetbrains/kotlin/com/intellij/psi/compiled/ClassFileDecompilers$Full;)Lorg/jetbrains/kotlin/com/intellij/psi/stubs/Stub; 28 <appendix> member <vmtarget> ; # org/jetbrains/kotlin/com/intellij/psi/impl/compiled/ClassFileStubBuilder$$Lambda+0x00000001006aae68
instanceKlass  @bci org/jetbrains/kotlin/com/intellij/psi/stubs/StubTreeBuilder buildStubTree (Lorg/jetbrains/kotlin/com/intellij/util/indexing/FileContent;Lorg/jetbrains/kotlin/com/intellij/psi/stubs/StubBuilderType;)Lorg/jetbrains/kotlin/com/intellij/psi/stubs/Stub; 78 <appendix> member <vmtarget> ; # org/jetbrains/kotlin/com/intellij/psi/stubs/StubTreeBuilder$$Lambda+0x00000001006aac10
instanceKlass org/jetbrains/kotlin/com/intellij/psi/stubs/StubBuilderType
instanceKlass  @bci org/jetbrains/kotlin/com/intellij/psi/impl/compiled/ClassFileStubBuilder getSubBuilder (Lorg/jetbrains/kotlin/com/intellij/util/indexing/FileContent;)Lorg/jetbrains/kotlin/com/intellij/psi/compiled/ClassFileDecompilers$Full; 21 <appendix> member <vmtarget> ; # org/jetbrains/kotlin/com/intellij/psi/impl/compiled/ClassFileStubBuilder$$Lambda+0x00000001006aa768
instanceKlass org/jetbrains/kotlin/com/intellij/psi/stubs/StubTreeBuilder
instanceKlass  @bci org/jetbrains/kotlin/com/intellij/util/indexing/FileContentImpl createByContent (Lorg/jetbrains/kotlin/com/intellij/openapi/vfs/VirtualFile;[B)Lorg/jetbrains/kotlin/com/intellij/util/indexing/FileContent; 35 <appendix> member <vmtarget> ; # org/jetbrains/kotlin/com/intellij/util/indexing/FileContentImpl$$Lambda+0x00000001006a9fc8
instanceKlass org/jetbrains/kotlin/com/intellij/openapi/util/NotNullComputable
instanceKlass org/jetbrains/kotlin/com/intellij/util/indexing/PsiDependentFileContent
instanceKlass org/jetbrains/kotlin/com/intellij/util/indexing/FileContent
instanceKlass org/jetbrains/kotlin/com/intellij/util/indexing/IndexedFile
instanceKlass org/jetbrains/kotlin/com/intellij/psi/impl/source/tree/JavaElementType$TypeTextElementType$1
instanceKlass  @bci org/jetbrains/kotlin/com/intellij/psi/impl/source/tree/JavaElementType$4 <init> (Ljava/lang/String;Lorg/jetbrains/kotlin/com/intellij/lang/Language;)V 7 <appendix> argL0 ; # org/jetbrains/kotlin/com/intellij/psi/impl/source/tree/JavaElementType$4$$Lambda+0x00000001006a8b90
instanceKlass  @bci org/jetbrains/kotlin/com/intellij/psi/impl/source/tree/JavaElementType$3 <init> (Ljava/lang/String;Lorg/jetbrains/kotlin/com/intellij/lang/Language;)V 7 <appendix> argL0 ; # org/jetbrains/kotlin/com/intellij/psi/impl/source/tree/JavaElementType$3$$Lambda+0x00000001006a8940
instanceKlass  @bci org/jetbrains/kotlin/com/intellij/psi/impl/source/tree/JavaElementType$2 <init> (Ljava/lang/String;Lorg/jetbrains/kotlin/com/intellij/lang/Language;)V 7 <appendix> argL0 ; # org/jetbrains/kotlin/com/intellij/psi/impl/source/tree/JavaElementType$2$$Lambda+0x00000001006a86f0
instanceKlass  @bci org/jetbrains/kotlin/com/intellij/psi/impl/source/tree/JavaElementType$1 <init> (Ljava/lang/String;Lorg/jetbrains/kotlin/com/intellij/lang/Language;)V 7 <appendix> argL0 ; # org/jetbrains/kotlin/com/intellij/psi/impl/source/tree/JavaElementType$1$$Lambda+0x00000001006a84a0
instanceKlass  @bci org/jetbrains/kotlin/com/intellij/psi/impl/source/tree/JavaElementType <clinit> ()V 1385 <appendix> argL0 ; # org/jetbrains/kotlin/com/intellij/psi/impl/source/tree/JavaElementType$$Lambda+0x00000001006a8250
instanceKlass  @bci org/jetbrains/kotlin/com/intellij/psi/impl/source/tree/JavaElementType <clinit> ()V 1366 <appendix> argL0 ; # org/jetbrains/kotlin/com/intellij/psi/impl/source/tree/JavaElementType$$Lambda+0x00000001006a8000
instanceKlass  @bci org/jetbrains/kotlin/com/intellij/psi/impl/source/tree/JavaElementType <clinit> ()V 1347 <appendix> argL0 ; # org/jetbrains/kotlin/com/intellij/psi/impl/source/tree/JavaElementType$$Lambda+0x00000001006a7ce0
instanceKlass  @bci org/jetbrains/kotlin/com/intellij/psi/impl/source/tree/JavaElementType <clinit> ()V 1328 <appendix> argL0 ; # org/jetbrains/kotlin/com/intellij/psi/impl/source/tree/JavaElementType$$Lambda+0x00000001006a7a90
instanceKlass  @bci org/jetbrains/kotlin/com/intellij/psi/impl/source/tree/JavaElementType <clinit> ()V 1309 <appendix> argL0 ; # org/jetbrains/kotlin/com/intellij/psi/impl/source/tree/JavaElementType$$Lambda+0x00000001006a7840
instanceKlass  @bci org/jetbrains/kotlin/com/intellij/psi/impl/source/tree/JavaElementType <clinit> ()V 1290 <appendix> argL0 ; # org/jetbrains/kotlin/com/intellij/psi/impl/source/tree/JavaElementType$$Lambda+0x00000001006a75f0
instanceKlass  @bci org/jetbrains/kotlin/com/intellij/psi/impl/source/tree/JavaElementType <clinit> ()V 1271 <appendix> argL0 ; # org/jetbrains/kotlin/com/intellij/psi/impl/source/tree/JavaElementType$$Lambda+0x00000001006a73a0
instanceKlass  @bci org/jetbrains/kotlin/com/intellij/psi/impl/source/tree/JavaElementType <clinit> ()V 1252 <appendix> argL0 ; # org/jetbrains/kotlin/com/intellij/psi/impl/source/tree/JavaElementType$$Lambda+0x00000001006a7150
instanceKlass  @bci org/jetbrains/kotlin/com/intellij/psi/impl/source/tree/JavaElementType <clinit> ()V 1233 <appendix> argL0 ; # org/jetbrains/kotlin/com/intellij/psi/impl/source/tree/JavaElementType$$Lambda+0x00000001006a6f00
instanceKlass  @bci org/jetbrains/kotlin/com/intellij/psi/impl/source/tree/JavaElementType <clinit> ()V 1214 <appendix> argL0 ; # org/jetbrains/kotlin/com/intellij/psi/impl/source/tree/JavaElementType$$Lambda+0x00000001006a6cb0
instanceKlass  @bci org/jetbrains/kotlin/com/intellij/psi/impl/source/tree/JavaElementType <clinit> ()V 1195 <appendix> argL0 ; # org/jetbrains/kotlin/com/intellij/psi/impl/source/tree/JavaElementType$$Lambda+0x00000001006a6a60
instanceKlass  @bci org/jetbrains/kotlin/com/intellij/psi/impl/source/tree/JavaElementType <clinit> ()V 1176 <appendix> argL0 ; # org/jetbrains/kotlin/com/intellij/psi/impl/source/tree/JavaElementType$$Lambda+0x00000001006a6810
instanceKlass  @bci org/jetbrains/kotlin/com/intellij/psi/impl/source/tree/JavaElementType <clinit> ()V 1157 <appendix> argL0 ; # org/jetbrains/kotlin/com/intellij/psi/impl/source/tree/JavaElementType$$Lambda+0x00000001006a65c0
instanceKlass  @bci org/jetbrains/kotlin/com/intellij/psi/impl/source/tree/JavaElementType <clinit> ()V 1138 <appendix> argL0 ; # org/jetbrains/kotlin/com/intellij/psi/impl/source/tree/JavaElementType$$Lambda+0x00000001006a6370
instanceKlass  @bci org/jetbrains/kotlin/com/intellij/psi/impl/source/tree/JavaElementType <clinit> ()V 1119 <appendix> argL0 ; # org/jetbrains/kotlin/com/intellij/psi/impl/source/tree/JavaElementType$$Lambda+0x00000001006a6120
instanceKlass  @bci org/jetbrains/kotlin/com/intellij/psi/impl/source/tree/JavaElementType <clinit> ()V 1100 <appendix> argL0 ; # org/jetbrains/kotlin/com/intellij/psi/impl/source/tree/JavaElementType$$Lambda+0x00000001006a5ed0
instanceKlass  @bci org/jetbrains/kotlin/com/intellij/psi/impl/source/tree/JavaElementType <clinit> ()V 1081 <appendix> argL0 ; # org/jetbrains/kotlin/com/intellij/psi/impl/source/tree/JavaElementType$$Lambda+0x00000001006a5c80
instanceKlass  @bci org/jetbrains/kotlin/com/intellij/psi/impl/source/tree/JavaElementType <clinit> ()V 1062 <appendix> argL0 ; # org/jetbrains/kotlin/com/intellij/psi/impl/source/tree/JavaElementType$$Lambda+0x00000001006a5a30
instanceKlass  @bci org/jetbrains/kotlin/com/intellij/psi/impl/source/tree/JavaElementType <clinit> ()V 1043 <appendix> argL0 ; # org/jetbrains/kotlin/com/intellij/psi/impl/source/tree/JavaElementType$$Lambda+0x00000001006a57e0
instanceKlass  @bci org/jetbrains/kotlin/com/intellij/psi/impl/source/tree/JavaElementType <clinit> ()V 1024 <appendix> argL0 ; # org/jetbrains/kotlin/com/intellij/psi/impl/source/tree/JavaElementType$$Lambda+0x00000001006a5590
instanceKlass  @bci org/jetbrains/kotlin/com/intellij/psi/impl/source/tree/JavaElementType <clinit> ()V 1005 <appendix> argL0 ; # org/jetbrains/kotlin/com/intellij/psi/impl/source/tree/JavaElementType$$Lambda+0x00000001006a5340
instanceKlass  @bci org/jetbrains/kotlin/com/intellij/psi/impl/source/tree/JavaElementType <clinit> ()V 986 <appendix> argL0 ; # org/jetbrains/kotlin/com/intellij/psi/impl/source/tree/JavaElementType$$Lambda+0x00000001006a50f0
instanceKlass  @bci org/jetbrains/kotlin/com/intellij/psi/impl/source/tree/JavaElementType <clinit> ()V 967 <appendix> argL0 ; # org/jetbrains/kotlin/com/intellij/psi/impl/source/tree/JavaElementType$$Lambda+0x00000001006a4ea0
instanceKlass  @bci org/jetbrains/kotlin/com/intellij/psi/impl/source/tree/JavaElementType <clinit> ()V 948 <appendix> argL0 ; # org/jetbrains/kotlin/com/intellij/psi/impl/source/tree/JavaElementType$$Lambda+0x00000001006a4c50
instanceKlass  @bci org/jetbrains/kotlin/com/intellij/psi/impl/source/tree/JavaElementType <clinit> ()V 929 <appendix> argL0 ; # org/jetbrains/kotlin/com/intellij/psi/impl/source/tree/JavaElementType$$Lambda+0x00000001006a4a00
instanceKlass  @bci org/jetbrains/kotlin/com/intellij/psi/impl/source/tree/JavaElementType <clinit> ()V 910 <appendix> argL0 ; # org/jetbrains/kotlin/com/intellij/psi/impl/source/tree/JavaElementType$$Lambda+0x00000001006a47b0
instanceKlass  @bci org/jetbrains/kotlin/com/intellij/psi/impl/source/tree/JavaElementType <clinit> ()V 891 <appendix> argL0 ; # org/jetbrains/kotlin/com/intellij/psi/impl/source/tree/JavaElementType$$Lambda+0x00000001006a4560
instanceKlass  @bci org/jetbrains/kotlin/com/intellij/psi/impl/source/tree/JavaElementType <clinit> ()V 872 <appendix> argL0 ; # org/jetbrains/kotlin/com/intellij/psi/impl/source/tree/JavaElementType$$Lambda+0x00000001006a4310
instanceKlass  @bci org/jetbrains/kotlin/com/intellij/psi/impl/source/tree/JavaElementType <clinit> ()V 853 <appendix> argL0 ; # org/jetbrains/kotlin/com/intellij/psi/impl/source/tree/JavaElementType$$Lambda+0x00000001006a40c0
instanceKlass  @bci org/jetbrains/kotlin/com/intellij/psi/impl/source/tree/JavaElementType <clinit> ()V 834 <appendix> argL0 ; # org/jetbrains/kotlin/com/intellij/psi/impl/source/tree/JavaElementType$$Lambda+0x00000001006a3e70
instanceKlass  @bci org/jetbrains/kotlin/com/intellij/psi/impl/source/tree/JavaElementType <clinit> ()V 815 <appendix> argL0 ; # org/jetbrains/kotlin/com/intellij/psi/impl/source/tree/JavaElementType$$Lambda+0x00000001006a3c20
instanceKlass  @bci org/jetbrains/kotlin/com/intellij/psi/impl/source/tree/JavaElementType <clinit> ()V 796 <appendix> argL0 ; # org/jetbrains/kotlin/com/intellij/psi/impl/source/tree/JavaElementType$$Lambda+0x00000001006a39d0
instanceKlass  @bci org/jetbrains/kotlin/com/intellij/psi/impl/source/tree/JavaElementType <clinit> ()V 777 <appendix> argL0 ; # org/jetbrains/kotlin/com/intellij/psi/impl/source/tree/JavaElementType$$Lambda+0x00000001006a3780
instanceKlass  @bci org/jetbrains/kotlin/com/intellij/psi/impl/source/tree/JavaElementType <clinit> ()V 758 <appendix> argL0 ; # org/jetbrains/kotlin/com/intellij/psi/impl/source/tree/JavaElementType$$Lambda+0x00000001006a3530
instanceKlass  @bci org/jetbrains/kotlin/com/intellij/psi/impl/source/tree/JavaElementType <clinit> ()V 739 <appendix> argL0 ; # org/jetbrains/kotlin/com/intellij/psi/impl/source/tree/JavaElementType$$Lambda+0x00000001006a32e0
instanceKlass  @bci org/jetbrains/kotlin/com/intellij/psi/impl/source/tree/JavaElementType <clinit> ()V 720 <appendix> argL0 ; # org/jetbrains/kotlin/com/intellij/psi/impl/source/tree/JavaElementType$$Lambda+0x00000001006a3090
instanceKlass  @bci org/jetbrains/kotlin/com/intellij/psi/impl/source/tree/JavaElementType <clinit> ()V 700 <appendix> argL0 ; # org/jetbrains/kotlin/com/intellij/psi/impl/source/tree/JavaElementType$$Lambda+0x00000001006a2e40
instanceKlass  @bci org/jetbrains/kotlin/com/intellij/psi/impl/source/tree/JavaElementType <clinit> ()V 680 <appendix> argL0 ; # org/jetbrains/kotlin/com/intellij/psi/impl/source/tree/JavaElementType$$Lambda+0x00000001006a2bf0
instanceKlass  @bci org/jetbrains/kotlin/com/intellij/psi/impl/source/tree/JavaElementType <clinit> ()V 661 <appendix> argL0 ; # org/jetbrains/kotlin/com/intellij/psi/impl/source/tree/JavaElementType$$Lambda+0x00000001006a29a0
instanceKlass  @bci org/jetbrains/kotlin/com/intellij/psi/impl/source/tree/JavaElementType <clinit> ()V 642 <appendix> argL0 ; # org/jetbrains/kotlin/com/intellij/psi/impl/source/tree/JavaElementType$$Lambda+0x00000001006a2750
instanceKlass  @bci org/jetbrains/kotlin/com/intellij/psi/impl/source/tree/JavaElementType <clinit> ()V 623 <appendix> argL0 ; # org/jetbrains/kotlin/com/intellij/psi/impl/source/tree/JavaElementType$$Lambda+0x00000001006a2500
instanceKlass  @bci org/jetbrains/kotlin/com/intellij/psi/impl/source/tree/JavaElementType <clinit> ()V 604 <appendix> argL0 ; # org/jetbrains/kotlin/com/intellij/psi/impl/source/tree/JavaElementType$$Lambda+0x00000001006a22b0
instanceKlass  @bci org/jetbrains/kotlin/com/intellij/psi/impl/source/tree/JavaElementType <clinit> ()V 585 <appendix> argL0 ; # org/jetbrains/kotlin/com/intellij/psi/impl/source/tree/JavaElementType$$Lambda+0x00000001006a2060
instanceKlass  @bci org/jetbrains/kotlin/com/intellij/psi/impl/source/tree/JavaElementType <clinit> ()V 566 <appendix> argL0 ; # org/jetbrains/kotlin/com/intellij/psi/impl/source/tree/JavaElementType$$Lambda+0x00000001006a1e10
instanceKlass  @bci org/jetbrains/kotlin/com/intellij/psi/impl/source/tree/JavaElementType <clinit> ()V 547 <appendix> argL0 ; # org/jetbrains/kotlin/com/intellij/psi/impl/source/tree/JavaElementType$$Lambda+0x00000001006a1bc0
instanceKlass  @bci org/jetbrains/kotlin/com/intellij/psi/impl/source/tree/JavaElementType <clinit> ()V 528 <appendix> argL0 ; # org/jetbrains/kotlin/com/intellij/psi/impl/source/tree/JavaElementType$$Lambda+0x00000001006a1970
instanceKlass  @bci org/jetbrains/kotlin/com/intellij/psi/impl/source/tree/JavaElementType <clinit> ()V 509 <appendix> argL0 ; # org/jetbrains/kotlin/com/intellij/psi/impl/source/tree/JavaElementType$$Lambda+0x00000001006a1720
instanceKlass  @bci org/jetbrains/kotlin/com/intellij/psi/impl/source/tree/JavaElementType <clinit> ()V 490 <appendix> argL0 ; # org/jetbrains/kotlin/com/intellij/psi/impl/source/tree/JavaElementType$$Lambda+0x00000001006a14d0
instanceKlass  @bci org/jetbrains/kotlin/com/intellij/psi/impl/source/tree/JavaElementType <clinit> ()V 471 <appendix> argL0 ; # org/jetbrains/kotlin/com/intellij/psi/impl/source/tree/JavaElementType$$Lambda+0x00000001006a1280
instanceKlass  @bci org/jetbrains/kotlin/com/intellij/psi/impl/source/tree/JavaElementType <clinit> ()V 452 <appendix> argL0 ; # org/jetbrains/kotlin/com/intellij/psi/impl/source/tree/JavaElementType$$Lambda+0x00000001006a1030
instanceKlass  @bci org/jetbrains/kotlin/com/intellij/psi/impl/source/tree/JavaElementType <clinit> ()V 433 <appendix> argL0 ; # org/jetbrains/kotlin/com/intellij/psi/impl/source/tree/JavaElementType$$Lambda+0x00000001006a0de0
instanceKlass  @bci org/jetbrains/kotlin/com/intellij/psi/impl/source/tree/JavaElementType <clinit> ()V 414 <appendix> argL0 ; # org/jetbrains/kotlin/com/intellij/psi/impl/source/tree/JavaElementType$$Lambda+0x00000001006a0b90
instanceKlass  @bci org/jetbrains/kotlin/com/intellij/psi/impl/source/tree/JavaElementType <clinit> ()V 395 <appendix> argL0 ; # org/jetbrains/kotlin/com/intellij/psi/impl/source/tree/JavaElementType$$Lambda+0x00000001006a0940
instanceKlass  @bci org/jetbrains/kotlin/com/intellij/psi/impl/source/tree/JavaElementType <clinit> ()V 376 <appendix> argL0 ; # org/jetbrains/kotlin/com/intellij/psi/impl/source/tree/JavaElementType$$Lambda+0x00000001006a06f0
instanceKlass  @bci org/jetbrains/kotlin/com/intellij/psi/impl/source/tree/JavaElementType <clinit> ()V 357 <appendix> argL0 ; # org/jetbrains/kotlin/com/intellij/psi/impl/source/tree/JavaElementType$$Lambda+0x00000001006a04a0
instanceKlass  @bci org/jetbrains/kotlin/com/intellij/psi/impl/source/tree/JavaElementType <clinit> ()V 338 <appendix> argL0 ; # org/jetbrains/kotlin/com/intellij/psi/impl/source/tree/JavaElementType$$Lambda+0x00000001006a0250
instanceKlass  @bci org/jetbrains/kotlin/com/intellij/psi/impl/source/tree/JavaElementType <clinit> ()V 319 <appendix> argL0 ; # org/jetbrains/kotlin/com/intellij/psi/impl/source/tree/JavaElementType$$Lambda+0x00000001006a0000
instanceKlass  @bci org/jetbrains/kotlin/com/intellij/psi/impl/source/tree/JavaElementType <clinit> ()V 300 <appendix> argL0 ; # org/jetbrains/kotlin/com/intellij/psi/impl/source/tree/JavaElementType$$Lambda+0x000000010069fc38
instanceKlass  @bci org/jetbrains/kotlin/com/intellij/psi/impl/source/tree/JavaElementType <clinit> ()V 280 <appendix> argL0 ; # org/jetbrains/kotlin/com/intellij/psi/impl/source/tree/JavaElementType$$Lambda+0x000000010069f9e8
instanceKlass  @bci org/jetbrains/kotlin/com/intellij/psi/impl/source/tree/JavaElementType <clinit> ()V 261 <appendix> argL0 ; # org/jetbrains/kotlin/com/intellij/psi/impl/source/tree/JavaElementType$$Lambda+0x000000010069f798
instanceKlass  @bci org/jetbrains/kotlin/com/intellij/psi/impl/source/tree/JavaElementType <clinit> ()V 242 <appendix> argL0 ; # org/jetbrains/kotlin/com/intellij/psi/impl/source/tree/JavaElementType$$Lambda+0x000000010069f548
instanceKlass  @bci org/jetbrains/kotlin/com/intellij/psi/impl/source/tree/JavaElementType <clinit> ()V 223 <appendix> argL0 ; # org/jetbrains/kotlin/com/intellij/psi/impl/source/tree/JavaElementType$$Lambda+0x000000010069f2f8
instanceKlass org/jetbrains/kotlin/com/intellij/psi/impl/java/stubs/PsiImportStatementStub
instanceKlass org/jetbrains/kotlin/com/intellij/psi/PsiReferenceList
instanceKlass org/jetbrains/kotlin/com/intellij/psi/impl/java/stubs/PsiClassReferenceListStub
instanceKlass org/jetbrains/kotlin/com/intellij/psi/impl/java/stubs/PsiFieldStub
instanceKlass org/jetbrains/kotlin/com/intellij/psi/impl/java/stubs/PsiMethodStub
instanceKlass org/jetbrains/kotlin/com/intellij/psi/impl/java/stubs/PsiClassStub
instanceKlass org/jetbrains/kotlin/com/intellij/psi/PsiPackageAccessibilityStatement
instanceKlass org/jetbrains/kotlin/com/intellij/psi/impl/java/stubs/PsiPackageAccessibilityStatementStub
instanceKlass org/jetbrains/kotlin/com/intellij/psi/PsiRecordHeader
instanceKlass org/jetbrains/kotlin/com/intellij/psi/impl/java/stubs/PsiRecordHeaderStub
instanceKlass org/jetbrains/kotlin/com/intellij/psi/PsiRecordComponent
instanceKlass org/jetbrains/kotlin/com/intellij/psi/impl/java/stubs/PsiRecordComponentStub
instanceKlass org/jetbrains/kotlin/com/intellij/psi/impl/java/stubs/PsiMemberStub
instanceKlass org/jetbrains/kotlin/com/intellij/psi/PsiProvidesStatement
instanceKlass org/jetbrains/kotlin/com/intellij/psi/impl/java/stubs/PsiProvidesStatementStub
instanceKlass org/jetbrains/kotlin/com/intellij/psi/PsiUsesStatement
instanceKlass org/jetbrains/kotlin/com/intellij/psi/impl/java/stubs/PsiUsesStatementStub
instanceKlass org/jetbrains/kotlin/com/intellij/psi/PsiRequiresStatement
instanceKlass org/jetbrains/kotlin/com/intellij/psi/PsiStatement
instanceKlass org/jetbrains/kotlin/com/intellij/psi/impl/java/stubs/PsiRequiresStatementStub
instanceKlass org/jetbrains/kotlin/com/intellij/psi/PsiJavaModule
instanceKlass org/jetbrains/kotlin/com/intellij/psi/impl/java/stubs/PsiJavaModuleStub
instanceKlass org/jetbrains/kotlin/com/intellij/psi/PsiImportList
instanceKlass org/jetbrains/kotlin/com/intellij/psi/impl/java/stubs/PsiImportListStub
instanceKlass org/jetbrains/kotlin/com/intellij/psi/PsiClassInitializer
instanceKlass org/jetbrains/kotlin/com/intellij/psi/impl/java/stubs/PsiClassInitializerStub
instanceKlass org/jetbrains/kotlin/com/intellij/psi/PsiTypeParameterList
instanceKlass org/jetbrains/kotlin/com/intellij/psi/impl/java/stubs/PsiTypeParameterListStub
instanceKlass org/jetbrains/kotlin/com/intellij/psi/PsiTypeParameter
instanceKlass org/jetbrains/kotlin/com/intellij/psi/impl/java/stubs/PsiTypeParameterStub
instanceKlass org/jetbrains/kotlin/com/intellij/psi/impl/java/stubs/PsiParameterStub
instanceKlass org/jetbrains/kotlin/com/intellij/psi/PsiParameterList
instanceKlass org/jetbrains/kotlin/com/intellij/psi/impl/java/stubs/PsiParameterListStub
instanceKlass  @bci org/jetbrains/kotlin/com/intellij/psi/impl/java/stubs/MethodReferenceElementType <clinit> ()V 0 <appendix> argL0 ; # org/jetbrains/kotlin/com/intellij/psi/impl/java/stubs/MethodReferenceElementType$$Lambda+0x000000010069a878
instanceKlass org/jetbrains/kotlin/com/intellij/psi/PsiMethodReferenceExpression
instanceKlass org/jetbrains/kotlin/com/intellij/psi/PsiLambdaExpression
instanceKlass org/jetbrains/kotlin/com/intellij/psi/PsiFunctionalExpression
instanceKlass org/jetbrains/kotlin/com/intellij/psi/PsiLiteralExpression
instanceKlass org/jetbrains/kotlin/com/intellij/psi/PsiLiteral
instanceKlass org/jetbrains/kotlin/com/intellij/psi/PsiLiteralValue
instanceKlass org/jetbrains/kotlin/com/intellij/psi/PsiNameValuePair
instanceKlass org/jetbrains/kotlin/com/intellij/lang/jvm/annotation/JvmAnnotationAttribute
instanceKlass org/jetbrains/kotlin/com/intellij/psi/impl/java/stubs/PsiNameValuePairStub
instanceKlass org/jetbrains/kotlin/com/intellij/psi/PsiAnnotationParameterList
instanceKlass org/jetbrains/kotlin/com/intellij/psi/impl/java/stubs/PsiAnnotationParameterListStub
instanceKlass org/jetbrains/kotlin/com/intellij/psi/impl/java/stubs/PsiAnnotationStub
instanceKlass org/jetbrains/kotlin/com/intellij/psi/impl/java/stubs/PsiModifierListStub
instanceKlass org/jetbrains/kotlin/com/intellij/psi/impl/java/stubs/JavaStubElementTypes
instanceKlass org/jetbrains/kotlin/com/intellij/psi/tree/ILightLazyParseableElementType
instanceKlass org/jetbrains/kotlin/com/intellij/psi/impl/compiled/ClsFileImpl$1
instanceKlass org/jetbrains/kotlin/com/intellij/psi/PsiPackageStatement
instanceKlass org/jetbrains/kotlin/com/intellij/psi/impl/compiled/InnerClassSourceStrategy
instanceKlass org/jetbrains/kotlin/com/intellij/psi/PsiJavaFile
instanceKlass org/jetbrains/kotlin/com/intellij/psi/PsiCompiledFile
instanceKlass org/jetbrains/kotlin/com/intellij/psi/PsiCompiledElement
instanceKlass org/jetbrains/kotlin/com/intellij/psi/PsiClassOwnerEx
instanceKlass org/jetbrains/kotlin/com/intellij/openapi/extensions/impl/ExtensionPointImpl$1
instanceKlass  @bci org/jetbrains/kotlin/com/intellij/openapi/extensions/impl/ExtensionProcessingHelper findFirstSafe (Ljava/util/function/Predicate;Ljava/lang/Iterable;)Ljava/lang/Object; 17 <appendix> member <vmtarget> ; # org/jetbrains/kotlin/com/intellij/openapi/extensions/impl/ExtensionProcessingHelper$$Lambda+0x000000010068c9f0
instanceKlass  @bci org/jetbrains/kotlin/com/intellij/psi/compiled/ClassFileDecompilers find (Lorg/jetbrains/kotlin/com/intellij/openapi/vfs/VirtualFile;Ljava/lang/Class;)Lorg/jetbrains/kotlin/com/intellij/psi/compiled/ClassFileDecompilers$Decompiler; 22 <appendix> member <vmtarget> ; # org/jetbrains/kotlin/com/intellij/psi/compiled/ClassFileDecompilers$$Lambda+0x000000010068c768
instanceKlass org/jetbrains/kotlin/load/java/components/JavaAnnotationTargetMapper
instanceKlass java/lang/foreign/MemorySegment
instanceKlass java/util/RegularEnumSet$EnumSetIterator
instanceKlass org/jetbrains/kotlin/resolve/scopes/ScopeUtils
instanceKlass  @bci org/jetbrains/kotlin/resolve/DescriptorResolver resolveAsPropertyDescriptor (Lorg/jetbrains/kotlin/descriptors/DeclarationDescriptor;Lorg/jetbrains/kotlin/resolve/scopes/LexicalScope;Lorg/jetbrains/kotlin/resolve/scopes/LexicalScope;Lorg/jetbrains/kotlin/psi/KtVariableDeclaration;Lorg/jetbrains/kotlin/resolve/BindingTrace;Lorg/jetbrains/kotlin/resolve/calls/smartcasts/DataFlowInfo;Lorg/jetbrains/kotlin/resolve/calls/components/InferenceSession;Lorg/jetbrains/kotlin/resolve/VariableAsPropertyInfo;)Lorg/jetbrains/kotlin/descriptors/PropertyDescriptor; 714 <appendix> member <vmtarget> ; # org/jetbrains/kotlin/resolve/DescriptorResolver$$Lambda+0x0000000100686dd8
instanceKlass  @cpi org/jetbrains/kotlin/resolve/DescriptorResolver 1485 form vmentry <vmtarget> ; # java/lang/invoke/LambdaForm$DMH+0x0000000100688800
instanceKlass org/jetbrains/kotlin/resolve/VariableAsPropertyInfo$Companion
instanceKlass org/jetbrains/kotlin/resolve/VariableAsPropertyInfo
instanceKlass org/jetbrains/kotlin/resolve/lazy/descriptors/ClassResolutionScopesSupportKt
instanceKlass org/jetbrains/kotlin/load/java/lazy/types/JavaTypeResolverKt
instanceKlass  @bci org/jetbrains/kotlin/resolve/DescriptorResolver inferReturnTypeFromExpressionBody (Lorg/jetbrains/kotlin/resolve/BindingTrace;Lorg/jetbrains/kotlin/resolve/scopes/LexicalScope;Lorg/jetbrains/kotlin/resolve/calls/smartcasts/DataFlowInfo;Lorg/jetbrains/kotlin/psi/KtDeclarationWithBody;Lorg/jetbrains/kotlin/descriptors/FunctionDescriptor;Lorg/jetbrains/kotlin/resolve/calls/components/InferenceSession;)Lorg/jetbrains/kotlin/types/KotlinType; 62 <appendix> member <vmtarget> ; # org/jetbrains/kotlin/resolve/DescriptorResolver$$Lambda+0x00000001006855d0
instanceKlass kotlin/jvm/internal/TypeIntrinsics
instanceKlass java/security/CodeSigner
# instanceKlass java/lang/invoke/LambdaForm$MH+0x0000000100688400
# instanceKlass java/lang/invoke/LambdaForm$MH+0x0000000100688000
instanceKlass org/jetbrains/kotlin/resolve/constants/CompileTimeConstant$DefaultImpls
instanceKlass org/jetbrains/kotlin/resolve/constants/IntegerValueTypeConstant
instanceKlass org/jetbrains/kotlin/resolve/constants/TypedCompileTimeConstant
instanceKlass org/jetbrains/kotlin/resolve/constants/CompileTimeConstant$Parameters
instanceKlass org/jetbrains/kotlin/resolve/constants/KClassValue$Value
instanceKlass org/jetbrains/kotlin/resolve/constants/ClassLiteralValue
instanceKlass org/jetbrains/kotlin/resolve/constants/KClassValue$Companion
instanceKlass org/jetbrains/kotlin/coroutines/CoroutineUtilKt
instanceKlass org/jetbrains/kotlin/resolve/jvm/RuntimeAssertionsDataFlowExtras
instanceKlass org/jetbrains/kotlin/resolve/jvm/RuntimeAssertionInfo$DataFlowExtras
instanceKlass org/jetbrains/kotlin/resolve/jvm/RuntimeAssertionInfo$Companion
instanceKlass org/jetbrains/kotlin/resolve/jvm/RuntimeAssertionInfo
instanceKlass  @bci org/jetbrains/kotlin/types/expressions/DataFlowAnalyzer checkTypeInternal (Lorg/jetbrains/kotlin/types/KotlinType;Lorg/jetbrains/kotlin/psi/KtExpression;Lorg/jetbrains/kotlin/resolve/calls/context/ResolutionContext;Lorg/jetbrains/kotlin/com/intellij/openapi/util/Ref;Z)Lorg/jetbrains/kotlin/types/KotlinType; 48 <appendix> argL0 ; # org/jetbrains/kotlin/types/expressions/DataFlowAnalyzer$$Lambda+0x0000000100681bc8
instanceKlass org/jetbrains/kotlin/resolve/ImplicitIntegerCoercion
instanceKlass org/jetbrains/kotlin/resolve/calls/tower/NewAbstractResolvedCall$getDataFlowInfoForArguments$1
instanceKlass org/jetbrains/kotlin/resolve/calls/model/ArgumentMatchImpl
instanceKlass org/jetbrains/kotlin/resolve/calls/model/ArgumentMatch
instanceKlass org/jetbrains/kotlin/resolve/calls/model/ArgumentMapping
instanceKlass org/jetbrains/kotlin/resolve/calls/model/VarargValueArgument
instanceKlass org/jetbrains/kotlin/resolve/calls/tower/EmptyLabeledReturn
instanceKlass org/jetbrains/kotlin/resolve/calls/model/QualifierReceiverKotlinCallArgument
instanceKlass org/jetbrains/kotlin/resolve/calls/model/ReceiverExpressionKotlinCallArgument
instanceKlass org/jetbrains/kotlin/resolve/calls/tower/KnownResultProcessor
instanceKlass org/jetbrains/kotlin/resolve/calls/inference/BuilderInferenceUtilKt
instanceKlass org/jetbrains/kotlin/types/AbstractTypeChecker$WhenMappings
instanceKlass org/jetbrains/kotlin/types/model/TypeSystemContextKt$WhenMappings
instanceKlass org/jetbrains/kotlin/types/model/TypeSystemContextKt
instanceKlass org/jetbrains/kotlin/descriptors/ModalityUtilsKt
instanceKlass org/jetbrains/kotlin/types/checker/ClassicTypeSystemContextKt
instanceKlass org/jetbrains/kotlin/resolve/calls/inference/model/InitialConstraint
instanceKlass org/jetbrains/kotlin/resolve/calls/inference/ConstraintSystemBuilderKt$WhenMappings
instanceKlass org/jetbrains/kotlin/resolve/calls/inference/ConstraintSystemTransaction
instanceKlass org/jetbrains/kotlin/resolve/calls/inference/ConstraintSystemBuilderKt
instanceKlass org/jetbrains/kotlin/resolve/calls/components/SimpleArgumentsChecksKt
instanceKlass org/jetbrains/kotlin/resolve/calls/components/PostponeArgumentsChecksKt
instanceKlass org/jetbrains/kotlin/resolve/calls/components/UnitTypeConversions
instanceKlass org/jetbrains/kotlin/resolve/calls/components/SuspendTypeConversions
instanceKlass org/jetbrains/kotlin/resolve/calls/components/TypeConversions$ConversionData
instanceKlass org/jetbrains/kotlin/resolve/calls/components/SamTypeConversions
instanceKlass org/jetbrains/kotlin/resolve/calls/components/ParameterTypeConversion
instanceKlass org/jetbrains/kotlin/resolve/calls/components/TypeConversions
instanceKlass org/jetbrains/kotlin/resolve/calls/components/ResolutionPartsKt
instanceKlass org/jetbrains/kotlin/resolve/calls/components/ReceiverInfo$Companion
instanceKlass org/jetbrains/kotlin/resolve/calls/components/ReceiverInfo
instanceKlass org/jetbrains/kotlin/resolve/calls/model/ResolvedCallArgument
instanceKlass org/jetbrains/kotlin/resolve/calls/components/ArgumentsUtilsKt
instanceKlass org/jetbrains/kotlin/resolve/calls/components/ArgumentsToParametersMapper$CallArgumentProcessor
instanceKlass org/jetbrains/kotlin/resolve/calls/model/SubKotlinCallArgument
instanceKlass org/jetbrains/kotlin/resolve/calls/model/GivenCandidate
instanceKlass org/jetbrains/kotlin/resolve/calls/model/LambdaKotlinCallArgument
instanceKlass org/jetbrains/kotlin/resolve/calls/model/ExpressionKotlinCallArgument
instanceKlass org/jetbrains/kotlin/types/checker/NewCapturedTypeKt
instanceKlass org/jetbrains/kotlin/resolve/scopes/receivers/QualifierReceiverKt
instanceKlass org/jetbrains/kotlin/resolve/calls/smartcasts/IdentifierInfo$Expression
instanceKlass org/jetbrains/kotlin/resolve/scopes/receivers/ExpressionReceiver$Companion
instanceKlass org/jetbrains/kotlin/util/IncrementalTrackerUtilKt
instanceKlass org/jetbrains/kotlin/resolve/calls/smartcasts/IdentifierInfo$NO
instanceKlass org/jetbrains/kotlin/resolve/calls/smartcasts/IdentifierInfo$PackageOrClass
instanceKlass org/jetbrains/kotlin/resolve/calls/smartcasts/IdentifierInfoKt
instanceKlass org/jetbrains/kotlin/resolve/calls/tower/StubTypesBasedInferenceSession
instanceKlass org/jetbrains/kotlin/types/expressions/DoubleColonExpressionResolverKt
instanceKlass org/jetbrains/kotlin/types/expressions/DoubleColonExpressionResolver$ReservedDoubleColonLHSResolutionResult
instanceKlass org/jetbrains/kotlin/types/expressions/DoubleColonExpressionResolver$LHSResolutionResult
instanceKlass org/jetbrains/kotlin/resolve/calls/util/PsiUtilsKt
instanceKlass org/jetbrains/kotlin/types/expressions/typeInfoFactory/TypeInfoFactoryKt
instanceKlass org/jetbrains/kotlin/resolve/scopes/receivers/TypeParameterQualifier
instanceKlass org/jetbrains/kotlin/resolve/QualifiedExpressionResolveUtilKt
instanceKlass org/jetbrains/kotlin/resolve/calls/results/OverloadResolutionResultsUtil
instanceKlass org/jetbrains/kotlin/resolve/calls/results/SingleOverloadResolutionResult$WhenMappings
instanceKlass org/jetbrains/kotlin/resolve/calls/results/AbstractOverloadResolutionResults
instanceKlass org/jetbrains/kotlin/resolve/calls/tower/CallInfo
instanceKlass org/jetbrains/kotlin/resolve/calls/components/CompletedCallInfo
instanceKlass org/jetbrains/kotlin/resolve/calls/DiagnosticReporterByTrackingStrategy
instanceKlass org/jetbrains/kotlin/resolve/calls/model/DiagnosticReporter
instanceKlass org/jetbrains/kotlin/resolve/calls/model/ResolvedCallAtomsKt
instanceKlass org/jetbrains/kotlin/resolve/calls/tower/TrackingBindingTrace
instanceKlass androidx/compose/compiler/plugins/kotlin/KtxNameConventions
instanceKlass androidx/compose/compiler/plugins/kotlin/ComposeCallableIds
instanceKlass androidx/compose/compiler/plugins/kotlin/ComposeClassIds
instanceKlass androidx/compose/compiler/plugins/kotlin/ComposeFqNamesKt
instanceKlass androidx/compose/compiler/plugins/kotlin/ComposeFqNames
instanceKlass androidx/compose/compiler/plugins/kotlin/k1/AnnotationUtilsKt
instanceKlass androidx/compose/compiler/plugins/kotlin/k1/ComposableCallCheckerKt
instanceKlass org/jetbrains/kotlin/resolve/inline/InlineUtil
instanceKlass org/jetbrains/kotlin/resolve/sam/SamConstructorDescriptor
instanceKlass org/jetbrains/kotlin/descriptors/synthetic/FunctionInterfaceConstructorDescriptor
instanceKlass org/jetbrains/kotlin/synthetic/SyntheticJavaPropertyDescriptor
instanceKlass org/jetbrains/kotlin/descriptors/SyntheticPropertyDescriptor
instanceKlass org/jetbrains/kotlin/resolve/calls/model/ArgumentMappingKt
instanceKlass org/jetbrains/kotlin/resolve/checkers/MissingDependencySupertypeChecker
instanceKlass org/jetbrains/kotlin/contracts/parsing/ContractsDslNames
instanceKlass org/jetbrains/kotlin/contracts/parsing/PsiContractsUtilsKt
instanceKlass org/jetbrains/kotlin/resolve/calls/model/ExpressionValueArgument
instanceKlass org/jetbrains/kotlin/resolve/calls/util/ResolvedCallUtilKt$WhenMappings
instanceKlass org/jetbrains/kotlin/resolve/calls/checkers/ConstructorHeaderCallCheckerKt
instanceKlass org/jetbrains/kotlin/resolve/calls/tasks/DynamicCallsKt
instanceKlass org/jetbrains/kotlin/resolve/calls/checkers/CallCheckerKt
instanceKlass org/jetbrains/kotlin/resolve/KtDescriptorUtilKt
instanceKlass org/jetbrains/kotlin/types/checker/NewCapturedTypeConstructor
instanceKlass org/jetbrains/kotlin/resolve/RecursiveContractHelperKt
instanceKlass org/jetbrains/kotlin/resolve/calls/components/CheckExplicitReceiverKindConsistency$WhenMappings
instanceKlass org/jetbrains/kotlin/resolve/calls/tower/CandidateApplicabilityKt
instanceKlass org/jetbrains/kotlin/resolve/deprecation/DescriptorBasedDeprecationInfoKt$DEPRECATED_FUNCTION_KEY$1
instanceKlass org/jetbrains/kotlin/resolve/deprecation/DescriptorBasedDeprecationInfoKt
instanceKlass org/jetbrains/kotlin/resolve/calls/checkers/OperatorCallCheckerKt
instanceKlass org/jetbrains/kotlin/resolve/calls/model/SimpleCandidateFactory$WhenMappings
instanceKlass org/jetbrains/kotlin/resolve/calls/tower/CandidateWithBoundDispatchReceiver
instanceKlass org/jetbrains/kotlin/resolve/calls/util/IsFromStdlibJre7Or8Kt
instanceKlass org/jetbrains/kotlin/resolve/descriptorUtil/AnnotationsForResolveUtilsKt
instanceKlass org/jetbrains/kotlin/resolve/calls/tower/PrioritizedCompositeScopeTowerProcessor
instanceKlass org/jetbrains/kotlin/resolve/calls/CallTransformer
instanceKlass org/jetbrains/kotlin/resolve/calls/tower/AbstractInvokeTowerProcessor
instanceKlass org/jetbrains/kotlin/resolve/calls/tower/PSICallResolver$FactoryProviderForInvoke
instanceKlass org/jetbrains/kotlin/resolve/calls/tower/CandidateFactoryProviderForInvoke
instanceKlass  @bci org/jetbrains/kotlin/util/slicedMap/SlicedMapImpl forEach (Lkotlin/jvm/functions/Function3;)V 21 <appendix> member <vmtarget> ; # org/jetbrains/kotlin/util/slicedMap/SlicedMapImpl$$Lambda+0x0000000100667820
instanceKlass  @bci org/jetbrains/kotlin/resolve/BindingContextUtils addOwnDataTo (Lorg/jetbrains/kotlin/resolve/BindingTrace;Lorg/jetbrains/kotlin/resolve/TraceEntryFilter;ZLorg/jetbrains/kotlin/util/slicedMap/MutableSlicedMap;Lorg/jetbrains/kotlin/resolve/diagnostics/MutableDiagnosticsWithSuppression;)V 21 <appendix> member <vmtarget> ; # org/jetbrains/kotlin/resolve/BindingContextUtils$$Lambda+0x00000001006675c8
instanceKlass org/jetbrains/kotlin/resolve/TraceEntryFilter
instanceKlass org/jetbrains/kotlin/resolve/calls/tower/PSIErrorCallInfo
instanceKlass org/jetbrains/kotlin/resolve/calls/components/ErrorCallInfo
instanceKlass org/jetbrains/kotlin/diagnostics/AbstractDiagnostic
instanceKlass org/jetbrains/kotlin/diagnostics/DiagnosticWithParameters1Marker
instanceKlass org/jetbrains/kotlin/resolve/calls/model/VariableAsFunctionResolvedCall
instanceKlass org/jetbrains/kotlin/resolve/calls/util/ResolvedCallUtilKt
instanceKlass org/jetbrains/kotlin/descriptors/synthetic/SyntheticMemberDescriptor
instanceKlass org/jetbrains/kotlin/resolve/calls/tower/PSIKotlinCallsKt
instanceKlass org/jetbrains/kotlin/resolve/calls/model/TransformableToWarning
instanceKlass org/jetbrains/kotlin/resolve/calls/model/KotlinCallDiagnosticsKt
instanceKlass org/jetbrains/kotlin/resolve/calls/tower/ResolvedAtomCompleter
instanceKlass org/jetbrains/kotlin/resolve/calls/tower/ErrorCandidateFactoryKt$WhenMappings
instanceKlass org/jetbrains/kotlin/resolve/calls/tower/ErrorCandidateContext
instanceKlass org/jetbrains/kotlin/resolve/calls/tower/ErrorCandidateFactoryKt
instanceKlass org/jetbrains/kotlin/resolve/calls/tower/PSICallResolver$WhenMappings
instanceKlass org/jetbrains/kotlin/resolve/calls/model/PostponedCallableReferenceMarker
instanceKlass org/jetbrains/kotlin/resolve/calls/model/LambdaWithTypeVariableAsExpectedTypeMarker
instanceKlass kotlin/collections/builders/SetBuilder$Companion
instanceKlass org/jetbrains/kotlin/resolve/calls/model/ResolutionAtomsKt
instanceKlass org/jetbrains/kotlin/resolve/calls/components/KotlinCallCompleter$WhenMappings
instanceKlass org/jetbrains/kotlin/resolve/calls/components/KotlinCallCompleterKt
instanceKlass org/jetbrains/kotlin/resolve/calls/components/CompletionModeCalculator$Companion
instanceKlass org/jetbrains/kotlin/resolve/calls/components/CompletionModeCalculator
instanceKlass org/jetbrains/kotlin/resolve/calls/inference/components/NewTypeSubstitutorByConstructorMap
instanceKlass org/jetbrains/kotlin/resolve/calls/inference/InferenceUtilsKt
instanceKlass org/jetbrains/kotlin/resolve/calls/tower/ImplicitScopeTowerKt
instanceKlass org/jetbrains/kotlin/resolve/calls/inference/components/EmptySubstitutor
instanceKlass org/jetbrains/kotlin/resolve/calls/inference/components/FreshVariableNewTypeSubstitutor$Companion
instanceKlass org/jetbrains/kotlin/resolve/calls/inference/components/FreshVariableNewTypeSubstitutor
instanceKlass org/jetbrains/kotlin/resolve/calls/tower/TowerUtilsKt
instanceKlass org/jetbrains/kotlin/resolve/calls/model/KotlinCallDiagnostic
instanceKlass org/jetbrains/kotlin/resolve/calls/tower/TowerLevelsKt
instanceKlass org/jetbrains/kotlin/resolve/scopes/MemberScopeKt
instanceKlass org/jetbrains/kotlin/synthetic/JavaSyntheticPropertiesScope$SyntheticPropertyHolder$Companion
instanceKlass org/jetbrains/kotlin/synthetic/JavaSyntheticPropertiesScope$SyntheticPropertyHolder
instanceKlass  @bci javaslang/collection/LinkedHashSet iterator ()Ljavaslang/collection/Iterator; 7 <appendix> argL0 ; # javaslang/collection/LinkedHashSet$$Lambda+0x000000010065c590
instanceKlass javaslang/Tuple2
instanceKlass javaslang/Tuple
instanceKlass javaslang/collection/IteratorModule$EmptyIterator
instanceKlass javaslang/collection/AbstractIterator
instanceKlass javaslang/collection/List$Nil
instanceKlass javaslang/collection/List
instanceKlass javaslang/collection/Stack
instanceKlass javaslang/collection/Queue
instanceKlass javaslang/collection/LinearSeq
instanceKlass javaslang/collection/LinkedHashMap
instanceKlass javaslang/collection/LinkedHashSet
instanceKlass org/jetbrains/kotlin/resolve/calls/smartcasts/DataFlowValueKt
instanceKlass org/jetbrains/kotlin/resolve/calls/smartcasts/IdentifierInfo$Receiver
instanceKlass org/jetbrains/kotlin/resolve/calls/smartcasts/IdentifierInfo$ERROR
instanceKlass org/jetbrains/kotlin/resolve/calls/smartcasts/IdentifierInfo
instanceKlass org/jetbrains/kotlin/resolve/calls/smartcasts/DataFlowValue$Companion
instanceKlass org/jetbrains/kotlin/resolve/scopes/receivers/AbstractReceiverValue
instanceKlass org/jetbrains/kotlin/resolve/calls/tower/NewResolutionOldInferenceKt
instanceKlass org/jetbrains/kotlin/resolve/scopes/DeprecatedLexicalScope
instanceKlass org/jetbrains/kotlin/resolve/calls/tower/AbstractScopeTowerLevel
instanceKlass org/jetbrains/kotlin/resolve/calls/tower/ScopeTowerLevel
instanceKlass org/jetbrains/kotlin/resolve/descriptorUtil/AnnotationsForResolveKt
instanceKlass org/jetbrains/kotlin/resolve/calls/tower/TowerResolver$Task
instanceKlass org/jetbrains/kotlin/resolve/calls/tower/AbstractSimpleScopeTowerProcessor
instanceKlass org/jetbrains/kotlin/resolve/calls/tower/SimpleScopeTowerProcessor
instanceKlass org/jetbrains/kotlin/resolve/calls/tower/VariableAndObjectScopeTowerProcessor
instanceKlass org/jetbrains/kotlin/resolve/calls/tower/ScopeTowerProcessorsKt
instanceKlass org/jetbrains/kotlin/resolve/calls/model/KotlinCallKt$WhenMappings
instanceKlass org/jetbrains/kotlin/resolve/calls/model/KotlinCallKt
instanceKlass org/jetbrains/kotlin/resolve/calls/inference/model/ConstraintStorage$Empty
instanceKlass org/jetbrains/kotlin/resolve/calls/inference/DescriptorRelatedInferenceUtilsKt
instanceKlass org/jetbrains/kotlin/resolve/calls/inference/model/MutableConstraintStorage
instanceKlass org/jetbrains/kotlin/resolve/calls/inference/NewConstraintSystem
instanceKlass org/jetbrains/kotlin/resolve/calls/components/ClassicTypeSystemContextForCSKt
instanceKlass org/jetbrains/kotlin/resolve/calls/model/SimpleCandidateFactory
instanceKlass org/jetbrains/kotlin/resolve/calls/KotlinCallResolver$WhenMappings
instanceKlass org/jetbrains/kotlin/psi/KtPsiFactoryKt
instanceKlass org/jetbrains/kotlin/resolve/calls/tower/PSICallResolver$ASTScopeTower
instanceKlass org/jetbrains/kotlin/resolve/calls/tower/PSIKotlinCall
instanceKlass  @bci org/jetbrains/kotlin/resolve/calls/CallResolver computeTasksAndResolveCall (Lorg/jetbrains/kotlin/resolve/calls/context/BasicCallResolutionContext;Lorg/jetbrains/kotlin/name/Name;Lorg/jetbrains/kotlin/resolve/calls/tasks/TracingStrategy;Lorg/jetbrains/kotlin/resolve/calls/tower/NewResolutionOldInference$ResolutionKind;)Lorg/jetbrains/kotlin/resolve/calls/results/OverloadResolutionResults; 46 <appendix> member <vmtarget> ; # org/jetbrains/kotlin/resolve/calls/CallResolver$$Lambda+0x000000010064ddf0
instanceKlass org/jetbrains/kotlin/resolve/calls/util/CallMaker$CallImpl
instanceKlass org/jetbrains/kotlin/resolve/calls/context/TemporaryResolutionResultsCache
instanceKlass  @bci org/jetbrains/kotlin/types/expressions/ExpressionTypingVisitorDispatcher getTypeInfo (Lorg/jetbrains/kotlin/psi/KtExpression;Lorg/jetbrains/kotlin/types/expressions/ExpressionTypingContext;Lorg/jetbrains/kotlin/psi/KtVisitor;)Lorg/jetbrains/kotlin/types/expressions/KotlinTypeInfo; 19 <appendix> member <vmtarget> ; # org/jetbrains/kotlin/types/expressions/ExpressionTypingVisitorDispatcher$$Lambda+0x000000010064c7f8
instanceKlass org/jetbrains/kotlin/resolve/calls/tower/NewCallArgumentsKt
instanceKlass org/jetbrains/kotlin/psi/KtPsiUtil$KtExpressionWrapper
instanceKlass org/jetbrains/kotlin/resolve/calls/util/DelegatingCall
instanceKlass org/jetbrains/kotlin/resolve/calls/util/CallUtilKt
instanceKlass org/jetbrains/kotlin/resolve/calls/model/ResolutionPart
instanceKlass org/jetbrains/kotlin/resolve/calls/GenericCandidateResolverKt
instanceKlass org/jetbrains/kotlin/resolve/calls/CallResolver$ResolutionTask
instanceKlass  @bci org/jetbrains/kotlin/resolve/calls/CallResolver computeTasksFromCandidatesAndResolvedCall (Lorg/jetbrains/kotlin/resolve/calls/context/BasicCallResolutionContext;Ljava/util/Collection;Lorg/jetbrains/kotlin/resolve/calls/tasks/TracingStrategy;)Lorg/jetbrains/kotlin/resolve/calls/results/OverloadResolutionResults; 34 <appendix> member <vmtarget> ; # org/jetbrains/kotlin/resolve/calls/CallResolver$$Lambda+0x00000001006416b0
instanceKlass org/jetbrains/kotlin/resolve/calls/tasks/TracingStrategy$1
instanceKlass org/jetbrains/kotlin/resolve/calls/tasks/AbstractTracingStrategy
instanceKlass org/jetbrains/kotlin/resolve/scopes/SyntheticScopesKt
instanceKlass org/jetbrains/kotlin/resolve/calls/util/CallResolverUtilKt
instanceKlass org/jetbrains/kotlin/resolve/calls/context/ResolutionResultsCacheImpl
instanceKlass  @bci org/jetbrains/kotlin/resolve/calls/context/ResolutionContext <clinit> ()V 0 <appendix> argL0 ; # org/jetbrains/kotlin/resolve/calls/context/ResolutionContext$$Lambda+0x00000001006429a0
instanceKlass org/jetbrains/kotlin/resolve/calls/context/ResolutionResultsCache
instanceKlass org/jetbrains/kotlin/resolve/calls/components/InferenceSession$Companion$default$1
instanceKlass org/jetbrains/kotlin/resolve/calls/components/InferenceSession$Companion
instanceKlass org/jetbrains/kotlin/resolve/calls/util/CallMaker$3
instanceKlass org/jetbrains/kotlin/resolve/calls/util/CallMaker
instanceKlass org/jetbrains/kotlin/builtins/UnsignedTypes
instanceKlass org/jetbrains/kotlin/builtins/KotlinBuiltIns$Primitives
instanceKlass org/jetbrains/kotlin/types/StarProjectionImplKt
instanceKlass org/jetbrains/kotlin/resolve/SinceKotlinValue
instanceKlass org/jetbrains/kotlin/name/CallableId$Companion
instanceKlass org/jetbrains/kotlin/name/CallableId
instanceKlass org/jetbrains/kotlin/serialization/deserialization/SuspendFunctionTypeUtilKt
instanceKlass org/jetbrains/kotlin/resolve/scopes/receivers/ClassValueReceiver
instanceKlass org/jetbrains/kotlin/resolve/FunctionsFromAny
instanceKlass org/jetbrains/kotlin/resolve/DataClassResolver
instanceKlass org/jetbrains/kotlin/resolve/DataClassDescriptorResolver
# instanceKlass java/lang/invoke/LambdaForm$MH+0x0000000100640800
# instanceKlass java/lang/invoke/LambdaForm$MH+0x0000000100640400
# instanceKlass java/lang/invoke/LambdaForm$MH+0x0000000100640000
instanceKlass org/jetbrains/kotlin/resolve/descriptorUtil/DescriptorUtilsKt$WhenMappings
instanceKlass org/jetbrains/kotlin/resolve/scopes/receivers/ClassQualifier
instanceKlass org/jetbrains/kotlin/resolve/scopes/receivers/ClassifierQualifier
instanceKlass org/jetbrains/kotlin/builtins/functions/FunctionClassKind$Companion
instanceKlass org/jetbrains/kotlin/builtins/functions/FunctionClassDescriptor$Companion
instanceKlass org/jetbrains/kotlin/builtins/FunctionInterfacePackageFragment
instanceKlass org/jetbrains/kotlin/builtins/functions/FunctionTypeKindExtractor$KindWithArity
instanceKlass org/jetbrains/kotlin/descriptors/annotations/AnnotationsImpl
instanceKlass org/jetbrains/kotlin/descriptors/annotations/BuiltInAnnotationDescriptor
instanceKlass org/jetbrains/kotlin/types/TypeIntersector
instanceKlass  @bci org/jetbrains/kotlin/resolve/DescriptorResolver resolveTypeParameterForDescriptor (Lorg/jetbrains/kotlin/descriptors/DeclarationDescriptor;Lorg/jetbrains/kotlin/resolve/scopes/LexicalScope;Lorg/jetbrains/kotlin/psi/KtTypeParameter;ILorg/jetbrains/kotlin/resolve/BindingTrace;)Lorg/jetbrains/kotlin/descriptors/impl/TypeParameterDescriptorImpl; 71 <appendix> member <vmtarget> ; # org/jetbrains/kotlin/resolve/DescriptorResolver$$Lambda+0x000000010063b640
instanceKlass org/jetbrains/kotlin/descriptors/DeserializedDeclarationsFromSupertypeConflictDataKey
instanceKlass org/jetbrains/kotlin/descriptors/Visibilities
instanceKlass org/jetbrains/kotlin/load/java/components/DescriptorResolverUtils$1$1
instanceKlass org/jetbrains/kotlin/resolve/OverridingUtil$4
instanceKlass org/jetbrains/kotlin/resolve/OverridingUtil$5
instanceKlass org/jetbrains/kotlin/utils/SmartSet$SingletonIterator
instanceKlass org/jetbrains/kotlin/resolve/OverridingUtil$8
instanceKlass org/jetbrains/kotlin/resolve/OverridingUtil$OverrideCompatibilityInfo
instanceKlass org/jetbrains/kotlin/types/NotNullTypeParameter
instanceKlass org/jetbrains/kotlin/resolve/OverridingUtilTypeSystemContext
instanceKlass org/jetbrains/kotlin/types/DisjointKeysUnionTypeSubstitution$Companion
instanceKlass org/jetbrains/kotlin/types/DescriptorSubstitutor
instanceKlass org/jetbrains/kotlin/descriptors/impl/FunctionDescriptorImpl$CopyConfiguration
instanceKlass org/jetbrains/kotlin/load/java/descriptors/UtilKt
instanceKlass org/jetbrains/kotlin/load/java/typeEnhancement/TypeEnhancementKt$WhenMappings
instanceKlass org/jetbrains/kotlin/load/java/typeEnhancement/EnhancedTypeAnnotations
instanceKlass org/jetbrains/kotlin/load/java/typeEnhancement/TypeEnhancementKt
instanceKlass org/jetbrains/kotlin/load/java/components/JavaAnnotationDescriptor
instanceKlass org/jetbrains/kotlin/load/java/typeEnhancement/PredefinedFunctionEnhancementInfo
instanceKlass org/jetbrains/kotlin/load/java/typeEnhancement/TypeEnhancementInfo
instanceKlass org/jetbrains/kotlin/load/java/typeEnhancement/SignatureEnhancementBuilder$ClassEnhancementBuilder$FunctionEnhancementBuilder
instanceKlass org/jetbrains/kotlin/load/java/typeEnhancement/SignatureEnhancementBuilder$ClassEnhancementBuilder
instanceKlass org/jetbrains/kotlin/load/java/typeEnhancement/SignatureEnhancementBuilder
instanceKlass org/jetbrains/kotlin/load/java/typeEnhancement/PredefinedEnhancementInfoKt
instanceKlass org/jetbrains/kotlin/load/kotlin/MethodSignatureBuildingUtilsKt
instanceKlass org/jetbrains/kotlin/types/checker/NewTypeVariableConstructor
instanceKlass org/jetbrains/kotlin/load/kotlin/JvmType$Companion
instanceKlass org/jetbrains/kotlin/load/kotlin/JvmType
instanceKlass org/jetbrains/kotlin/resolve/InlineClassesUtilsKt
instanceKlass org/jetbrains/kotlin/load/kotlin/TypeSignatureMappingKt
instanceKlass org/jetbrains/kotlin/builtins/FunctionTypesKt
instanceKlass org/jetbrains/kotlin/utils/FunctionsKt
instanceKlass org/jetbrains/kotlin/load/kotlin/DescriptorBasedTypeSignatureMappingKt
instanceKlass org/jetbrains/kotlin/load/kotlin/TypeMappingConfigurationImpl
instanceKlass org/jetbrains/kotlin/load/kotlin/TypeMappingMode$Companion
instanceKlass org/jetbrains/kotlin/load/kotlin/TypeMappingMode
instanceKlass org/jetbrains/kotlin/load/kotlin/JvmTypeFactoryImpl
instanceKlass org/jetbrains/kotlin/load/kotlin/JvmTypeFactory
instanceKlass org/jetbrains/kotlin/load/kotlin/MethodSignatureMappingKt
instanceKlass org/jetbrains/kotlin/load/java/SpecialGenericSignatures$Companion$NameAndSignature
instanceKlass org/jetbrains/kotlin/load/java/SpecialGenericSignatures$Companion
instanceKlass org/jetbrains/kotlin/load/java/SpecialGenericSignatures
instanceKlass org/jetbrains/kotlin/load/java/BuiltinSpecialPropertiesKt
instanceKlass org/jetbrains/kotlin/load/java/BuiltinSpecialProperties
instanceKlass org/jetbrains/kotlin/load/java/PropertiesConventionUtilKt
instanceKlass org/jetbrains/kotlin/load/java/lazy/descriptors/LazyJavaScope$MethodSignatureData
instanceKlass org/jetbrains/kotlin/resolve/jvm/kotlinSignature/SignaturesPropagationData$ValueParameters
instanceKlass  @bci org/jetbrains/kotlin/resolve/jvm/kotlinSignature/SignaturesPropagationData getSuperFunctionsForMethod (Lorg/jetbrains/kotlin/load/java/structure/JavaMethod;Lorg/jetbrains/kotlin/load/java/descriptors/JavaMethodDescriptor;Lorg/jetbrains/kotlin/descriptors/ClassDescriptor;)Ljava/util/List; 219 <appendix> argL0 ; # org/jetbrains/kotlin/resolve/jvm/kotlinSignature/SignaturesPropagationData$$Lambda+0x0000000100627990
instanceKlass org/jetbrains/kotlin/resolve/jvm/kotlinSignature/SignaturePropagationUtilKt
instanceKlass org/jetbrains/kotlin/util/CheckResult
instanceKlass org/jetbrains/kotlin/util/ReturnsCheck
instanceKlass org/jetbrains/kotlin/util/IsKPropertyCheck
instanceKlass org/jetbrains/kotlin/util/NoDefaultAndVarargsCheck
instanceKlass org/jetbrains/kotlin/util/ValueParameterCountCheck
instanceKlass org/jetbrains/kotlin/util/MemberKindCheck
instanceKlass org/jetbrains/kotlin/util/Check
instanceKlass org/jetbrains/kotlin/util/Checks
instanceKlass org/jetbrains/kotlin/util/AbstractModifierChecks
instanceKlass org/jetbrains/kotlin/codegen/state/KotlinTypeMapper$typeMappingConfiguration$1
instanceKlass org/jetbrains/kotlin/load/kotlin/TypeMappingConfiguration
instanceKlass org/jetbrains/kotlin/codegen/ClassBuilderMode
instanceKlass org/jetbrains/kotlin/resolve/InlineClassDescriptorResolver
instanceKlass org/jetbrains/kotlin/codegen/state/KotlinTypeMapper$Companion
instanceKlass org/jetbrains/kotlin/codegen/state/KotlinTypeMapperBase
instanceKlass org/jetbrains/kotlin/codegen/signature/KotlinToJvmSignatureMapperImpl
instanceKlass org/jetbrains/kotlin/resolve/jvm/jvmSignature/KotlinToJvmSignatureMapper
instanceKlass org/jetbrains/kotlin/resolve/jvm/kotlinSignature/SignaturesPropagationData
instanceKlass org/jetbrains/kotlin/load/java/lazy/descriptors/LazyJavaScope$ResolvedValueParameters
instanceKlass org/jetbrains/kotlin/types/FlexibleTypeImpl$Companion
instanceKlass org/jetbrains/kotlin/load/java/descriptors/JavaMethodDescriptor$2
instanceKlass org/jetbrains/kotlin/load/java/descriptors/JavaMethodDescriptor$1
instanceKlass org/jetbrains/kotlin/descriptors/CallableDescriptor$UserDataKey
instanceKlass org/jetbrains/kotlin/load/java/descriptors/JavaCallableMemberDescriptor
instanceKlass org/jetbrains/kotlin/resolve/BindingContextUtils
instanceKlass org/jetbrains/kotlin/resolve/lazy/ForceResolveUtil
instanceKlass org/jetbrains/kotlin/com/intellij/psi/impl/source/tree/RecursiveTreeElementWalkingVisitor$ASTTreeGuide
instanceKlass org/jetbrains/kotlin/com/intellij/util/WalkingState
instanceKlass org/jetbrains/kotlin/com/intellij/psi/impl/source/tree/AstBufferUtil
instanceKlass kotlin/sequences/DropWhileSequence$iterator$1
instanceKlass kotlin/sequences/DropWhileSequence
instanceKlass org/jetbrains/kotlin/psi/typeRefHelpers/TypeRefHelpersKt
instanceKlass org/jetbrains/kotlin/resolve/calls/util/UnderscoreUtilKt
instanceKlass org/jetbrains/kotlin/load/java/structure/JavaAnnotationAsAnnotationArgument
instanceKlass gnu/trove/TIterator
instanceKlass org/jetbrains/kotlin/resolve/constants/ConstantValueFactory
instanceKlass org/jetbrains/kotlin/serialization/deserialization/descriptors/DeserializedCallableMemberDescriptor
instanceKlass org/jetbrains/kotlin/load/java/components/DescriptorResolverUtils
instanceKlass org/jetbrains/kotlin/load/kotlin/BinaryClassAnnotationAndConstantLoaderImpl$AbstractAnnotationArgumentVisitor$visitArray$1
instanceKlass org/jetbrains/kotlin/descriptors/annotations/AnnotationDescriptorImpl
instanceKlass org/jetbrains/kotlin/load/kotlin/BinaryClassAnnotationAndConstantLoaderImpl$AbstractAnnotationArgumentVisitor
instanceKlass org/jetbrains/kotlin/SpecialJvmAnnotations
instanceKlass org/jetbrains/kotlin/load/kotlin/AbstractBinaryClassAnnotationLoader$loadClassAnnotations$1
instanceKlass org/jetbrains/kotlin/load/java/JavaDefaultQualifiers
instanceKlass org/jetbrains/kotlin/load/java/JvmAnnotationNamesKt
instanceKlass org/jetbrains/kotlin/load/java/AnnotationQualifiersFqNamesKt
instanceKlass org/jetbrains/kotlin/load/java/lazy/descriptors/LazyJavaAnnotationDescriptor
instanceKlass org/jetbrains/kotlin/load/java/descriptors/PossiblyExternalAnnotationDescriptor
instanceKlass org/jetbrains/kotlin/utils/SmartList$SingletonIteratorBase
instanceKlass javaslang/control/Option$None
# instanceKlass java/lang/invoke/LambdaForm$MH+0x0000000100614c00
# instanceKlass java/lang/invoke/LambdaForm$MH+0x0000000100614800
# instanceKlass java/lang/invoke/LambdaForm$MH+0x0000000100614400
instanceKlass org/jetbrains/kotlin/metadata/ProtoBuf$1
instanceKlass org/jetbrains/kotlin/resolve/deprecation/DeprecationResolver$DeprecationInfo$Companion
instanceKlass org/jetbrains/kotlin/metadata/deserialization/VersionRequirement$Companion
instanceKlass org/jetbrains/kotlin/metadata/deserialization/VersionRequirement
instanceKlass org/jetbrains/kotlin/serialization/deserialization/descriptors/DeserializedMemberDescriptor
instanceKlass org/jetbrains/kotlin/serialization/deserialization/descriptors/DescriptorWithContainerSource
instanceKlass org/jetbrains/kotlin/resolve/SinceKotlinAccessibility
instanceKlass org/jetbrains/kotlin/resolve/calls/util/FakeCallableDescriptorForObject
instanceKlass org/jetbrains/kotlin/resolve/SinceKotlinUtilKt
instanceKlass org/jetbrains/kotlin/load/kotlin/KotlinJvmBinarySourceElement
instanceKlass org/jetbrains/kotlin/resolve/AllUnderImportScope$Companion
instanceKlass kotlin/collections/ArraysKt___ArraysKt$asIterable$$inlined$Iterable$1
# instanceKlass java/lang/invoke/LambdaForm$MH+0x0000000100614000
instanceKlass org/jetbrains/kotlin/load/java/structure/JavaLoadingKt
instanceKlass org/jetbrains/kotlin/load/java/lazy/descriptors/ClassDeclaredMemberIndex
instanceKlass org/jetbrains/kotlin/load/java/lazy/descriptors/DeclaredMemberIndex
instanceKlass gnu/trove/THashMap$MapBackedView
instanceKlass org/jetbrains/kotlin/load/java/typeEnhancement/JavaTypeEnhancement$Result
instanceKlass org/jetbrains/kotlin/load/java/typeEnhancement/JavaTypeEnhancement$SimpleResult
instanceKlass org/jetbrains/kotlin/load/java/typeEnhancement/TypeComponentPositionKt
instanceKlass org/jetbrains/kotlin/load/java/typeEnhancement/TypeEnhancementUtilsKt
instanceKlass org/jetbrains/kotlin/load/java/typeEnhancement/JavaTypeQualifiers$Companion
instanceKlass org/jetbrains/kotlin/load/java/typeEnhancement/JavaTypeQualifiers
instanceKlass  @bci org/jetbrains/kotlin/com/intellij/util/IdempotenceChecker <clinit> ()V 51 <appendix> argL0 ; # org/jetbrains/kotlin/com/intellij/util/IdempotenceChecker$$Lambda+0x000000010060e2d8
instanceKlass  @bci org/jetbrains/kotlin/com/intellij/util/IdempotenceChecker <clinit> ()V 21 <appendix> argL0 ; # org/jetbrains/kotlin/com/intellij/util/IdempotenceChecker$$Lambda+0x000000010060e088
instanceKlass org/jetbrains/kotlin/com/intellij/util/IdempotenceChecker
instanceKlass org/jetbrains/kotlin/load/java/structure/impl/JavaElementCollectionFromPsiArrayUtil
instanceKlass  @bci org/jetbrains/kotlin/com/intellij/psi/PsiClass <clinit> ()V 7 <appendix> argL0 ; # org/jetbrains/kotlin/com/intellij/psi/PsiClass$$Lambda+0x000000010060d038
instanceKlass org/jetbrains/kotlin/com/intellij/lang/jvm/JvmTypeParameter
instanceKlass org/jetbrains/kotlin/name/FqNamesUtilKt$WhenMappings
instanceKlass  @bci org/jetbrains/kotlin/com/intellij/psi/impl/file/PsiPackageImpl getAllDirectories (Lorg/jetbrains/kotlin/com/intellij/psi/search/GlobalSearchScope;)Ljava/util/Collection; 86 <appendix> member <vmtarget> ; # org/jetbrains/kotlin/com/intellij/psi/impl/file/PsiPackageImpl$$Lambda+0x000000010060a6a8
instanceKlass org/jetbrains/kotlin/com/intellij/openapi/roots/ProjectRootModificationTracker
instanceKlass org/jetbrains/kotlin/com/intellij/openapi/application/BaseActionRunnable
instanceKlass  @bci org/jetbrains/kotlin/com/intellij/openapi/application/ReadActionProcessor process (Ljava/lang/Object;)Z 2 <appendix> member <vmtarget> ; # org/jetbrains/kotlin/com/intellij/openapi/application/ReadActionProcessor$$Lambda+0x0000000100609d88
instanceKlass org/jetbrains/kotlin/com/intellij/openapi/application/ReadActionProcessor
instanceKlass org/jetbrains/kotlin/com/intellij/util/CollectionQuery
instanceKlass org/jetbrains/kotlin/com/intellij/util/CommonProcessors$CollectProcessor
instanceKlass org/jetbrains/kotlin/com/intellij/util/Processors
instanceKlass  @bci org/jetbrains/kotlin/com/intellij/psi/impl/file/PsiPackageImpl createCachedDirectories (Z)Lorg/jetbrains/kotlin/com/intellij/psi/util/CachedValue; 9 <appendix> member <vmtarget> ; # org/jetbrains/kotlin/com/intellij/psi/impl/file/PsiPackageImpl$$Lambda+0x0000000100608c70
instanceKlass org/jetbrains/kotlin/com/intellij/psi/impl/file/PsiPackageImpl$PackageAnnotationValueProvider
instanceKlass org/jetbrains/kotlin/load/java/typeEnhancement/AbstractSignatureParts$TypeAndDefaultQualifiers
instanceKlass org/jetbrains/kotlin/load/java/typeEnhancement/AbstractSignatureParts
instanceKlass org/jetbrains/kotlin/descriptors/DescriptorUtilKt
instanceKlass org/jetbrains/kotlin/types/TypeAttributeTranslator$DefaultImpls
instanceKlass org/jetbrains/kotlin/types/TypeAttributesKt
instanceKlass org/jetbrains/kotlin/load/java/structure/impl/classFiles/ClassifierResolutionContext$Result
instanceKlass org/jetbrains/kotlin/types/ErasureTypeAttributes
instanceKlass org/jetbrains/kotlin/load/java/lazy/types/JavaTypeAttributesKt
instanceKlass org/jetbrains/kotlin/load/java/FakePureImplementationsProvider
instanceKlass org/jetbrains/kotlin/load/java/components/JavaAnnotationMapper
instanceKlass org/jetbrains/kotlin/load/java/structure/JavaClassObjectAnnotationArgument
instanceKlass  @bci org/jetbrains/kotlin/psi/KtSuperTypeListEntry <clinit> ()V 7 <appendix> argL0 ; # org/jetbrains/kotlin/psi/KtSuperTypeListEntry$$Lambda+0x0000000100602998
# instanceKlass java/lang/invoke/LambdaForm$MH+0x0000000100606800
# instanceKlass java/lang/invoke/LambdaForm$MH+0x0000000100606400
# instanceKlass java/lang/invoke/LambdaForm$MH+0x0000000100606000
# instanceKlass java/lang/invoke/LambdaForm$MH+0x0000000100605c00
# instanceKlass java/lang/invoke/LambdaForm$MH+0x0000000100605800
# instanceKlass java/lang/invoke/LambdaForm$MH+0x0000000100605400
# instanceKlass java/lang/invoke/LambdaForm$MH+0x0000000100605000
# instanceKlass java/lang/invoke/LambdaForm$MH+0x0000000100604c00
# instanceKlass java/lang/invoke/LambdaForm$MH+0x0000000100604800
# instanceKlass java/lang/invoke/LambdaForm$MH+0x0000000100604400
# instanceKlass java/lang/invoke/LambdaForm$MH+0x0000000100604000
instanceKlass org/jetbrains/kotlin/descriptors/annotations/AnnotationWithTarget
instanceKlass org/jetbrains/kotlin/resolve/jvm/KotlinJavaPsiFacade$3
instanceKlass org/jetbrains/kotlin/descriptors/impl/AbstractTypeParameterDescriptor$2$1
instanceKlass org/jetbrains/kotlin/resolve/ResolutionAnchorProviderKt
instanceKlass org/jetbrains/kotlin/descriptors/FindClassInModuleKt
instanceKlass org/jetbrains/kotlin/com/intellij/psi/impl/source/resolve/FileContextUtil
instanceKlass  @bci org/jetbrains/kotlin/com/intellij/psi/impl/PsiCachedValue normalizeDependencies (Lorg/jetbrains/kotlin/com/intellij/psi/util/CachedValueProvider$Result;)[Ljava/lang/Object; 129 <appendix> member <vmtarget> ; # org/jetbrains/kotlin/com/intellij/psi/impl/PsiCachedValue$$Lambda+0x00000001005fda88
instanceKlass  @bci org/jetbrains/kotlin/com/intellij/psi/impl/PsiCachedValue normalizeDependencies (Lorg/jetbrains/kotlin/com/intellij/psi/util/CachedValueProvider$Result;)[Ljava/lang/Object; 15 <appendix> argL0 ; # org/jetbrains/kotlin/com/intellij/psi/impl/PsiCachedValue$$Lambda+0x00000001005fd838
instanceKlass  @bci java/util/regex/Pattern union (Ljava/util/regex/Pattern$CharPredicate;Ljava/util/regex/Pattern$CharPredicate;Z)Ljava/util/regex/Pattern$CharPredicate; 14 <appendix> member <vmtarget> ; # java/util/regex/Pattern$$Lambda+0x000000010017e4d0
instanceKlass  @bci java/util/regex/CharPredicates category (I)Ljava/util/regex/Pattern$CharPredicate; 1 <appendix> member <vmtarget> ; # java/util/regex/CharPredicates$$Lambda+0x000000010017e240
instanceKlass org/jetbrains/kotlin/name/NameUtils
instanceKlass org/jetbrains/kotlin/load/kotlin/PackagePartClassUtils
instanceKlass org/jetbrains/kotlin/fileClasses/JvmSimpleFileClassInfo
instanceKlass org/jetbrains/kotlin/fileClasses/JvmFileClassInfo
instanceKlass org/jetbrains/kotlin/fileClasses/JvmFileClassUtil
instanceKlass org/jetbrains/kotlin/com/intellij/psi/util/CachedValueProfiler$Overhead
instanceKlass  @bci org/jetbrains/kotlin/com/intellij/psi/util/CachedValueProfiler <clinit> ()V 20 <appendix> argL0 ; # org/jetbrains/kotlin/com/intellij/psi/util/CachedValueProfiler$$Lambda+0x00000001005fc1d0
instanceKlass org/jetbrains/kotlin/com/intellij/psi/util/CachedValueProfiler$ThreadContext
instanceKlass org/jetbrains/kotlin/com/intellij/psi/util/CachedValueProfiler$GlobalContext
instanceKlass org/jetbrains/kotlin/com/intellij/psi/util/CachedValueProfiler$EventPlace
instanceKlass org/jetbrains/kotlin/com/intellij/psi/util/CachedValueProfiler
instanceKlass  @bci org/jetbrains/kotlin/com/intellij/util/CachedValueBase lambda$getValueWithLock$4 (Ljava/lang/Object;)Lorg/jetbrains/kotlin/com/intellij/util/CachedValueBase$Data; 3 <appendix> member <vmtarget> ; # org/jetbrains/kotlin/com/intellij/util/CachedValueBase$$Lambda+0x00000001005fb668
instanceKlass org/jetbrains/kotlin/com/intellij/openapi/util/RecursionManager$StackFrame
instanceKlass org/jetbrains/kotlin/com/intellij/openapi/util/RecursionManager$MyKey
instanceKlass  @bci org/jetbrains/kotlin/com/intellij/openapi/util/RecursionGuard doPreventingRecursion (Ljava/lang/Object;ZLorg/jetbrains/kotlin/com/intellij/openapi/util/Computable;)Ljava/lang/Object; 25 <appendix> member <vmtarget> ; # org/jetbrains/kotlin/com/intellij/openapi/util/RecursionGuard$$Lambda+0x00000001005faf88
instanceKlass  @bci org/jetbrains/kotlin/com/intellij/util/CachedValueBase getValueWithLock (Ljava/lang/Object;)Ljava/lang/Object; 41 <appendix> member <vmtarget> ; # org/jetbrains/kotlin/com/intellij/util/CachedValueBase$$Lambda+0x00000001005fad08
instanceKlass org/jetbrains/kotlin/com/intellij/util/CachedValueBase$Data
instanceKlass org/jetbrains/kotlin/com/intellij/util/CachedValueLeakChecker
instanceKlass org/jetbrains/kotlin/com/intellij/psi/util/CachedValuesManager$1
instanceKlass  @bci org/jetbrains/kotlin/fileClasses/JvmFileClassUtilKt getFileClassInfo (Lorg/jetbrains/kotlin/psi/KtFile;)Lorg/jetbrains/kotlin/fileClasses/JvmFileClassInfo; 11 <appendix> member <vmtarget> ; # org/jetbrains/kotlin/fileClasses/JvmFileClassUtilKt$$Lambda+0x00000001005f9e50
instanceKlass org/jetbrains/kotlin/fileClasses/JvmFileClassUtilKt
instanceKlass org/jetbrains/kotlin/load/java/structure/JavaWildcardType
instanceKlass org/jetbrains/kotlin/load/java/structure/impl/classFiles/BinaryJavaClass$WhenMappings
instanceKlass org/jetbrains/kotlin/resolve/constants/IntegerLiteralTypeConstructor
instanceKlass org/jetbrains/kotlin/types/AbstractNullabilityChecker
instanceKlass org/jetbrains/kotlin/types/TypeWithEnhancementKt
instanceKlass org/jetbrains/kotlin/resolve/constants/IntegerValueTypeConstructor
instanceKlass org/jetbrains/kotlin/resolve/calls/inference/CapturedTypeConstructorImpl
instanceKlass org/jetbrains/kotlin/resolve/calls/inference/CapturedTypeConstructor
instanceKlass org/jetbrains/kotlin/types/AbstractTypeChecker
instanceKlass org/jetbrains/kotlin/types/checker/ClassicTypeCheckerStateKt
instanceKlass org/jetbrains/kotlin/types/TypeSubstitutionKt
instanceKlass kotlin/reflect/jvm/internal/impl/name/SpecialNames
instanceKlass kotlin/reflect/jvm/internal/impl/builtins/CompanionObjectMapping
instanceKlass kotlin/reflect/jvm/internal/impl/name/FqNamesUtilKt
instanceKlass kotlin/reflect/jvm/internal/impl/utils/CollectionsKt
instanceKlass kotlin/reflect/jvm/internal/impl/builtins/PrimitiveType$Companion
instanceKlass kotlin/reflect/jvm/internal/impl/builtins/StandardNames$FqNames
instanceKlass kotlin/reflect/jvm/internal/impl/builtins/jvm/JavaToKotlinClassMap$PlatformMutabilityMapping
instanceKlass kotlin/reflect/jvm/internal/impl/builtins/functions/FunctionClassKind$Companion
instanceKlass kotlin/reflect/jvm/internal/impl/builtins/StandardNames
instanceKlass kotlin/reflect/jvm/internal/impl/builtins/jvm/JavaToKotlinClassMap
instanceKlass kotlin/jvm/functions/Function22
instanceKlass kotlin/jvm/functions/Function21
instanceKlass kotlin/jvm/functions/Function20
instanceKlass kotlin/jvm/functions/Function19
instanceKlass kotlin/jvm/functions/Function18
instanceKlass kotlin/jvm/functions/Function17
instanceKlass kotlin/jvm/functions/Function16
instanceKlass kotlin/jvm/functions/Function15
instanceKlass kotlin/jvm/functions/Function14
instanceKlass kotlin/jvm/functions/Function13
instanceKlass kotlin/jvm/functions/Function12
instanceKlass kotlin/jvm/functions/Function11
instanceKlass kotlin/jvm/functions/Function10
instanceKlass kotlin/jvm/functions/Function9
instanceKlass kotlin/jvm/functions/Function8
instanceKlass kotlin/jvm/functions/Function7
instanceKlass kotlin/jvm/functions/Function6
instanceKlass kotlin/jvm/functions/Function5
instanceKlass kotlin/reflect/jvm/internal/impl/descriptors/runtime/structure/ReflectClassUtilKt
instanceKlass kotlin/reflect/jvm/internal/impl/name/ClassId
instanceKlass kotlin/reflect/jvm/internal/impl/name/FqNameUnsafe$1
instanceKlass kotlin/reflect/jvm/internal/impl/name/Name
instanceKlass kotlin/reflect/jvm/internal/impl/name/FqNameUnsafe
instanceKlass kotlin/reflect/jvm/internal/impl/name/FqName
instanceKlass kotlin/reflect/jvm/internal/RuntimeTypeMapper
instanceKlass kotlin/reflect/jvm/internal/KDeclarationContainerImpl$Data
instanceKlass org/jetbrains/kotlin/util/AbstractArrayMapOwner$AbstractArrayMapAccessor
instanceKlass org/jetbrains/kotlin/types/TypeAttribute
instanceKlass org/jetbrains/kotlin/types/AnnotationsTypeAttributeKt
instanceKlass org/jetbrains/kotlin/types/SpecialTypesKt
instanceKlass org/jetbrains/kotlin/types/FlexibleTypesKt
instanceKlass org/jetbrains/kotlin/types/RawType
instanceKlass org/jetbrains/kotlin/types/DynamicTypesKt
instanceKlass org/jetbrains/kotlin/types/TypeWithEnhancement
instanceKlass org/jetbrains/kotlin/resolve/jvm/diagnostics/ErrorsJvm$1
instanceKlass org/jetbrains/kotlin/resolve/jvm/diagnostics/ErrorsJvm
instanceKlass org/jetbrains/kotlin/types/checker/ClassicTypeSystemContext$DefaultImpls
instanceKlass org/jetbrains/kotlin/types/AbstractStrictEqualityTypeChecker
instanceKlass org/jetbrains/kotlin/types/checker/StrictEqualityTypeChecker
instanceKlass org/jetbrains/kotlin/resolve/calls/inference/CapturedTypeConstructorKt
instanceKlass org/jetbrains/kotlin/resolve/scopes/SubstitutingScope
instanceKlass org/jetbrains/kotlin/descriptors/impl/ModuleAwareClassDescriptorKt
instanceKlass org/jetbrains/kotlin/descriptors/annotations/AnnotationsKt
instanceKlass org/jetbrains/kotlin/types/TypeProjectionBase
instanceKlass org/jetbrains/kotlin/resolve/TypeResolver$Companion$WhenMappings
instanceKlass org/jetbrains/kotlin/resolve/AnnotationTargetList
instanceKlass org/jetbrains/kotlin/resolve/AnnotationTargetLists$TargetListBuilder
instanceKlass org/jetbrains/kotlin/descriptors/annotations/KotlinTarget$Companion
instanceKlass org/jetbrains/kotlin/resolve/AnnotationTargetLists
instanceKlass org/jetbrains/kotlin/resolve/ModifierCheckerCore
instanceKlass org/jetbrains/kotlin/load/java/structure/JavaLiteralAnnotationArgument
instanceKlass org/jetbrains/kotlin/load/java/structure/JavaArrayAnnotationArgument
instanceKlass org/jetbrains/kotlin/load/java/structure/JavaArrayType
instanceKlass org/jetbrains/kotlin/load/java/structure/impl/classFiles/BinaryJavaTypeParameter
instanceKlass org/jetbrains/kotlin/load/java/structure/JavaTypeParameter
instanceKlass org/jetbrains/kotlin/resolve/OverridingStrategy
instanceKlass org/jetbrains/kotlin/resolve/DelegationResolver$Companion
instanceKlass org/jetbrains/kotlin/resolve/DelegationResolver
instanceKlass org/jetbrains/kotlin/resolve/lazy/descriptors/LazyClassMemberScope$generateDelegatingDescriptors$lazyMemberExtractor$1
instanceKlass org/jetbrains/kotlin/resolve/DelegationResolver$MemberExtractor
instanceKlass org/jetbrains/kotlin/resolve/lazy/descriptors/LazyClassMemberScope$generateDelegatingDescriptors$lazyTypeResolver$1
instanceKlass org/jetbrains/kotlin/resolve/DelegationResolver$TypeResolver
instanceKlass org/jetbrains/kotlin/resolve/DescriptorFactory
instanceKlass org/jetbrains/kotlin/util/Box
instanceKlass  @bci org/jetbrains/kotlin/types/DeferredType <clinit> ()V 0 <appendix> argL0 ; # org/jetbrains/kotlin/types/DeferredType$$Lambda+0x00000001005e0c40
instanceKlass java/util/stream/Sink$ChainedInt
instanceKlass java/util/stream/Sink$OfInt
instanceKlass java/util/function/IntConsumer
instanceKlass java/util/stream/ReduceOps$Box
instanceKlass java/util/stream/ReduceOps$AccumulatingSink
instanceKlass java/util/stream/ReduceOps$ReduceOp
instanceKlass java/util/stream/ReduceOps
instanceKlass  @bci java/util/stream/Collectors toList ()Ljava/util/stream/Collector; 14 <appendix> argL0 ; # java/util/stream/Collectors$$Lambda+0x000000010017c2b8
instanceKlass  @bci java/util/stream/Collectors toList ()Ljava/util/stream/Collector; 9 <appendix> argL0 ; # java/util/stream/Collectors$$Lambda+0x000000010017c058
instanceKlass  @bci java/util/stream/Collectors toList ()Ljava/util/stream/Collector; 4 <appendix> argL0 ; # java/util/stream/Collectors$$Lambda+0x000000010017be08
instanceKlass  @bci org/jetbrains/kotlin/resolve/lazy/descriptors/LazyClassDescriptor lambda$new$9 (Lorg/jetbrains/kotlin/resolve/lazy/LazyClassContext;)Ljava/util/List; 42 <appendix> argL0 ; # org/jetbrains/kotlin/resolve/lazy/descriptors/LazyClassDescriptor$$Lambda+0x00000001005e0490
instanceKlass  @bci org/jetbrains/kotlin/resolve/lazy/descriptors/LazyClassDescriptor lambda$new$9 (Lorg/jetbrains/kotlin/resolve/lazy/LazyClassContext;)Ljava/util/List; 32 <appendix> member <vmtarget> ; # org/jetbrains/kotlin/resolve/lazy/descriptors/LazyClassDescriptor$$Lambda+0x00000001005e0238
instanceKlass java/util/stream/IntStream
instanceKlass org/jetbrains/kotlin/com/intellij/openapi/project/ProjectCoreUtil
instanceKlass org/jetbrains/kotlin/resolve/scopes/LexicalScopeStorage$IntList
instanceKlass org/jetbrains/kotlin/resolve/scopes/utils/LexicalScopeWrapper
instanceKlass org/jetbrains/kotlin/types/expressions/ExpressionTypingUtils
instanceKlass org/jetbrains/kotlin/descriptors/impl/ValueParameterDescriptorImpl$Companion
instanceKlass org/jetbrains/kotlin/descriptors/annotations/AnnotationSplitter$LazySplitAnnotations
instanceKlass org/jetbrains/kotlin/descriptors/annotations/CompositeAnnotations
instanceKlass org/jetbrains/kotlin/descriptors/annotations/AnnotationSplitter$Companion
instanceKlass org/jetbrains/kotlin/descriptors/annotations/AnnotationSplitter
instanceKlass org/jetbrains/kotlin/resolve/scopes/LexicalWritableScope$Snapshot
instanceKlass org/jetbrains/kotlin/load/java/structure/JavaConstructor
instanceKlass org/jetbrains/org/objectweb/asm/MethodVisitor
instanceKlass org/jetbrains/kotlin/load/java/structure/impl/classFiles/BinaryJavaValueParameter
instanceKlass org/jetbrains/kotlin/load/java/structure/JavaValueParameter
instanceKlass org/jetbrains/kotlin/load/java/structure/impl/classFiles/BinaryJavaMethodBase$Companion$MethodInfo
instanceKlass org/jetbrains/kotlin/load/java/structure/impl/classFiles/BinaryJavaMethodBase$Companion
instanceKlass org/jetbrains/kotlin/load/java/structure/impl/classFiles/BinaryJavaMethodBase
instanceKlass org/jetbrains/org/objectweb/asm/TypeReference
instanceKlass org/jetbrains/org/objectweb/asm/FieldVisitor
instanceKlass org/jetbrains/kotlin/load/java/structure/impl/classFiles/BinaryJavaField
instanceKlass org/jetbrains/kotlin/load/java/structure/JavaPrimitiveType
instanceKlass org/jetbrains/kotlin/utils/addToStdlib/AddToStdlibKt
instanceKlass java/text/StringCharacterIterator
instanceKlass java/text/CharacterIterator
instanceKlass javaslang/control/Option$Some
instanceKlass javaslang/control/Option
instanceKlass org/jetbrains/kotlin/util/javaslang/JavaslangAdaptersKt
instanceKlass org/jetbrains/kotlin/load/java/structure/impl/classFiles/ClassifierResolutionContext$InnerClassInfo
instanceKlass org/jetbrains/kotlin/resolve/scopes/MemberScope$DefaultImpls
instanceKlass org/jetbrains/kotlin/resolve/scopes/LexicalScope$DefaultImpls
instanceKlass org/jetbrains/kotlin/resolve/scopes/AbstractLocalRedeclarationChecker
instanceKlass org/jetbrains/kotlin/descriptors/annotations/TargetedAnnotations
instanceKlass org/jetbrains/kotlin/resolve/scopes/receivers/ImplicitClassReceiver
instanceKlass org/jetbrains/kotlin/resolve/scopes/receivers/ThisClassReceiver
instanceKlass org/jetbrains/kotlin/resolve/scopes/receivers/ImplicitReceiver
instanceKlass org/jetbrains/kotlin/resolve/scopes/LexicalChainedScope$Companion
instanceKlass org/jetbrains/kotlin/resolve/scopes/LexicalChainedScope
instanceKlass org/jetbrains/kotlin/load/kotlin/SignatureBuildingComponents
instanceKlass org/jetbrains/kotlin/builtins/jvm/JvmBuiltInsSignatures
instanceKlass org/jetbrains/kotlin/metadata/deserialization/ProtoTypeTableUtilKt
instanceKlass org/jetbrains/kotlin/utils/DFS
instanceKlass org/jetbrains/kotlin/utils/DFS$AbstractNodeHandler
instanceKlass org/jetbrains/kotlin/utils/DFS$NodeHandler
instanceKlass org/jetbrains/kotlin/utils/DFS$VisitedWithSet
instanceKlass org/jetbrains/kotlin/utils/DFS$Visited
instanceKlass org/jetbrains/kotlin/resolve/FindLoopsInSupertypes
instanceKlass  @bci org/jetbrains/kotlin/resolve/SupertypeLoopCheckerImpl findLoopsInSupertypesAndDisconnect (Lorg/jetbrains/kotlin/types/TypeConstructor;Ljava/util/Collection;Lkotlin/jvm/functions/Function1;Lkotlin/jvm/functions/Function1;)Ljava/util/Collection; 26 <appendix> member <vmtarget> ; # org/jetbrains/kotlin/resolve/SupertypeLoopCheckerImpl$$Lambda+0x00000001005d3e30
instanceKlass org/jetbrains/kotlin/utils/DFS$Neighbors
instanceKlass org/jetbrains/kotlin/storage/SingleThreadValue
instanceKlass org/jetbrains/kotlin/types/KotlinTypeKt
instanceKlass org/jetbrains/kotlin/metadata/ProtoBuf$TypeAliasOrBuilder
instanceKlass org/jetbrains/kotlin/metadata/ProtoBuf$Effect$InvocationKind$1
instanceKlass org/jetbrains/kotlin/metadata/ProtoBuf$Expression$ConstantValue$1
instanceKlass org/jetbrains/kotlin/metadata/ProtoBuf$ExpressionOrBuilder
instanceKlass org/jetbrains/kotlin/metadata/ProtoBuf$Effect$EffectType$1
instanceKlass org/jetbrains/kotlin/metadata/ProtoBuf$EffectOrBuilder
instanceKlass org/jetbrains/kotlin/metadata/ProtoBuf$VersionRequirement$VersionKind$1
instanceKlass org/jetbrains/kotlin/metadata/ProtoBuf$VersionRequirement$Level$1
instanceKlass org/jetbrains/kotlin/metadata/ProtoBuf$VersionRequirementOrBuilder
instanceKlass org/jetbrains/kotlin/metadata/jvm/deserialization/JvmNameResolverBase$WhenMappings
instanceKlass org/jetbrains/kotlin/metadata/deserialization/ProtoBufUtilKt
instanceKlass org/jetbrains/kotlin/load/kotlin/JvmPackagePartSource
instanceKlass org/jetbrains/kotlin/serialization/deserialization/descriptors/DeserializedContainerSource
instanceKlass org/jetbrains/kotlin/load/kotlin/FacadeClassSource
instanceKlass org/jetbrains/kotlin/metadata/jvm/deserialization/JvmNameResolverKt
instanceKlass org/jetbrains/kotlin/metadata/jvm/JvmProtoBuf$StringTableTypes$Record$Operation$1
instanceKlass org/jetbrains/kotlin/metadata/jvm/JvmProtoBuf$StringTableTypes$RecordOrBuilder
instanceKlass org/jetbrains/kotlin/metadata/jvm/JvmProtoBuf$StringTableTypesOrBuilder
instanceKlass kotlin/collections/IndexedValue
instanceKlass kotlin/collections/IndexingIterator
instanceKlass kotlin/collections/IndexingIterable
instanceKlass org/jetbrains/kotlin/metadata/jvm/deserialization/JvmNameResolverBase$Companion
instanceKlass org/jetbrains/kotlin/metadata/jvm/deserialization/JvmNameResolverBase
instanceKlass org/jetbrains/kotlin/metadata/jvm/deserialization/UtfEncodingKt
instanceKlass org/jetbrains/kotlin/metadata/jvm/deserialization/BitEncoding
instanceKlass org/jetbrains/kotlin/load/kotlin/FileBasedKotlinClass$OuterAndInnerName
instanceKlass org/jetbrains/kotlin/load/kotlin/header/KotlinClassHeader
instanceKlass org/jetbrains/kotlin/load/kotlin/header/ReadKotlinClassHeaderAnnotationVisitor$CollectStringArrayAnnotationVisitor
instanceKlass org/jetbrains/kotlin/load/kotlin/KotlinJvmBinaryClass$AnnotationArrayArgumentVisitor
instanceKlass org/jetbrains/kotlin/load/kotlin/header/ReadKotlinClassHeaderAnnotationVisitor$KotlinMetadataArgumentVisitor
instanceKlass org/jetbrains/kotlin/load/kotlin/KotlinClassFinderKt
instanceKlass org/jetbrains/kotlin/types/TypeConstructorSubstitution$Companion
instanceKlass org/jetbrains/kotlin/types/TypeSubstitution$Companion
instanceKlass org/jetbrains/kotlin/types/TypeSubstitution
instanceKlass org/jetbrains/kotlin/types/IntersectionTypeConstructor
instanceKlass org/jetbrains/kotlin/types/model/IntersectionTypeConstructorMarker
instanceKlass org/jetbrains/kotlin/types/CustomTypeParameter
instanceKlass org/jetbrains/kotlin/utils/SmartSet$Companion
instanceKlass org/jetbrains/kotlin/types/typeUtil/TypeUtilsKt
instanceKlass org/jetbrains/kotlin/util/EmptyArrayMap$iterator$1
instanceKlass java/util/ArrayList$SubList$1
instanceKlass org/jetbrains/kotlin/resolve/checkers/TrailingCommaChecker
instanceKlass org/jetbrains/kotlin/builtins/CompanionObjectMapping
instanceKlass org/jetbrains/kotlin/builtins/jvm/JavaToKotlinClassMap$PlatformMutabilityMapping
instanceKlass org/jetbrains/kotlin/name/StandardClassIdsKt
instanceKlass org/jetbrains/kotlin/name/StandardClassIds
instanceKlass org/jetbrains/kotlin/builtins/jvm/JavaToKotlinClassMap
instanceKlass org/jetbrains/kotlin/resolve/PlatformClassesMappedToKotlinChecker
instanceKlass org/jetbrains/kotlin/descriptors/impl/TypeAliasConstructorDescriptor
instanceKlass org/jetbrains/kotlin/descriptors/impl/DescriptorDerivedFromTypeAlias
instanceKlass org/jetbrains/kotlin/descriptors/DescriptorVisibilityUtils
instanceKlass org/jetbrains/kotlin/load/java/JavaDescriptorVisibilities
instanceKlass org/jetbrains/kotlin/load/java/UtilsKt
instanceKlass org/jetbrains/kotlin/resolve/QualifiedExpressionResolverKt
instanceKlass org/jetbrains/kotlin/descriptors/DescriptorWithDeprecation$Companion
instanceKlass org/jetbrains/kotlin/descriptors/DescriptorWithDeprecation
instanceKlass org/jetbrains/kotlin/load/java/structure/impl/classFiles/CommonMixinsKt
instanceKlass org/jetbrains/kotlin/load/java/structure/impl/JavaModifierListOwnerImpl
instanceKlass org/jetbrains/kotlin/load/java/structure/impl/JavaAnnotationOwnerImpl
instanceKlass org/jetbrains/kotlin/load/java/lazy/LazyJavaTypeParameterResolver
instanceKlass org/jetbrains/kotlin/load/java/components/JavaSourceElementImpl
instanceKlass org/jetbrains/kotlin/load/java/lazy/descriptors/LazyJavaClassDescriptor$Companion
instanceKlass org/jetbrains/kotlin/load/java/structure/impl/classFiles/PlainJavaAnnotationArgument
instanceKlass org/jetbrains/kotlin/load/java/structure/JavaEnumValueAnnotationArgument
instanceKlass org/jetbrains/kotlin/load/java/structure/JavaAnnotationArgument
instanceKlass org/jetbrains/org/objectweb/asm/Type
instanceKlass org/jetbrains/kotlin/load/java/structure/impl/classFiles/BinaryJavaAnnotation$Companion
instanceKlass org/jetbrains/kotlin/load/java/structure/impl/classFiles/BinaryJavaAnnotation
instanceKlass org/jetbrains/kotlin/load/java/structure/JavaAnnotation
instanceKlass org/jetbrains/kotlin/load/java/structure/impl/classFiles/JavaPlainType
instanceKlass org/jetbrains/kotlin/load/java/structure/JavaClassifierType
instanceKlass org/jetbrains/kotlin/load/java/structure/JavaType
instanceKlass org/jetbrains/kotlin/load/java/structure/ListBasedJavaAnnotationOwner
instanceKlass org/jetbrains/kotlin/load/java/structure/impl/classFiles/BinaryJavaModifierListOwner
instanceKlass org/jetbrains/kotlin/load/java/structure/impl/VirtualFileBoundJavaClass
instanceKlass org/jetbrains/kotlin/load/java/structure/MutableJavaAnnotationOwner
instanceKlass org/jetbrains/kotlin/load/java/structure/impl/classFiles/ClassifierResolutionContext
instanceKlass java/lang/Override
instanceKlass org/jetbrains/kotlin/resolve/jvm/JvmClassName
instanceKlass org/jetbrains/kotlin/load/java/JvmAnnotationNames
instanceKlass org/jetbrains/org/objectweb/asm/Context
instanceKlass org/jetbrains/org/objectweb/asm/Attribute
instanceKlass org/jetbrains/org/objectweb/asm/Label
instanceKlass org/jetbrains/org/objectweb/asm/ClassReader
instanceKlass org/jetbrains/kotlin/load/kotlin/FileBasedKotlinClass$InnerClassesInfo
instanceKlass org/jetbrains/kotlin/load/kotlin/KotlinJvmBinaryClass$AnnotationArgumentVisitor
instanceKlass org/jetbrains/kotlin/load/kotlin/header/ReadKotlinClassHeaderAnnotationVisitor
instanceKlass org/jetbrains/kotlin/load/kotlin/KotlinJvmBinaryClass$AnnotationVisitor
instanceKlass kotlin/jvm/functions/Function4
instanceKlass org/jetbrains/kotlin/load/kotlin/VirtualFileKotlinClass$Factory
instanceKlass org/jetbrains/org/objectweb/asm/AnnotationVisitor
instanceKlass org/jetbrains/org/objectweb/asm/ClassVisitor
instanceKlass org/jetbrains/kotlin/load/kotlin/FileBasedKotlinClass
instanceKlass  @bci org/jetbrains/kotlin/load/kotlin/KotlinBinaryClassCache$Companion getKotlinBinaryClassOrClassFileContent (Lorg/jetbrains/kotlin/com/intellij/openapi/vfs/VirtualFile;Lorg/jetbrains/kotlin/metadata/jvm/deserialization/JvmMetadataVersion;[B)Lorg/jetbrains/kotlin/load/kotlin/KotlinClassFinder$Result; 124 <appendix> member <vmtarget> ; # org/jetbrains/kotlin/load/kotlin/KotlinBinaryClassCache$Companion$$Lambda+0x00000001005b30c8
instanceKlass org/jetbrains/kotlin/com/intellij/openapi/util/Computable
instanceKlass org/jetbrains/kotlin/load/kotlin/KotlinBinaryClassCache$RequestCache
instanceKlass org/jetbrains/kotlin/cli/jvm/compiler/KotlinCliJavaFileManagerImpl$WhenMappings
instanceKlass org/jetbrains/kotlin/load/java/lazy/descriptors/LazyJavaPackageScope$KotlinClassLookupResult
instanceKlass org/jetbrains/kotlin/load/java/lazy/descriptors/LazyJavaPackageScope$FindClassRequest
instanceKlass  @bci org/jetbrains/kotlin/com/intellij/psi/impl/source/tree/JavaDocElementType$3 <init> (Ljava/lang/String;Lorg/jetbrains/kotlin/com/intellij/lang/Language;)V 7 <appendix> argL0 ; # org/jetbrains/kotlin/com/intellij/psi/impl/source/tree/JavaDocElementType$3$$Lambda+0x00000001005b10d0
instanceKlass  @bci org/jetbrains/kotlin/com/intellij/psi/impl/source/tree/JavaDocElementType$2 <init> (Ljava/lang/String;)V 7 <appendix> argL0 ; # org/jetbrains/kotlin/com/intellij/psi/impl/source/tree/JavaDocElementType$2$$Lambda+0x00000001005b0e80
instanceKlass  @bci org/jetbrains/kotlin/com/intellij/psi/impl/source/tree/JavaDocElementType$1 <init> (Ljava/lang/String;)V 7 <appendix> argL0 ; # org/jetbrains/kotlin/com/intellij/psi/impl/source/tree/JavaDocElementType$1$$Lambda+0x00000001005b0c30
instanceKlass  @bci org/jetbrains/kotlin/com/intellij/psi/impl/source/tree/JavaDocElementType <clinit> ()V 60 <appendix> argL0 ; # org/jetbrains/kotlin/com/intellij/psi/impl/source/tree/JavaDocElementType$$Lambda+0x00000001005b09e0
instanceKlass  @bci org/jetbrains/kotlin/com/intellij/psi/impl/source/tree/JavaDocElementType <clinit> ()V 42 <appendix> argL0 ; # org/jetbrains/kotlin/com/intellij/psi/impl/source/tree/JavaDocElementType$$Lambda+0x00000001005b0790
instanceKlass  @bci org/jetbrains/kotlin/com/intellij/psi/impl/source/tree/JavaDocElementType <clinit> ()V 24 <appendix> argL0 ; # org/jetbrains/kotlin/com/intellij/psi/impl/source/tree/JavaDocElementType$$Lambda+0x00000001005b0540
instanceKlass  @bci org/jetbrains/kotlin/com/intellij/psi/impl/source/tree/JavaDocElementType <clinit> ()V 6 <appendix> argL0 ; # org/jetbrains/kotlin/com/intellij/psi/impl/source/tree/JavaDocElementType$$Lambda+0x00000001005b02f0
instanceKlass org/jetbrains/kotlin/com/intellij/lang/java/lexer/_JavaLexer
instanceKlass org/jetbrains/kotlin/com/intellij/psi/impl/source/tree/ElementType
instanceKlass org/jetbrains/kotlin/com/intellij/psi/impl/source/tree/JavaElementType
instanceKlass org/jetbrains/kotlin/com/intellij/psi/impl/source/tree/JavaDocElementType
instanceKlass org/jetbrains/kotlin/com/intellij/psi/JavaTokenType
instanceKlass org/jetbrains/kotlin/com/intellij/psi/JavaDocTokenType
instanceKlass org/jetbrains/kotlin/cli/jvm/index/SingleJavaFileRootsIndex$JavaSourceClassIdReader$Companion
instanceKlass org/jetbrains/kotlin/cli/jvm/index/SingleJavaFileRootsIndex$JavaSourceClassIdReader
instanceKlass gnu/trove/TObjectProcedure
instanceKlass org/jetbrains/kotlin/resolve/jvm/multiplatform/OptionalAnnotationClassDataFinder
instanceKlass org/jetbrains/kotlin/cli/jvm/index/JvmDependenciesIndexImpl$SearchResult
instanceKlass org/jetbrains/kotlin/load/java/lazy/LazyJavaAnnotations
instanceKlass org/jetbrains/kotlin/load/java/lazy/LazyJavaAnnotationsKt
instanceKlass org/jetbrains/kotlin/load/java/lazy/descriptors/JvmPackageScope
instanceKlass kotlin/UnsafeLazyImpl
instanceKlass org/jetbrains/kotlin/load/java/lazy/ContextKt
instanceKlass org/jetbrains/kotlin/utils/CallOnceFunction
instanceKlass org/jetbrains/kotlin/load/java/structure/JavaElementsKt
instanceKlass org/jetbrains/kotlin/load/java/structure/impl/source/JavaElementPsiSource
instanceKlass org/jetbrains/kotlin/load/java/structure/impl/JavaElementImpl
instanceKlass org/jetbrains/kotlin/load/java/structure/impl/source/JavaSourceFactoryOwner
instanceKlass org/jetbrains/kotlin/load/java/structure/MapBasedJavaAnnotationOwner
instanceKlass org/jetbrains/kotlin/load/java/structure/impl/source/JavaElementSourceFactory$Companion
instanceKlass org/jetbrains/kotlin/cli/jvm/index/JvmDependenciesIndexImpl$FindClassRequest
instanceKlass org/jetbrains/kotlin/cli/jvm/index/JvmDependenciesIndexImpl$WhenMappings
instanceKlass gnu/trove/PrimeFinder
instanceKlass org/jetbrains/kotlin/com/intellij/util/containers/IntArrayList
instanceKlass org/jetbrains/kotlin/cli/jvm/index/JvmDependenciesIndexImpl$Cache
instanceKlass org/jetbrains/kotlin/cli/jvm/index/JvmDependenciesIndexImpl$TraverseRequest
instanceKlass org/jetbrains/kotlin/cli/jvm/index/JvmDependenciesIndexImpl$SearchRequest
instanceKlass org/jetbrains/kotlin/cli/jvm/compiler/KotlinCliJavaFileManagerImplKt
instanceKlass kotlin/jvm/internal/Ref$BooleanRef
instanceKlass  @bci org/jetbrains/kotlin/resolve/jvm/KotlinJavaPsiFacade calcFinders ()[Lorg/jetbrains/kotlin/resolve/jvm/KotlinJavaPsiFacade$KotlinPsiElementFinderWrapper; 149 <appendix> argL0 ; # org/jetbrains/kotlin/resolve/jvm/KotlinJavaPsiFacade$$Lambda+0x00000001005a0c58
instanceKlass org/jetbrains/kotlin/resolve/jvm/KotlinSafeClassFinder
instanceKlass org/jetbrains/kotlin/com/intellij/util/containers/ImmutableList$Itr
instanceKlass org/jetbrains/kotlin/resolve/jvm/KotlinJavaPsiFacade$CliFinder
instanceKlass  @bci org/jetbrains/kotlin/com/intellij/psi/search/GlobalSearchScope$AbstractFilesScope hasFilesOutOfProjectRoots ()Z 33 <appendix> member <vmtarget> ; # org/jetbrains/kotlin/com/intellij/psi/search/GlobalSearchScope$AbstractFilesScope$$Lambda+0x000000010059f7f8
instanceKlass  @bci org/jetbrains/kotlin/com/intellij/psi/search/GlobalSearchScope$UnionScope isSearchInLibraries ()Z 4 <appendix> argL0 ; # org/jetbrains/kotlin/com/intellij/psi/search/GlobalSearchScope$UnionScope$$Lambda+0x000000010059f5a8
instanceKlass org/jetbrains/kotlin/com/intellij/openapi/vfs/CompactVirtualFileSet$2
instanceKlass org/jetbrains/kotlin/com/intellij/util/containers/SequenceIterator
instanceKlass org/jetbrains/kotlin/resolve/jvm/KotlinJavaPsiFacade$PackageCache
instanceKlass kotlin/collections/ReversedList$listIterator$1
instanceKlass kotlin/jvm/internal/markers/KMutableListIterator
instanceKlass java/util/AbstractList$SubList$1
instanceKlass org/jetbrains/kotlin/resolve/PackageFragmentWithCustomSource
instanceKlass kotlin/jvm/internal/markers/KMutableList
instanceKlass org/jetbrains/kotlin/com/google/common/collect/PeekingIterator
instanceKlass org/jetbrains/kotlin/com/google/common/collect/Iterators
instanceKlass org/jetbrains/kotlin/com/google/common/collect/ObjectArrays
instanceKlass org/jetbrains/kotlin/com/google/common/collect/ImmutableMultimap$Builder
instanceKlass org/jetbrains/kotlin/resolve/scopes/ImportingScope$DefaultImpls
instanceKlass org/jetbrains/kotlin/resolve/lazy/FileScopeFactory$currentPackageScope$1
instanceKlass org/jetbrains/kotlin/resolve/lazy/LazyImportScope
instanceKlass org/jetbrains/kotlin/resolve/DelegatingBindingTrace$MyBindingContext
instanceKlass org/jetbrains/kotlin/resolve/AnalyzingUtils
instanceKlass org/jetbrains/kotlin/resolve/extensions/ExtraImportsProviderExtension$Companion$CompoundExtraImportsProviderExtension
instanceKlass org/jetbrains/kotlin/resolve/scopes/ResolutionScope$DefaultImpls
instanceKlass org/jetbrains/kotlin/resolve/scopes/HierarchicalScope$DefaultImpls
instanceKlass  @bci org/jetbrains/kotlin/psi/KtTypeElement <clinit> ()V 7 <appendix> argL0 ; # org/jetbrains/kotlin/psi/KtTypeElement$$Lambda+0x0000000100592ce8
instanceKlass org/jetbrains/kotlin/psi/KtCodeFragmentBase
instanceKlass org/jetbrains/kotlin/com/intellij/psi/JavaCodeFragment
instanceKlass org/jetbrains/kotlin/com/intellij/psi/PsiCodeFragment
instanceKlass org/jetbrains/kotlin/psi/codeFragmentUtil/CodeFragmentUtilKt
instanceKlass org/jetbrains/kotlin/descriptors/annotations/AnnotationDescriptor$DefaultImpls
instanceKlass org/jetbrains/kotlin/resolve/lazy/descriptors/LazyAnnotationDescriptor$FileDescriptorForVisibilityChecks
instanceKlass org/jetbrains/kotlin/resolve/lazy/descriptors/LazyAnnotationDescriptor
instanceKlass org/jetbrains/kotlin/descriptors/annotations/Annotations$DefaultImpls
instanceKlass org/jetbrains/kotlin/resolve/jvm/annotations/JvmAnnotationUtilKt
instanceKlass org/jetbrains/kotlin/com/google/common/collect/Lists
instanceKlass org/jetbrains/kotlin/resolve/scopes/LexicalScopeImpl$InitializeHandler
instanceKlass org/jetbrains/kotlin/resolve/scopes/LocalRedeclarationChecker$DO_NOTHING
instanceKlass org/jetbrains/kotlin/resolve/scopes/utils/ScopeUtilsKt
instanceKlass org/jetbrains/kotlin/resolve/bindingContextUtil/BindingContextUtilsKt
instanceKlass org/jetbrains/kotlin/resolve/lazy/FileScopeFactory$FilesScopesBuilder$importResolver$1
instanceKlass org/jetbrains/kotlin/resolve/scopes/BaseHierarchicalScope
instanceKlass org/jetbrains/kotlin/resolve/lazy/FileScopeFactory$FilesScopesBuilder$lazyImportingScope$1
instanceKlass org/jetbrains/kotlin/resolve/lazy/FileScopeFactoryKt
instanceKlass org/jetbrains/kotlin/resolve/lazy/LazyImportResolver
instanceKlass org/jetbrains/kotlin/resolve/lazy/IndexedImports
instanceKlass org/jetbrains/kotlin/resolve/lazy/FileScopeFactory$FilesScopesBuilder
instanceKlass org/jetbrains/kotlin/resolve/lazy/FileScopeProviderKt
instanceKlass org/jetbrains/kotlin/types/AbstractTypeConstructor$Supertypes
instanceKlass  @bci org/jetbrains/kotlin/resolve/lazy/descriptors/LazyClassDescriptor <init> (Lorg/jetbrains/kotlin/resolve/lazy/LazyClassContext;Lorg/jetbrains/kotlin/descriptors/DeclarationDescriptor;Lorg/jetbrains/kotlin/name/Name;Lorg/jetbrains/kotlin/resolve/lazy/data/KtClassLikeInfo;Z)V 215 <appendix> argL0 ; # org/jetbrains/kotlin/resolve/lazy/descriptors/LazyClassDescriptor$$Lambda+0x0000000100586768
instanceKlass org/jetbrains/kotlin/resolve/lazy/descriptors/LazyClassMemberScope$Companion$EXTRACT_PROPERTIES$1
instanceKlass org/jetbrains/kotlin/resolve/lazy/descriptors/LazyClassMemberScope$Companion$EXTRACT_FUNCTIONS$1
instanceKlass org/jetbrains/kotlin/resolve/lazy/descriptors/LazyClassMemberScope$MemberExtractor
instanceKlass org/jetbrains/kotlin/resolve/lazy/descriptors/LazyClassMemberScope$Companion
instanceKlass org/jetbrains/kotlin/resolve/scopes/receivers/QualifierKt
instanceKlass org/jetbrains/kotlin/resolve/scopes/receivers/PackageQualifier
instanceKlass org/jetbrains/kotlin/psi/KtNamedDeclarationUtil
instanceKlass  @bci org/jetbrains/kotlin/resolve/lazy/descriptors/LazyClassDescriptor <init> (Lorg/jetbrains/kotlin/resolve/lazy/LazyClassContext;Lorg/jetbrains/kotlin/descriptors/DeclarationDescriptor;Lorg/jetbrains/kotlin/name/Name;Lorg/jetbrains/kotlin/resolve/lazy/data/KtClassLikeInfo;Z)V 863 <appendix> member <vmtarget> ; # org/jetbrains/kotlin/resolve/lazy/descriptors/LazyClassDescriptor$$Lambda+0x00000001005810e8
instanceKlass  @bci org/jetbrains/kotlin/resolve/lazy/descriptors/LazyClassDescriptor <init> (Lorg/jetbrains/kotlin/resolve/lazy/LazyClassContext;Lorg/jetbrains/kotlin/descriptors/DeclarationDescriptor;Lorg/jetbrains/kotlin/name/Name;Lorg/jetbrains/kotlin/resolve/lazy/data/KtClassLikeInfo;Z)V 845 <adapter> ; # java/lang/invoke/LambdaForm$MH+0x0000000100584800
instanceKlass  @cpi org/jetbrains/kotlin/resolve/lazy/descriptors/LazyClassDescriptor 1179 form vmentry <vmtarget> ; # java/lang/invoke/LambdaForm$DMH+0x0000000100584400
instanceKlass  @bci org/jetbrains/kotlin/resolve/lazy/descriptors/LazyClassDescriptor <init> (Lorg/jetbrains/kotlin/resolve/lazy/LazyClassContext;Lorg/jetbrains/kotlin/descriptors/DeclarationDescriptor;Lorg/jetbrains/kotlin/name/Name;Lorg/jetbrains/kotlin/resolve/lazy/data/KtClassLikeInfo;Z)V 845 <appendix> form vmentry <vmtarget> ; # java/lang/invoke/LambdaForm$DMH+0x0000000100584000
instanceKlass  @bci org/jetbrains/kotlin/resolve/lazy/descriptors/LazyClassDescriptor <init> (Lorg/jetbrains/kotlin/resolve/lazy/LazyClassContext;Lorg/jetbrains/kotlin/descriptors/DeclarationDescriptor;Lorg/jetbrains/kotlin/name/Name;Lorg/jetbrains/kotlin/resolve/lazy/data/KtClassLikeInfo;Z)V 845 <appendix> member <vmtarget> ; # org/jetbrains/kotlin/resolve/lazy/descriptors/LazyClassDescriptor$$Lambda+0x0000000100580e90
instanceKlass  @bci org/jetbrains/kotlin/resolve/lazy/descriptors/LazyClassDescriptor <init> (Lorg/jetbrains/kotlin/resolve/lazy/LazyClassContext;Lorg/jetbrains/kotlin/descriptors/DeclarationDescriptor;Lorg/jetbrains/kotlin/name/Name;Lorg/jetbrains/kotlin/resolve/lazy/data/KtClassLikeInfo;Z)V 809 <appendix> member <vmtarget> ; # org/jetbrains/kotlin/resolve/lazy/descriptors/LazyClassDescriptor$$Lambda+0x0000000100580c38
instanceKlass  @bci org/jetbrains/kotlin/resolve/lazy/descriptors/LazyClassDescriptor <init> (Lorg/jetbrains/kotlin/resolve/lazy/LazyClassContext;Lorg/jetbrains/kotlin/descriptors/DeclarationDescriptor;Lorg/jetbrains/kotlin/name/Name;Lorg/jetbrains/kotlin/resolve/lazy/data/KtClassLikeInfo;Z)V 790 <appendix> member <vmtarget> ; # org/jetbrains/kotlin/resolve/lazy/descriptors/LazyClassDescriptor$$Lambda+0x00000001005809e0
instanceKlass  @bci org/jetbrains/kotlin/resolve/lazy/descriptors/LazyClassDescriptor <init> (Lorg/jetbrains/kotlin/resolve/lazy/LazyClassContext;Lorg/jetbrains/kotlin/descriptors/DeclarationDescriptor;Lorg/jetbrains/kotlin/name/Name;Lorg/jetbrains/kotlin/resolve/lazy/data/KtClassLikeInfo;Z)V 768 <appendix> member <vmtarget> ; # org/jetbrains/kotlin/resolve/lazy/descriptors/LazyClassDescriptor$$Lambda+0x000000010057f538
instanceKlass org/jetbrains/kotlin/resolve/lazy/descriptors/ClassResolutionScopesSupport$Companion
instanceKlass org/jetbrains/kotlin/resolve/lazy/descriptors/ClassResolutionScopesSupport
instanceKlass  @bci org/jetbrains/kotlin/resolve/lazy/descriptors/LazyClassDescriptor <init> (Lorg/jetbrains/kotlin/resolve/lazy/LazyClassContext;Lorg/jetbrains/kotlin/descriptors/DeclarationDescriptor;Lorg/jetbrains/kotlin/name/Name;Lorg/jetbrains/kotlin/resolve/lazy/data/KtClassLikeInfo;Z)V 739 <appendix> member <vmtarget> ; # org/jetbrains/kotlin/resolve/lazy/descriptors/LazyClassDescriptor$$Lambda+0x000000010057e948
instanceKlass  @bci org/jetbrains/kotlin/resolve/lazy/descriptors/LazyClassDescriptor <init> (Lorg/jetbrains/kotlin/resolve/lazy/LazyClassContext;Lorg/jetbrains/kotlin/descriptors/DeclarationDescriptor;Lorg/jetbrains/kotlin/name/Name;Lorg/jetbrains/kotlin/resolve/lazy/data/KtClassLikeInfo;Z)V 722 <appendix> member <vmtarget> ; # org/jetbrains/kotlin/resolve/lazy/descriptors/LazyClassDescriptor$$Lambda+0x000000010057e6f0
instanceKlass  @bci org/jetbrains/kotlin/resolve/lazy/descriptors/LazyClassDescriptor <init> (Lorg/jetbrains/kotlin/resolve/lazy/LazyClassContext;Lorg/jetbrains/kotlin/descriptors/DeclarationDescriptor;Lorg/jetbrains/kotlin/name/Name;Lorg/jetbrains/kotlin/resolve/lazy/data/KtClassLikeInfo;Z)V 705 <appendix> member <vmtarget> ; # org/jetbrains/kotlin/resolve/lazy/descriptors/LazyClassDescriptor$$Lambda+0x000000010057e498
instanceKlass  @bci org/jetbrains/kotlin/resolve/lazy/descriptors/LazyClassDescriptor <init> (Lorg/jetbrains/kotlin/resolve/lazy/LazyClassContext;Lorg/jetbrains/kotlin/descriptors/DeclarationDescriptor;Lorg/jetbrains/kotlin/name/Name;Lorg/jetbrains/kotlin/resolve/lazy/data/KtClassLikeInfo;Z)V 259 <appendix> member <vmtarget> ; # org/jetbrains/kotlin/resolve/lazy/descriptors/LazyClassDescriptor$$Lambda+0x000000010057c928
instanceKlass  @bci org/jetbrains/kotlin/resolve/lazy/descriptors/LazyClassDescriptor$LazyClassTypeConstructor <init> (Lorg/jetbrains/kotlin/resolve/lazy/descriptors/LazyClassDescriptor;)V 32 <appendix> member <vmtarget> ; # org/jetbrains/kotlin/resolve/lazy/descriptors/LazyClassDescriptor$LazyClassTypeConstructor$$Lambda+0x000000010057c6d0
instanceKlass  @bci org/jetbrains/kotlin/resolve/lazy/descriptors/LazyClassDescriptor createScopesHolderForClass (Lorg/jetbrains/kotlin/resolve/lazy/LazyClassContext;Lorg/jetbrains/kotlin/resolve/lazy/declarations/ClassMemberDeclarationProvider;)Lorg/jetbrains/kotlin/descriptors/ScopesHolderForClass; 42 <appendix> member <vmtarget> ; # org/jetbrains/kotlin/resolve/lazy/descriptors/LazyClassDescriptor$$Lambda+0x000000010057c160
instanceKlass org/jetbrains/kotlin/resolve/source/KotlinSourceElement
instanceKlass org/jetbrains/kotlin/resolve/source/PsiSourceElement
instanceKlass org/jetbrains/kotlin/resolve/source/KotlinSourceElementKt
instanceKlass  @bci org/jetbrains/kotlin/resolve/lazy/descriptors/LazyClassDescriptor <clinit> ()V 16 <appendix> argL0 ; # org/jetbrains/kotlin/resolve/lazy/descriptors/LazyClassDescriptor$$Lambda+0x000000010057b140
instanceKlass org/jetbrains/kotlin/descriptors/ValueClassRepresentation
instanceKlass org/jetbrains/kotlin/resolve/lazy/data/KtClassOrObjectInfo
instanceKlass org/jetbrains/kotlin/resolve/lazy/data/KtClassInfoUtil
instanceKlass org/jetbrains/kotlin/com/google/common/collect/LinkedHashMultimap$ValueSet$1
instanceKlass org/jetbrains/kotlin/com/google/common/collect/AbstractMapBasedMultimap$WrappedCollection$WrappedIterator
instanceKlass org/jetbrains/kotlin/com/google/common/collect/ListMultimap
instanceKlass org/jetbrains/kotlin/resolve/lazy/declarations/AbstractPsiBasedDeclarationProvider$Index
instanceKlass org/jetbrains/kotlin/storage/LockBasedStorageManager$KeyWithComputation
instanceKlass  @bci org/jetbrains/kotlin/resolve/lazy/ResolveSession getPackageFragment (Lorg/jetbrains/kotlin/name/FqName;)Lorg/jetbrains/kotlin/resolve/lazy/descriptors/LazyPackageDescriptor; 34 <appendix> member <vmtarget> ; # org/jetbrains/kotlin/resolve/lazy/ResolveSession$$Lambda+0x00000001005734f0
instanceKlass org/jetbrains/kotlin/resolve/lazy/declarations/AbstractPsiBasedDeclarationProvider
# instanceKlass java/lang/invoke/LambdaForm$MH+0x0000000100575800
# instanceKlass java/lang/invoke/LambdaForm$MH+0x0000000100575400
# instanceKlass java/lang/invoke/LambdaForm$MH+0x0000000100575000
# instanceKlass java/lang/invoke/LambdaForm$MH+0x0000000100574c00
# instanceKlass java/lang/invoke/LambdaForm$MH+0x0000000100574800
# instanceKlass java/lang/invoke/LambdaForm$MH+0x0000000100574400
# instanceKlass java/lang/invoke/LambdaForm$MH+0x0000000100574000
instanceKlass org/jetbrains/kotlin/parsing/KotlinParsing$4
instanceKlass org/jetbrains/kotlin/parsing/DoNotBindAnything
instanceKlass org/jetbrains/kotlin/kdoc/psi/api/KDoc
instanceKlass org/jetbrains/kotlin/kdoc/psi/api/KDocElement
instanceKlass org/jetbrains/kotlin/com/intellij/psi/PsiDocCommentBase
instanceKlass  @bci java/util/regex/CharPredicates range (II)Ljava/util/regex/Pattern$CharPredicate; 2 <appendix> member <vmtarget> ; # java/util/regex/CharPredicates$$Lambda+0x00000001001782c0
instanceKlass org/jetbrains/kotlin/psi/psiUtil/KtPsiUtilKt
instanceKlass org/jetbrains/kotlin/com/intellij/psi/search/PsiElementProcessor$CollectElements
instanceKlass org/jetbrains/kotlin/com/intellij/psi/search/PsiElementProcessor$FindElement
instanceKlass org/jetbrains/kotlin/com/intellij/psi/search/PsiElementProcessor
instanceKlass org/jetbrains/kotlin/com/intellij/psi/util/PsiTreeUtil
instanceKlass org/jetbrains/kotlin/util/slicedMap/OpenAddressLinearProbingHashTableKt
instanceKlass org/jetbrains/kotlin/util/slicedMap/OpenAddressLinearProbingHashTable$Companion
instanceKlass org/jetbrains/kotlin/com/google/common/collect/Sets
instanceKlass org/jetbrains/kotlin/resolve/FilePreprocessorKt
instanceKlass org/jetbrains/kotlin/psi/KtPsiUtil
instanceKlass org/jetbrains/kotlin/psi/KtSimpleNameExpressionImpl$Companion
instanceKlass org/jetbrains/kotlin/psi/KtExpressionImpl$Companion
instanceKlass org/jetbrains/kotlin/psi/KtNameReferenceExpression$Companion
instanceKlass org/jetbrains/kotlin/com/intellij/psi/impl/source/SourceTreeToPsiMap
instanceKlass org/jetbrains/kotlin/psi/psiUtil/PsiUtilsKt$siblings$1$iterator$1
instanceKlass org/jetbrains/kotlin/psi/psiUtil/PsiUtilsKt$siblings$1
instanceKlass org/jetbrains/kotlin/psi/psiUtil/PsiUtilsKt
instanceKlass org/jetbrains/kotlin/psi/KtDotQualifiedExpression$Companion
instanceKlass org/jetbrains/kotlin/psi/KtStubbedPsiUtil
instanceKlass  @bci org/jetbrains/kotlin/psi/KtExpression <clinit> ()V 7 <appendix> argL0 ; # org/jetbrains/kotlin/psi/KtExpression$$Lambda+0x0000000100567740
instanceKlass org/jetbrains/kotlin/com/intellij/openapi/application/AccessToken
instanceKlass org/jetbrains/kotlin/com/intellij/openapi/progress/Cancellation
instanceKlass  @bci org/jetbrains/kotlin/com/intellij/util/containers/ConcurrentIntObjectHashMap setTabAt ([Lorg/jetbrains/kotlin/com/intellij/util/containers/ConcurrentIntObjectHashMap$Node;ILorg/jetbrains/kotlin/com/intellij/util/containers/ConcurrentIntObjectHashMap$Node;)V 15 <adapter> ; # java/lang/invoke/LambdaForm$MH+0x0000000100565400
instanceKlass org/jetbrains/kotlin/com/intellij/openapi/progress/WrappedProgressIndicator
instanceKlass  @bci org/jetbrains/kotlin/com/intellij/openapi/progress/impl/CoreProgressManager registerIndicatorAndRun (Lorg/jetbrains/kotlin/com/intellij/openapi/progress/ProgressIndicator;Ljava/lang/Thread;Lorg/jetbrains/kotlin/com/intellij/openapi/progress/ProgressIndicator;Lorg/jetbrains/kotlin/com/intellij/openapi/util/ThrowableComputable;)Ljava/lang/Object; 60 <appendix> argL0 ; # org/jetbrains/kotlin/com/intellij/openapi/progress/impl/CoreProgressManager$$Lambda+0x0000000100563d50
instanceKlass  @bci org/jetbrains/kotlin/com/intellij/util/containers/ConcurrentIntObjectHashMap compareAndSwapLong (Ljava/lang/Object;JJJ)Z 8 <adapter> ; # java/lang/invoke/LambdaForm$MH+0x0000000100565000
instanceKlass  @bci org/jetbrains/kotlin/com/intellij/util/containers/ConcurrentIntObjectHashMap casTabAt ([Lorg/jetbrains/kotlin/com/intellij/util/containers/ConcurrentIntObjectHashMap$Node;ILorg/jetbrains/kotlin/com/intellij/util/containers/ConcurrentIntObjectHashMap$Node;Lorg/jetbrains/kotlin/com/intellij/util/containers/ConcurrentIntObjectHashMap$Node;)Z 16 <adapter> ; # java/lang/invoke/LambdaForm$MH+0x0000000100564c00
instanceKlass  @bci org/jetbrains/kotlin/com/intellij/util/containers/ConcurrentIntObjectHashMap tabAt ([Lorg/jetbrains/kotlin/com/intellij/util/containers/ConcurrentIntObjectHashMap$Node;I)Lorg/jetbrains/kotlin/com/intellij/util/containers/ConcurrentIntObjectHashMap$Node; 14 <adapter> ; # java/lang/invoke/LambdaForm$MH+0x0000000100564800
instanceKlass  @bci org/jetbrains/kotlin/com/intellij/util/containers/ConcurrentIntObjectHashMap compareAndSwapInt (Ljava/lang/Object;JII)Z 8 <adapter> ; # java/lang/invoke/LambdaForm$MH+0x0000000100564400
instanceKlass org/jetbrains/kotlin/com/intellij/openapi/progress/impl/NonCancelableIndicator
instanceKlass org/jetbrains/kotlin/com/intellij/openapi/progress/StandardProgressIndicator
instanceKlass  @bci org/jetbrains/kotlin/com/intellij/openapi/progress/impl/CoreProgressManager executeNonCancelableSection (Ljava/lang/Runnable;)V 10 <appendix> member <vmtarget> ; # org/jetbrains/kotlin/com/intellij/openapi/progress/impl/CoreProgressManager$$Lambda+0x00000001005638c8
instanceKlass org/jetbrains/kotlin/com/intellij/openapi/util/ThrowableComputable
instanceKlass  @bci org/jetbrains/kotlin/com/intellij/psi/impl/source/tree/LazyParseableElement setChildren (Lorg/jetbrains/kotlin/com/intellij/psi/impl/source/tree/TreeElement;)V 13 <appendix> member <vmtarget> ; # org/jetbrains/kotlin/com/intellij/psi/impl/source/tree/LazyParseableElement$$Lambda+0x0000000100563440
instanceKlass org/jetbrains/kotlin/com/intellij/psi/tree/ILeafElementType
instanceKlass org/jetbrains/kotlin/com/intellij/psi/tree/ICustomParsingType
instanceKlass org/jetbrains/kotlin/com/intellij/lang/WhitespacesAndCommentsBinder$RecursiveBinder
instanceKlass org/jetbrains/kotlin/com/intellij/lang/impl/PsiBuilderImpl$RelativeTokenTextView
instanceKlass org/jetbrains/kotlin/parsing/PrecedingDocCommentsBinder
instanceKlass org/jetbrains/kotlin/parsing/PrecedingCommentsBinder
instanceKlass org/jetbrains/kotlin/parsing/KotlinParsing$PropertyComponentKind$Collector
instanceKlass org/jetbrains/kotlin/parsing/AbstractKotlinParsing$OptionalMarker
instanceKlass org/jetbrains/kotlin/parsing/KotlinParsing$ModifierDetector
instanceKlass org/jetbrains/kotlin/it/unimi/dsi/fastutil/ints/IntArrays$ArrayHashStrategy
instanceKlass org/jetbrains/kotlin/it/unimi/dsi/fastutil/ints/IntArrays$Segment
instanceKlass org/jetbrains/kotlin/it/unimi/dsi/fastutil/ints/IntArrays
instanceKlass  @bci org/jetbrains/kotlin/com/intellij/psi/impl/compiled/StubBuildingVisitor$MethodAnnotationCollectingVisitor visitParameterAnnotation (ILjava/lang/String;Z)Lorg/jetbrains/org/objectweb/asm/AnnotationVisitor; 23 <appendix> form vmentry <vmtarget> ; # java/lang/invoke/LambdaForm$DMH+0x0000000100564000
instanceKlass  @bci org/jetbrains/kotlin/com/intellij/lang/impl/MarkerProduction findMarkerAtLexeme (I)I 10 <appendix> member <vmtarget> ; # org/jetbrains/kotlin/com/intellij/lang/impl/MarkerProduction$$Lambda+0x00000001005606e8
instanceKlass java/util/function/IntUnaryOperator
instanceKlass org/jetbrains/kotlin/com/intellij/lang/WhitespacesBinders$2
instanceKlass org/jetbrains/kotlin/com/intellij/lang/WhitespacesBinders$1
instanceKlass org/jetbrains/kotlin/com/intellij/lang/WhitespacesBinders
instanceKlass org/jetbrains/kotlin/parsing/TrailingCommentsBinder
instanceKlass org/jetbrains/kotlin/com/intellij/util/text/CharSequenceSubSequence
instanceKlass org/jetbrains/kotlin/it/unimi/dsi/fastutil/Arrays
instanceKlass org/jetbrains/kotlin/com/google/common/collect/ImmutableCollection$Builder
instanceKlass java/util/AbstractMap$SimpleImmutableEntry
instanceKlass org/jetbrains/kotlin/com/google/common/collect/ImmutableMap$Builder
instanceKlass org/jetbrains/kotlin/parsing/AbstractTokenStreamPredicate
instanceKlass org/jetbrains/kotlin/parsing/AbstractTokenStreamPattern
instanceKlass org/jetbrains/kotlin/parsing/TokenStreamPattern
instanceKlass org/jetbrains/kotlin/parsing/Consumer
instanceKlass org/jetbrains/kotlin/parsing/TokenStreamPredicate
instanceKlass org/jetbrains/kotlin/com/intellij/lang/WhitespacesAndCommentsBinder
instanceKlass org/jetbrains/kotlin/parsing/AbstractKotlinParsing
instanceKlass org/jetbrains/kotlin/com/intellij/lang/impl/PsiBuilderAdapter
instanceKlass org/jetbrains/kotlin/parsing/SemanticWhitespaceAwarePsiBuilder
instanceKlass org/jetbrains/kotlin/parsing/KotlinParser
instanceKlass org/jetbrains/kotlin/lexer/_JetLexer$State
instanceKlass org/jetbrains/kotlin/com/intellij/util/text/ImmutableText$InnerLeaf
instanceKlass org/jetbrains/kotlin/com/intellij/util/text/ImmutableText$CompositeNode
instanceKlass org/jetbrains/kotlin/com/intellij/lang/impl/TokenSequence$Builder
instanceKlass org/jetbrains/kotlin/com/intellij/lang/impl/TokenSequence
instanceKlass org/jetbrains/kotlin/com/intellij/lexer/TokenList
instanceKlass org/jetbrains/kotlin/com/intellij/lang/impl/PsiBuilderImpl$Token
instanceKlass org/jetbrains/kotlin/com/intellij/lang/LighterLazyParseableNode
instanceKlass org/jetbrains/kotlin/it/unimi/dsi/fastutil/ints/IntListIterator
instanceKlass org/jetbrains/kotlin/it/unimi/dsi/fastutil/ints/IntBidirectionalIterator
instanceKlass org/jetbrains/kotlin/it/unimi/dsi/fastutil/ints/IntStack
instanceKlass org/jetbrains/kotlin/it/unimi/dsi/fastutil/ints/IntList
instanceKlass org/jetbrains/kotlin/it/unimi/dsi/fastutil/ints/IntSpliterator
instanceKlass org/jetbrains/kotlin/it/unimi/dsi/fastutil/ints/IntIterator
instanceKlass java/util/PrimitiveIterator$OfInt
instanceKlass java/util/PrimitiveIterator
instanceKlass java/util/BitSet
instanceKlass org/jetbrains/kotlin/com/intellij/util/containers/IntStack
instanceKlass org/jetbrains/kotlin/it/unimi/dsi/fastutil/objects/ObjectArrays$ArrayHashStrategy
instanceKlass org/jetbrains/kotlin/it/unimi/dsi/fastutil/objects/ObjectArrays
instanceKlass  @bci org/jetbrains/kotlin/it/unimi/dsi/fastutil/objects/ObjectArrayList <clinit> ()V 26 <appendix> argL0 ; # org/jetbrains/kotlin/it/unimi/dsi/fastutil/objects/ObjectArrayList$$Lambda+0x000000010054f1f0
instanceKlass  @bci org/jetbrains/kotlin/it/unimi/dsi/fastutil/objects/ObjectArrayList <clinit> ()V 21 <appendix> argL0 ; # org/jetbrains/kotlin/it/unimi/dsi/fastutil/objects/ObjectArrayList$$Lambda+0x000000010054ef90
instanceKlass  @bci org/jetbrains/kotlin/it/unimi/dsi/fastutil/objects/ObjectArrayList <clinit> ()V 16 <appendix> argL0 ; # org/jetbrains/kotlin/it/unimi/dsi/fastutil/objects/ObjectArrayList$$Lambda+0x000000010054ed40
instanceKlass org/jetbrains/kotlin/it/unimi/dsi/fastutil/objects/ObjectListIterator
instanceKlass org/jetbrains/kotlin/it/unimi/dsi/fastutil/objects/ObjectBidirectionalIterator
instanceKlass org/jetbrains/kotlin/it/unimi/dsi/fastutil/BidirectionalIterator
instanceKlass org/jetbrains/kotlin/it/unimi/dsi/fastutil/objects/ObjectList
instanceKlass org/jetbrains/kotlin/com/intellij/psi/text/BlockSupport
instanceKlass org/jetbrains/kotlin/com/intellij/psi/impl/source/tree/SharedImplUtil
instanceKlass org/jetbrains/kotlin/lexer/_JetLexer
instanceKlass org/jetbrains/kotlin/com/intellij/lexer/FlexLexer
instanceKlass org/jetbrains/kotlin/com/intellij/lexer/LexerPosition
instanceKlass org/jetbrains/kotlin/com/intellij/lang/WhitespacesAndCommentsBinder$TokenTextGetter
instanceKlass org/jetbrains/kotlin/com/intellij/lang/PsiBuilder$Marker
instanceKlass org/jetbrains/kotlin/com/intellij/lang/SyntaxTreeBuilder$Marker
instanceKlass org/jetbrains/kotlin/com/intellij/lang/impl/PsiBuilderImpl$ProductionMarker
instanceKlass org/jetbrains/kotlin/com/intellij/lang/impl/PsiBuilderImpl$Node
instanceKlass org/jetbrains/kotlin/com/intellij/lang/LighterASTNode
instanceKlass org/jetbrains/kotlin/com/intellij/util/diff/ShallowNodeComparator
instanceKlass org/jetbrains/kotlin/com/intellij/util/diff/DiffTreeChangeBuilder
instanceKlass org/jetbrains/kotlin/com/intellij/openapi/util/UnprotectedUserDataHolder
instanceKlass  @bci org/jetbrains/kotlin/com/intellij/psi/impl/source/tree/LazyParseableElement ensureParsed ()V 135 <appendix> member <vmtarget> ; # org/jetbrains/kotlin/com/intellij/psi/impl/source/tree/LazyParseableElement$$Lambda+0x0000000100548498
instanceKlass org/jetbrains/kotlin/com/intellij/util/ThrowableRunnable
instanceKlass org/jetbrains/kotlin/com/intellij/psi/impl/source/tree/TreeUtil
instanceKlass org/jetbrains/kotlin/com/intellij/psi/impl/DebugUtil
instanceKlass  @bci org/jetbrains/kotlin/com/intellij/psi/impl/source/tree/LazyParseableElement <init> (Lorg/jetbrains/kotlin/com/intellij/psi/tree/IElementType;Ljava/lang/CharSequence;)V 57 <appendix> member <vmtarget> ; # org/jetbrains/kotlin/com/intellij/psi/impl/source/tree/LazyParseableElement$$Lambda+0x0000000100546aa8
instanceKlass  @bci org/jetbrains/kotlin/com/intellij/psi/impl/source/tree/LazyParseableElement <clinit> ()V 24 <appendix> argL0 ; # org/jetbrains/kotlin/com/intellij/psi/impl/source/tree/LazyParseableElement$$Lambda+0x00000001005461e0
instanceKlass org/jetbrains/kotlin/com/intellij/lang/LighterAST
instanceKlass  @bci org/jetbrains/kotlin/com/intellij/util/AstLoadingFilter <clinit> ()V 18 <appendix> argL0 ; # org/jetbrains/kotlin/com/intellij/util/AstLoadingFilter$$Lambda+0x0000000100544af8
instanceKlass org/jetbrains/kotlin/com/intellij/util/AstLoadingFilter
instanceKlass org/jetbrains/kotlin/util/slicedMap/Slices$SliceBuilder
instanceKlass org/jetbrains/kotlin/util/slicedMap/SetSlice$Companion
instanceKlass org/jetbrains/kotlin/util/slicedMap/RewritePolicy$1
instanceKlass org/jetbrains/kotlin/resolve/BindingContext$1
instanceKlass kotlin/jvm/internal/Ref$ObjectRef
instanceKlass javaslang/collection/HashArrayMappedTrieModule$AbstractNode
instanceKlass javaslang/collection/HashArrayMappedTrie
instanceKlass javaslang/collection/Set
instanceKlass javaslang/collection/Seq
instanceKlass javaslang/collection/Iterator
instanceKlass javaslang/collection/HashMap
instanceKlass javaslang/collection/Map
instanceKlass javaslang/collection/Traversable
instanceKlass javaslang/collection/Foldable
instanceKlass javaslang/Value
instanceKlass javaslang/Function1
instanceKlass javaslang/\u03bb
instanceKlass org/jetbrains/kotlin/resolve/calls/smartcasts/DataFlowInfoImpl$Companion
instanceKlass org/jetbrains/kotlin/resolve/calls/smartcasts/DataFlowInfoImpl
instanceKlass org/jetbrains/kotlin/resolve/calls/smartcasts/DataFlowInfoFactory
instanceKlass org/jetbrains/kotlin/resolve/calls/smartcasts/DataFlowInfo$Companion
instanceKlass org/jetbrains/kotlin/library/metadata/impl/KlibResolvedModuleDescriptorsFactoryImpl$Companion
instanceKlass org/jetbrains/kotlin/library/metadata/impl/KlibResolvedModuleDescriptorsFactoryImpl
instanceKlass org/jetbrains/kotlin/library/metadata/KlibResolvedModuleDescriptorsFactory
instanceKlass org/jetbrains/kotlin/library/metadata/impl/KlibMetadataModuleDescriptorFactoryImpl
instanceKlass org/jetbrains/kotlin/library/metadata/KlibMetadataModuleDescriptorFactory
instanceKlass org/jetbrains/kotlin/library/metadata/impl/KlibMetadataDeserializedPackageFragmentsFactoryImpl
instanceKlass org/jetbrains/kotlin/library/metadata/KlibMetadataDeserializedPackageFragmentsFactory
instanceKlass org/jetbrains/kotlin/library/metadata/impl/KlibModuleDescriptorFactoryImpl
instanceKlass org/jetbrains/kotlin/library/metadata/KlibModuleDescriptorFactory
instanceKlass org/jetbrains/kotlin/library/metadata/NullFlexibleTypeDeserializer
instanceKlass org/jetbrains/kotlin/library/metadata/KlibMetadataFactories
instanceKlass org/jetbrains/kotlin/cli/jvm/compiler/TopDownAnalyzerFacadeForJVMKt
instanceKlass org/jetbrains/kotlin/load/kotlin/incremental/IncrementalPackagePartProvider
instanceKlass org/jetbrains/kotlin/cli/jvm/config/ClassicFrontendSpecificJvmConfigurationKeys
instanceKlass org/jetbrains/kotlin/resolve/CodeAnalyzerInitializer$Companion
# instanceKlass java/lang/invoke/LambdaForm$MH+0x000000010053b400
# instanceKlass java/lang/invoke/LambdaForm$MH+0x000000010053b000
# instanceKlass java/lang/invoke/LambdaForm$MH+0x000000010053ac00
# instanceKlass java/lang/invoke/LambdaForm$MH+0x000000010053a800
# instanceKlass java/lang/invoke/LambdaForm$MH+0x000000010053a400
# instanceKlass java/lang/invoke/LambdaForm$MH+0x000000010053a000
# instanceKlass java/lang/invoke/LambdaForm$MH+0x0000000100539c00
# instanceKlass java/lang/invoke/LambdaForm$MH+0x0000000100539800
# instanceKlass java/lang/invoke/LambdaForm$MH+0x0000000100539400
# instanceKlass java/lang/invoke/LambdaForm$MH+0x0000000100539000
# instanceKlass java/lang/invoke/LambdaForm$MH+0x0000000100538c00
# instanceKlass java/lang/invoke/LambdaForm$MH+0x0000000100538800
# instanceKlass java/lang/invoke/LambdaForm$MH+0x0000000100538400
# instanceKlass java/lang/invoke/LambdaForm$MH+0x0000000100538000
# instanceKlass java/lang/invoke/LambdaForm$MH+0x0000000100537c00
# instanceKlass java/lang/invoke/LambdaForm$MH+0x0000000100537800
# instanceKlass java/lang/invoke/LambdaForm$MH+0x0000000100537400
# instanceKlass java/lang/invoke/LambdaForm$MH+0x0000000100537000
# instanceKlass java/lang/invoke/LambdaForm$MH+0x0000000100536c00
# instanceKlass java/lang/invoke/LambdaForm$MH+0x0000000100536800
# instanceKlass java/lang/invoke/LambdaForm$MH+0x0000000100536400
# instanceKlass java/lang/invoke/LambdaForm$MH+0x0000000100536000
# instanceKlass java/lang/invoke/LambdaForm$MH+0x0000000100535c00
instanceKlass org/jetbrains/kotlin/resolve/calls/inference/ConstraintSystemBuilderImpl$Companion
instanceKlass org/jetbrains/kotlin/resolve/calls/inference/ConstraintSystemBuilderImpl
instanceKlass org/jetbrains/kotlin/resolve/calls/results/FlatSignatureForResolvedCallKt
# instanceKlass java/lang/invoke/LambdaForm$MH+0x0000000100535800
# instanceKlass java/lang/invoke/LambdaForm$MH+0x0000000100535400
# instanceKlass java/lang/invoke/LambdaForm$MH+0x0000000100535000
# instanceKlass java/lang/invoke/LambdaForm$MH+0x0000000100534c00
# instanceKlass java/lang/invoke/LambdaForm$MH+0x0000000100534800
# instanceKlass java/lang/invoke/LambdaForm$MH+0x0000000100534400
# instanceKlass java/lang/invoke/LambdaForm$MH+0x0000000100534000
# instanceKlass java/lang/invoke/LambdaForm$MH+0x0000000100533c00
# instanceKlass java/lang/invoke/LambdaForm$MH+0x0000000100533800
# instanceKlass java/lang/invoke/LambdaForm$MH+0x0000000100533400
# instanceKlass java/lang/invoke/LambdaForm$MH+0x0000000100533000
# instanceKlass java/lang/invoke/LambdaForm$MH+0x0000000100532c00
# instanceKlass java/lang/invoke/LambdaForm$MH+0x0000000100532800
# instanceKlass java/lang/invoke/LambdaForm$MH+0x0000000100532400
# instanceKlass java/lang/invoke/LambdaForm$MH+0x0000000100532000
# instanceKlass java/lang/invoke/LambdaForm$MH+0x0000000100531c00
# instanceKlass java/lang/invoke/LambdaForm$MH+0x0000000100531800
# instanceKlass java/lang/invoke/LambdaForm$MH+0x0000000100531400
# instanceKlass java/lang/invoke/LambdaForm$MH+0x0000000100531000
# instanceKlass java/lang/invoke/LambdaForm$MH+0x0000000100530c00
# instanceKlass java/lang/invoke/LambdaForm$MH+0x0000000100530800
# instanceKlass java/lang/invoke/LambdaForm$MH+0x0000000100530400
# instanceKlass java/lang/invoke/LambdaForm$MH+0x0000000100530000
# instanceKlass java/lang/invoke/LambdaForm$MH+0x000000010052fc00
# instanceKlass java/lang/invoke/LambdaForm$MH+0x000000010052f800
# instanceKlass java/lang/invoke/LambdaForm$MH+0x000000010052f400
# instanceKlass java/lang/invoke/LambdaForm$MH+0x000000010052f000
# instanceKlass java/lang/invoke/LambdaForm$MH+0x000000010052ec00
# instanceKlass java/lang/invoke/LambdaForm$MH+0x000000010052e800
# instanceKlass java/lang/invoke/LambdaForm$MH+0x000000010052e400
# instanceKlass java/lang/invoke/LambdaForm$MH+0x000000010052e000
# instanceKlass java/lang/invoke/LambdaForm$MH+0x000000010052dc00
# instanceKlass java/lang/invoke/LambdaForm$MH+0x000000010052d800
# instanceKlass java/lang/invoke/LambdaForm$MH+0x000000010052d400
# instanceKlass java/lang/invoke/LambdaForm$MH+0x000000010052d000
# instanceKlass java/lang/invoke/LambdaForm$MH+0x000000010052cc00
# instanceKlass java/lang/invoke/LambdaForm$MH+0x000000010052c800
instanceKlass org/jetbrains/kotlin/resolve/calls/CallExpressionResolver$Companion
# instanceKlass java/lang/invoke/LambdaForm$MH+0x000000010052c400
# instanceKlass java/lang/invoke/LambdaForm$MH+0x000000010052c000
# instanceKlass java/lang/invoke/LambdaForm$MH+0x000000010052bc00
# instanceKlass java/lang/invoke/LambdaForm$MH+0x000000010052b800
# instanceKlass java/lang/invoke/LambdaForm$MH+0x000000010052b400
# instanceKlass java/lang/invoke/LambdaForm$MH+0x000000010052b000
# instanceKlass java/lang/invoke/LambdaForm$MH+0x000000010052ac00
# instanceKlass java/lang/invoke/LambdaForm$MH+0x000000010052a800
# instanceKlass java/lang/invoke/LambdaForm$MH+0x000000010052a400
# instanceKlass java/lang/invoke/LambdaForm$MH+0x000000010052a000
# instanceKlass java/lang/invoke/LambdaForm$MH+0x0000000100529c00
# instanceKlass java/lang/invoke/LambdaForm$MH+0x0000000100529800
# instanceKlass java/lang/invoke/LambdaForm$MH+0x0000000100529400
# instanceKlass java/lang/invoke/LambdaForm$MH+0x0000000100529000
# instanceKlass java/lang/invoke/LambdaForm$MH+0x0000000100528c00
# instanceKlass java/lang/invoke/LambdaForm$MH+0x0000000100528800
# instanceKlass java/lang/invoke/LambdaForm$MH+0x0000000100528400
# instanceKlass java/lang/invoke/LambdaForm$MH+0x0000000100528000
# instanceKlass java/lang/invoke/LambdaForm$MH+0x0000000100527c00
# instanceKlass java/lang/invoke/LambdaForm$MH+0x0000000100527800
# instanceKlass java/lang/invoke/LambdaForm$MH+0x0000000100527400
# instanceKlass java/lang/invoke/LambdaForm$MH+0x0000000100527000
# instanceKlass java/lang/invoke/LambdaForm$MH+0x0000000100526c00
# instanceKlass java/lang/invoke/LambdaForm$MH+0x0000000100526800
# instanceKlass java/lang/invoke/LambdaForm$MH+0x0000000100526400
# instanceKlass java/lang/invoke/LambdaForm$MH+0x0000000100526000
# instanceKlass java/lang/invoke/LambdaForm$MH+0x0000000100525c00
# instanceKlass java/lang/invoke/LambdaForm$MH+0x0000000100525800
# instanceKlass java/lang/invoke/LambdaForm$MH+0x0000000100525400
# instanceKlass java/lang/invoke/LambdaForm$MH+0x0000000100525000
# instanceKlass java/lang/invoke/LambdaForm$MH+0x0000000100524c00
# instanceKlass java/lang/invoke/LambdaForm$MH+0x0000000100524800
# instanceKlass java/lang/invoke/LambdaForm$MH+0x0000000100524400
# instanceKlass java/lang/invoke/LambdaForm$MH+0x0000000100524000
instanceKlass org/jetbrains/kotlin/builtins/jvm/JvmBuiltInsPackageFragmentProvider$Companion
instanceKlass org/jetbrains/kotlin/resolve/jvm/TopPackageNamesProvider
instanceKlass org/jetbrains/kotlin/serialization/deserialization/JvmEnumEntriesDeserializationSupport
instanceKlass org/jetbrains/kotlin/metadata/jvm/JvmProtoBuf$JvmFieldSignatureOrBuilder
instanceKlass org/jetbrains/kotlin/metadata/jvm/JvmProtoBuf$JvmPropertySignatureOrBuilder
instanceKlass org/jetbrains/kotlin/metadata/jvm/JvmProtoBuf$JvmMethodSignatureOrBuilder
instanceKlass org/jetbrains/kotlin/metadata/jvm/JvmProtoBuf
instanceKlass org/jetbrains/kotlin/metadata/jvm/deserialization/JvmProtoBufUtil
instanceKlass org/jetbrains/kotlin/load/kotlin/JavaFlexibleTypeDeserializer
# instanceKlass java/lang/invoke/LambdaForm$MH+0x000000010051dc00
# instanceKlass java/lang/invoke/LambdaForm$MH+0x000000010051d800
# instanceKlass java/lang/invoke/LambdaForm$MH+0x000000010051d400
# instanceKlass java/lang/invoke/LambdaForm$MH+0x000000010051d000
# instanceKlass java/lang/invoke/LambdaForm$MH+0x000000010051cc00
# instanceKlass java/lang/invoke/LambdaForm$MH+0x000000010051c800
# instanceKlass java/lang/invoke/LambdaForm$MH+0x000000010051c400
# instanceKlass java/lang/invoke/LambdaForm$MH+0x000000010051c000
# instanceKlass java/lang/invoke/LambdaForm$MH+0x000000010051bc00
# instanceKlass java/lang/invoke/LambdaForm$MH+0x000000010051b800
# instanceKlass java/lang/invoke/LambdaForm$MH+0x000000010051b400
# instanceKlass java/lang/invoke/LambdaForm$MH+0x000000010051b000
# instanceKlass java/lang/invoke/LambdaForm$MH+0x000000010051ac00
# instanceKlass java/lang/invoke/LambdaForm$BMH+0x000000010051a800
# instanceKlass java/lang/invoke/LambdaForm$DMH+0x000000010051a400
# instanceKlass java/lang/invoke/LambdaForm$DMH+0x000000010051a000
instanceKlass org/jetbrains/kotlin/load/kotlin/DeserializationComponentsForJava$Companion
# instanceKlass java/lang/invoke/LambdaForm$MH+0x0000000100519c00
# instanceKlass java/lang/invoke/LambdaForm$MH+0x0000000100519800
# instanceKlass java/lang/invoke/LambdaForm$MH+0x0000000100519400
# instanceKlass java/lang/invoke/LambdaForm$MH+0x0000000100519000
instanceKlass org/jetbrains/kotlin/load/kotlin/AbstractBinaryClassAnnotationLoader$Companion
instanceKlass org/jetbrains/kotlin/types/TypeParameterErasureOptions
instanceKlass org/jetbrains/kotlin/types/TypeParameterUpperBoundEraser$Companion
instanceKlass org/jetbrains/kotlin/types/TypeParameterUpperBoundEraser
instanceKlass org/jetbrains/kotlin/types/ErasureProjectionComputer
instanceKlass org/jetbrains/kotlin/load/java/lazy/types/JavaTypeResolver
instanceKlass kotlin/InitializedLazyImpl
instanceKlass org/jetbrains/kotlin/load/java/lazy/TypeParameterResolver$EMPTY
instanceKlass org/jetbrains/kotlin/load/java/lazy/TypeParameterResolver
# instanceKlass java/lang/invoke/LambdaForm$MH+0x0000000100518c00
# instanceKlass java/lang/invoke/LambdaForm$MH+0x0000000100518800
# instanceKlass java/lang/invoke/LambdaForm$DMH+0x0000000100518400
# instanceKlass java/lang/invoke/LambdaForm$MH+0x0000000100518000
# instanceKlass java/lang/invoke/LambdaForm$DMH+0x0000000100517c00
# instanceKlass java/lang/invoke/LambdaForm$MH+0x0000000100517800
# instanceKlass java/lang/invoke/LambdaForm$MH+0x0000000100517400
# instanceKlass java/lang/invoke/LambdaForm$MH+0x0000000100517000
# instanceKlass java/lang/invoke/LambdaForm$MH+0x0000000100516c00
# instanceKlass java/lang/invoke/LambdaForm$MH+0x0000000100516800
# instanceKlass java/lang/invoke/LambdaForm$MH+0x0000000100516400
# instanceKlass java/lang/invoke/LambdaForm$MH+0x0000000100516000
# instanceKlass java/lang/invoke/LambdaForm$MH+0x0000000100515c00
# instanceKlass java/lang/invoke/LambdaForm$MH+0x0000000100515800
# instanceKlass java/lang/invoke/LambdaForm$MH+0x0000000100515400
# instanceKlass java/lang/invoke/LambdaForm$MH+0x0000000100515000
# instanceKlass java/lang/invoke/LambdaForm$MH+0x0000000100514c00
# instanceKlass java/lang/invoke/LambdaForm$MH+0x0000000100514800
# instanceKlass java/lang/invoke/LambdaForm$MH+0x0000000100514400
# instanceKlass java/lang/invoke/LambdaForm$MH+0x0000000100514000
# instanceKlass java/lang/invoke/LambdaForm$MH+0x0000000100513c00
# instanceKlass java/lang/invoke/LambdaForm$MH+0x0000000100513800
# instanceKlass java/lang/invoke/LambdaForm$MH+0x0000000100513400
# instanceKlass java/lang/invoke/LambdaForm$MH+0x0000000100513000
# instanceKlass java/lang/invoke/LambdaForm$MH+0x0000000100512c00
# instanceKlass java/lang/invoke/LambdaForm$MH+0x0000000100512800
# instanceKlass java/lang/invoke/LambdaForm$MH+0x0000000100512400
# instanceKlass java/lang/invoke/LambdaForm$BMH+0x0000000100512000
# instanceKlass java/lang/invoke/LambdaForm$DMH+0x0000000100511c00
# instanceKlass java/lang/invoke/LambdaForm$DMH+0x0000000100511800
instanceKlass org/jetbrains/kotlin/load/java/components/TraceBasedErrorReporter$Companion
instanceKlass org/jetbrains/kotlin/load/kotlin/header/KotlinClassHeader$Kind$Companion
instanceKlass org/jetbrains/kotlin/load/kotlin/DeserializedDescriptorResolver$Companion
# instanceKlass java/lang/invoke/LambdaForm$MH+0x0000000100511400
# instanceKlass java/lang/invoke/LambdaForm$MH+0x0000000100511000
# instanceKlass java/lang/invoke/LambdaForm$MH+0x0000000100510c00
# instanceKlass java/lang/invoke/LambdaForm$MH+0x0000000100510800
# instanceKlass java/lang/invoke/LambdaForm$MH+0x0000000100510400
# instanceKlass java/lang/invoke/LambdaForm$MH+0x0000000100510000
# instanceKlass java/lang/invoke/LambdaForm$MH+0x000000010050fc00
# instanceKlass java/lang/invoke/LambdaForm$MH+0x000000010050f800
# instanceKlass java/lang/invoke/LambdaForm$MH+0x000000010050f400
# instanceKlass java/lang/invoke/LambdaForm$MH+0x000000010050f000
# instanceKlass java/lang/invoke/LambdaForm$MH+0x000000010050ec00
# instanceKlass java/lang/invoke/LambdaForm$MH+0x000000010050e800
# instanceKlass java/lang/invoke/LambdaForm$MH+0x000000010050e400
# instanceKlass java/lang/invoke/LambdaForm$MH+0x000000010050e000
# instanceKlass java/lang/invoke/LambdaForm$MH+0x000000010050dc00
# instanceKlass java/lang/invoke/LambdaForm$MH+0x000000010050d800
# instanceKlass java/lang/invoke/LambdaForm$MH+0x000000010050d400
# instanceKlass java/lang/invoke/LambdaForm$MH+0x000000010050d000
# instanceKlass java/lang/invoke/LambdaForm$BMH+0x000000010050cc00
# instanceKlass java/lang/invoke/LambdaForm$DMH+0x000000010050c800
# instanceKlass java/lang/invoke/LambdaForm$DMH+0x000000010050c400
# instanceKlass java/lang/invoke/LambdaForm$MH+0x000000010050c000
instanceKlass org/jetbrains/kotlin/util/slicedMap/Slices$2
instanceKlass org/jetbrains/kotlin/util/slicedMap/Slices$1
instanceKlass org/jetbrains/kotlin/util/slicedMap/RewritePolicy
instanceKlass org/jetbrains/kotlin/util/slicedMap/Slices
instanceKlass org/jetbrains/kotlin/load/java/components/FilesByFacadeFqNameIndexer$Companion
instanceKlass org/jetbrains/kotlin/com/intellij/util/SmartFMap
instanceKlass org/jetbrains/kotlin/resolve/ObservableBindingTrace
# instanceKlass java/lang/invoke/LambdaForm$MH+0x0000000100507c00
# instanceKlass java/lang/invoke/LambdaForm$MH+0x0000000100507800
# instanceKlass java/lang/invoke/LambdaForm$MH+0x0000000100507400
# instanceKlass java/lang/invoke/LambdaForm$MH+0x0000000100507000
# instanceKlass java/lang/invoke/LambdaForm$MH+0x0000000100506c00
# instanceKlass java/lang/invoke/LambdaForm$MH+0x0000000100506800
# instanceKlass java/lang/invoke/LambdaForm$MH+0x0000000100506400
# instanceKlass java/lang/invoke/LambdaForm$MH+0x0000000100506000
# instanceKlass java/lang/invoke/LambdaForm$MH+0x0000000100505c00
# instanceKlass java/lang/invoke/LambdaForm$MH+0x0000000100505800
# instanceKlass java/lang/invoke/LambdaForm$MH+0x0000000100505400
# instanceKlass java/lang/invoke/LambdaForm$MH+0x0000000100505000
# instanceKlass java/lang/invoke/LambdaForm$MH+0x0000000100504c00
# instanceKlass java/lang/invoke/LambdaForm$MH+0x0000000100504800
# instanceKlass java/lang/invoke/LambdaForm$MH+0x0000000100504400
# instanceKlass java/lang/invoke/LambdaForm$MH+0x0000000100504000
# instanceKlass java/lang/invoke/LambdaForm$BMH+0x0000000100503c00
# instanceKlass java/lang/invoke/LambdaForm$DMH+0x0000000100503800
# instanceKlass java/lang/invoke/LambdaForm$DMH+0x0000000100503400
# instanceKlass java/lang/invoke/LambdaForm$MH+0x0000000100503000
# instanceKlass java/lang/invoke/LambdaForm$MH+0x0000000100502c00
# instanceKlass java/lang/invoke/LambdaForm$MH+0x0000000100502800
instanceKlass org/jetbrains/kotlin/resolve/ShadowedExtensionChecker
instanceKlass org/jetbrains/kotlin/descriptors/EffectiveVisibility
instanceKlass org/jetbrains/kotlin/resolve/ExposedVisibilityChecker
# instanceKlass java/lang/invoke/LambdaForm$MH+0x0000000100502400
# instanceKlass java/lang/invoke/LambdaForm$MH+0x0000000100502000
# instanceKlass java/lang/invoke/LambdaForm$MH+0x0000000100501c00
# instanceKlass java/lang/invoke/LambdaForm$MH+0x0000000100501800
# instanceKlass java/lang/invoke/LambdaForm$MH+0x0000000100501400
# instanceKlass java/lang/invoke/LambdaForm$MH+0x0000000100501000
# instanceKlass java/lang/invoke/LambdaForm$MH+0x0000000100500c00
# instanceKlass java/lang/invoke/LambdaForm$MH+0x0000000100500800
# instanceKlass java/lang/invoke/LambdaForm$MH+0x0000000100500400
# instanceKlass java/lang/invoke/LambdaForm$MH+0x0000000100500000
instanceKlass org/jetbrains/kotlin/resolve/DeclarationsChecker$Companion
# instanceKlass java/lang/invoke/LambdaForm$MH+0x00000001004ffc00
# instanceKlass java/lang/invoke/LambdaForm$MH+0x00000001004ff800
# instanceKlass java/lang/invoke/LambdaForm$MH+0x00000001004ff400
# instanceKlass java/lang/invoke/LambdaForm$MH+0x00000001004ff000
# instanceKlass java/lang/invoke/LambdaForm$MH+0x00000001004fec00
# instanceKlass java/lang/invoke/LambdaForm$MH+0x00000001004fe800
# instanceKlass java/lang/invoke/LambdaForm$MH+0x00000001004fe400
instanceKlass org/jetbrains/kotlin/resolve/VarianceCheckerCore$Companion
instanceKlass org/jetbrains/kotlin/resolve/VarianceCheckerCore
instanceKlass org/jetbrains/kotlin/idea/MainFunctionDetector$Companion
# instanceKlass java/lang/invoke/LambdaForm$MH+0x00000001004fe000
# instanceKlass java/lang/invoke/LambdaForm$MH+0x00000001004fdc00
# instanceKlass java/lang/invoke/LambdaForm$MH+0x00000001004fd800
# instanceKlass java/lang/invoke/LambdaForm$MH+0x00000001004fd400
# instanceKlass java/lang/invoke/LambdaForm$MH+0x00000001004fd000
# instanceKlass java/lang/invoke/LambdaForm$MH+0x00000001004fcc00
# instanceKlass java/lang/invoke/LambdaForm$MH+0x00000001004fc800
# instanceKlass java/lang/invoke/LambdaForm$MH+0x00000001004fc400
# instanceKlass java/lang/invoke/LambdaForm$MH+0x00000001004fc000
# instanceKlass java/lang/invoke/LambdaForm$MH+0x00000001004fbc00
# instanceKlass java/lang/invoke/LambdaForm$MH+0x00000001004fb800
instanceKlass org/jetbrains/kotlin/resolve/OverrideResolver$Companion
instanceKlass org/jetbrains/kotlin/load/java/AbstractAnnotationTypeQualifierResolver$Companion
# instanceKlass java/lang/invoke/LambdaForm$MH+0x00000001004fb400
# instanceKlass java/lang/invoke/LambdaForm$MH+0x00000001004fb000
# instanceKlass java/lang/invoke/LambdaForm$MH+0x00000001004fac00
# instanceKlass java/lang/invoke/LambdaForm$MH+0x00000001004fa800
# instanceKlass java/lang/invoke/LambdaForm$MH+0x00000001004fa400
# instanceKlass java/lang/invoke/LambdaForm$MH+0x00000001004fa000
# instanceKlass java/lang/invoke/LambdaForm$MH+0x00000001004f9c00
# instanceKlass java/lang/invoke/LambdaForm$MH+0x00000001004f9800
# instanceKlass java/lang/invoke/LambdaForm$MH+0x00000001004f9400
# instanceKlass java/lang/invoke/LambdaForm$MH+0x00000001004f9000
# instanceKlass java/lang/invoke/LambdaForm$MH+0x00000001004f8c00
# instanceKlass java/lang/invoke/LambdaForm$MH+0x00000001004f8800
# instanceKlass java/lang/invoke/LambdaForm$MH+0x00000001004f8400
# instanceKlass java/lang/invoke/LambdaForm$MH+0x00000001004f8000
# instanceKlass java/lang/invoke/LambdaForm$MH+0x00000001004f7c00
# instanceKlass java/lang/invoke/LambdaForm$MH+0x00000001004f7800
# instanceKlass java/lang/invoke/LambdaForm$MH+0x00000001004f7400
# instanceKlass java/lang/invoke/LambdaForm$MH+0x00000001004f7000
# instanceKlass java/lang/invoke/LambdaForm$MH+0x00000001004f6c00
# instanceKlass java/lang/invoke/LambdaForm$MH+0x00000001004f6800
# instanceKlass java/lang/invoke/LambdaForm$MH+0x00000001004f6400
# instanceKlass java/lang/invoke/LambdaForm$MH+0x00000001004f6000
# instanceKlass java/lang/invoke/LambdaForm$MH+0x00000001004f5c00
# instanceKlass java/lang/invoke/LambdaForm$MH+0x00000001004f5800
# instanceKlass java/lang/invoke/LambdaForm$MH+0x00000001004f5400
# instanceKlass java/lang/invoke/LambdaForm$MH+0x00000001004f5000
# instanceKlass java/lang/invoke/LambdaForm$MH+0x00000001004f4c00
# instanceKlass java/lang/invoke/LambdaForm$MH+0x00000001004f4800
# instanceKlass java/lang/invoke/LambdaForm$MH+0x00000001004f4400
# instanceKlass java/lang/invoke/LambdaForm$MH+0x00000001004f4000
# instanceKlass java/lang/invoke/LambdaForm$BMH+0x00000001004f3c00
# instanceKlass java/lang/invoke/LambdaForm$DMH+0x00000001004f3800
# instanceKlass java/lang/invoke/LambdaForm$DMH+0x00000001004f3400
# instanceKlass java/lang/invoke/LambdaForm$MH+0x00000001004f3000
# instanceKlass java/lang/invoke/LambdaForm$MH+0x00000001004f2c00
# instanceKlass java/lang/invoke/LambdaForm$MH+0x00000001004f2800
# instanceKlass java/lang/invoke/LambdaForm$MH+0x00000001004f2400
# instanceKlass java/lang/invoke/LambdaForm$MH+0x00000001004f2000
# instanceKlass java/lang/invoke/LambdaForm$MH+0x00000001004f1c00
# instanceKlass java/lang/invoke/LambdaForm$MH+0x00000001004f1800
# instanceKlass java/lang/invoke/LambdaForm$MH+0x00000001004f1400
# instanceKlass java/lang/invoke/LambdaForm$MH+0x00000001004f1000
# instanceKlass java/lang/invoke/LambdaForm$MH+0x00000001004f0c00
# instanceKlass java/lang/invoke/LambdaForm$MH+0x00000001004f0800
# instanceKlass java/lang/invoke/LambdaForm$MH+0x00000001004f0400
# instanceKlass java/lang/invoke/LambdaForm$MH+0x00000001004f0000
# instanceKlass java/lang/invoke/LambdaForm$MH+0x00000001004efc00
# instanceKlass java/lang/invoke/LambdaForm$MH+0x00000001004ef800
# instanceKlass java/lang/invoke/LambdaForm$MH+0x00000001004ef400
# instanceKlass java/lang/invoke/LambdaForm$MH+0x00000001004ef000
# instanceKlass java/lang/invoke/LambdaForm$MH+0x00000001004eec00
# instanceKlass java/lang/invoke/LambdaForm$MH+0x00000001004ee800
# instanceKlass java/lang/invoke/LambdaForm$MH+0x00000001004ee400
# instanceKlass java/lang/invoke/LambdaForm$MH+0x00000001004ee000
# instanceKlass java/lang/invoke/LambdaForm$MH+0x00000001004edc00
# instanceKlass java/lang/invoke/LambdaForm$MH+0x00000001004ed800
# instanceKlass java/lang/invoke/LambdaForm$MH+0x00000001004ed400
# instanceKlass java/lang/invoke/LambdaForm$MH+0x00000001004ed000
# instanceKlass java/lang/invoke/LambdaForm$MH+0x00000001004ecc00
instanceKlass org/jetbrains/kotlin/resolve/VariableTypeAndInitializerResolver$Companion
# instanceKlass java/lang/invoke/LambdaForm$MH+0x00000001004ec800
# instanceKlass java/lang/invoke/LambdaForm$MH+0x00000001004ec400
# instanceKlass java/lang/invoke/LambdaForm$MH+0x00000001004ec000
# instanceKlass java/lang/invoke/LambdaForm$MH+0x00000001004e7c00
# instanceKlass java/lang/invoke/LambdaForm$MH+0x00000001004e7800
# instanceKlass java/lang/invoke/LambdaForm$MH+0x00000001004e7400
# instanceKlass java/lang/invoke/LambdaForm$MH+0x00000001004e7000
# instanceKlass java/lang/invoke/LambdaForm$MH+0x00000001004e6c00
# instanceKlass java/lang/invoke/LambdaForm$MH+0x00000001004e6800
# instanceKlass java/lang/invoke/LambdaForm$MH+0x00000001004e6400
instanceKlass org/jetbrains/kotlin/resolve/checkers/ResolutionWithStubTypesChecker
instanceKlass org/jetbrains/kotlin/types/checker/SimpleClassicTypeSystemContext
instanceKlass org/jetbrains/kotlin/resolve/checkers/PassingProgressionAsCollectionCallChecker
instanceKlass org/jetbrains/kotlin/resolve/calls/checkers/CallCheckerWithAdditionalResolve
# instanceKlass java/lang/invoke/LambdaForm$MH+0x00000001004e6000
# instanceKlass java/lang/invoke/LambdaForm$MH+0x00000001004e5c00
# instanceKlass java/lang/invoke/LambdaForm$DMH+0x00000001004e5800
# instanceKlass java/lang/invoke/LambdaForm$MH+0x00000001004e5400
# instanceKlass java/lang/invoke/LambdaForm$DMH+0x00000001004e5000
# instanceKlass java/lang/invoke/LambdaForm$MH+0x00000001004e4c00
# instanceKlass java/lang/invoke/LambdaForm$DMH+0x00000001004e4800
# instanceKlass java/lang/invoke/LambdaForm$MH+0x00000001004e4400
# instanceKlass java/lang/invoke/LambdaForm$DMH+0x00000001004e4000
# instanceKlass java/lang/invoke/LambdaForm$MH+0x00000001004e3c00
# instanceKlass java/lang/invoke/LambdaForm$DMH+0x00000001004e3800
# instanceKlass java/lang/invoke/LambdaForm$MH+0x00000001004e3400
# instanceKlass java/lang/invoke/LambdaForm$MH+0x00000001004e3000
# instanceKlass java/lang/invoke/LambdaForm$MH+0x00000001004e2c00
# instanceKlass java/lang/invoke/LambdaForm$MH+0x00000001004e2800
# instanceKlass java/lang/invoke/LambdaForm$MH+0x00000001004e2400
# instanceKlass java/lang/invoke/LambdaForm$MH+0x00000001004e2000
# instanceKlass java/lang/invoke/LambdaForm$MH+0x00000001004e1c00
# instanceKlass java/lang/invoke/LambdaForm$MH+0x00000001004e1800
# instanceKlass java/lang/invoke/LambdaForm$MH+0x00000001004e1400
# instanceKlass java/lang/invoke/LambdaForm$MH+0x00000001004e1000
# instanceKlass java/lang/invoke/LambdaForm$MH+0x00000001004e0c00
# instanceKlass java/lang/invoke/LambdaForm$MH+0x00000001004e0800
# instanceKlass java/lang/invoke/LambdaForm$MH+0x00000001004e0400
# instanceKlass java/lang/invoke/LambdaForm$MH+0x00000001004e0000
# instanceKlass java/lang/invoke/LambdaForm$MH+0x00000001004dfc00
# instanceKlass java/lang/invoke/LambdaForm$MH+0x00000001004df800
# instanceKlass java/lang/invoke/LambdaForm$MH+0x00000001004df400
# instanceKlass java/lang/invoke/LambdaForm$BMH+0x00000001004df000
# instanceKlass java/lang/invoke/LambdaForm$DMH+0x00000001004dec00
# instanceKlass java/lang/invoke/LambdaForm$DMH+0x00000001004de800
# instanceKlass java/lang/invoke/LambdaForm$MH+0x00000001004de400
# instanceKlass java/lang/invoke/LambdaForm$MH+0x00000001004de000
# instanceKlass java/lang/invoke/LambdaForm$MH+0x00000001004ddc00
# instanceKlass java/lang/invoke/LambdaForm$MH+0x00000001004dd800
# instanceKlass java/lang/invoke/LambdaForm$MH+0x00000001004dd400
# instanceKlass java/lang/invoke/LambdaForm$MH+0x00000001004dd000
instanceKlass  @bci org/jetbrains/kotlin/resolve/calls/CallResolver computeTasksAndResolveCall (Lorg/jetbrains/kotlin/resolve/calls/context/BasicCallResolutionContext;Lorg/jetbrains/kotlin/name/Name;Lorg/jetbrains/kotlin/resolve/calls/tasks/TracingStrategy;Lorg/jetbrains/kotlin/resolve/calls/tower/NewResolutionOldInference$ResolutionKind;)Lorg/jetbrains/kotlin/resolve/calls/results/OverloadResolutionResults; 46 <appendix> form vmentry <vmtarget> ; # java/lang/invoke/LambdaForm$DMH+0x00000001004dcc00
instanceKlass org/jetbrains/kotlin/resolve/calls/components/NewOverloadingConflictResolver$Companion
# instanceKlass java/lang/invoke/LambdaForm$MH+0x00000001004dc800
# instanceKlass java/lang/invoke/LambdaForm$MH+0x00000001004dc400
# instanceKlass java/lang/invoke/LambdaForm$MH+0x00000001004dc000
# instanceKlass java/lang/invoke/LambdaForm$MH+0x00000001004dbc00
# instanceKlass java/lang/invoke/LambdaForm$MH+0x00000001004db800
instanceKlass org/jetbrains/kotlin/resolve/calls/inference/components/KotlinConstraintSystemCompleter$Companion
# instanceKlass java/lang/invoke/LambdaForm$MH+0x00000001004db400
# instanceKlass java/lang/invoke/LambdaForm$MH+0x00000001004db000
# instanceKlass java/lang/invoke/LambdaForm$MH+0x00000001004dac00
# instanceKlass java/lang/invoke/LambdaForm$MH+0x00000001004da800
# instanceKlass java/lang/invoke/LambdaForm$MH+0x00000001004da400
instanceKlass org/jetbrains/kotlin/resolve/calls/inference/components/PostponedArgumentInputTypesResolver$Companion
# instanceKlass java/lang/invoke/LambdaForm$MH+0x00000001004da000
# instanceKlass java/lang/invoke/LambdaForm$MH+0x00000001004d9c00
# instanceKlass java/lang/invoke/LambdaForm$DMH+0x00000001004d9800
# instanceKlass java/lang/invoke/LambdaForm$MH+0x00000001004d9400
# instanceKlass java/lang/invoke/LambdaForm$DMH+0x00000001004d9000
# instanceKlass java/lang/invoke/LambdaForm$MH+0x00000001004d8c00
# instanceKlass java/lang/invoke/LambdaForm$DMH+0x00000001004d8800
# instanceKlass java/lang/invoke/LambdaForm$MH+0x00000001004d8400
# instanceKlass java/lang/invoke/LambdaForm$DMH+0x00000001004d8000
# instanceKlass java/lang/invoke/LambdaForm$MH+0x00000001004d7c00
# instanceKlass java/lang/invoke/LambdaForm$MH+0x00000001004d7800
# instanceKlass java/lang/invoke/LambdaForm$MH+0x00000001004d7400
# instanceKlass java/lang/invoke/LambdaForm$MH+0x00000001004d7000
# instanceKlass java/lang/invoke/LambdaForm$MH+0x00000001004d6c00
# instanceKlass java/lang/invoke/LambdaForm$MH+0x00000001004d6800
# instanceKlass java/lang/invoke/LambdaForm$MH+0x00000001004d6400
# instanceKlass java/lang/invoke/LambdaForm$MH+0x00000001004d6000
# instanceKlass java/lang/invoke/LambdaForm$MH+0x00000001004d5c00
# instanceKlass java/lang/invoke/LambdaForm$MH+0x00000001004d5800
# instanceKlass java/lang/invoke/LambdaForm$MH+0x00000001004d5400
instanceKlass java/lang/invoke/LambdaFormEditor$1
# instanceKlass java/lang/invoke/LambdaForm$MH+0x00000001004d5000
# instanceKlass java/lang/invoke/LambdaForm$MH+0x00000001004d4c00
# instanceKlass java/lang/invoke/LambdaForm$BMH+0x00000001004d4800
# instanceKlass java/lang/invoke/LambdaForm$DMH+0x00000001004d4400
# instanceKlass java/lang/invoke/LambdaForm$DMH+0x00000001004d4000
instanceKlass org/jetbrains/kotlin/resolve/calls/tower/KotlinToResolvedCallTransformer$Companion
# instanceKlass java/lang/invoke/LambdaForm$MH+0x00000001004d3c00
# instanceKlass java/lang/invoke/LambdaForm$MH+0x00000001004d3800
# instanceKlass java/lang/invoke/LambdaForm$DMH+0x00000001004d3400
# instanceKlass java/lang/invoke/LambdaForm$MH+0x00000001004d3000
# instanceKlass java/lang/invoke/LambdaForm$DMH+0x00000001004d2c00
# instanceKlass java/lang/invoke/LambdaForm$MH+0x00000001004d2800
# instanceKlass java/lang/invoke/LambdaForm$MH+0x00000001004d2400
# instanceKlass java/lang/invoke/LambdaForm$MH+0x00000001004d2000
# instanceKlass java/lang/invoke/LambdaForm$MH+0x00000001004d1c00
# instanceKlass java/lang/invoke/LambdaForm$MH+0x00000001004d1800
# instanceKlass java/lang/invoke/LambdaForm$MH+0x00000001004d1400
# instanceKlass java/lang/invoke/LambdaForm$MH+0x00000001004d1000
# instanceKlass java/lang/invoke/LambdaForm$MH+0x00000001004d0c00
# instanceKlass java/lang/invoke/LambdaForm$MH+0x00000001004d0800
# instanceKlass java/lang/invoke/LambdaForm$MH+0x00000001004d0400
# instanceKlass java/lang/invoke/LambdaForm$MH+0x00000001004d0000
# instanceKlass java/lang/invoke/LambdaForm$BMH+0x00000001004cbc00
# instanceKlass java/lang/invoke/LambdaForm$DMH+0x00000001004cb800
# instanceKlass java/lang/invoke/LambdaForm$DMH+0x00000001004cb400
instanceKlass org/jetbrains/kotlin/resolve/calls/results/OverloadingConflictResolver$SpecificityComparisonWithNumerics$1
instanceKlass org/jetbrains/kotlin/resolve/calls/results/SpecificityComparisonCallbacks
instanceKlass org/jetbrains/kotlin/resolve/calls/results/OverloadingConflictResolver$resolvedCallHashingStrategy$1
# instanceKlass java/lang/invoke/LambdaForm$MH+0x00000001004cb000
# instanceKlass java/lang/invoke/LambdaForm$MH+0x00000001004cac00
# instanceKlass java/lang/invoke/LambdaForm$MH+0x00000001004ca800
# instanceKlass java/lang/invoke/LambdaForm$MH+0x00000001004ca400
# instanceKlass java/lang/invoke/LambdaForm$MH+0x00000001004ca000
# instanceKlass java/lang/invoke/LambdaForm$MH+0x00000001004c9c00
# instanceKlass java/lang/invoke/LambdaForm$MH+0x00000001004c9800
# instanceKlass java/lang/invoke/LambdaForm$MH+0x00000001004c9400
# instanceKlass java/lang/invoke/LambdaForm$MH+0x00000001004c9000
# instanceKlass java/lang/invoke/LambdaForm$DMH+0x00000001004c8c00
instanceKlass org/jetbrains/kotlin/resolve/calls/components/CallableReferenceOverloadConflictResolver$Companion
# instanceKlass java/lang/invoke/LambdaForm$MH+0x00000001004c8800
# instanceKlass java/lang/invoke/LambdaForm$MH+0x00000001004c8400
instanceKlass org/jetbrains/kotlin/resolve/calls/inference/components/TrivialConstraintTypeInferenceOracle$Companion
instanceKlass org/jetbrains/kotlin/types/AbstractTypeApproximator$Companion
# instanceKlass java/lang/invoke/LambdaForm$MH+0x00000001004c8000
# instanceKlass java/lang/invoke/LambdaForm$MH+0x00000001004c7c00
# instanceKlass java/lang/invoke/LambdaForm$MH+0x00000001004c7800
# instanceKlass java/lang/invoke/LambdaForm$MH+0x00000001004c7400
# instanceKlass java/lang/invoke/LambdaForm$MH+0x00000001004c7000
# instanceKlass java/lang/invoke/LambdaForm$MH+0x00000001004c6c00
# instanceKlass java/lang/invoke/LambdaForm$MH+0x00000001004c6800
# instanceKlass java/lang/invoke/LambdaForm$MH+0x00000001004c6400
# instanceKlass java/lang/invoke/LambdaForm$MH+0x00000001004c6000
# instanceKlass java/lang/invoke/LambdaForm$MH+0x00000001004c5c00
# instanceKlass java/lang/invoke/LambdaForm$MH+0x00000001004c5800
# instanceKlass java/lang/invoke/LambdaForm$MH+0x00000001004c5400
instanceKlass org/jetbrains/kotlin/types/expressions/DoubleColonExpressionResolver$Companion
# instanceKlass java/lang/invoke/LambdaForm$MH+0x00000001004c5000
# instanceKlass java/lang/invoke/LambdaForm$MH+0x00000001004c4c00
# instanceKlass java/lang/invoke/LambdaForm$MH+0x00000001004c4800
# instanceKlass java/lang/invoke/LambdaForm$MH+0x00000001004c4400
# instanceKlass java/lang/invoke/LambdaForm$MH+0x00000001004c4000
# instanceKlass java/lang/invoke/LambdaForm$MH+0x00000001004c3c00
# instanceKlass java/lang/invoke/LambdaForm$MH+0x00000001004c3800
# instanceKlass java/lang/invoke/LambdaForm$MH+0x00000001004c3400
# instanceKlass java/lang/invoke/LambdaForm$MH+0x00000001004c3000
# instanceKlass java/lang/invoke/LambdaForm$MH+0x00000001004c2c00
# instanceKlass java/lang/invoke/LambdaForm$MH+0x00000001004c2800
# instanceKlass java/lang/invoke/LambdaForm$DMH+0x00000001004c2400
instanceKlass org/jetbrains/kotlin/resolve/calls/smartcasts/SmartCastManager$Companion
# instanceKlass java/lang/invoke/LambdaForm$MH+0x00000001004c2000
# instanceKlass java/lang/invoke/LambdaForm$MH+0x00000001004c1c00
# instanceKlass java/lang/invoke/LambdaForm$MH+0x00000001004c1800
# instanceKlass java/lang/invoke/LambdaForm$MH+0x00000001004c1400
# instanceKlass java/lang/invoke/LambdaForm$MH+0x00000001004c1000
# instanceKlass java/lang/invoke/LambdaForm$MH+0x00000001004c0c00
# instanceKlass java/lang/invoke/LambdaForm$MH+0x00000001004c0800
# instanceKlass java/lang/invoke/LambdaForm$MH+0x00000001004c0400
# instanceKlass java/lang/invoke/LambdaForm$MH+0x00000001004c0000
# instanceKlass java/lang/invoke/LambdaForm$MH+0x00000001004bbc00
# instanceKlass java/lang/invoke/LambdaForm$MH+0x00000001004bb800
# instanceKlass java/lang/invoke/LambdaForm$MH+0x00000001004bb400
instanceKlass org/jetbrains/kotlin/resolve/StatementFilter$Companion
instanceKlass org/jetbrains/kotlin/resolve/AnnotationChecker$Companion
# instanceKlass java/lang/invoke/LambdaForm$MH+0x00000001004bb000
# instanceKlass java/lang/invoke/LambdaForm$MH+0x00000001004bac00
# instanceKlass java/lang/invoke/LambdaForm$DMH+0x00000001004ba800
# instanceKlass java/lang/invoke/LambdaForm$MH+0x00000001004ba400
# instanceKlass java/lang/invoke/LambdaForm$DMH+0x00000001004ba000
# instanceKlass java/lang/invoke/LambdaForm$MH+0x00000001004b9c00
# instanceKlass java/lang/invoke/LambdaForm$MH+0x00000001004b9800
# instanceKlass java/lang/invoke/LambdaForm$MH+0x00000001004b9400
# instanceKlass java/lang/invoke/LambdaForm$MH+0x00000001004b9000
# instanceKlass java/lang/invoke/LambdaForm$MH+0x00000001004b8c00
# instanceKlass java/lang/invoke/LambdaForm$MH+0x00000001004b8800
# instanceKlass java/lang/invoke/LambdaForm$MH+0x00000001004b8400
# instanceKlass java/lang/invoke/LambdaForm$MH+0x00000001004b8000
# instanceKlass java/lang/invoke/LambdaForm$MH+0x00000001004b6c00
# instanceKlass java/lang/invoke/LambdaForm$DMH+0x00000001004b6800
# instanceKlass java/lang/invoke/LambdaForm$DMH+0x00000001004b6400
instanceKlass org/jetbrains/kotlin/resolve/TypeResolver$Companion
# instanceKlass java/lang/invoke/LambdaForm$MH+0x00000001004b6000
# instanceKlass java/lang/invoke/LambdaForm$MH+0x00000001004b5c00
# instanceKlass java/lang/invoke/LambdaForm$MH+0x00000001004b5800
# instanceKlass java/lang/invoke/LambdaForm$MH+0x00000001004b5400
# instanceKlass java/lang/invoke/LambdaForm$MH+0x00000001004b5000
# instanceKlass java/lang/invoke/LambdaForm$MH+0x00000001004b4c00
instanceKlass org/jetbrains/kotlin/resolve/constants/evaluate/ConstantExpressionEvaluator$Companion$ExperimentalityDiagnostic1
instanceKlass org/jetbrains/kotlin/resolve/constants/evaluate/ConstantExpressionEvaluator$Companion
instanceKlass org/jetbrains/kotlin/util/CounterWithExclude$Companion
instanceKlass org/jetbrains/kotlin/util/ReenterableCounter$Companion
# instanceKlass java/lang/invoke/LambdaForm$MH+0x00000001004b4800
# instanceKlass java/lang/invoke/LambdaForm$MH+0x00000001004b4400
# instanceKlass java/lang/invoke/LambdaForm$MH+0x00000001004b4000
instanceKlass org/jetbrains/kotlin/resolve/lazy/FileScopeFactory$DefaultImportImpl
instanceKlass org/jetbrains/kotlin/util/collectionUtils/ScopeUtilsKt
instanceKlass org/jetbrains/kotlin/builtins/jvm/CloneableClassScope$Companion
instanceKlass org/jetbrains/kotlin/descriptors/TypeParameterUtilsKt
instanceKlass org/jetbrains/kotlin/incremental/UtilsKt
instanceKlass org/jetbrains/kotlin/serialization/deserialization/descriptors/DeserializedClassDescriptor$EnumEntryClassDescriptors
instanceKlass org/jetbrains/kotlin/builtins/functions/FunctionTypeKindExtractor$Companion
instanceKlass org/jetbrains/kotlin/builtins/functions/FunctionTypeKindExtractor
instanceKlass org/jetbrains/kotlin/serialization/deserialization/descriptors/DeserializedAnnotations
instanceKlass org/jetbrains/kotlin/descriptors/impl/AbstractTypeParameterDescriptor$2
instanceKlass org/jetbrains/kotlin/descriptors/impl/AbstractTypeParameterDescriptor$1
instanceKlass org/jetbrains/kotlin/descriptors/SupertypeLoopChecker$EMPTY
instanceKlass org/jetbrains/kotlin/descriptors/ScopesHolderForClass$Companion
instanceKlass org/jetbrains/kotlin/descriptors/ScopesHolderForClass
instanceKlass org/jetbrains/kotlin/serialization/deserialization/ProtoEnumFlagsUtilsKt$WhenMappings
instanceKlass org/jetbrains/kotlin/serialization/deserialization/ProtoEnumFlagsUtilsKt
instanceKlass org/jetbrains/kotlin/serialization/deserialization/ProtoEnumFlags$WhenMappings
instanceKlass org/jetbrains/kotlin/serialization/deserialization/ProtoEnumFlags
instanceKlass org/jetbrains/kotlin/descriptors/DeserializedDescriptor
instanceKlass org/jetbrains/kotlin/serialization/deserialization/ClassDeserializer$ClassKey
instanceKlass org/jetbrains/kotlin/resolve/scopes/ChainedMemberScope$Companion
instanceKlass org/jetbrains/kotlin/resolve/scopes/ChainedMemberScope
instanceKlass org/jetbrains/kotlin/descriptors/PackageFragmentProviderKt
instanceKlass org/jetbrains/kotlin/descriptors/impl/CompositePackageFragmentProvider
instanceKlass org/jetbrains/kotlin/resolve/scopes/MemberScope$Companion
instanceKlass org/jetbrains/kotlin/resolve/scopes/DescriptorKindFilter$Companion$MaskToName
instanceKlass org/jetbrains/kotlin/resolve/scopes/DescriptorKindFilter$Companion
instanceKlass org/jetbrains/kotlin/resolve/scopes/DescriptorKindFilter
instanceKlass org/jetbrains/kotlin/resolve/scopes/AbstractScopeAdapter
instanceKlass org/jetbrains/kotlin/resolve/PlatformDependentAnalyzerServices$DefaultImportsKey
# instanceKlass java/lang/invoke/LambdaForm$MH+0x00000001004a5800
# instanceKlass java/lang/invoke/LambdaForm$MH+0x00000001004a5400
# instanceKlass java/lang/invoke/LambdaForm$MH+0x00000001004a5000
# instanceKlass java/lang/invoke/LambdaForm$MH+0x00000001004a4c00
# instanceKlass java/lang/invoke/LambdaForm$MH+0x00000001004a4800
# instanceKlass java/lang/invoke/LambdaForm$MH+0x00000001004a4400
# instanceKlass java/lang/invoke/LambdaForm$MH+0x00000001004a4000
# instanceKlass java/lang/invoke/LambdaForm$MH+0x00000001004a3c00
# instanceKlass java/lang/invoke/LambdaForm$MH+0x00000001004a3800
# instanceKlass java/lang/invoke/LambdaForm$MH+0x00000001004a3400
# instanceKlass java/lang/invoke/LambdaForm$MH+0x00000001004a3000
# instanceKlass java/lang/invoke/LambdaForm$MH+0x00000001004a2c00
instanceKlass  @bci org/jetbrains/kotlin/resolve/DescriptorResolver inferReturnTypeFromExpressionBody (Lorg/jetbrains/kotlin/resolve/BindingTrace;Lorg/jetbrains/kotlin/resolve/scopes/LexicalScope;Lorg/jetbrains/kotlin/resolve/calls/smartcasts/DataFlowInfo;Lorg/jetbrains/kotlin/psi/KtDeclarationWithBody;Lorg/jetbrains/kotlin/descriptors/FunctionDescriptor;Lorg/jetbrains/kotlin/resolve/calls/components/InferenceSession;)Lorg/jetbrains/kotlin/types/KotlinType; 62 <appendix> form vmentry <vmtarget> ; # java/lang/invoke/LambdaForm$DMH+0x00000001004a2800
instanceKlass org/jetbrains/kotlin/resolve/QualifiedExpressionResolver$Companion
# instanceKlass java/lang/invoke/LambdaForm$MH+0x00000001004a2400
# instanceKlass java/lang/invoke/LambdaForm$MH+0x00000001004a2000
# instanceKlass java/lang/invoke/LambdaForm$MH+0x00000001004a1c00
# instanceKlass java/lang/invoke/LambdaForm$MH+0x00000001004a1800
# instanceKlass java/lang/invoke/LambdaForm$MH+0x00000001004a1400
instanceKlass org/jetbrains/kotlin/container/MethodBinding
instanceKlass org/jetbrains/kotlin/resolve/extensions/SyntheticResolveExtension$Companion$getInstance$1
instanceKlass  @bci org/jetbrains/kotlin/resolve/lazy/ResolveSession <init> (Lorg/jetbrains/kotlin/com/intellij/openapi/project/Project;Lorg/jetbrains/kotlin/context/GlobalContext;Lorg/jetbrains/kotlin/descriptors/ModuleDescriptor;Lorg/jetbrains/kotlin/resolve/lazy/declarations/DeclarationProviderFactory;Lorg/jetbrains/kotlin/resolve/BindingTrace;Lorg/jetbrains/kotlin/types/checker/NewKotlinTypeChecker;)V 166 <appendix> member <vmtarget> ; # org/jetbrains/kotlin/resolve/lazy/ResolveSession$$Lambda+0x000000010049eb30
instanceKlass  @bci org/jetbrains/kotlin/resolve/lazy/ResolveSession <init> (Lorg/jetbrains/kotlin/com/intellij/openapi/project/Project;Lorg/jetbrains/kotlin/context/GlobalContext;Lorg/jetbrains/kotlin/descriptors/ModuleDescriptor;Lorg/jetbrains/kotlin/resolve/lazy/declarations/DeclarationProviderFactory;Lorg/jetbrains/kotlin/resolve/BindingTrace;Lorg/jetbrains/kotlin/types/checker/NewKotlinTypeChecker;)V 147 <appendix> member <vmtarget> ; # org/jetbrains/kotlin/resolve/lazy/ResolveSession$$Lambda+0x000000010049e8d8
instanceKlass org/jetbrains/kotlin/resolve/lazy/descriptors/LazyAnnotations
instanceKlass org/jetbrains/kotlin/resolve/lazy/ResolveSession$1
instanceKlass org/jetbrains/kotlin/storage/LockBasedLazyResolveStorageManager$LockProtectedContext
instanceKlass org/jetbrains/kotlin/storage/LockBasedLazyResolveStorageManager$LockProtectedTrace
instanceKlass org/jetbrains/kotlin/storage/LockBasedLazyResolveStorageManager
# instanceKlass java/lang/invoke/LambdaForm$MH+0x00000001004a1000
# instanceKlass java/lang/invoke/LambdaForm$MH+0x00000001004a0c00
# instanceKlass java/lang/invoke/LambdaForm$MH+0x00000001004a0800
# instanceKlass java/lang/invoke/LambdaForm$MH+0x00000001004a0400
# instanceKlass java/lang/invoke/LambdaForm$MH+0x00000001004a0000
# instanceKlass java/lang/invoke/LambdaForm$MH+0x000000010049bc00
# instanceKlass java/lang/invoke/LambdaForm$MH+0x000000010049b800
instanceKlass  @bci org/jetbrains/kotlin/resolve/calls/CallResolver resolveCallWithKnownCandidate (Lorg/jetbrains/kotlin/psi/Call;Lorg/jetbrains/kotlin/resolve/calls/tasks/TracingStrategy;Lorg/jetbrains/kotlin/resolve/calls/context/ResolutionContext;Lorg/jetbrains/kotlin/resolve/calls/tasks/OldResolutionCandidate;Lorg/jetbrains/kotlin/resolve/calls/model/MutableDataFlowInfoForArguments;)Lorg/jetbrains/kotlin/resolve/calls/results/OverloadResolutionResults; 48 <appendix> form vmentry <vmtarget> ; # java/lang/invoke/LambdaForm$DMH+0x000000010049b400
instanceKlass org/jetbrains/kotlin/resolve/checkers/OptInNames
instanceKlass org/jetbrains/kotlin/resolve/checkers/OptInUsageChecker$OptInFactoryBasedReporter
instanceKlass org/jetbrains/kotlin/resolve/checkers/OptInUsageChecker$OptInDiagnosticReporter
instanceKlass org/jetbrains/kotlin/resolve/checkers/OptInUsageChecker$Companion
# instanceKlass java/lang/invoke/LambdaForm$MH+0x000000010049b000
# instanceKlass java/lang/invoke/LambdaForm$MH+0x000000010049ac00
# instanceKlass java/lang/invoke/LambdaForm$MH+0x000000010049a800
# instanceKlass java/lang/invoke/LambdaForm$MH+0x000000010049a400
# instanceKlass java/lang/invoke/LambdaForm$MH+0x000000010049a000
instanceKlass  @bci org/jetbrains/kotlin/psi2ir/generators/ReflectionReferencesGenerator generateCallableReference (Lorg/jetbrains/kotlin/psi/KtCallableReferenceExpression;)Lorg/jetbrains/kotlin/ir/expressions/IrExpression; 175 <appendix> form vmentry <vmtarget> ; # java/lang/invoke/LambdaForm$DMH+0x0000000100499c00
instanceKlass org/jetbrains/kotlin/resolve/checkers/ExpectedActualDeclarationChecker$Companion
instanceKlass org/jetbrains/kotlin/resolve/jvm/checkers/InlinePlatformCompatibilityChecker$Companion
instanceKlass org/jetbrains/kotlin/resolve/LanguageVersionSettingsProvider$Companion
instanceKlass org/jetbrains/kotlin/resolve/LanguageVersionSettingsProvider
instanceKlass org/jetbrains/kotlin/synthetic/SyntheticScopeProviderExtension
instanceKlass org/jetbrains/kotlin/resolve/scopes/SyntheticScope$Default
instanceKlass org/jetbrains/kotlin/resolve/scopes/SyntheticScope
# instanceKlass java/lang/invoke/LambdaForm$MH+0x0000000100499800
instanceKlass java/lang/invoke/MethodHandleImpl$ArrayAccessor
instanceKlass java/lang/invoke/MethodHandleImpl$LoopClauses
instanceKlass java/lang/invoke/MethodHandleImpl$CasesHolder
# instanceKlass java/lang/invoke/LambdaForm$MH+0x0000000100499400
# instanceKlass java/lang/invoke/LambdaForm$DMH+0x0000000100499000
# instanceKlass java/lang/invoke/LambdaForm$MH+0x0000000100498c00
# instanceKlass java/lang/invoke/LambdaForm$MH+0x0000000100498800
# instanceKlass java/lang/invoke/LambdaForm$MH+0x0000000100498400
# instanceKlass java/lang/invoke/LambdaForm$MH+0x0000000100498000
# instanceKlass java/lang/invoke/LambdaForm$MH+0x0000000100497c00
# instanceKlass java/lang/invoke/LambdaForm$MH+0x0000000100497800
# instanceKlass java/lang/invoke/LambdaForm$MH+0x0000000100497400
# instanceKlass java/lang/invoke/LambdaForm$MH+0x0000000100497000
# instanceKlass java/lang/invoke/LambdaForm$DMH+0x0000000100496c00
# instanceKlass java/lang/invoke/LambdaForm$MH+0x0000000100496800
# instanceKlass java/lang/invoke/LambdaForm$MH+0x0000000100496400
# instanceKlass java/lang/invoke/LambdaForm$MH+0x0000000100496000
instanceKlass org/jetbrains/kotlin/resolve/deprecation/DeprecationResolver$Companion
instanceKlass org/jetbrains/kotlin/container/IterableDescriptor
instanceKlass  @bci jdk/internal/reflect/DirectConstructorHandleAccessor invokeImpl ([Ljava/lang/Object;)Ljava/lang/Object; 88 <adapter> ; # java/lang/invoke/LambdaForm$MH+0x0000000100495c00
# instanceKlass java/lang/invoke/LambdaForm$MH+0x0000000100495800
# instanceKlass java/lang/invoke/LambdaForm$MH+0x0000000100495400
# instanceKlass java/lang/invoke/LambdaForm$MH+0x0000000100495000
instanceKlass org/jetbrains/kotlin/builtins/ReflectionTypes$ClassLookup
instanceKlass org/jetbrains/kotlin/builtins/ReflectionTypes$Companion
# instanceKlass java/lang/invoke/LambdaForm$MH+0x0000000100494c00
# instanceKlass java/lang/invoke/LambdaForm$MH+0x0000000100494800
instanceKlass org/jetbrains/kotlin/resolve/jvm/checkers/JavaNullabilityChecker$Companion
# instanceKlass java/lang/invoke/LambdaForm$MH+0x0000000100494400
# instanceKlass java/lang/invoke/LambdaForm$MH+0x0000000100494000
instanceKlass org/jetbrains/kotlin/container/ConstructorBinding
instanceKlass org/jetbrains/kotlin/container/ResolveKt
instanceKlass org/jetbrains/kotlin/container/SingletonDescriptor$WhenMappings
instanceKlass org/jetbrains/kotlin/load/kotlin/MemberSignature
instanceKlass org/jetbrains/kotlin/load/kotlin/AbstractBinaryClassAnnotationLoader$AnnotationsContainer
instanceKlass org/jetbrains/kotlin/serialization/deserialization/ProtoContainer
instanceKlass org/jetbrains/kotlin/load/java/typeEnhancement/JavaTypeEnhancement
instanceKlass org/jetbrains/kotlin/load/java/JavaTypeQualifiersByElementType
instanceKlass org/jetbrains/kotlin/load/java/typeEnhancement/NullabilityQualifierWithMigrationStatus
instanceKlass org/jetbrains/kotlin/serialization/deserialization/ClassData
instanceKlass org/jetbrains/kotlin/load/kotlin/KotlinJvmBinaryClass
instanceKlass org/jetbrains/kotlin/load/java/typeEnhancement/SignatureEnhancement
instanceKlass org/jetbrains/kotlin/load/kotlin/DeserializedDescriptorResolver
instanceKlass org/jetbrains/kotlin/load/java/lazy/JavaResolverComponents
instanceKlass org/jetbrains/kotlin/resolve/inline/ReasonableInlineRule
instanceKlass org/jetbrains/kotlin/resolve/AnalyzerExtensions
instanceKlass org/jetbrains/kotlin/resolve/ControlFlowAnalyzer
instanceKlass org/jetbrains/kotlin/com/intellij/psi/templateLanguages/OuterLanguageElement
instanceKlass org/jetbrains/kotlin/com/intellij/psi/PsiPlainTextFile
instanceKlass org/jetbrains/kotlin/com/intellij/psi/PsiErrorElement
instanceKlass org/jetbrains/kotlin/resolve/calls/context/CallPosition
instanceKlass org/jetbrains/kotlin/builtins/PlatformSpecificCastChecker$Default
instanceKlass org/jetbrains/kotlin/resolve/DeclarationsChecker
instanceKlass org/jetbrains/kotlin/resolve/calls/context/TemporaryTraceAndCache
instanceKlass org/jetbrains/kotlin/types/expressions/FakeCallResolver$RealExpression
instanceKlass org/jetbrains/kotlin/resolve/ModifiersChecker$ModifiersCheckingProcedure
instanceKlass org/jetbrains/kotlin/types/expressions/ClassLiteralChecker
instanceKlass org/jetbrains/kotlin/resolve/calls/inference/components/TypeVariableDependencyInformationProvider
instanceKlass org/jetbrains/kotlin/resolve/calls/inference/components/VariableFixationFinder$VariableForFixation
instanceKlass org/jetbrains/kotlin/resolve/calls/inference/model/VariableWithConstraints
instanceKlass org/jetbrains/kotlin/resolve/calls/inference/components/ConstraintSystemCompletionContext
instanceKlass org/jetbrains/kotlin/resolve/calls/inference/components/VariableFixationFinder$Context
instanceKlass org/jetbrains/kotlin/resolve/calls/inference/components/ResultTypeResolver$Context
instanceKlass org/jetbrains/kotlin/resolve/calls/inference/components/PostponedArgumentInputTypesResolver
instanceKlass org/jetbrains/kotlin/resolve/calls/inference/components/VariableFixationFinder
instanceKlass org/jetbrains/kotlin/resolve/calls/components/PostponedArgumentsAnalyzer$SubstitutorAndStubsForLambdaAnalysis
instanceKlass org/jetbrains/kotlin/resolve/calls/components/ReturnArgumentsAnalysisResult
instanceKlass org/jetbrains/kotlin/resolve/calls/components/PostponedArgumentsAnalyzerContext
instanceKlass org/jetbrains/kotlin/resolve/calls/tower/CandidateFactory
instanceKlass org/jetbrains/kotlin/resolve/calls/model/KotlinDiagnosticsHolder$SimpleHolder
instanceKlass org/jetbrains/kotlin/resolve/calls/inference/model/ConstraintStorage
instanceKlass org/jetbrains/kotlin/resolve/calls/components/KotlinCallCompleter
instanceKlass org/jetbrains/kotlin/resolve/calls/tower/NewAbstractResolvedCall
instanceKlass org/jetbrains/kotlin/resolve/calls/components/AdditionalDiagnosticReporter
instanceKlass org/jetbrains/kotlin/resolve/calls/tower/PSIKotlinCallArgument
instanceKlass org/jetbrains/kotlin/resolve/calls/tower/KotlinResolutionCallbacksImpl
instanceKlass org/jetbrains/kotlin/resolve/calls/inference/components/ResultTypeResolver
instanceKlass org/jetbrains/kotlin/resolve/calls/inference/components/KotlinConstraintSystemCompleter
instanceKlass org/jetbrains/kotlin/resolve/calls/components/PostponedArgumentsAnalyzer
instanceKlass org/jetbrains/kotlin/resolve/calls/KotlinCallResolver
instanceKlass org/jetbrains/kotlin/resolve/calls/tower/KotlinToResolvedCallTransformer
instanceKlass org/jetbrains/kotlin/resolve/calls/inference/components/NewTypeSubstitutor
instanceKlass org/jetbrains/kotlin/resolve/scopes/receivers/ReceiverValueWithSmartCastInfo
instanceKlass org/jetbrains/kotlin/resolve/calls/tower/ImplicitsExtensionsResolutionFilter$Default
instanceKlass org/jetbrains/kotlin/resolve/calls/tower/TowerData
instanceKlass org/jetbrains/kotlin/resolve/calls/tower/TowerResolver$ResultCollector
instanceKlass org/jetbrains/kotlin/resolve/calls/tower/ScopeTowerProcessor
instanceKlass org/jetbrains/kotlin/resolve/calls/model/ResolvedAtom
instanceKlass org/jetbrains/kotlin/resolve/calls/model/ResolvedCallableReferenceAtom
instanceKlass org/jetbrains/kotlin/resolve/calls/inference/ConstraintSystemBuilder
instanceKlass org/jetbrains/kotlin/resolve/calls/inference/ConstraintSystemOperation
instanceKlass org/jetbrains/kotlin/resolve/calls/results/OverloadingConflictResolver
instanceKlass org/jetbrains/kotlin/types/TypeApproximatorConfiguration
instanceKlass org/jetbrains/kotlin/resolve/calls/inference/model/Constraint
instanceKlass org/jetbrains/kotlin/resolve/calls/inference/components/ConstraintIncorporator$Context
instanceKlass org/jetbrains/kotlin/resolve/calls/inference/components/TrivialConstraintTypeInferenceOracle
instanceKlass org/jetbrains/kotlin/resolve/calls/inference/components/ConstraintInjector$Context
instanceKlass org/jetbrains/kotlin/resolve/calls/inference/components/ConstraintIncorporator
instanceKlass org/jetbrains/kotlin/resolve/calls/components/TypeArgumentsToParametersMapper$TypeArgumentsMapping
instanceKlass org/jetbrains/kotlin/resolve/calls/components/ArgumentsToParametersMapper$ArgumentMapping
instanceKlass org/jetbrains/kotlin/resolve/calls/components/CallableReferenceArgumentResolver
instanceKlass org/jetbrains/kotlin/resolve/calls/components/TypeArgumentsToParametersMapper
instanceKlass org/jetbrains/kotlin/resolve/calls/components/ArgumentsToParametersMapper
instanceKlass org/jetbrains/kotlin/resolve/calls/model/MutableResolvedCall
instanceKlass org/jetbrains/kotlin/resolve/calls/inference/ConstraintSystem$Builder
instanceKlass org/jetbrains/kotlin/resolve/calls/CandidateResolver$ValueArgumentsCheckingResult
instanceKlass org/jetbrains/kotlin/resolve/calls/results/OverloadResolutionResultsImpl
instanceKlass org/jetbrains/kotlin/resolve/calls/tower/ImplicitsExtensionsResolutionFilter
instanceKlass org/jetbrains/kotlin/resolve/calls/inference/BuilderInferenceSupport
instanceKlass org/jetbrains/kotlin/resolve/calls/results/ResolutionResultsHandler
instanceKlass org/jetbrains/kotlin/resolve/calls/tower/TowerResolver
instanceKlass org/jetbrains/kotlin/resolve/calls/CandidateResolver
instanceKlass org/jetbrains/kotlin/resolve/calls/CallCompleter
instanceKlass org/jetbrains/kotlin/resolve/calls/tower/PSICallResolver
instanceKlass org/jetbrains/kotlin/resolve/scopes/receivers/ExpressionReceiver
instanceKlass org/jetbrains/kotlin/resolve/calls/GenericCandidateResolver
instanceKlass org/jetbrains/kotlin/resolve/calls/model/MutableDataFlowInfoForArguments
instanceKlass org/jetbrains/kotlin/resolve/calls/model/DataFlowInfoForArguments
instanceKlass org/jetbrains/kotlin/resolve/calls/tasks/OldResolutionCandidate
instanceKlass org/jetbrains/kotlin/resolve/calls/tower/NewResolutionOldInference
instanceKlass org/jetbrains/kotlin/resolve/DelegatingBindingTrace
instanceKlass org/jetbrains/kotlin/resolve/calls/tasks/TracingStrategy
instanceKlass org/jetbrains/kotlin/resolve/calls/tower/NewResolutionOldInference$ResolutionKind
instanceKlass org/jetbrains/kotlin/types/expressions/DoubleColonExpressionResolver$ResolutionResultsAndTraceCommitCallback
instanceKlass org/jetbrains/kotlin/types/expressions/DoubleColonLHS
instanceKlass org/jetbrains/kotlin/types/FunctionPlaceholders
instanceKlass org/jetbrains/kotlin/resolve/calls/ArgumentTypeResolver
instanceKlass org/jetbrains/kotlin/resolve/calls/smartcasts/SmartCastResult
instanceKlass org/jetbrains/kotlin/resolve/constants/CompileTimeConstant
instanceKlass org/jetbrains/kotlin/com/intellij/openapi/util/Ref
instanceKlass org/jetbrains/kotlin/resolve/calls/smartcasts/SmartCastManager
instanceKlass org/jetbrains/kotlin/resolve/calls/smartcasts/ConditionalDataFlowInfo
instanceKlass org/jetbrains/kotlin/resolve/calls/checkers/RttiExpressionChecker
instanceKlass kotlin/reflect/jvm/internal/pcollections/ConsPStack$Itr
instanceKlass org/jetbrains/kotlin/resolve/calls/model/KotlinCallComponents
instanceKlass org/jetbrains/kotlin/resolve/CollectionLiteralResolver
instanceKlass org/jetbrains/kotlin/resolve/MissingSupertypesResolver
instanceKlass org/jetbrains/kotlin/builtins/PlatformSpecificCastChecker
instanceKlass org/jetbrains/kotlin/resolve/DeclarationsCheckerBuilder
instanceKlass org/jetbrains/kotlin/types/expressions/DoubleColonExpressionResolver
instanceKlass org/jetbrains/kotlin/types/expressions/ForLoopConventionsChecker
instanceKlass org/jetbrains/kotlin/types/expressions/ControlStructureTypingUtils
instanceKlass org/jetbrains/kotlin/resolve/calls/CallExpressionResolver
instanceKlass org/jetbrains/kotlin/types/expressions/ValueParameterResolver
instanceKlass org/jetbrains/kotlin/types/expressions/FakeCallResolver
instanceKlass org/jetbrains/kotlin/types/expressions/LocalClassifierAnalyzer
instanceKlass org/jetbrains/kotlin/resolve/LocalVariableResolver
instanceKlass org/jetbrains/kotlin/types/expressions/DataFlowAnalyzer
instanceKlass org/jetbrains/kotlin/contracts/EffectSystem
instanceKlass org/jetbrains/kotlin/resolve/calls/tower/KotlinResolutionCallbacksImpl$LambdaInfo
instanceKlass org/jetbrains/kotlin/types/expressions/KotlinTypeInfo
instanceKlass org/jetbrains/kotlin/resolve/StatementFilter
instanceKlass org/jetbrains/kotlin/resolve/AnnotationChecker
instanceKlass org/jetbrains/kotlin/types/expressions/ExpressionTypingComponents
instanceKlass org/jetbrains/kotlin/types/expressions/ExpressionTypingInternals
instanceKlass org/jetbrains/kotlin/types/expressions/ExpressionTypingFacade
instanceKlass org/jetbrains/kotlin/resolve/DelegatedPropertyResolver
instanceKlass org/jetbrains/kotlin/resolve/scopes/LexicalScopeStorage
instanceKlass org/jetbrains/kotlin/resolve/DeclarationSignatureAnonymousTypeTransformer
instanceKlass org/jetbrains/kotlin/types/AbstractTypeApproximator
instanceKlass org/jetbrains/kotlin/types/expressions/DestructuringDeclarationResolver
instanceKlass org/jetbrains/kotlin/resolve/VariableTypeAndInitializerResolver
instanceKlass org/jetbrains/kotlin/resolve/scopes/LocalRedeclarationChecker
instanceKlass org/jetbrains/kotlin/types/SubtypingRepresentatives
instanceKlass org/jetbrains/kotlin/resolve/PossiblyBareType
instanceKlass org/jetbrains/kotlin/resolve/TypeResolutionContext
instanceKlass org/jetbrains/kotlin/descriptors/TypeAliasDescriptor
instanceKlass org/jetbrains/kotlin/mpp/TypeAliasSymbolMarker
instanceKlass org/jetbrains/kotlin/resolve/calls/tasks/DynamicCallableDescriptors
instanceKlass org/jetbrains/kotlin/types/expressions/ExpressionTypingServices
instanceKlass org/jetbrains/kotlin/contracts/parsing/ContractParsingServices
instanceKlass org/jetbrains/kotlin/resolve/OverloadChecker
instanceKlass org/jetbrains/kotlin/resolve/ModifiersChecker
instanceKlass org/jetbrains/kotlin/resolve/checkers/PlatformDiagnosticSuppressor$Default
instanceKlass org/jetbrains/kotlin/resolve/scopes/optimization/OptimizingOptions$Default
instanceKlass org/jetbrains/kotlin/incremental/KotlinLookupLocation
instanceKlass org/jetbrains/kotlin/resolve/QualifiedExpressionResolver$QualifiedExpressionResolveResult
instanceKlass org/jetbrains/kotlin/resolve/QualifiedExpressionResolver$TypeQualifierResolutionResult
instanceKlass org/jetbrains/kotlin/resolve/scopes/receivers/Qualifier
instanceKlass org/jetbrains/kotlin/resolve/scopes/receivers/QualifierReceiver
instanceKlass org/jetbrains/kotlin/resolve/scopes/receivers/DetailedReceiver
instanceKlass org/jetbrains/kotlin/resolve/QualifiedExpressionResolver$QualifierPart
instanceKlass org/jetbrains/kotlin/resolve/scopes/optimization/OptimizingOptions
instanceKlass org/jetbrains/kotlin/resolve/lazy/FileScopeFactory$DefaultImportResolvers
instanceKlass org/jetbrains/kotlin/resolve/lazy/FileScopeFactory$DummyContainerDescriptor
instanceKlass org/jetbrains/kotlin/resolve/scopes/ImportingScope
instanceKlass org/jetbrains/kotlin/resolve/lazy/ImportResolutionComponents
instanceKlass org/jetbrains/kotlin/resolve/lazy/FileScopeFactory
instanceKlass org/jetbrains/kotlin/resolve/lazy/FileScopeProviderImpl
instanceKlass org/jetbrains/kotlin/resolve/lazy/FileScopes
instanceKlass org/jetbrains/kotlin/resolve/lazy/ImportForceResolver
instanceKlass org/jetbrains/kotlin/resolve/ModuleStructureOracle$SingleModule
instanceKlass org/jetbrains/kotlin/resolve/sam/SamWithReceiverResolver
instanceKlass org/jetbrains/kotlin/resolve/deprecation/DeprecationResolver$DeprecationInfo
instanceKlass org/jetbrains/kotlin/psi/Call
instanceKlass org/jetbrains/kotlin/cfg/ControlFlowInformationProvider
instanceKlass org/jetbrains/kotlin/idea/MainFunctionDetector
instanceKlass org/jetbrains/kotlin/load/java/AbstractAnnotationTypeQualifierResolver
instanceKlass org/jetbrains/kotlin/resolve/jvm/modules/JavaModuleResolver$AccessError
instanceKlass org/jetbrains/kotlin/resolve/jvm/modules/JavaModule$Explicit
instanceKlass org/jetbrains/kotlin/resolve/jvm/modules/JavaModule
instanceKlass org/jetbrains/kotlin/load/java/descriptors/JavaClassDescriptor
instanceKlass org/jetbrains/kotlin/mpp/MppJavaImplicitActualizatorMarker
instanceKlass org/jetbrains/kotlin/builtins/jvm/JvmBuiltIns$Settings
instanceKlass org/jetbrains/kotlin/load/java/sources/JavaSourceElement
instanceKlass org/jetbrains/kotlin/descriptors/SimpleFunctionDescriptor
instanceKlass org/jetbrains/kotlin/mpp/SimpleFunctionSymbolMarker
instanceKlass org/jetbrains/kotlin/load/java/structure/JavaPackage
instanceKlass org/jetbrains/kotlin/load/java/JavaClassFinder$Request
instanceKlass org/jetbrains/kotlin/load/java/lazy/LazyJavaResolverContext
instanceKlass org/jetbrains/kotlin/load/java/components/SignaturePropagator$PropagatedSignature
instanceKlass org/jetbrains/kotlin/load/java/structure/JavaMethod
instanceKlass org/jetbrains/kotlin/load/java/structure/JavaField
instanceKlass org/jetbrains/kotlin/load/java/structure/JavaMember
instanceKlass org/jetbrains/kotlin/load/kotlin/AbstractBinaryClassAnnotationLoader
instanceKlass org/jetbrains/kotlin/load/kotlin/JavaClassDataFinder
instanceKlass org/jetbrains/kotlin/load/java/lazy/LazyJavaPackageFragmentProvider
instanceKlass org/jetbrains/kotlin/load/kotlin/KotlinClassFinder$Result
instanceKlass org/jetbrains/kotlin/resolve/lazy/data/KtClassLikeInfo
instanceKlass org/jetbrains/kotlin/com/intellij/openapi/module/Module
instanceKlass org/jetbrains/kotlin/resolve/calls/model/ResolvedValueArgument
instanceKlass org/jetbrains/kotlin/resolve/calls/results/OverloadResolutionResults
instanceKlass org/jetbrains/kotlin/resolve/scopes/LexicalScope
instanceKlass org/jetbrains/kotlin/resolve/scopes/HierarchicalScope
instanceKlass org/jetbrains/kotlin/resolve/constants/evaluate/ConstantExpressionEvaluator
instanceKlass org/jetbrains/kotlin/resolve/calls/CallResolver
instanceKlass org/jetbrains/kotlin/resolve/TopDownAnalysisContext
instanceKlass org/jetbrains/kotlin/resolve/BodiesResolveContext
instanceKlass org/jetbrains/kotlin/resolve/calls/smartcasts/DataFlowInfo
instanceKlass org/jetbrains/kotlin/resolve/FilePreprocessor
instanceKlass org/jetbrains/kotlin/resolve/QualifiedExpressionResolver
instanceKlass org/jetbrains/kotlin/resolve/BodyResolver
instanceKlass org/jetbrains/kotlin/resolve/VarianceChecker
instanceKlass org/jetbrains/kotlin/resolve/OverloadResolver
instanceKlass org/jetbrains/kotlin/resolve/OverrideResolver
instanceKlass org/jetbrains/kotlin/resolve/DeclarationResolver
instanceKlass org/jetbrains/kotlin/container/SetterInfo
instanceKlass org/jetbrains/kotlin/javax/inject/Inject
instanceKlass org/jetbrains/kotlin/resolve/TypeResolver
instanceKlass org/jetbrains/kotlin/resolve/lazy/FileScopeProvider
instanceKlass org/jetbrains/kotlin/resolve/calls/components/InferenceSession
instanceKlass org/jetbrains/kotlin/descriptors/ClassDescriptorWithResolutionScopes
instanceKlass org/jetbrains/kotlin/resolve/lazy/LazyDeclarationResolver
instanceKlass org/jetbrains/kotlin/resolve/DescriptorResolver
instanceKlass org/jetbrains/kotlin/resolve/lazy/DeclarationScopeProviderImpl
instanceKlass org/jetbrains/kotlin/resolve/FunctionDescriptorResolver
instanceKlass org/jetbrains/kotlin/resolve/lazy/LazyEntity
instanceKlass org/jetbrains/kotlin/resolve/lazy/descriptors/LazyAnnotationsContext
instanceKlass org/jetbrains/kotlin/resolve/lazy/DeclarationScopeProvider
instanceKlass org/jetbrains/kotlin/storage/LazyResolveStorageManager
instanceKlass org/jetbrains/kotlin/incremental/components/Position
instanceKlass org/jetbrains/kotlin/resolve/calls/inference/model/ConstraintPosition
instanceKlass org/jetbrains/kotlin/resolve/calls/inference/model/OnlyInputTypeConstraintPosition
instanceKlass org/jetbrains/kotlin/resolve/calls/model/PostponedAtomWithRevisableExpectedType
instanceKlass org/jetbrains/kotlin/resolve/calls/model/PostponedResolvedAtomMarker
instanceKlass org/jetbrains/kotlin/types/model/ObsoleteTypeKind
instanceKlass org/jetbrains/kotlin/resolve/checkers/EmptyIntersectionTypeInfo
instanceKlass org/jetbrains/kotlin/types/model/DynamicTypeMarker
instanceKlass org/jetbrains/kotlin/builtins/functions/FunctionTypeKind
instanceKlass org/jetbrains/kotlin/types/TypeCheckerState$SupertypesPolicy
instanceKlass org/jetbrains/kotlin/types/model/TypeVariableMarker
instanceKlass org/jetbrains/kotlin/types/model/TypeVariableTypeConstructorMarker
instanceKlass org/jetbrains/kotlin/types/model/StubTypeMarker
instanceKlass org/jetbrains/kotlin/types/model/CapturedTypeConstructorMarker
instanceKlass org/jetbrains/kotlin/types/model/CapturedTypeMarker
instanceKlass org/jetbrains/kotlin/types/model/FlexibleTypeMarker
instanceKlass org/jetbrains/kotlin/types/model/DefinitelyNotNullTypeMarker
instanceKlass org/jetbrains/kotlin/resolve/checkers/OptInUsageChecker$OptInReporterMultiplexer
instanceKlass org/jetbrains/kotlin/resolve/calls/model/SimpleKotlinCallArgument
instanceKlass org/jetbrains/kotlin/resolve/calls/model/ReceiverKotlinCallArgument
instanceKlass org/jetbrains/kotlin/resolve/calls/tower/ImplicitScopeTower
instanceKlass org/jetbrains/kotlin/resolve/calls/model/CallableReferenceKotlinCallArgument
instanceKlass org/jetbrains/kotlin/resolve/calls/model/PostponableKotlinCallArgument
instanceKlass org/jetbrains/kotlin/resolve/calls/model/CallableReferenceResolutionAtom
instanceKlass org/jetbrains/kotlin/resolve/calls/model/KotlinCallArgument
instanceKlass org/jetbrains/kotlin/resolve/calls/components/KotlinResolutionCallbacks
instanceKlass org/jetbrains/kotlin/resolve/calls/components/candidate/ResolutionCandidate
instanceKlass org/jetbrains/kotlin/resolve/calls/tower/Candidate
instanceKlass org/jetbrains/kotlin/resolve/calls/model/KotlinDiagnosticsHolder
instanceKlass org/jetbrains/kotlin/resolve/calls/model/KotlinCall
instanceKlass org/jetbrains/kotlin/resolve/calls/model/ResolutionAtom
instanceKlass org/jetbrains/kotlin/resolve/calls/results/SimpleConstraintSystem
instanceKlass org/jetbrains/kotlin/resolve/calls/inference/components/ConstraintInjector
instanceKlass org/jetbrains/kotlin/types/TypeCheckerState
instanceKlass androidx/compose/compiler/plugins/kotlin/k1/InferenceNode
instanceKlass org/jetbrains/kotlin/resolve/ModuleStructureOracle
instanceKlass org/jetbrains/kotlin/descriptors/ValueParameterDescriptor
instanceKlass org/jetbrains/kotlin/mpp/ValueParameterSymbolMarker
instanceKlass org/jetbrains/kotlin/resolve/deprecation/DeprecationResolver
instanceKlass org/jetbrains/kotlin/builtins/ReflectionTypes
instanceKlass org/jetbrains/kotlin/resolve/calls/smartcasts/DataFlowValue
instanceKlass org/jetbrains/kotlin/resolve/UpperBoundViolatedReporter
instanceKlass org/jetbrains/kotlin/types/TypeSubstitutor
instanceKlass org/jetbrains/kotlin/types/model/TypeSubstitutorMarker
instanceKlass org/jetbrains/kotlin/descriptors/TypeParameterDescriptor
instanceKlass org/jetbrains/kotlin/types/model/TypeParameterMarker
instanceKlass org/jetbrains/kotlin/mpp/TypeParameterSymbolMarker
instanceKlass java/lang/reflect/WildcardType
instanceKlass sun/reflect/generics/tree/MethodTypeSignature
instanceKlass sun/reflect/generics/tree/VoidDescriptor
instanceKlass sun/reflect/generics/tree/Wildcard
instanceKlass sun/reflect/generics/tree/BottomSignature
instanceKlass org/jetbrains/kotlin/diagnostics/DiagnosticSink$DiagnosticsCallback
instanceKlass org/jetbrains/kotlin/com/intellij/util/xmlb/annotations/Transient
instanceKlass java/lang/Deprecated
instanceKlass org/jetbrains/kotlin/com/intellij/util/messages/ListenerDescriptor
instanceKlass kotlin/ReplaceWith
instanceKlass kotlin/Deprecated
instanceKlass org/jetbrains/kotlin/cfg/ControlFlowInformationProviderImpl$Factory
instanceKlass org/jetbrains/kotlin/cfg/ControlFlowInformationProvider$Factory
instanceKlass org/jetbrains/kotlin/idea/MainFunctionDetector$Factory$Ordinary
instanceKlass org/jetbrains/kotlin/idea/MainFunctionDetector$Factory
instanceKlass org/jetbrains/kotlin/resolve/lazy/BasicAbsentDescriptorHandler
instanceKlass org/jetbrains/kotlin/resolve/lazy/CompilerLocalDescriptorResolver
instanceKlass org/jetbrains/kotlin/resolve/lazy/LocalDescriptorResolver
instanceKlass org/jetbrains/kotlin/resolve/BodyResolveCache$ThrowException
instanceKlass org/jetbrains/kotlin/resolve/BodyResolveCache
instanceKlass org/jetbrains/kotlin/resolve/jvm/JvmDiagnosticComponents
instanceKlass org/jetbrains/kotlin/platform/PlatformSpecificDiagnosticComponents
instanceKlass org/jetbrains/kotlin/load/java/components/FilesByFacadeFqNameIndexer
instanceKlass org/jetbrains/kotlin/resolve/FilePreprocessorExtension
instanceKlass org/jetbrains/kotlin/resolve/jvm/modules/JavaModuleResolver$SERVICE
instanceKlass org/jetbrains/kotlin/load/java/lazy/JavaResolverSettings$Companion$create$1
instanceKlass org/jetbrains/kotlin/load/java/lazy/JavaResolverSettings$Companion
instanceKlass org/jetbrains/kotlin/load/java/lazy/JavaResolverSettings
instanceKlass org/jetbrains/kotlin/load/java/JavaClassesTracker$Default
instanceKlass org/jetbrains/kotlin/load/java/JavaClassesTracker
instanceKlass org/jetbrains/kotlin/resolve/jvm/multiplatform/OptionalAnnotationPackageFragmentProvider
instanceKlass org/jetbrains/kotlin/serialization/deserialization/AbstractDeserializedPackageFragmentProvider
instanceKlass org/jetbrains/kotlin/load/java/components/JavaSourceElementFactoryImpl
instanceKlass org/jetbrains/kotlin/load/java/sources/JavaSourceElementFactory
instanceKlass org/jetbrains/kotlin/load/java/components/AbstractJavaResolverCache
instanceKlass org/jetbrains/kotlin/load/java/components/JavaResolverCache
instanceKlass org/jetbrains/kotlin/load/java/AbstractJavaClassFinder
instanceKlass org/jetbrains/kotlin/load/java/JavaClassFinder
instanceKlass org/jetbrains/kotlin/resolve/jvm/CompositeSyntheticJavaPartsProvider
instanceKlass org/jetbrains/kotlin/resolve/jvm/SyntheticJavaPartsProvider$Companion
instanceKlass org/jetbrains/kotlin/resolve/jvm/SyntheticJavaPartsProvider
instanceKlass org/jetbrains/kotlin/load/java/components/JavaDeprecationSettings
instanceKlass org/jetbrains/kotlin/resolve/deprecation/DeprecationSettings
instanceKlass org/jetbrains/kotlin/resolve/TypeResolver$TypeTransformerForTests
instanceKlass org/jetbrains/kotlin/load/java/components/TraceBasedErrorReporter
instanceKlass org/jetbrains/kotlin/load/java/components/SignaturePropagatorImpl
instanceKlass org/jetbrains/kotlin/load/java/components/SignaturePropagator
instanceKlass org/jetbrains/kotlin/load/java/components/JavaPropertyInitializerEvaluatorImpl
instanceKlass org/jetbrains/kotlin/load/java/components/JavaPropertyInitializerEvaluator
instanceKlass org/jetbrains/kotlin/load/kotlin/DeserializationComponentsForJava
instanceKlass org/jetbrains/kotlin/resolve/jvm/JavaDescriptorResolver
instanceKlass org/jetbrains/kotlin/load/kotlin/VirtualFileFinder$SERVICE
instanceKlass org/jetbrains/kotlin/load/kotlin/VirtualFileFinder
instanceKlass org/jetbrains/kotlin/load/kotlin/KotlinClassFinder
instanceKlass org/jetbrains/kotlin/serialization/deserialization/KotlinMetadataFinder
instanceKlass org/jetbrains/kotlin/load/kotlin/VirtualFileFinderFactory$SERVICE
instanceKlass org/jetbrains/kotlin/resolve/AnnotationResolver
instanceKlass org/jetbrains/kotlin/resolve/LazyTopDownAnalyzer
instanceKlass org/jetbrains/kotlin/resolve/lazy/ResolveSession
instanceKlass org/jetbrains/kotlin/resolve/lazy/LazyClassContext
instanceKlass org/jetbrains/kotlin/resolve/lazy/KotlinCodeAnalyzer
instanceKlass org/jetbrains/kotlin/resolve/lazy/TopLevelDescriptorProvider
instanceKlass org/jetbrains/kotlin/util/ProgressManagerBasedCancellationChecker
instanceKlass org/jetbrains/kotlin/util/CancellationChecker
instanceKlass org/jetbrains/kotlin/resolve/calls/inference/components/ClassicConstraintSystemUtilContext
instanceKlass org/jetbrains/kotlin/resolve/calls/inference/components/ConstraintSystemUtilContext
instanceKlass org/jetbrains/kotlin/resolve/calls/components/ClassicTypeSystemContextForCS
instanceKlass org/jetbrains/kotlin/types/model/TypeSystemInferenceExtensionContextDelegate
instanceKlass org/jetbrains/kotlin/types/checker/ClassicTypeSystemContext
instanceKlass org/jetbrains/kotlin/types/model/TypeSystemInferenceExtensionContext
instanceKlass org/jetbrains/kotlin/types/model/TypeSystemCommonSuperTypesContext
instanceKlass org/jetbrains/kotlin/types/model/TypeSystemTypeFactoryContext
instanceKlass org/jetbrains/kotlin/types/model/TypeCheckerProviderContext
instanceKlass org/jetbrains/kotlin/types/model/TypeSystemBuiltInsContext
instanceKlass org/jetbrains/kotlin/types/TypeSystemCommonBackendContext
instanceKlass org/jetbrains/kotlin/types/model/TypeSystemContext
instanceKlass org/jetbrains/kotlin/types/model/TypeSystemOptimizationContext
instanceKlass org/jetbrains/kotlin/resolve/calls/components/BuiltInsProvider
instanceKlass org/jetbrains/kotlin/contracts/ContractDeserializerImpl
instanceKlass org/jetbrains/kotlin/resolve/checkers/OptInUsageChecker$ClassifierUsage
instanceKlass org/jetbrains/kotlin/resolve/checkers/OptInUsageChecker$Overrides
instanceKlass org/jetbrains/kotlin/resolve/checkers/OptInUsageChecker
instanceKlass org/jetbrains/kotlin/resolve/calls/smartcasts/DataFlowValueFactoryImpl
instanceKlass org/jetbrains/kotlin/resolve/calls/smartcasts/DataFlowValueFactory
instanceKlass org/jetbrains/kotlin/resolve/calls/tower/KotlinResolutionStatelessCallbacksImpl
instanceKlass org/jetbrains/kotlin/resolve/calls/components/KotlinResolutionStatelessCallbacks
instanceKlass org/jetbrains/kotlin/resolve/SupertypeLoopCheckerImpl
instanceKlass org/jetbrains/kotlin/resolve/jvm/checkers/RepeatableAnnotationChecker
instanceKlass org/jetbrains/kotlin/resolve/checkers/ExpectedActualDeclarationChecker
instanceKlass org/jetbrains/kotlin/resolve/checkers/OptInMarkerDeclarationAnnotationChecker
instanceKlass org/jetbrains/kotlin/resolve/jvm/checkers/JvmSerializableLambdaAnnotationChecker
instanceKlass org/jetbrains/kotlin/resolve/jvm/multiplatform/JavaActualAnnotationArgumentExtractor
instanceKlass org/jetbrains/kotlin/resolve/checkers/ExpectedActualDeclarationChecker$ActualAnnotationArgumentExtractor
instanceKlass org/jetbrains/kotlin/types/expressions/GenericArrayClassLiteralSupport$Enabled
instanceKlass org/jetbrains/kotlin/types/expressions/GenericArrayClassLiteralSupport
instanceKlass org/jetbrains/kotlin/types/expressions/FunctionWithBigAritySupport$LanguageVersionDependent
instanceKlass org/jetbrains/kotlin/types/expressions/FunctionWithBigAritySupport
instanceKlass org/jetbrains/kotlin/resolve/jvm/JvmPlatformAnnotationFeaturesSupport
instanceKlass org/jetbrains/kotlin/resolve/PlatformAnnotationFeaturesSupport
instanceKlass org/jetbrains/kotlin/resolve/jvm/checkers/JvmRecordApplicabilityChecker
instanceKlass org/jetbrains/kotlin/resolve/jvm/JvmAdditionalClassPartsProvider
instanceKlass org/jetbrains/kotlin/resolve/AdditionalClassPartsProvider
instanceKlass org/jetbrains/kotlin/load/java/sam/JvmSamConversionOracle
instanceKlass org/jetbrains/kotlin/resolve/sam/SamConversionOracle
instanceKlass org/jetbrains/kotlin/resolve/jvm/JvmPlatformOverloadsSpecificityComparator
instanceKlass org/jetbrains/kotlin/resolve/calls/results/PlatformOverloadsSpecificityComparator
instanceKlass org/jetbrains/kotlin/resolve/jvm/JvmTypeSpecificityComparator
instanceKlass org/jetbrains/kotlin/resolve/jvm/checkers/JvmModuleAccessibilityChecker$ClassifierUsage
instanceKlass org/jetbrains/kotlin/resolve/jvm/checkers/JvmModuleAccessibilityChecker
instanceKlass org/jetbrains/kotlin/resolve/jvm/checkers/InlinePlatformCompatibilityChecker
instanceKlass org/jetbrains/kotlin/resolve/jvm/checkers/JvmDefaultChecker
instanceKlass org/jetbrains/kotlin/resolve/jvm/checkers/InterfaceDefaultMethodCallChecker
instanceKlass org/jetbrains/kotlin/synthetic/JavaSyntheticScopes
instanceKlass org/jetbrains/kotlin/resolve/scopes/SyntheticScopes
instanceKlass org/jetbrains/kotlin/resolve/calls/checkers/AbstractReflectionApiCallChecker
instanceKlass org/jetbrains/kotlin/resolve/jvm/checkers/JvmStaticChecker
instanceKlass org/jetbrains/kotlin/resolve/jvm/checkers/JavaNullabilityChecker
instanceKlass org/jetbrains/kotlin/container/SingletonDescriptor
instanceKlass org/jetbrains/kotlin/resolve/UpperBoundChecker
instanceKlass org/jetbrains/kotlin/frontend/di/InjectionKt
instanceKlass org/jetbrains/kotlin/types/WrappedTypeFactory
instanceKlass sun/reflect/generics/reflectiveObjects/LazyReflectiveObjectGenerator
instanceKlass sun/reflect/generics/tree/TypeVariableSignature
instanceKlass sun/reflect/generics/reflectiveObjects/ParameterizedTypeImpl
instanceKlass java/lang/reflect/ParameterizedType
# instanceKlass java/lang/invoke/LambdaForm$MH+0x0000000100434000
instanceKlass org/jetbrains/kotlin/resolve/checkers/ClassifierUsageCheckerContext
instanceKlass org/jetbrains/kotlin/resolve/calls/context/ResolutionContext
instanceKlass java/lang/annotation/Documented
instanceKlass kotlin/annotation/MustBeDocumented
instanceKlass kotlin/jvm/JvmStatic
instanceKlass org/jetbrains/kotlin/resolve/calls/checkers/CallCheckerContext
instanceKlass org/jetbrains/kotlin/resolve/calls/model/ResolvedCall
instanceKlass org/jetbrains/kotlin/descriptors/annotations/AnnotationDescriptor
instanceKlass org/jetbrains/kotlin/types/model/AnnotationMarker
instanceKlass org/jetbrains/kotlin/container/ConstructorInfo
instanceKlass kotlin/annotation/Retention
instanceKlass org/jetbrains/kotlin/container/DefaultImplementation
instanceKlass sun/reflect/generics/tree/ClassSignature
instanceKlass sun/reflect/generics/tree/Signature
instanceKlass sun/reflect/generics/tree/FormalTypeParameter
instanceKlass sun/reflect/generics/repository/AbstractRepository
instanceKlass jdk/internal/vm/annotation/IntrinsicCandidate
instanceKlass org/jetbrains/kotlin/resolve/checkers/DeclarationCheckerContext
instanceKlass org/jetbrains/kotlin/resolve/checkers/CheckerContext
instanceKlass org/jetbrains/kotlin/container/ClassInfo
instanceKlass org/jetbrains/kotlin/container/ClassTraversalCache
instanceKlass org/jetbrains/kotlin/container/CacheKt
instanceKlass org/jetbrains/kotlin/container/DynamicComponentDescriptor
instanceKlass org/jetbrains/kotlin/container/ComponentResolveContext
instanceKlass org/jetbrains/kotlin/container/ValueResolveContext
instanceKlass org/jetbrains/kotlin/container/InstanceComponentDescriptor
instanceKlass org/jetbrains/kotlin/container/ComponentDescriptor
instanceKlass org/jetbrains/kotlin/container/ValueDescriptor
instanceKlass org/jetbrains/kotlin/container/ContainerKt
instanceKlass org/jetbrains/kotlin/resolve/checkers/PlatformDiagnosticSuppressor
instanceKlass org/jetbrains/kotlin/resolve/lazy/AbsentDescriptorHandler
instanceKlass org/jetbrains/kotlin/types/DynamicTypesSettings
instanceKlass org/jetbrains/kotlin/resolve/calls/results/TypeSpecificityComparator$NONE
instanceKlass org/jetbrains/kotlin/resolve/calls/results/TypeSpecificityComparator
instanceKlass org/jetbrains/kotlin/resolve/checkers/OptionalExpectationUsageChecker
instanceKlass org/jetbrains/kotlin/resolve/checkers/MissingDependencyClassChecker$ClassifierUsage
instanceKlass org/jetbrains/kotlin/resolve/checkers/ApiVersionClassifierUsageChecker
instanceKlass org/jetbrains/kotlin/resolve/checkers/DeprecatedClassifierUsageChecker
instanceKlass org/jetbrains/kotlin/resolve/calls/checkers/EnumEntriesUnsupportedChecker
instanceKlass org/jetbrains/kotlin/resolve/calls/checkers/CustomEnumEntriesMigrationCallChecker
instanceKlass org/jetbrains/kotlin/resolve/calls/checkers/CompanionIncorrectlyUnboundedWhenUsedAsLHSCallChecker
instanceKlass org/jetbrains/kotlin/resolve/calls/checkers/IncorrectCapturedApproximationCallChecker
instanceKlass org/jetbrains/kotlin/resolve/calls/checkers/BuilderInferenceAssignmentChecker
instanceKlass org/jetbrains/kotlin/resolve/calls/checkers/UnsupportedUntilOperatorChecker
instanceKlass org/jetbrains/kotlin/resolve/calls/checkers/EqualityCallChecker
instanceKlass org/jetbrains/kotlin/resolve/calls/checkers/ResolutionToPrivateConstructorOfSealedClassChecker
instanceKlass org/jetbrains/kotlin/resolve/calls/checkers/CompanionInParenthesesLHSCallChecker
instanceKlass org/jetbrains/kotlin/resolve/calls/checkers/EnumEntryVsCompanionPriorityCallChecker
instanceKlass org/jetbrains/kotlin/utils/StringsKt
instanceKlass org/jetbrains/kotlin/resolve/calls/checkers/NewSchemeOfIntegerOperatorResolutionChecker
instanceKlass org/jetbrains/kotlin/resolve/calls/checkers/SelfCallInNestedObjectConstructorChecker
instanceKlass org/jetbrains/kotlin/resolve/calls/checkers/VarargWrongExecutionOrderChecker
instanceKlass org/jetbrains/kotlin/resolve/calls/checkers/ReferencingToUnderscoreNamedParameterOfCatchBlockChecker
instanceKlass org/jetbrains/kotlin/resolve/checkers/NullableExtensionOperatorWithSafeCallChecker
instanceKlass org/jetbrains/kotlin/resolve/calls/checkers/FunInterfaceConstructorReferenceChecker
instanceKlass org/jetbrains/kotlin/resolve/calls/checkers/UnitConversionCallChecker
instanceKlass org/jetbrains/kotlin/resolve/calls/checkers/SuspendConversionCallChecker
instanceKlass org/jetbrains/kotlin/resolve/calls/checkers/AbstractClassInstantiationChecker
instanceKlass org/jetbrains/kotlin/resolve/checkers/MissingDependencySupertypeChecker$ForCalls
instanceKlass org/jetbrains/kotlin/resolve/calls/checkers/ReifiedTypeParameterSubstitutionChecker
instanceKlass org/jetbrains/kotlin/resolve/calls/checkers/ContractNotAllowedCallChecker
instanceKlass org/jetbrains/kotlin/resolve/calls/checkers/NamedFunAsExpressionChecker
instanceKlass org/jetbrains/kotlin/resolve/calls/checkers/NullableVarargArgumentCallChecker
instanceKlass org/jetbrains/kotlin/resolve/calls/checkers/ResultTypeWithNullableOperatorsChecker
instanceKlass org/jetbrains/kotlin/resolve/calls/checkers/UselessElvisCallChecker
instanceKlass org/jetbrains/kotlin/resolve/calls/checkers/LambdaWithSuspendModifierCallChecker
instanceKlass org/jetbrains/kotlin/resolve/checkers/PrimitiveNumericComparisonCallChecker
instanceKlass org/jetbrains/kotlin/resolve/calls/checkers/ImplicitNothingAsTypeParameterCallChecker
instanceKlass org/jetbrains/kotlin/resolve/calls/checkers/AssigningNamedArgumentToVarargChecker
instanceKlass org/jetbrains/kotlin/resolve/calls/checkers/UnderscoreUsageChecker
instanceKlass org/jetbrains/kotlin/resolve/calls/checkers/CallableReferenceCompatibilityChecker
instanceKlass org/jetbrains/kotlin/resolve/checkers/MissingDependencyClassChecker
instanceKlass org/jetbrains/kotlin/resolve/calls/checkers/DslScopeViolationCallChecker
instanceKlass org/jetbrains/kotlin/resolve/calls/checkers/BuilderFunctionsCallChecker
instanceKlass org/jetbrains/kotlin/resolve/calls/checkers/CoroutineSuspendCallChecker
instanceKlass org/jetbrains/kotlin/resolve/calls/checkers/ApiVersionCallChecker
instanceKlass org/jetbrains/kotlin/resolve/calls/checkers/ProtectedConstructorCallChecker
instanceKlass org/jetbrains/kotlin/resolve/calls/checkers/ConstructorHeaderCallChecker
instanceKlass org/jetbrains/kotlin/resolve/calls/checkers/OperatorCallChecker$Companion
instanceKlass org/jetbrains/kotlin/resolve/calls/checkers/OperatorCallChecker
instanceKlass org/jetbrains/kotlin/resolve/calls/checkers/InfixCallChecker
instanceKlass org/jetbrains/kotlin/resolve/calls/checkers/CallReturnsArrayOfNothingChecker
instanceKlass org/jetbrains/kotlin/resolve/calls/checkers/DeprecatedCallChecker
instanceKlass org/jetbrains/kotlin/resolve/checkers/TrailingCommaCallChecker
instanceKlass org/jetbrains/kotlin/resolve/calls/checkers/SafeCallChecker
instanceKlass org/jetbrains/kotlin/resolve/calls/checkers/SynchronizedByValueChecker
instanceKlass org/jetbrains/kotlin/resolve/calls/checkers/InlineCheckerWrapper
instanceKlass org/jetbrains/kotlin/resolve/calls/checkers/CapturingInClosureChecker
instanceKlass org/jetbrains/kotlin/resolve/checkers/ActualTypealiasToSpecialAnnotationChecker
instanceKlass org/jetbrains/kotlin/resolve/checkers/VolatileAnnotationChecker
instanceKlass org/jetbrains/kotlin/resolve/checkers/EnumEntriesRedeclarationChecker
instanceKlass org/jetbrains/kotlin/resolve/checkers/DataObjectContentChecker
instanceKlass org/jetbrains/kotlin/resolve/calls/checkers/UnsupportedUntilRangeDeclarationChecker
instanceKlass org/jetbrains/kotlin/resolve/checkers/CyclicAnnotationsChecker
instanceKlass org/jetbrains/kotlin/resolve/checkers/ValueParameterUsageInDefaultArgumentChecker
instanceKlass org/jetbrains/kotlin/resolve/checkers/SubtypingBetweenContextReceiversChecker
instanceKlass org/jetbrains/kotlin/resolve/checkers/ContextualDeclarationChecker
instanceKlass org/jetbrains/kotlin/resolve/checkers/EnumCompanionInEnumConstructorCallChecker
instanceKlass org/jetbrains/kotlin/resolve/checkers/SuspendFunctionAsSupertypeChecker
instanceKlass org/jetbrains/kotlin/resolve/checkers/SealedInterfaceAllowedChecker
instanceKlass org/jetbrains/kotlin/resolve/checkers/SealedInheritorInSameModuleChecker
instanceKlass org/jetbrains/kotlin/resolve/checkers/SealedInheritorInSamePackageChecker
instanceKlass org/jetbrains/kotlin/resolve/checkers/PrivateInlineFunctionsReturningAnonymousObjectsChecker
instanceKlass org/jetbrains/kotlin/resolve/checkers/ContractDescriptionBlockChecker
instanceKlass org/jetbrains/kotlin/resolve/checkers/DeprecatedSinceKotlinAnnotationChecker
instanceKlass org/jetbrains/kotlin/resolve/checkers/DeprecationInheritanceChecker
instanceKlass org/jetbrains/kotlin/resolve/checkers/FunInterfaceDeclarationChecker
instanceKlass org/jetbrains/kotlin/resolve/checkers/MissingDependencySupertypeChecker$ForDeclarations
instanceKlass org/jetbrains/kotlin/resolve/checkers/TrailingCommaDeclarationChecker
instanceKlass org/jetbrains/kotlin/resolve/checkers/TailrecFunctionChecker
instanceKlass org/jetbrains/kotlin/resolve/checkers/ExplicitApiDeclarationChecker$Companion
instanceKlass org/jetbrains/kotlin/resolve/checkers/ExplicitApiDeclarationChecker
instanceKlass org/jetbrains/kotlin/resolve/checkers/LocalVariableTypeParametersChecker
instanceKlass org/jetbrains/kotlin/resolve/checkers/ResultClassInReturnTypeChecker
instanceKlass org/jetbrains/kotlin/resolve/checkers/ReservedMembersAndConstructsForValueClass$Companion
instanceKlass org/jetbrains/kotlin/resolve/checkers/ReservedMembersAndConstructsForValueClass
instanceKlass org/jetbrains/kotlin/resolve/checkers/AnnotationClassTargetAndRetentionChecker
instanceKlass org/jetbrains/kotlin/resolve/checkers/InnerClassInsideValueClass
instanceKlass org/jetbrains/kotlin/resolve/checkers/PropertiesWithBackingFieldsInsideValueClass
instanceKlass org/jetbrains/kotlin/resolve/checkers/MultiFieldValueClassAnnotationsChecker
instanceKlass org/jetbrains/kotlin/resolve/checkers/ValueClassDeclarationChecker
instanceKlass org/jetbrains/kotlin/util/OperatorNameConventions
instanceKlass org/jetbrains/kotlin/resolve/checkers/SuspendLimitationsChecker
instanceKlass org/jetbrains/kotlin/resolve/checkers/KClassWithIncorrectTypeArgumentChecker
instanceKlass org/jetbrains/kotlin/resolve/checkers/DelegationChecker
instanceKlass org/jetbrains/kotlin/resolve/checkers/DynamicReceiverChecker
instanceKlass org/jetbrains/kotlin/resolve/checkers/ReifiedTypeParameterAnnotationChecker
instanceKlass org/jetbrains/kotlin/resolve/RequireKotlinConstants
instanceKlass org/jetbrains/kotlin/resolve/AnnotationsKt
instanceKlass org/jetbrains/kotlin/resolve/checkers/KotlinVersionStringAnnotationValueChecker
instanceKlass org/jetbrains/kotlin/resolve/checkers/InfixModifierChecker
instanceKlass org/jetbrains/kotlin/resolve/checkers/InlineParameterChecker
instanceKlass org/jetbrains/kotlin/resolve/checkers/UnderscoreChecker
instanceKlass org/jetbrains/kotlin/resolve/checkers/ConstModifierChecker
instanceKlass org/jetbrains/kotlin/resolve/checkers/DataClassDeclarationChecker
instanceKlass org/jetbrains/kotlin/resolve/checkers/ExpectActualClassifiersAreInBetaChecker
instanceKlass org/jetbrains/kotlin/resolve/checkers/ActualClassifierMustHasTheSameMembersAsNonFinalExpectClassifierChecker
instanceKlass org/jetbrains/kotlin/resolve/checkers/ExpectActualInTheSameModuleChecker
instanceKlass org/jetbrains/kotlin/resolve/PlatformConfiguratorBaseKt
instanceKlass org/jetbrains/kotlin/container/ComponentRegistry
instanceKlass org/jetbrains/kotlin/container/ComponentStorage
instanceKlass org/jetbrains/kotlin/container/ValueResolver
instanceKlass org/jetbrains/kotlin/container/StorageComponentContainer
instanceKlass org/jetbrains/kotlin/container/ComponentProvider
instanceKlass org/jetbrains/kotlin/container/ComponentContainer
instanceKlass org/jetbrains/kotlin/container/DslKt
instanceKlass org/jetbrains/kotlin/resolve/jvm/JvmDeclarationReturnTypeSanitizer
instanceKlass org/jetbrains/kotlin/resolve/DeclarationReturnTypeSanitizer
instanceKlass org/jetbrains/kotlin/resolve/jvm/JvmOverridesBackwardCompatibilityHelper
instanceKlass org/jetbrains/kotlin/resolve/OverridesBackwardCompatibilityHelper
instanceKlass org/jetbrains/kotlin/resolve/jvm/JvmDelegationFilter
instanceKlass org/jetbrains/kotlin/resolve/lazy/DelegationFilter
instanceKlass org/jetbrains/kotlin/resolve/jvm/JvmOverloadFilter
instanceKlass org/jetbrains/kotlin/resolve/OverloadFilter
instanceKlass org/jetbrains/kotlin/resolve/jvm/checkers/JvmSimpleNameBacktickChecker
instanceKlass org/jetbrains/kotlin/resolve/IdentifierChecker
instanceKlass org/jetbrains/kotlin/resolve/sam/SamConversionResolver$Empty
instanceKlass org/jetbrains/kotlin/container/PlatformExtensionsClashResolver
instanceKlass org/jetbrains/kotlin/resolve/jvm/checkers/SynchronizedAnnotationOnLambdaChecker
instanceKlass org/jetbrains/kotlin/resolve/jvm/checkers/ExplicitMetadataChecker
instanceKlass org/jetbrains/kotlin/name/JvmNames
instanceKlass org/jetbrains/kotlin/resolve/jvm/checkers/FileClassAnnotationsChecker
instanceKlass org/jetbrains/kotlin/resolve/AdditionalAnnotationChecker
instanceKlass org/jetbrains/kotlin/resolve/jvm/checkers/MissingBuiltInDeclarationChecker$ClassifierUsage
instanceKlass org/jetbrains/kotlin/resolve/checkers/BigFunctionTypeAvailabilityChecker
instanceKlass org/jetbrains/kotlin/resolve/checkers/ClassifierUsageChecker
instanceKlass org/jetbrains/kotlin/resolve/jvm/checkers/JvmArrayVariableInLoopAssignmentChecker
instanceKlass org/jetbrains/kotlin/resolve/jvm/checkers/JavaTypeAccessibilityChecker
instanceKlass org/jetbrains/kotlin/resolve/jvm/platform/JavaGenericVarianceViolationTypeChecker
instanceKlass org/jetbrains/kotlin/resolve/jvm/RuntimeAssertionsTypeChecker
# instanceKlass java/lang/invoke/LambdaForm$MH+0x0000000100418000
instanceKlass  @bci org/jetbrains/kotlin/diagnostics/Errors$Initializer initializeFactoryNames (Ljava/lang/Class;)V 9 <appendix> argL0 ; # org/jetbrains/kotlin/diagnostics/Errors$Initializer$$Lambda+0x0000000100416098
instanceKlass org/jetbrains/kotlin/diagnostics/rendering/DiagnosticFactoryToRendererMap
instanceKlass org/jetbrains/kotlin/diagnostics/rendering/DefaultErrorMessages$Extension
instanceKlass org/jetbrains/kotlin/diagnostics/Errors$Initializer
instanceKlass org/jetbrains/kotlin/com/google/common/collect/Hashing
instanceKlass org/jetbrains/kotlin/com/google/common/math/IntMath$1
instanceKlass org/jetbrains/kotlin/com/google/common/math/MathPreconditions
instanceKlass org/jetbrains/kotlin/com/google/common/math/IntMath
instanceKlass org/jetbrains/kotlin/com/google/common/collect/ImmutableSet$SetBuilderImpl
instanceKlass org/jetbrains/kotlin/diagnostics/DiagnosticFactoryForDeprecation4$Companion
instanceKlass org/jetbrains/kotlin/diagnostics/ClassicPositioningStrategies
instanceKlass org/jetbrains/kotlin/diagnostics/DiagnosticFactoryForDeprecation2$Companion
instanceKlass org/jetbrains/kotlin/diagnostics/DiagnosticFactoryForDeprecation0$Companion
instanceKlass org/jetbrains/kotlin/diagnostics/DiagnosticFactoryForDeprecation1$Companion
instanceKlass org/jetbrains/kotlin/diagnostics/DiagnosticFactoryForDeprecation3$Companion
instanceKlass org/jetbrains/kotlin/diagnostics/DiagnosticFactoryForDeprecation
instanceKlass org/jetbrains/kotlin/diagnostics/ParametrizedDiagnostic
instanceKlass org/jetbrains/kotlin/diagnostics/Diagnostic
instanceKlass org/jetbrains/kotlin/diagnostics/Errors
instanceKlass org/jetbrains/kotlin/resolve/jvm/checkers/JvmSyntheticAssignmentChecker
instanceKlass org/jetbrains/kotlin/resolve/calls/checkers/AssignmentChecker
instanceKlass org/jetbrains/kotlin/resolve/jvm/checkers/JvmPropertyVsFieldAmbiguityCallChecker
instanceKlass org/jetbrains/kotlin/resolve/calls/checkers/LateinitIntrinsicApplicabilityChecker
instanceKlass org/jetbrains/kotlin/resolve/jvm/checkers/UpperBoundViolatedInTypealiasConstructorChecker
instanceKlass org/jetbrains/kotlin/resolve/jvm/checkers/EnumDeclaringClassDeprecationChecker
instanceKlass org/jetbrains/kotlin/resolve/jvm/checkers/SamInterfaceConstructorReferenceCallChecker
instanceKlass org/jetbrains/kotlin/resolve/jvm/checkers/PolymorphicSignatureCallChecker
instanceKlass org/jetbrains/kotlin/resolve/jvm/checkers/InconsistentOperatorFromJavaCallChecker
instanceKlass org/jetbrains/kotlin/resolve/jvm/checkers/ApiVersionIsAtLeastArgumentsChecker
instanceKlass org/jetbrains/kotlin/resolve/jvm/RuntimeAssertionsOnExtensionReceiverCallChecker
instanceKlass org/jetbrains/kotlin/resolve/jvm/checkers/ProtectedSyntheticExtensionCallChecker
instanceKlass org/jetbrains/kotlin/resolve/jvm/checkers/SuperCallWithDefaultArgumentsChecker
instanceKlass org/jetbrains/kotlin/resolve/jvm/checkers/UnsupportedSyntheticCallableReferenceChecker
instanceKlass org/jetbrains/kotlin/resolve/jvm/checkers/ProtectedInSuperClassCompanionCallChecker
instanceKlass org/jetbrains/kotlin/resolve/jvm/checkers/JavaClassOnCompanionChecker
instanceKlass org/jetbrains/kotlin/resolve/jvm/checkers/SuspensionPointInsideMutexLockChecker
instanceKlass org/jetbrains/kotlin/resolve/jvm/checkers/JavaAnnotationCallChecker$Companion
instanceKlass org/jetbrains/kotlin/resolve/jvm/checkers/JavaAnnotationCallChecker
instanceKlass org/jetbrains/kotlin/resolve/jvm/checkers/MissingBuiltInDeclarationChecker
instanceKlass org/jetbrains/kotlin/resolve/jvm/checkers/JavaOverrideWithWrongNullabilityOverrideChecker
instanceKlass org/jetbrains/kotlin/resolve/jvm/checkers/ClassInheritsJavaSealedClassChecker
instanceKlass org/jetbrains/kotlin/resolve/jvm/checkers/FunctionDelegateMemberNameClashChecker
instanceKlass org/jetbrains/kotlin/resolve/jvm/checkers/DefaultCheckerInTailrec
instanceKlass org/jetbrains/kotlin/resolve/jvm/checkers/JvmMultifileClassStateChecker
instanceKlass org/jetbrains/kotlin/resolve/jvm/checkers/BadInheritedJavaSignaturesChecker
instanceKlass org/jetbrains/kotlin/resolve/jvm/checkers/SuspendInFunInterfaceChecker
instanceKlass org/jetbrains/kotlin/resolve/jvm/checkers/JvmAnnotationsTargetNonExistentAccessorChecker$Companion
instanceKlass org/jetbrains/kotlin/resolve/jvm/checkers/JvmAnnotationsTargetNonExistentAccessorChecker
instanceKlass org/jetbrains/kotlin/resolve/jvm/checkers/StrictfpApplicabilityChecker
instanceKlass org/jetbrains/kotlin/resolve/jvm/checkers/JvmInlineApplicabilityChecker
instanceKlass org/jetbrains/kotlin/resolve/jvm/checkers/JvmSyntheticApplicabilityChecker
instanceKlass org/jetbrains/kotlin/resolve/jvm/checkers/TypeParameterBoundIsNotArrayChecker
instanceKlass org/jetbrains/kotlin/resolve/jvm/checkers/JvmFieldApplicabilityChecker
instanceKlass org/jetbrains/kotlin/resolve/jvm/checkers/OverloadsAnnotationChecker
instanceKlass org/jetbrains/kotlin/resolve/jvm/checkers/ExternalFunChecker
instanceKlass org/jetbrains/kotlin/resolve/jvm/checkers/LocalFunInlineChecker
instanceKlass org/jetbrains/kotlin/resolve/jvm/checkers/SynchronizedAnnotationChecker
instanceKlass org/jetbrains/kotlin/resolve/jvm/checkers/JvmNameAnnotationChecker
instanceKlass org/jetbrains/kotlin/resolve/PlatformConfiguratorBase
instanceKlass org/jetbrains/kotlin/resolve/PlatformConfigurator
instanceKlass org/jetbrains/kotlin/resolve/ImportPath$Companion
instanceKlass org/jetbrains/kotlin/resolve/ImportPath
instanceKlass org/jetbrains/kotlin/resolve/PlatformDependentAnalyzerServices
instanceKlass org/jetbrains/kotlin/resolve/SealedClassInheritorsProvider
instanceKlass org/jetbrains/kotlin/resolve/ModuleAnnotationsResolver$Companion
instanceKlass  @bci java/io/IoOverNioFileSystem list0 (Ljava/io/File;)[Ljava/lang/String; 163 <appendix> argL0 ; # java/io/IoOverNioFileSystem$$Lambda+0x000000010016ab98
instanceKlass sun/nio/fs/WindowsDirectoryStream$WindowsDirectoryIterator
instanceKlass sun/nio/fs/WindowsDirectoryStream
instanceKlass java/nio/file/DirectoryStream
instanceKlass java/io/IoOverNioFileSystem$AcceptAllFilter
instanceKlass java/nio/file/DirectoryStream$Filter
instanceKlass  @bci org/jetbrains/kotlin/com/intellij/openapi/util/NotNullLazyValue createConstantValue (Ljava/lang/Object;)Lorg/jetbrains/kotlin/com/intellij/openapi/util/NotNullLazyValue; 9 <appendix> member <vmtarget> ; # org/jetbrains/kotlin/com/intellij/openapi/util/NotNullLazyValue$$Lambda+0x0000000100405240
instanceKlass org/jetbrains/kotlin/load/kotlin/JvmPackagePartProviderBase$ModuleMappingInfo
instanceKlass org/jetbrains/kotlin/metadata/jvm/deserialization/ModuleMappingKt
instanceKlass org/jetbrains/kotlin/protobuf/UnmodifiableLazyStringList$2
instanceKlass org/jetbrains/kotlin/metadata/jvm/deserialization/PackageParts
instanceKlass org/jetbrains/kotlin/metadata/jvm/JvmModuleProtoBuf$PackagePartsOrBuilder
instanceKlass org/jetbrains/kotlin/metadata/jvm/JvmModuleProtoBuf$ModuleOrBuilder
instanceKlass org/jetbrains/kotlin/metadata/deserialization/VersionSpecificBehaviorKt
instanceKlass kotlin/collections/MapWithDefault
instanceKlass org/jetbrains/kotlin/utils/MetadataHelpersKt
instanceKlass org/jetbrains/kotlin/utils/DeserializationHelpersKt
instanceKlass org/jetbrains/kotlin/load/kotlin/ModuleMappingUtilKt
instanceKlass org/jetbrains/kotlin/metadata/jvm/deserialization/BinaryModuleData
instanceKlass org/jetbrains/kotlin/metadata/jvm/deserialization/JvmMetadataVersion$Companion
instanceKlass org/jetbrains/kotlin/metadata/jvm/deserialization/ModuleMapping$Companion
instanceKlass org/jetbrains/kotlin/metadata/jvm/deserialization/ModuleMapping
instanceKlass org/jetbrains/kotlin/cli/jvm/compiler/JvmPackagePartProviderKt
instanceKlass  @bci org/jetbrains/kotlin/com/intellij/psi/search/GlobalSearchScope$UnionScope contains (Lorg/jetbrains/kotlin/com/intellij/openapi/vfs/VirtualFile;)Z 14 <appendix> member <vmtarget> ; # org/jetbrains/kotlin/com/intellij/psi/search/GlobalSearchScope$UnionScope$$Lambda+0x00000001004021a0
instanceKlass org/jetbrains/kotlin/resolve/CompilerDeserializationConfiguration
instanceKlass org/jetbrains/kotlin/load/kotlin/JvmPackagePartProviderBase$Companion
instanceKlass org/jetbrains/kotlin/load/kotlin/JvmPackagePartProviderBase
instanceKlass org/jetbrains/kotlin/load/kotlin/PackageAndMetadataPartProvider
instanceKlass org/jetbrains/kotlin/serialization/deserialization/MetadataPartProvider
instanceKlass org/jetbrains/kotlin/load/kotlin/PackagePartProvider
instanceKlass  @bci org/jetbrains/kotlin/resolve/lazy/declarations/FileBasedDeclarationProviderFactory <init> (Lorg/jetbrains/kotlin/storage/StorageManager;Ljava/util/Collection;)V 29 <appendix> member <vmtarget> ; # org/jetbrains/kotlin/resolve/lazy/declarations/FileBasedDeclarationProviderFactory$$Lambda+0x00000001004008f8
instanceKlass org/jetbrains/kotlin/resolve/lazy/declarations/FileBasedDeclarationProviderFactory$Index
instanceKlass  @bci org/jetbrains/kotlin/resolve/lazy/declarations/AbstractDeclarationProviderFactory <init> (Lorg/jetbrains/kotlin/storage/StorageManager;)V 15 <appendix> member <vmtarget> ; # org/jetbrains/kotlin/resolve/lazy/declarations/AbstractDeclarationProviderFactory$$Lambda+0x0000000100400460
instanceKlass  @cpi org/jetbrains/kotlin/com/intellij/psi/SyntaxTraverser 181 form vmentry <vmtarget> ; # java/lang/invoke/LambdaForm$DMH+0x0000000100404000
instanceKlass org/jetbrains/kotlin/resolve/lazy/declarations/ClassMemberDeclarationProvider
instanceKlass org/jetbrains/kotlin/resolve/lazy/declarations/PackageMemberDeclarationProvider
instanceKlass org/jetbrains/kotlin/resolve/lazy/declarations/DeclarationProvider
instanceKlass org/jetbrains/kotlin/resolve/lazy/declarations/AbstractDeclarationProviderFactory
instanceKlass org/jetbrains/kotlin/resolve/lazy/declarations/DeclarationProviderFactory
instanceKlass org/jetbrains/kotlin/config/LanguageFeature$Companion
instanceKlass org/jetbrains/kotlin/frontend/java/di/InjectionKt
instanceKlass org/jetbrains/kotlin/descriptors/impl/ModuleDependenciesImpl
instanceKlass org/jetbrains/kotlin/descriptors/impl/ModuleDependencies
instanceKlass org/jetbrains/kotlin/protobuf/SmallSortedMap$EntryIterator
instanceKlass org/jetbrains/kotlin/protobuf/GeneratedMessageLite$ExtendableMessage$ExtensionWriter
instanceKlass org/jetbrains/kotlin/serialization/deserialization/descriptors/DeserializedMemberScope$OptimizedImplementation
instanceKlass org/jetbrains/kotlin/serialization/deserialization/descriptors/DeserializedMemberScope$Implementation
instanceKlass org/jetbrains/kotlin/serialization/deserialization/MemberDeserializer
instanceKlass org/jetbrains/kotlin/serialization/deserialization/TypeDeserializer
instanceKlass org/jetbrains/kotlin/serialization/deserialization/DeserializationContext
instanceKlass org/jetbrains/kotlin/metadata/deserialization/VersionRequirementTable$Companion
instanceKlass org/jetbrains/kotlin/metadata/deserialization/VersionRequirementTable
instanceKlass org/jetbrains/kotlin/metadata/deserialization/TypeTable
instanceKlass org/jetbrains/kotlin/serialization/deserialization/ClassDeserializer$Companion
instanceKlass org/jetbrains/kotlin/serialization/deserialization/ClassDeserializer
instanceKlass org/jetbrains/kotlin/serialization/deserialization/EnumEntriesDeserializationSupport$Default
instanceKlass org/jetbrains/kotlin/serialization/deserialization/EnumEntriesDeserializationSupport
instanceKlass org/jetbrains/kotlin/resolve/OverridingUtil$1
instanceKlass org/jetbrains/kotlin/load/java/JavaIncompatibilityRulesOverridabilityCondition$Companion
instanceKlass org/jetbrains/kotlin/load/java/JavaIncompatibilityRulesOverridabilityCondition
instanceKlass org/jetbrains/kotlin/load/java/ErasedOverridabilityCondition
instanceKlass org/jetbrains/kotlin/load/java/FieldOverridabilityCondition
instanceKlass org/jetbrains/kotlin/resolve/ExternalOverridabilityCondition
instanceKlass org/jetbrains/kotlin/types/checker/KotlinTypeChecker$TypeConstructorEquality
instanceKlass org/jetbrains/kotlin/resolve/OverridingUtil
instanceKlass org/jetbrains/kotlin/types/AbstractTypePreparator
instanceKlass org/jetbrains/kotlin/types/checker/NewKotlinTypeCheckerImpl
instanceKlass org/jetbrains/kotlin/types/checker/NewKotlinTypeChecker$Companion
instanceKlass org/jetbrains/kotlin/types/checker/NewKotlinTypeChecker
instanceKlass org/jetbrains/kotlin/types/checker/KotlinTypeChecker
instanceKlass org/jetbrains/kotlin/resolve/sam/SamConversionResolverImpl
instanceKlass org/jetbrains/kotlin/resolve/sam/SamConversionResolver
instanceKlass org/jetbrains/kotlin/container/PlatformSpecificExtension
instanceKlass org/jetbrains/kotlin/serialization/deserialization/ContractDeserializer$Companion$DEFAULT$1
instanceKlass org/jetbrains/kotlin/serialization/deserialization/ContractDeserializer$Companion
instanceKlass org/jetbrains/kotlin/serialization/deserialization/ContractDeserializer
instanceKlass org/jetbrains/kotlin/serialization/deserialization/FlexibleTypeDeserializer$ThrowException
instanceKlass org/jetbrains/kotlin/serialization/deserialization/FlexibleTypeDeserializer
instanceKlass org/jetbrains/kotlin/serialization/deserialization/ErrorReporter$1
instanceKlass org/jetbrains/kotlin/serialization/deserialization/ErrorReporter
instanceKlass org/jetbrains/kotlin/serialization/deserialization/LocalClassifierTypeSettings$Default
instanceKlass org/jetbrains/kotlin/serialization/deserialization/LocalClassifierTypeSettings
instanceKlass org/jetbrains/kotlin/resolve/constants/ConstantValue
instanceKlass org/jetbrains/kotlin/serialization/deserialization/AnnotationDeserializer
instanceKlass org/jetbrains/kotlin/serialization/deserialization/AnnotationAndConstantLoaderImpl
instanceKlass org/jetbrains/kotlin/serialization/deserialization/AnnotationAndConstantLoader
instanceKlass org/jetbrains/kotlin/serialization/deserialization/AnnotationLoader
instanceKlass org/jetbrains/kotlin/serialization/deserialization/DeserializedClassDataFinder
instanceKlass org/jetbrains/kotlin/serialization/deserialization/DeserializationConfiguration$Default
instanceKlass org/jetbrains/kotlin/serialization/deserialization/DeserializationConfiguration
instanceKlass org/jetbrains/kotlin/serialization/deserialization/DeserializationComponents
instanceKlass org/jetbrains/kotlin/descriptors/NotFoundClasses
instanceKlass org/jetbrains/kotlin/descriptors/PackageFragmentProviderImpl
instanceKlass org/jetbrains/kotlin/descriptors/PackageFragmentProviderOptimized
instanceKlass org/jetbrains/kotlin/descriptors/PackageFragmentProvider
instanceKlass java/util/LinkedList$ListItr
instanceKlass kotlin/Triple
instanceKlass java/util/LinkedList$Node
instanceKlass org/jetbrains/kotlin/metadata/deserialization/NameResolverImpl$WhenMappings
instanceKlass org/jetbrains/kotlin/protobuf/Utf8
instanceKlass org/jetbrains/kotlin/serialization/deserialization/NameResolverUtilKt
instanceKlass org/jetbrains/kotlin/serialization/deserialization/ProtoBasedClassDataFinder
instanceKlass org/jetbrains/kotlin/serialization/deserialization/ClassDataFinder
instanceKlass org/jetbrains/kotlin/metadata/deserialization/NameResolverImpl
instanceKlass org/jetbrains/kotlin/metadata/deserialization/NameResolver
instanceKlass org/jetbrains/kotlin/metadata/ProtoBuf$Type$Argument$Projection$1
instanceKlass org/jetbrains/kotlin/metadata/ProtoBuf$Type$ArgumentOrBuilder
instanceKlass org/jetbrains/kotlin/metadata/ProtoBuf$Annotation$ArgumentOrBuilder
instanceKlass org/jetbrains/kotlin/protobuf/SmallSortedMap$Entry
instanceKlass org/jetbrains/kotlin/protobuf/FieldSet$1
instanceKlass org/jetbrains/kotlin/protobuf/AbstractMessageLite$Builder
instanceKlass org/jetbrains/kotlin/protobuf/GeneratedMessageLite$1
instanceKlass org/jetbrains/kotlin/metadata/ProtoBuf$QualifiedNameTable$QualifiedName$Kind$1
instanceKlass org/jetbrains/kotlin/metadata/ProtoBuf$QualifiedNameTable$QualifiedNameOrBuilder
instanceKlass org/jetbrains/kotlin/protobuf/WireFormat
instanceKlass org/jetbrains/kotlin/protobuf/CodedOutputStream
instanceKlass org/jetbrains/kotlin/protobuf/CodedInputStream
instanceKlass org/jetbrains/kotlin/metadata/ProtoBuf$QualifiedNameTableOrBuilder
instanceKlass org/jetbrains/kotlin/protobuf/LazyStringList
instanceKlass org/jetbrains/kotlin/protobuf/ProtocolStringList
instanceKlass org/jetbrains/kotlin/metadata/ProtoBuf$StringTableOrBuilder
instanceKlass org/jetbrains/kotlin/metadata/ProtoBuf$PackageFragmentOrBuilder
instanceKlass kotlin/collections/IntIterator
instanceKlass jdk/internal/util/ByteArray
instanceKlass org/jetbrains/kotlin/metadata/builtins/BuiltInsBinaryVersion$Companion
instanceKlass org/jetbrains/kotlin/metadata/deserialization/BinaryVersion$Companion
instanceKlass org/jetbrains/kotlin/metadata/deserialization/BinaryVersion
instanceKlass org/jetbrains/kotlin/metadata/builtins/ReadPackageFragmentKt
instanceKlass org/jetbrains/kotlin/serialization/deserialization/builtins/BuiltInsPackageFragmentImpl$Companion
instanceKlass org/jetbrains/kotlin/builtins/BuiltInsPackageFragment
instanceKlass org/jetbrains/kotlin/protobuf/ExtensionRegistryLite$ObjectIntPair
instanceKlass org/jetbrains/kotlin/metadata/ProtoBuf$TypeParameter$Variance$1
instanceKlass org/jetbrains/kotlin/metadata/ProtoBuf$TypeParameterOrBuilder
instanceKlass org/jetbrains/kotlin/metadata/ProtoBuf$EnumEntryOrBuilder
instanceKlass org/jetbrains/kotlin/metadata/ProtoBuf$Annotation$Argument$Value$Type$1
instanceKlass org/jetbrains/kotlin/metadata/ProtoBuf$Annotation$Argument$ValueOrBuilder
instanceKlass org/jetbrains/kotlin/metadata/ProtoBuf$ValueParameterOrBuilder
instanceKlass org/jetbrains/kotlin/metadata/ProtoBuf$PropertyOrBuilder
instanceKlass org/jetbrains/kotlin/metadata/ProtoBuf$ContractOrBuilder
instanceKlass org/jetbrains/kotlin/metadata/ProtoBuf$FunctionOrBuilder
instanceKlass org/jetbrains/kotlin/metadata/ProtoBuf$ConstructorOrBuilder
instanceKlass org/jetbrains/kotlin/metadata/ProtoBuf$AnnotationOrBuilder
instanceKlass org/jetbrains/kotlin/metadata/ProtoBuf$TypeOrBuilder
instanceKlass org/jetbrains/kotlin/metadata/ProtoBuf$ClassOrBuilder
instanceKlass org/jetbrains/kotlin/protobuf/GeneratedMessageLite$ExtensionDescriptor
instanceKlass org/jetbrains/kotlin/protobuf/GeneratedMessageLite$GeneratedExtension
instanceKlass java/lang/Long$LongCache
instanceKlass org/jetbrains/kotlin/metadata/ProtoBuf$VersionRequirementTableOrBuilder
instanceKlass org/jetbrains/kotlin/metadata/ProtoBuf$TypeTableOrBuilder
instanceKlass org/jetbrains/kotlin/protobuf/ByteString$ByteIterator
instanceKlass org/jetbrains/kotlin/protobuf/ByteString
instanceKlass org/jetbrains/kotlin/protobuf/SmallSortedMap$EmptySet$2
instanceKlass org/jetbrains/kotlin/protobuf/SmallSortedMap$EmptySet$1
instanceKlass org/jetbrains/kotlin/protobuf/SmallSortedMap$EmptySet
instanceKlass org/jetbrains/kotlin/protobuf/LazyFieldLite
instanceKlass org/jetbrains/kotlin/protobuf/FieldSet
instanceKlass org/jetbrains/kotlin/protobuf/AbstractParser
instanceKlass org/jetbrains/kotlin/protobuf/MessageLite$Builder
instanceKlass org/jetbrains/kotlin/protobuf/Parser
instanceKlass org/jetbrains/kotlin/protobuf/FieldSet$FieldDescriptorLite
instanceKlass org/jetbrains/kotlin/protobuf/AbstractMessageLite
instanceKlass org/jetbrains/kotlin/metadata/ProtoBuf$PackageOrBuilder
instanceKlass org/jetbrains/kotlin/protobuf/GeneratedMessageLite$ExtendableMessageOrBuilder
instanceKlass org/jetbrains/kotlin/protobuf/MessageLite
instanceKlass org/jetbrains/kotlin/protobuf/MessageLiteOrBuilder
instanceKlass org/jetbrains/kotlin/metadata/builtins/BuiltInsProtoBuf
instanceKlass org/jetbrains/kotlin/protobuf/ExtensionRegistryLite
instanceKlass org/jetbrains/kotlin/serialization/SerializerExtensionProtocol
instanceKlass org/jetbrains/kotlin/storage/LockBasedStorageManager$CacheWithNullableValuesBasedOnMemoizedFunction$1
instanceKlass org/jetbrains/kotlin/types/KotlinTypeFactory
instanceKlass org/jetbrains/kotlin/util/ArrayMap
instanceKlass org/jetbrains/kotlin/util/TypeRegistry
instanceKlass org/jetbrains/kotlin/util/AbstractArrayMapOwner
instanceKlass org/jetbrains/kotlin/descriptors/FieldDescriptor
instanceKlass org/jetbrains/kotlin/descriptors/PropertySetterDescriptor
instanceKlass org/jetbrains/kotlin/descriptors/PropertyGetterDescriptor
instanceKlass org/jetbrains/kotlin/descriptors/PropertyAccessorDescriptor
instanceKlass org/jetbrains/kotlin/descriptors/VariableAccessorDescriptor
instanceKlass org/jetbrains/kotlin/types/error/ErrorPropertyDescriptor
instanceKlass org/jetbrains/kotlin/descriptors/PropertyDescriptor
instanceKlass org/jetbrains/kotlin/mpp/PropertySymbolMarker
instanceKlass org/jetbrains/kotlin/descriptors/VariableDescriptorWithAccessors
instanceKlass org/jetbrains/kotlin/descriptors/VariableDescriptor
instanceKlass kotlin/jvm/internal/StringCompanionObject
instanceKlass org/jetbrains/kotlin/types/error/ErrorTypeConstructor
instanceKlass org/jetbrains/kotlin/types/error/ErrorScope
instanceKlass org/jetbrains/kotlin/cli/common/ModuleVisibilityHelperImpl
instanceKlass org/jetbrains/kotlin/descriptors/DescriptorVisibilities$12
instanceKlass org/jetbrains/kotlin/descriptors/DescriptorVisibilities$11
instanceKlass org/jetbrains/kotlin/descriptors/DescriptorVisibilities$10
instanceKlass org/jetbrains/kotlin/util/ModuleVisibilityHelper
instanceKlass org/jetbrains/kotlin/descriptors/DescriptorVisibility
instanceKlass org/jetbrains/kotlin/descriptors/Visibility
instanceKlass org/jetbrains/kotlin/descriptors/DescriptorVisibilities
instanceKlass org/jetbrains/kotlin/name/SpecialNames
instanceKlass org/jetbrains/kotlin/resolve/scopes/receivers/ReceiverValue
instanceKlass org/jetbrains/kotlin/resolve/scopes/receivers/Receiver
instanceKlass org/jetbrains/kotlin/descriptors/FunctionDescriptor$CopyBuilder
instanceKlass org/jetbrains/kotlin/descriptors/CallableMemberDescriptor$CopyBuilder
instanceKlass org/jetbrains/kotlin/descriptors/ClassConstructorDescriptor
instanceKlass org/jetbrains/kotlin/mpp/ConstructorSymbolMarker
instanceKlass org/jetbrains/kotlin/descriptors/ConstructorDescriptor
instanceKlass java/util/Formatter$Flags
instanceKlass java/util/Formattable
instanceKlass java/util/Formatter$FormatSpecifier
instanceKlass java/util/Formatter$Conversion
instanceKlass java/util/Formatter$FixedString
instanceKlass java/util/Formatter$FormatString
instanceKlass java/util/Formatter
instanceKlass org/jetbrains/kotlin/types/error/ErrorModuleDescriptor
instanceKlass org/jetbrains/kotlin/types/error/ErrorUtils
instanceKlass org/jetbrains/kotlin/types/TypeProjection
instanceKlass org/jetbrains/kotlin/types/model/TypeArgumentMarker
instanceKlass org/jetbrains/kotlin/types/TypeUtils
instanceKlass org/jetbrains/kotlin/descriptors/impl/AbstractClassDescriptor$1$1
instanceKlass org/jetbrains/kotlin/types/AbstractTypeRefiner
instanceKlass org/jetbrains/kotlin/types/checker/KotlinTypeRefinerKt
instanceKlass org/jetbrains/kotlin/resolve/descriptorUtil/DescriptorUtilsKt
instanceKlass org/jetbrains/kotlin/descriptors/FunctionDescriptor
instanceKlass org/jetbrains/kotlin/mpp/FunctionSymbolMarker
instanceKlass org/jetbrains/kotlin/descriptors/CallableMemberDescriptor
instanceKlass org/jetbrains/kotlin/resolve/DescriptorUtils
instanceKlass org/jetbrains/kotlin/resolve/scopes/MemberScopeImpl
instanceKlass org/jetbrains/kotlin/descriptors/SupertypeLoopChecker
instanceKlass org/jetbrains/kotlin/types/ClassifierBasedTypeConstructor
instanceKlass org/jetbrains/kotlin/descriptors/ReceiverParameterDescriptor
instanceKlass org/jetbrains/kotlin/descriptors/ParameterDescriptor
instanceKlass org/jetbrains/kotlin/descriptors/ValueDescriptor
instanceKlass org/jetbrains/kotlin/descriptors/CallableDescriptor
instanceKlass org/jetbrains/kotlin/mpp/CallableSymbolMarker
instanceKlass org/jetbrains/kotlin/descriptors/impl/AbstractClassDescriptor$3
instanceKlass org/jetbrains/kotlin/descriptors/impl/AbstractClassDescriptor$2
instanceKlass org/jetbrains/kotlin/descriptors/impl/AbstractClassDescriptor$1
instanceKlass org/jetbrains/kotlin/descriptors/Modality$Companion
instanceKlass org/jetbrains/kotlin/descriptors/impl/ModuleAwareClassDescriptor$Companion
instanceKlass org/jetbrains/kotlin/types/TypeConstructor
instanceKlass org/jetbrains/kotlin/types/model/TypeConstructorMarker
instanceKlass org/jetbrains/kotlin/resolve/scopes/MemberScope
instanceKlass org/jetbrains/kotlin/resolve/scopes/ResolutionScope
instanceKlass org/jetbrains/kotlin/descriptors/impl/ModuleAwareClassDescriptor
instanceKlass org/jetbrains/kotlin/descriptors/ClassDescriptor
instanceKlass org/jetbrains/kotlin/mpp/RegularClassSymbolMarker
instanceKlass org/jetbrains/kotlin/descriptors/ClassifierDescriptorWithTypeParameters
instanceKlass org/jetbrains/kotlin/mpp/ClassLikeSymbolMarker
instanceKlass org/jetbrains/kotlin/descriptors/Substitutable
instanceKlass org/jetbrains/kotlin/descriptors/MemberDescriptor
instanceKlass org/jetbrains/kotlin/descriptors/DeclarationDescriptorWithVisibility
instanceKlass org/jetbrains/kotlin/descriptors/PackageViewDescriptor
instanceKlass org/jetbrains/kotlin/renderer/KeywordStringsGenerated
instanceKlass org/jetbrains/kotlin/renderer/RenderingUtilsKt
instanceKlass org/jetbrains/kotlin/descriptors/ModuleDescriptor$DefaultImpls
instanceKlass org/jetbrains/kotlin/renderer/DescriptorRendererImpl$RenderDeclarationDescriptorVisitor
instanceKlass org/jetbrains/kotlin/descriptors/DeclarationDescriptorVisitor
instanceKlass org/jetbrains/kotlin/renderer/ClassifierNamePolicy$FULLY_QUALIFIED
instanceKlass org/jetbrains/kotlin/renderer/ClassifierNamePolicy$SHORT
instanceKlass org/jetbrains/kotlin/renderer/ExcludedTypeAnnotations
instanceKlass org/jetbrains/kotlin/renderer/DescriptorRenderer$ValueParametersHandler$DEFAULT
instanceKlass org/jetbrains/kotlin/renderer/DescriptorRenderer$ValueParametersHandler
instanceKlass org/jetbrains/kotlin/renderer/DescriptorRendererModifier$Companion
instanceKlass kotlin/properties/ObservableProperty
instanceKlass kotlin/properties/ReadWriteProperty
instanceKlass kotlin/properties/Delegates
instanceKlass org/jetbrains/kotlin/renderer/ClassifierNamePolicy$SOURCE_CODE_QUALIFIED
instanceKlass org/jetbrains/kotlin/renderer/ClassifierNamePolicy
instanceKlass org/jetbrains/kotlin/renderer/DescriptorRendererOptionsImpl
instanceKlass org/jetbrains/kotlin/renderer/DescriptorRendererOptions
instanceKlass org/jetbrains/kotlin/renderer/DescriptorRenderer$Companion
instanceKlass org/jetbrains/kotlin/renderer/DescriptorRenderer
instanceKlass org/jetbrains/kotlin/descriptors/SourceElement$1
instanceKlass org/jetbrains/kotlin/descriptors/SourceElement
instanceKlass org/jetbrains/kotlin/descriptors/PackageFragmentDescriptor
instanceKlass org/jetbrains/kotlin/descriptors/ClassOrPackageFragmentDescriptor
instanceKlass org/jetbrains/kotlin/builtins/jvm/JavaToKotlinClassMapper
instanceKlass org/jetbrains/kotlin/builtins/PlatformToKotlinClassMapper
instanceKlass org/jetbrains/kotlin/builtins/jvm/JvmBuiltInsCustomizer
instanceKlass org/jetbrains/kotlin/storage/StorageKt
instanceKlass org/jetbrains/kotlin/utils/CollectionsKt
instanceKlass org/jetbrains/kotlin/builtins/StandardNames$FqNames
instanceKlass org/jetbrains/kotlin/builtins/StandardNames
instanceKlass org/jetbrains/kotlin/builtins/jvm/JvmBuiltInClassDescriptorFactory$Companion
instanceKlass org/jetbrains/kotlin/builtins/jvm/JvmBuiltInClassDescriptorFactory
instanceKlass org/jetbrains/kotlin/builtins/functions/BuiltInFictitiousFunctionClassFactory
instanceKlass org/jetbrains/kotlin/descriptors/deserialization/ClassDescriptorFactory
instanceKlass org/jetbrains/kotlin/serialization/deserialization/builtins/BuiltInsResourceLoader
instanceKlass org/jetbrains/kotlin/serialization/deserialization/builtins/BuiltInsLoaderImpl
instanceKlass org/jetbrains/kotlin/builtins/BuiltInsLoader$Companion
instanceKlass org/jetbrains/kotlin/builtins/BuiltInsLoader
instanceKlass org/jetbrains/kotlin/cli/jvm/compiler/TopDownAnalyzerFacadeForJVM$SourceOrBinaryModuleClassResolver
instanceKlass org/jetbrains/kotlin/load/java/lazy/ModuleClassResolver
instanceKlass org/jetbrains/kotlin/modules/TargetId
instanceKlass org/jetbrains/kotlin/modules/TargetIdKt
instanceKlass org/jetbrains/kotlin/incremental/components/EnumWhenTracker$DoNothing
instanceKlass org/jetbrains/kotlin/incremental/components/EnumWhenTracker
instanceKlass org/jetbrains/kotlin/incremental/components/InlineConstTracker$DoNothing
instanceKlass org/jetbrains/kotlin/incremental/components/InlineConstTracker
instanceKlass org/jetbrains/kotlin/incremental/components/ExpectActualTracker$DoNothing
instanceKlass org/jetbrains/kotlin/incremental/components/ExpectActualTracker
instanceKlass org/jetbrains/kotlin/incremental/components/LookupTracker$DO_NOTHING
instanceKlass org/jetbrains/kotlin/incremental/components/LookupTracker
instanceKlass org/jetbrains/kotlin/builtins/KotlinBuiltIns$4
instanceKlass org/jetbrains/kotlin/context/MutableModuleContextImpl
instanceKlass org/jetbrains/kotlin/context/MutableModuleContext
instanceKlass org/jetbrains/kotlin/context/ModuleContext
instanceKlass org/jetbrains/kotlin/descriptors/impl/PackageViewDescriptorFactory$Default
instanceKlass org/jetbrains/kotlin/descriptors/ModuleCapability
instanceKlass org/jetbrains/kotlin/descriptors/impl/PackageViewDescriptorFactory$Companion
instanceKlass org/jetbrains/kotlin/descriptors/impl/PackageViewDescriptorFactory
instanceKlass org/jetbrains/kotlin/descriptors/annotations/Annotations$Companion$EMPTY$1
instanceKlass org/jetbrains/kotlin/descriptors/annotations/Annotations$Companion
instanceKlass org/jetbrains/kotlin/descriptors/annotations/Annotations
instanceKlass org/jetbrains/kotlin/descriptors/annotations/AnnotatedImpl
instanceKlass org/jetbrains/kotlin/builtins/jvm/JvmBuiltIns$WhenMappings
instanceKlass org/jetbrains/kotlin/builtins/KotlinBuiltIns$3
instanceKlass org/jetbrains/kotlin/builtins/KotlinBuiltIns$2
instanceKlass org/jetbrains/kotlin/storage/LockBasedStorageManager$LockBasedLazyValue
instanceKlass org/jetbrains/kotlin/builtins/KotlinBuiltIns$1
instanceKlass org/jetbrains/kotlin/types/model/TypeArgumentListMarker
instanceKlass org/jetbrains/kotlin/types/model/SimpleTypeMarker
instanceKlass org/jetbrains/kotlin/types/KotlinType
instanceKlass org/jetbrains/kotlin/descriptors/deserialization/AdditionalClassPartsProvider
instanceKlass org/jetbrains/kotlin/descriptors/deserialization/PlatformDependentDeclarationFilter
instanceKlass org/jetbrains/kotlin/incremental/components/LookupLocation
instanceKlass org/jetbrains/kotlin/descriptors/ModuleDescriptor
instanceKlass org/jetbrains/kotlin/descriptors/ClassifierDescriptor
instanceKlass org/jetbrains/kotlin/mpp/ClassifierSymbolMarker
instanceKlass org/jetbrains/kotlin/descriptors/DeclarationDescriptorNonRoot
instanceKlass org/jetbrains/kotlin/descriptors/DeclarationDescriptorWithSource
instanceKlass org/jetbrains/kotlin/descriptors/DeclarationDescriptor
instanceKlass org/jetbrains/kotlin/mpp/DeclarationSymbolMarker
instanceKlass org/jetbrains/kotlin/descriptors/annotations/Annotated
instanceKlass org/jetbrains/kotlin/descriptors/ValidateableDescriptor
instanceKlass org/jetbrains/kotlin/descriptors/Named
instanceKlass org/jetbrains/kotlin/builtins/KotlinBuiltIns
instanceKlass  @bci org/jetbrains/kotlin/context/ContextKt GlobalContext (Ljava/lang/String;)Lorg/jetbrains/kotlin/context/GlobalContextImpl; 23 <appendix> argL0 ; # org/jetbrains/kotlin/context/ContextKt$$Lambda+0x00000001003a2a60
instanceKlass org/jetbrains/kotlin/context/SimpleGlobalContext
instanceKlass org/jetbrains/kotlin/storage/ExceptionTracker
instanceKlass org/jetbrains/kotlin/context/ProjectContextImpl
instanceKlass org/jetbrains/kotlin/context/ProjectContext
instanceKlass org/jetbrains/kotlin/context/GlobalContext
instanceKlass org/jetbrains/kotlin/context/ContextKt
instanceKlass org/jetbrains/kotlin/platform/TargetPlatform
instanceKlass org/jetbrains/kotlin/platform/TargetPlatformKt
instanceKlass org/jetbrains/kotlin/platform/TargetPlatformVersion$NoVersion
instanceKlass org/jetbrains/kotlin/platform/SimplePlatform
instanceKlass org/jetbrains/kotlin/platform/jvm/JvmPlatforms
instanceKlass org/jetbrains/kotlin/resolve/TargetEnvironment$Companion
instanceKlass org/jetbrains/kotlin/resolve/TargetEnvironment
instanceKlass  @bci org/jetbrains/kotlin/resolve/diagnostics/MutableDiagnosticsWithSuppression <init> (Lorg/jetbrains/kotlin/resolve/diagnostics/KotlinSuppressCache;Lorg/jetbrains/kotlin/resolve/diagnostics/Diagnostics;)V 43 <appendix> member <vmtarget> ; # org/jetbrains/kotlin/resolve/diagnostics/MutableDiagnosticsWithSuppression$$Lambda+0x000000010039f470
instanceKlass org/jetbrains/kotlin/com/intellij/psi/util/CachedValueProvider$Result
instanceKlass org/jetbrains/kotlin/com/intellij/util/CachedValueBase
instanceKlass org/jetbrains/kotlin/util/ExtensionProvider$Companion
instanceKlass org/jetbrains/kotlin/util/MappedExtensionProvider
instanceKlass org/jetbrains/kotlin/resolve/diagnostics/KotlinSuppressCache$Companion
instanceKlass org/jetbrains/kotlin/diagnostics/AbstractKotlinSuppressCache$Companion
instanceKlass org/jetbrains/kotlin/resolve/diagnostics/Diagnostics$Companion$EMPTY$1
instanceKlass org/jetbrains/kotlin/resolve/diagnostics/Diagnostics$Companion
instanceKlass org/jetbrains/kotlin/resolve/diagnostics/MutableDiagnosticsWithSuppression
instanceKlass org/jetbrains/kotlin/resolve/diagnostics/Diagnostics
instanceKlass org/jetbrains/kotlin/diagnostics/GenericDiagnostics
instanceKlass org/jetbrains/kotlin/util/slicedMap/WritableSlice
instanceKlass org/jetbrains/kotlin/resolve/BindingTraceContext$1
instanceKlass org/jetbrains/kotlin/resolve/CleanableBindingContext
instanceKlass org/jetbrains/kotlin/util/slicedMap/SlicedMapImpl
instanceKlass org/jetbrains/kotlin/resolve/BindingTraceFilter$Companion
instanceKlass org/jetbrains/kotlin/resolve/BindingTraceFilter
instanceKlass org/jetbrains/kotlin/diagnostics/DiagnosticSink$2
instanceKlass org/jetbrains/kotlin/diagnostics/DiagnosticSink$1
instanceKlass org/jetbrains/kotlin/util/slicedMap/ReadOnlySlice
instanceKlass org/jetbrains/kotlin/util/slicedMap/MutableSlicedMap
instanceKlass org/jetbrains/kotlin/util/slicedMap/SlicedMap
instanceKlass org/jetbrains/kotlin/diagnostics/AbstractKotlinSuppressCache
instanceKlass org/jetbrains/kotlin/resolve/BindingContext
instanceKlass org/jetbrains/kotlin/resolve/BindingTraceContext
instanceKlass org/jetbrains/kotlin/resolve/BindingTrace
instanceKlass org/jetbrains/kotlin/diagnostics/DiagnosticSink
instanceKlass org/jetbrains/kotlin/com/intellij/openapi/vfs/VirtualFileWithId
instanceKlass org/jetbrains/kotlin/com/intellij/openapi/vfs/VirtualFileSet
instanceKlass org/jetbrains/kotlin/com/intellij/openapi/vfs/VirtualFileVisitor
instanceKlass org/jetbrains/kotlin/com/intellij/openapi/vfs/VfsUtilCore
instanceKlass org/jetbrains/kotlin/cli/jvm/compiler/TopDownAnalyzerFacadeForJVM
instanceKlass org/jetbrains/kotlin/psi/KtOperationExpression
instanceKlass org/jetbrains/kotlin/BlockExpressionElementType$Companion
instanceKlass org/jetbrains/kotlin/com/intellij/psi/tree/IReparseableElementTypeBase
instanceKlass org/jetbrains/kotlin/com/intellij/psi/tree/ICompositeElementType
instanceKlass org/jetbrains/kotlin/KtNodeTypes
instanceKlass org/jetbrains/kotlin/com/intellij/lang/PsiParser
instanceKlass org/jetbrains/kotlin/kdoc/lexer/KDocTokens
instanceKlass org/jetbrains/kotlin/lexer/KtTokens
instanceKlass org/jetbrains/kotlin/diagnostics/PositioningStrategy
instanceKlass org/jetbrains/kotlin/diagnostics/PositioningStrategies
instanceKlass org/jetbrains/kotlin/diagnostics/DiagnosticFactory$Companion
instanceKlass org/jetbrains/kotlin/diagnostics/DiagnosticMarker
instanceKlass org/jetbrains/kotlin/diagnostics/UnboundDiagnostic
instanceKlass org/jetbrains/kotlin/diagnostics/DiagnosticFactory
instanceKlass org/jetbrains/kotlin/cli/common/messages/AnalyzerWithCompilerReport$Companion
instanceKlass org/jetbrains/kotlin/cli/common/messages/AnalyzerWithCompilerReport
instanceKlass org/jetbrains/kotlin/analyzer/AbstractAnalyzerWithCompilerReport
instanceKlass org/jetbrains/kotlin/load/kotlin/ModuleVisibilityManager$SERVICE
instanceKlass org/jetbrains/kotlin/cli/jvm/compiler/KotlinToJVMBytecodeCompiler
instanceKlass sun/nio/cs/ThreadLocalCoders$Cache
instanceKlass sun/nio/cs/ThreadLocalCoders
instanceKlass org/jetbrains/kotlin/com/intellij/injected/editor/DocumentWindow
instanceKlass org/jetbrains/kotlin/com/intellij/openapi/editor/impl/FrozenDocument
instanceKlass org/jetbrains/kotlin/com/intellij/openapi/editor/impl/DocumentImpl$1
instanceKlass java/beans/PropertyChangeListener
instanceKlass java/beans/ChangeListenerMap
instanceKlass java/beans/PropertyChangeSupport
instanceKlass org/jetbrains/kotlin/com/intellij/openapi/editor/impl/IntervalTreeImpl$IntervalTreeGuide
instanceKlass org/jetbrains/kotlin/com/intellij/util/WalkingState$TreeGuide
instanceKlass org/jetbrains/kotlin/it/unimi/dsi/fastutil/longs/LongSet
instanceKlass org/jetbrains/kotlin/it/unimi/dsi/fastutil/longs/LongCollection
instanceKlass org/jetbrains/kotlin/it/unimi/dsi/fastutil/longs/LongIterable
instanceKlass org/jetbrains/kotlin/com/intellij/openapi/editor/impl/RedBlackTree$Node
instanceKlass org/jetbrains/kotlin/com/intellij/openapi/editor/ex/PrioritizedDocumentListener$1
instanceKlass org/jetbrains/kotlin/com/intellij/openapi/editor/ex/PrioritizedDocumentListener
instanceKlass org/jetbrains/kotlin/com/intellij/openapi/editor/ex/DocumentEx$1
instanceKlass org/jetbrains/kotlin/com/intellij/util/keyFMap/ArrayBackedFMap
instanceKlass org/jetbrains/kotlin/com/intellij/openapi/fileEditor/impl/LoadTextUtil$ConvertResult
instanceKlass java/lang/reflect/AnnotatedType
instanceKlass java/lang/reflect/TypeVariable
instanceKlass org/jetbrains/kotlin/com/intellij/util/text/ByteArrayCharSequence
instanceKlass org/jetbrains/kotlin/com/intellij/util/BitUtil
instanceKlass org/jetbrains/kotlin/com/intellij/openapi/fileEditor/impl/LoadTextUtil$DetectResult
instanceKlass org/jetbrains/kotlin/com/intellij/openapi/vfs/CharsetToolkit
instanceKlass org/jetbrains/kotlin/com/intellij/openapi/fileEditor/impl/LoadTextUtil
instanceKlass org/jetbrains/kotlin/cli/jvm/compiler/JavaLanguageLevelKt
instanceKlass org/jetbrains/kotlin/config/AppendJavaSourceRootsHandlerKeyKt
instanceKlass org/jetbrains/kotlin/cli/jvm/compiler/CliVirtualFileFinderFactory
instanceKlass org/jetbrains/kotlin/load/kotlin/VirtualFileFinderFactory
instanceKlass org/jetbrains/kotlin/load/kotlin/MetadataFinderFactory
instanceKlass org/jetbrains/kotlin/cli/jvm/modules/CliJavaModuleResolver$Companion
instanceKlass org/jetbrains/kotlin/cli/jvm/modules/CliJavaModuleResolver
instanceKlass org/jetbrains/kotlin/resolve/jvm/modules/JavaModuleResolver
instanceKlass org/jetbrains/kotlin/load/java/JavaModuleAnnotationsProvider
instanceKlass org/jetbrains/kotlin/cli/jvm/index/SingleJavaFileRootsIndex
instanceKlass org/jetbrains/kotlin/cli/jvm/index/JvmDependenciesIndexImpl
instanceKlass java/util/concurrent/locks/ReentrantReadWriteLock$WriteLock
instanceKlass java/util/concurrent/locks/ReentrantReadWriteLock$ReadLock
instanceKlass java/util/concurrent/locks/ReentrantReadWriteLock
instanceKlass java/util/concurrent/locks/ReadWriteLock
instanceKlass org/jetbrains/kotlin/cli/jvm/index/JvmDependenciesDynamicCompoundIndex
instanceKlass org/jetbrains/kotlin/cli/jvm/index/JvmDependenciesIndex
instanceKlass org/jetbrains/kotlin/cli/jvm/compiler/ClasspathRootsResolver$RootsAndModules
instanceKlass kotlin/sequences/TransformingSequence$iterator$1
instanceKlass kotlin/sequences/FilteringSequence$iterator$1
instanceKlass kotlin/jvm/internal/ArrayIterator
instanceKlass kotlin/jvm/internal/ArrayIteratorKt
instanceKlass kotlin/sequences/FlatteningSequence$iterator$1
instanceKlass kotlin/sequences/FlatteningSequence
instanceKlass kotlin/collections/ArraysKt___ArraysKt$asSequence$$inlined$Sequence$1
instanceKlass kotlin/collections/CollectionsKt___CollectionsKt$asSequence$$inlined$Sequence$1
instanceKlass kotlin/sequences/FilteringSequence
instanceKlass kotlin/sequences/TransformingSequence
instanceKlass kotlin/sequences/EmptySequence
instanceKlass kotlin/sequences/DropTakeSequence
instanceKlass org/jetbrains/kotlin/cli/jvm/index/JavaRoot$RootTypes
instanceKlass org/jetbrains/kotlin/cli/jvm/index/JavaRoot
instanceKlass  @bci org/jetbrains/kotlin/com/intellij/util/containers/FactoryMap entrySet ()Ljava/util/Set; 9 <appendix> argL0 ; # org/jetbrains/kotlin/com/intellij/util/containers/FactoryMap$$Lambda+0x0000000100341530
instanceKlass org/jetbrains/kotlin/com/intellij/util/containers/FactoryMap
instanceKlass  @bci org/jetbrains/kotlin/com/intellij/openapi/vfs/impl/jar/CoreJarHandler <init> (Lorg/jetbrains/kotlin/com/intellij/openapi/vfs/impl/jar/CoreJarFileSystem;Ljava/lang/String;)V 40 <appendix> argL0 ; # org/jetbrains/kotlin/com/intellij/openapi/vfs/impl/jar/CoreJarHandler$$Lambda+0x0000000100340560
instanceKlass org/jetbrains/kotlin/com/intellij/util/text/CharArrayExternalizable
instanceKlass org/jetbrains/kotlin/com/intellij/util/text/ImmutableCharSequence
instanceKlass org/jetbrains/kotlin/com/intellij/util/text/CharArrayUtil
instanceKlass  @bci org/jetbrains/kotlin/com/intellij/openapi/vfs/impl/ZipHandlerBase buildEntryMapForZipFile (Ljava/util/zip/ZipFile;)Ljava/util/Map; 70 <appendix> member <vmtarget> ; # org/jetbrains/kotlin/com/intellij/openapi/vfs/impl/ZipHandlerBase$$Lambda+0x000000010033f808
instanceKlass java/util/zip/ZipFile$ZipEntryIterator
instanceKlass org/jetbrains/kotlin/com/intellij/openapi/vfs/impl/ArchiveHandler$EntryInfo
instanceKlass org/jetbrains/kotlin/com/intellij/util/containers/ShareableKey
instanceKlass org/jetbrains/kotlin/com/intellij/util/containers/hash/LinkedHashMap$Entry
instanceKlass java/util/DualPivotQuicksort
instanceKlass org/jetbrains/kotlin/com/intellij/util/containers/hash/HashUtil
instanceKlass org/jetbrains/kotlin/com/intellij/util/containers/SLRUMap
instanceKlass org/jetbrains/kotlin/com/intellij/openapi/util/io/FileAttributes
instanceKlass org/jetbrains/kotlin/com/intellij/util/io/ResourceHandle
instanceKlass org/jetbrains/kotlin/com/intellij/util/io/FileAccessorCache
instanceKlass org/jetbrains/kotlin/com/intellij/util/containers/hash/EqualityPolicy
instanceKlass org/jetbrains/kotlin/com/intellij/openapi/vfs/impl/AddonlyKeylessHash$KeyValueMapper
instanceKlass org/jetbrains/kotlin/com/intellij/openapi/util/Pair
instanceKlass org/jetbrains/kotlin/cli/jvm/compiler/ClasspathRootsResolver$RootWithPrefix
instanceKlass org/jetbrains/kotlin/cli/jvm/config/JvmModulePathRoot
instanceKlass org/jetbrains/kotlin/cli/jvm/modules/JavaModuleGraph
instanceKlass org/jetbrains/kotlin/cli/jvm/compiler/ClasspathRootsResolver$Companion
instanceKlass org/jetbrains/kotlin/cli/jvm/compiler/ClasspathRootsResolver
instanceKlass org/jetbrains/kotlin/cli/jvm/modules/CliJavaModuleFinder
instanceKlass org/jetbrains/kotlin/resolve/jvm/modules/JavaModuleFinder
instanceKlass kotlin/comparisons/ComparisonsKt__ComparisonsKt
instanceKlass org/jetbrains/kotlin/com/intellij/openapi/util/io/FileUtil$2
instanceKlass org/jetbrains/kotlin/com/intellij/openapi/util/io/FileUtil$1
instanceKlass org/jetbrains/kotlin/com/intellij/util/text/CaseInsensitiveStringHashingStrategy
instanceKlass org/jetbrains/kotlin/com/intellij/openapi/util/io/FileUtilRt$SymlinkResolver
instanceKlass org/jetbrains/kotlin/com/intellij/util/indexing/IndexingDataKeys
instanceKlass org/jetbrains/kotlin/cli/jvm/compiler/KotlinCoreEnvironment$special$$inlined$sortBy$1
instanceKlass org/jetbrains/kotlin/psi/UserDataProperty
instanceKlass kotlin/reflect/jvm/internal/KPropertyImpl$Companion
instanceKlass kotlin/reflect/jvm/internal/KCallableImpl
instanceKlass kotlin/reflect/KMutableProperty$Setter
instanceKlass org/jetbrains/kotlin/resolve/multiplatform/IsCommonSourceKt
instanceKlass org/jetbrains/kotlin/com/intellij/psi/util/PsiUtilCore$NullPsiElement
instanceKlass org/jetbrains/kotlin/com/intellij/psi/util/PsiUtilCore
instanceKlass  @bci org/jetbrains/kotlin/com/intellij/psi/impl/source/FileTrees noStub (Lorg/jetbrains/kotlin/com/intellij/psi/impl/source/tree/FileElement;Lorg/jetbrains/kotlin/com/intellij/psi/impl/source/PsiFileImpl;)Lorg/jetbrains/kotlin/com/intellij/psi/impl/source/FileTrees; 15 <appendix> member <vmtarget> ; # org/jetbrains/kotlin/com/intellij/psi/impl/source/FileTrees$$Lambda+0x000000010032f6a8
instanceKlass org/jetbrains/kotlin/com/intellij/psi/impl/source/FileTrees
instanceKlass org/jetbrains/kotlin/psi/stubs/KotlinScriptStub
instanceKlass org/jetbrains/kotlin/psi/stubs/KotlinPlaceHolderWithTextStub
instanceKlass org/jetbrains/kotlin/com/intellij/psi/tree/IReparseableLeafElementType
instanceKlass org/jetbrains/kotlin/com/intellij/psi/TokenType
instanceKlass org/jetbrains/kotlin/com/intellij/psi/LiteralTextEscaper
instanceKlass org/jetbrains/kotlin/com/intellij/psi/ContributedReferenceHost
instanceKlass org/jetbrains/kotlin/psi/stubs/KotlinCollectionLiteralExpressionStub
instanceKlass org/jetbrains/kotlin/psi/stubs/KotlinClassLiteralExpressionStub
instanceKlass org/jetbrains/kotlin/psi/KtDoubleColonExpression
instanceKlass org/jetbrains/kotlin/psi/stubs/KotlinConstantExpressionStub
instanceKlass org/jetbrains/kotlin/psi/stubs/elements/KtConstantExpressionElementType$Companion
instanceKlass org/jetbrains/kotlin/psi/stubs/KotlinContextReceiverStub
instanceKlass org/jetbrains/kotlin/psi/LambdaArgument
instanceKlass org/jetbrains/kotlin/psi/stubs/KotlinContractEffectStub
instanceKlass org/jetbrains/kotlin/psi/ValueArgumentName
instanceKlass org/jetbrains/kotlin/psi/stubs/KotlinValueArgumentStub
instanceKlass org/jetbrains/kotlin/psi/ValueArgument
instanceKlass org/jetbrains/kotlin/psi/stubs/KotlinEnumEntrySuperclassReferenceExpressionStub
instanceKlass org/jetbrains/kotlin/psi/KtQualifiedExpression
instanceKlass org/jetbrains/kotlin/psi/stubs/KotlinNameReferenceExpressionStub
instanceKlass org/jetbrains/kotlin/psi/stubs/KotlinTypeProjectionStub
instanceKlass org/jetbrains/kotlin/psi/KtSimpleNameExpression
instanceKlass org/jetbrains/kotlin/psi/KtReferenceExpression
instanceKlass org/jetbrains/kotlin/psi/stubs/impl/KotlinTypeBean
instanceKlass org/jetbrains/kotlin/types/model/KotlinTypeMarker
instanceKlass org/jetbrains/kotlin/psi/stubs/KotlinUserTypeStub
instanceKlass org/jetbrains/kotlin/psi/KtTypeElement
instanceKlass org/jetbrains/kotlin/psi/stubs/KotlinModifierListStub
instanceKlass org/jetbrains/kotlin/psi/stubs/KotlinImportAliasStub
instanceKlass org/jetbrains/kotlin/psi/KtImportInfo$ImportContent
instanceKlass org/jetbrains/kotlin/psi/KtImportInfo
instanceKlass org/jetbrains/kotlin/psi/stubs/KotlinImportDirectiveStub
instanceKlass org/jetbrains/kotlin/psi/KtAnnotationsContainer
instanceKlass org/jetbrains/kotlin/psi/stubs/KotlinAnnotationUseSiteTargetStub
instanceKlass org/jetbrains/kotlin/psi/KtCallElement
instanceKlass org/jetbrains/kotlin/psi/stubs/KotlinAnnotationEntryStub
instanceKlass org/jetbrains/kotlin/psi/stubs/KotlinTypeParameterStub
instanceKlass org/jetbrains/kotlin/psi/stubs/KotlinParameterStub
instanceKlass org/jetbrains/kotlin/psi/stubs/KotlinConstructorStub
instanceKlass org/jetbrains/kotlin/psi/KtAnonymousInitializer
instanceKlass org/jetbrains/kotlin/psi/stubs/KotlinPlaceHolderStub
instanceKlass org/jetbrains/kotlin/psi/stubs/KotlinObjectStub
instanceKlass org/jetbrains/kotlin/psi/stubs/KotlinTypeAliasStub
instanceKlass org/jetbrains/kotlin/psi/stubs/KotlinBackingFieldStub
instanceKlass org/jetbrains/kotlin/psi/stubs/KotlinPropertyAccessorStub
instanceKlass org/jetbrains/kotlin/psi/KtVariableDeclaration
instanceKlass org/jetbrains/kotlin/psi/KtValVarKeywordOwner
instanceKlass org/jetbrains/kotlin/psi/stubs/KotlinPropertyStub
instanceKlass org/jetbrains/kotlin/psi/KtFunction
instanceKlass org/jetbrains/kotlin/psi/KtDeclarationWithBody
instanceKlass org/jetbrains/kotlin/psi/KtCallableDeclaration
instanceKlass org/jetbrains/kotlin/psi/KtDeclarationWithInitializer
instanceKlass org/jetbrains/kotlin/psi/stubs/KotlinFunctionStub
instanceKlass org/jetbrains/kotlin/psi/stubs/KotlinCallableStubBase
instanceKlass  @bci org/jetbrains/kotlin/psi/stubs/elements/KtStubElementType <init> (Ljava/lang/String;Ljava/lang/Class;Ljava/lang/Class;)V 125 <appendix> member <vmtarget> ; # org/jetbrains/kotlin/psi/stubs/elements/KtStubElementType$$Lambda+0x00000001002c6020
instanceKlass org/jetbrains/kotlin/com/intellij/psi/impl/source/SubstrateRef
instanceKlass org/jetbrains/kotlin/psi/KtTypeParameterListOwner
instanceKlass org/jetbrains/kotlin/psi/KtPureClassOrObject
instanceKlass org/jetbrains/kotlin/psi/KtClassLikeDeclaration
instanceKlass org/jetbrains/kotlin/psi/KtNamedDeclaration
instanceKlass org/jetbrains/kotlin/psi/KtStatementExpression
instanceKlass org/jetbrains/kotlin/psi/KtNamed
instanceKlass org/jetbrains/kotlin/psi/KtDeclaration
instanceKlass org/jetbrains/kotlin/psi/KtModifierListOwner
instanceKlass org/jetbrains/kotlin/psi/KtExpression
instanceKlass org/jetbrains/kotlin/com/intellij/psi/StubBasedPsiElement
instanceKlass org/jetbrains/kotlin/psi/stubs/KotlinClassStub
instanceKlass org/jetbrains/kotlin/psi/stubs/KotlinClassOrObjectStub
instanceKlass org/jetbrains/kotlin/psi/stubs/KotlinStubWithFqName
instanceKlass org/jetbrains/kotlin/com/intellij/psi/stubs/NamedStub
instanceKlass org/jetbrains/kotlin/psi/stubs/KotlinClassifierStub
instanceKlass org/jetbrains/kotlin/psi/stubs/elements/KtStubElementTypes
instanceKlass org/jetbrains/kotlin/psi/stubs/elements/KtTokenSets
instanceKlass org/jetbrains/kotlin/com/intellij/psi/tree/TokenSet
instanceKlass org/jetbrains/kotlin/psi/KtFile$Companion
instanceKlass  @bci java/util/Comparator comparing (Ljava/util/function/Function;)Ljava/util/Comparator; 6 <appendix> member <vmtarget> ; # java/util/Comparator$$Lambda+0x000000010015ffc0
instanceKlass  @bci java/lang/invoke/BootstrapMethodInvoker invoke (Ljava/lang/Class;Ljava/lang/invoke/MethodHandle;Ljava/lang/String;Ljava/lang/Object;Ljava/lang/Object;Ljava/lang/Class;)Ljava/lang/Object; 462 <adapter> ; # java/lang/invoke/LambdaForm$MH+0x00000001002a8400
instanceKlass  @bci org/jetbrains/kotlin/com/intellij/psi/impl/source/PsiFileImpl <clinit> ()V 37 <appendix> argL0 ; # org/jetbrains/kotlin/com/intellij/psi/impl/source/PsiFileImpl$$Lambda+0x00000001002af930
instanceKlass org/jetbrains/kotlin/com/intellij/psi/impl/source/StubbedSpine
instanceKlass org/jetbrains/kotlin/psi/KtDeclarationContainer
instanceKlass org/jetbrains/kotlin/psi/KtAnnotated
instanceKlass org/jetbrains/kotlin/psi/KtElement
instanceKlass org/jetbrains/kotlin/psi/KtPureElement
instanceKlass org/jetbrains/kotlin/com/intellij/psi/PsiModifiableCodeBlock
instanceKlass org/jetbrains/kotlin/com/intellij/psi/PsiClassOwner
instanceKlass org/jetbrains/kotlin/com/intellij/util/keyFMap/PairElementsFMap
instanceKlass  @bci org/jetbrains/kotlin/com/intellij/util/ConcurrencyUtil cacheOrGet (Ljava/util/concurrent/atomic/AtomicReference;Ljava/lang/Object;)Ljava/lang/Object; 40 <appendix> member <vmtarget> ; # org/jetbrains/kotlin/com/intellij/util/ConcurrencyUtil$$Lambda+0x00000001002ac000
instanceKlass  @bci org/jetbrains/kotlin/psi2ir/intermediate/CallBuilderKt$setExplicitReceiverValue$1 call (Lorg/jetbrains/kotlin/psi2ir/intermediate/CallExpressionBuilder;)Lorg/jetbrains/kotlin/ir/expressions/IrExpression; 19 <bsm> form vmentry <vmtarget> ; # java/lang/invoke/LambdaForm$DMH+0x00000001002a8000
instanceKlass java/util/function/UnaryOperator
instanceKlass org/jetbrains/kotlin/com/intellij/psi/AbstractFileViewProvider$VirtualFileContent
instanceKlass org/jetbrains/kotlin/com/intellij/psi/PsiLock
instanceKlass org/jetbrains/kotlin/com/intellij/psi/PsiLargeBinaryFile
instanceKlass org/jetbrains/kotlin/com/intellij/psi/PsiLargeFile
instanceKlass org/jetbrains/kotlin/com/intellij/psi/PsiBinaryFile
instanceKlass org/jetbrains/kotlin/com/intellij/psi/AbstractFileViewProvider$Content
instanceKlass org/jetbrains/kotlin/com/intellij/util/containers/ContainerUtilRt
instanceKlass org/jetbrains/kotlin/com/intellij/model/ModelBranch
instanceKlass org/jetbrains/kotlin/com/intellij/injected/editor/VirtualFileWindow
instanceKlass kotlin/collections/AbstractIterator$WhenMappings
instanceKlass kotlin/io/FileTreeWalk$WalkState
instanceKlass kotlin/collections/AbstractIterator
instanceKlass kotlin/io/FileTreeWalk
instanceKlass  @bci org/jetbrains/kotlin/com/intellij/openapi/vfs/local/CoreLocalVirtualFile <init> (Lorg/jetbrains/kotlin/com/intellij/openapi/vfs/local/CoreLocalFileSystem;Ljava/io/File;)V 40 <appendix> member <vmtarget> ; # org/jetbrains/kotlin/com/intellij/openapi/vfs/local/CoreLocalVirtualFile$$Lambda+0x000000010029fb50
instanceKlass kotlin/io/FilePathComponents
instanceKlass org/jetbrains/kotlin/extensions/PreprocessedFileCreator
instanceKlass  @bci org/jetbrains/kotlin/com/intellij/openapi/util/KeyedExtensionCollector buildExtensions (Ljava/lang/String;Ljava/lang/Object;)Ljava/util/List; 70 <appendix> member <vmtarget> ; # org/jetbrains/kotlin/com/intellij/openapi/util/KeyedExtensionCollector$$Lambda+0x000000010029f1d0
instanceKlass java/util/AbstractList$Itr
instanceKlass org/jetbrains/kotlin/com/intellij/openapi/util/KeyedExtensionCollector$MyExtensionPointListener
instanceKlass org/jetbrains/kotlin/cli/jvm/compiler/CoreEnvironmentUtilsKt
instanceKlass org/jetbrains/kotlin/resolve/lazy/declarations/DeclarationProviderFactoryService$Companion
instanceKlass org/jetbrains/kotlin/resolve/lazy/declarations/DeclarationProviderFactoryService
instanceKlass org/jetbrains/kotlin/com/intellij/diagnostic/Activity
instanceKlass org/jetbrains/kotlin/com/intellij/diagnostic/StartUpMeasurer
instanceKlass org/jetbrains/kotlin/cli/jvm/compiler/CliModuleAnnotationsResolver
instanceKlass org/jetbrains/kotlin/resolve/ModuleAnnotationsResolver
instanceKlass org/jetbrains/kotlin/resolve/jvm/KotlinJavaPsiFacade$2
instanceKlass org/jetbrains/kotlin/resolve/jvm/KotlinJavaPsiFacade$1
instanceKlass  @bci org/jetbrains/kotlin/resolve/jvm/KotlinJavaPsiFacade <init> (Lorg/jetbrains/kotlin/com/intellij/openapi/project/Project;)V 47 <appendix> member <vmtarget> ; # org/jetbrains/kotlin/resolve/jvm/KotlinJavaPsiFacade$$Lambda+0x000000010029c950
instanceKlass org/jetbrains/kotlin/com/intellij/psi/PsiModifierList
instanceKlass org/jetbrains/kotlin/resolve/jvm/NotFoundPackagesCachingStrategy$Default
instanceKlass  @bci org/jetbrains/kotlin/com/intellij/psi/PsiElement <clinit> ()V 7 <appendix> argL0 ; # org/jetbrains/kotlin/com/intellij/psi/PsiElement$$Lambda+0x00000001002976e0
instanceKlass  @bci org/jetbrains/kotlin/com/intellij/psi/impl/ElementBase <clinit> ()V 16 <appendix> argL0 ; # org/jetbrains/kotlin/com/intellij/psi/impl/ElementBase$$Lambda+0x0000000100297478
instanceKlass  @bci org/jetbrains/kotlin/com/intellij/psi/impl/ElementBase <clinit> ()V 8 <appendix> argL0 ; # org/jetbrains/kotlin/com/intellij/psi/impl/ElementBase$$Lambda+0x0000000100297208
instanceKlass org/jetbrains/kotlin/com/intellij/psi/impl/ElementBase$ElementIconRequest
instanceKlass org/jetbrains/kotlin/load/java/structure/JavaClass
instanceKlass org/jetbrains/kotlin/load/java/structure/JavaTypeParameterListOwner
instanceKlass org/jetbrains/kotlin/load/java/structure/JavaModifierListOwner
instanceKlass org/jetbrains/kotlin/load/java/structure/JavaClassifier
instanceKlass org/jetbrains/kotlin/load/java/structure/JavaNamedElement
instanceKlass org/jetbrains/kotlin/load/java/structure/JavaAnnotationOwner
instanceKlass org/jetbrains/kotlin/load/java/structure/JavaElement
instanceKlass org/jetbrains/kotlin/resolve/jvm/KotlinJavaPsiFacade$KotlinPsiElementFinderWrapperImpl
instanceKlass org/jetbrains/kotlin/resolve/jvm/KotlinJavaPsiFacade$KotlinPsiElementFinderWrapper
instanceKlass org/jetbrains/kotlin/resolve/jvm/NotFoundPackagesCachingStrategy
instanceKlass org/jetbrains/kotlin/resolve/jvm/KotlinJavaPsiFacade
instanceKlass org/jetbrains/kotlin/load/java/structure/impl/source/JavaElementSourceFactory
instanceKlass org/jetbrains/kotlin/cli/common/CliModuleVisibilityManagerImpl
instanceKlass org/jetbrains/kotlin/load/kotlin/ModuleVisibilityManager
instanceKlass org/jetbrains/kotlin/compiler/plugin/CompilerPluginRegistrarKt
instanceKlass org/jetbrains/kotlin/compiler/plugin/CompilerPluginRegistrar$ExtensionStorage
instanceKlass androidx/compose/compiler/plugins/kotlin/EmptyModuleMetrics
instanceKlass androidx/compose/compiler/plugins/kotlin/ModuleMetrics
instanceKlass androidx/compose/compiler/plugins/kotlin/ComposeIrGenerationExtension
instanceKlass androidx/compose/compiler/plugins/kotlin/analysis/StabilityConfigParserImpl
instanceKlass androidx/compose/compiler/plugins/kotlin/analysis/StabilityConfigParser$Companion
instanceKlass androidx/compose/compiler/plugins/kotlin/analysis/StabilityConfigParser
instanceKlass org/jetbrains/kotlin/fir/FirSessionComponent
instanceKlass org/jetbrains/kotlin/fir/extensions/FirExtension
instanceKlass org/jetbrains/kotlin/fir/extensions/FirExtensionRegistrar$Companion
instanceKlass org/jetbrains/kotlin/metadata/ProtoBuf$MemberKind$1
instanceKlass org/jetbrains/kotlin/metadata/ProtoBuf$Class$Kind$1
instanceKlass org/jetbrains/kotlin/metadata/ProtoBuf$Modality$1
instanceKlass org/jetbrains/kotlin/metadata/ProtoBuf$Visibility$1
instanceKlass org/jetbrains/kotlin/protobuf/Internal$EnumLiteMap
instanceKlass org/jetbrains/kotlin/protobuf/Internal$EnumLite
instanceKlass org/jetbrains/kotlin/metadata/deserialization/Flags$FlagField
instanceKlass org/jetbrains/kotlin/metadata/deserialization/Flags
instanceKlass androidx/compose/compiler/plugins/kotlin/lower/ClassStabilityFieldSerializationPlugin
instanceKlass androidx/compose/compiler/plugins/kotlin/k1/ComposeTypeResolutionInterceptorExtension
instanceKlass androidx/compose/compiler/plugins/kotlin/k1/ComposeDiagnosticSuppressor$Companion
instanceKlass org/jetbrains/kotlin/resolve/diagnostics/DiagnosticSuppressor$Companion
instanceKlass androidx/compose/compiler/plugins/kotlin/k1/ComposeDiagnosticSuppressor
instanceKlass org/jetbrains/kotlin/resolve/diagnostics/DiagnosticSuppressor
instanceKlass androidx/compose/compiler/plugins/kotlin/inference/ApplierInferencer
instanceKlass androidx/compose/compiler/plugins/kotlin/k1/ComposableTargetChecker$infer$4
instanceKlass androidx/compose/compiler/plugins/kotlin/inference/LazySchemeStorage
instanceKlass androidx/compose/compiler/plugins/kotlin/k1/ComposableTargetChecker$infer$3
instanceKlass androidx/compose/compiler/plugins/kotlin/inference/ErrorReporter
instanceKlass androidx/compose/compiler/plugins/kotlin/k1/ComposableTargetChecker$infer$2
instanceKlass androidx/compose/compiler/plugins/kotlin/inference/NodeAdapter
instanceKlass androidx/compose/compiler/plugins/kotlin/k1/ComposableTargetChecker$infer$1
instanceKlass androidx/compose/compiler/plugins/kotlin/inference/TypeAdapter
instanceKlass androidx/compose/compiler/plugins/kotlin/k1/ComposableTargetChecker
instanceKlass androidx/compose/compiler/plugins/kotlin/k1/ComposableDeclarationChecker
instanceKlass org/jetbrains/kotlin/resolve/checkers/DeclarationChecker
instanceKlass androidx/compose/compiler/plugins/kotlin/k1/ComposableCallChecker
instanceKlass org/jetbrains/kotlin/resolve/calls/checkers/AdditionalTypeChecker
instanceKlass org/jetbrains/kotlin/resolve/calls/checkers/CallChecker
instanceKlass sun/net/www/protocol/jar/JarFileFactory
instanceKlass sun/net/www/protocol/jar/URLJarFile$URLJarFileCloseController
instanceKlass org/jetbrains/kotlin/config/KotlinCompilerVersion
instanceKlass org/jetbrains/kotlin/kapt3/util/MessageCollectorBackedKaptLogger$Companion
instanceKlass org/jetbrains/kotlin/kapt3/util/MessageCollectorBackedKaptLogger
instanceKlass org/jetbrains/kotlin/kapt3/base/util/KaptLogger
instanceKlass java/io/PrintWriter$1
instanceKlass jdk/internal/access/JavaIOPrintWriterAccess
# instanceKlass java/lang/invoke/LambdaForm$MH+0x0000000100289400
# instanceKlass java/lang/invoke/LambdaForm$MH+0x0000000100289000
# instanceKlass java/lang/invoke/LambdaForm$MH+0x0000000100288c00
instanceKlass  @bci org/jetbrains/kotlin/kapt3/util/ModuleManipulationUtilsKt openPackages (Ljava/util/Collection;)V 135 <adapter> ; # java/lang/invoke/LambdaForm$MH+0x0000000100288800
instanceKlass jdk/internal/classfile/ClassElement
instanceKlass jdk/internal/classfile/ClassfileElement
instanceKlass jdk/internal/classfile/ClassBuilder
instanceKlass jdk/internal/classfile/ClassfileBuilder
instanceKlass com/sun/tools/javac/comp/AttrContext
instanceKlass javax/annotation/processing/AbstractProcessor
instanceKlass javax/annotation/processing/Processor
instanceKlass com/sun/tools/javac/api/Messages
instanceKlass com/sun/tools/javac/api/Formattable
instanceKlass com/sun/tools/javac/jvm/ClassFile
instanceKlass com/sun/tools/javac/main/OptionHelper
instanceKlass com/sun/tools/javac/util/Context$Key
instanceKlass com/sun/tools/javac/code/Lint
instanceKlass com/sun/tools/javac/util/Assert
instanceKlass  @bci java/util/regex/CharPredicates ASCII_SPACE ()Ljava/util/regex/Pattern$BmpCharPredicate; 0 <appendix> argL0 ; # java/util/regex/CharPredicates$$Lambda+0x000000010015cc60
instanceKlass com/sun/source/tree/OpensTree
instanceKlass com/sun/source/tree/UsesTree
instanceKlass com/sun/source/tree/MethodInvocationTree
instanceKlass com/sun/source/tree/BreakTree
instanceKlass com/sun/source/tree/CatchTree
instanceKlass com/sun/source/tree/TryTree
instanceKlass com/sun/source/tree/CaseTree
instanceKlass com/sun/source/tree/IdentifierTree
instanceKlass com/sun/source/tree/UnaryTree
instanceKlass com/sun/source/tree/IfTree
instanceKlass com/sun/source/tree/ThrowTree
instanceKlass com/sun/source/tree/YieldTree
instanceKlass com/sun/source/tree/ExpressionStatementTree
instanceKlass com/sun/source/tree/BlockTree
instanceKlass com/sun/source/tree/EmptyStatementTree
instanceKlass com/sun/source/tree/UnionTypeTree
instanceKlass com/sun/source/tree/PrimitiveTypeTree
instanceKlass com/sun/source/tree/ModifiersTree
instanceKlass com/sun/source/tree/LiteralTree
instanceKlass com/sun/source/tree/ErroneousTree
instanceKlass com/sun/source/tree/MemberReferenceTree
instanceKlass com/sun/source/tree/MemberSelectTree
instanceKlass com/sun/source/tree/CompoundAssignmentTree
instanceKlass com/sun/source/tree/TypeCastTree
instanceKlass com/sun/source/tree/AssignmentTree
instanceKlass com/sun/source/tree/NewClassTree
instanceKlass com/sun/source/tree/InstanceOfTree
instanceKlass com/sun/source/tree/RequiresTree
instanceKlass com/sun/source/tree/ParameterizedTypeTree
instanceKlass com/sun/source/tree/BinaryTree
instanceKlass com/sun/source/tree/ProvidesTree
instanceKlass com/sun/source/tree/ExportsTree
instanceKlass com/sun/source/tree/DirectiveTree
instanceKlass com/sun/source/tree/ArrayAccessTree
instanceKlass com/sun/source/tree/AnnotatedTypeTree
instanceKlass com/sun/source/tree/ModuleTree
instanceKlass com/sun/source/tree/AnyPatternTree
instanceKlass com/sun/source/tree/ArrayTypeTree
instanceKlass com/sun/source/tree/NewArrayTree
instanceKlass com/sun/source/tree/ParenthesizedTree
instanceKlass com/sun/source/tree/LambdaExpressionTree
instanceKlass com/sun/source/tree/DeconstructionPatternTree
instanceKlass com/sun/source/tree/PackageTree
instanceKlass com/sun/source/tree/AssertTree
instanceKlass com/sun/source/tree/WhileLoopTree
instanceKlass com/sun/source/tree/VariableTree
instanceKlass com/sun/source/tree/MethodTree
instanceKlass com/sun/source/tree/ReturnTree
instanceKlass com/sun/source/tree/ContinueTree
instanceKlass com/sun/source/tree/ForLoopTree
instanceKlass com/sun/source/tree/DoWhileLoopTree
instanceKlass com/sun/source/tree/ImportTree
instanceKlass com/sun/source/tree/ConditionalExpressionTree
instanceKlass com/sun/source/tree/EnhancedForLoopTree
instanceKlass com/sun/source/tree/SynchronizedTree
instanceKlass com/sun/source/tree/SwitchTree
instanceKlass com/sun/source/tree/LabeledStatementTree
instanceKlass com/sun/source/tree/ClassTree
instanceKlass com/sun/source/tree/StatementTree
instanceKlass com/sun/source/tree/CompilationUnitTree
instanceKlass com/sun/source/tree/TypeParameterTree
instanceKlass com/sun/source/tree/IntersectionTypeTree
instanceKlass com/sun/source/tree/StringTemplateTree
instanceKlass com/sun/source/tree/DefaultCaseLabelTree
instanceKlass com/sun/source/tree/PatternCaseLabelTree
instanceKlass com/sun/source/tree/BindingPatternTree
instanceKlass com/sun/source/tree/PatternTree
instanceKlass com/sun/source/tree/ConstantCaseLabelTree
instanceKlass com/sun/source/tree/CaseLabelTree
instanceKlass com/sun/source/tree/SwitchExpressionTree
instanceKlass com/sun/source/tree/WildcardTree
instanceKlass com/sun/source/tree/AnnotationTree
instanceKlass com/sun/source/tree/ExpressionTree
instanceKlass com/sun/tools/javac/tree/JCTree
instanceKlass com/sun/tools/javac/util/JCDiagnostic$DiagnosticPosition
instanceKlass com/sun/source/tree/Tree
instanceKlass com/sun/tools/javac/tree/JCTree$Visitor
instanceKlass com/sun/tools/javac/file/FSInfo
instanceKlass com/sun/tools/javac/util/Context
instanceKlass jdk/internal/jimage/decompressor/ZipDecompressor
instanceKlass jdk/internal/jimage/decompressor/ResourceDecompressor
instanceKlass jdk/internal/jimage/decompressor/ResourceDecompressorFactory
instanceKlass jdk/internal/jimage/decompressor/ResourceDecompressorRepository
instanceKlass jdk/internal/jimage/decompressor/CompressedResourceHeader
instanceKlass  @bci jdk/internal/jimage/BasicImageReader getResourceBuffer (Ljdk/internal/jimage/ImageLocation;)Ljava/nio/ByteBuffer; 168 <appendix> member <vmtarget> ; # jdk/internal/jimage/BasicImageReader$$Lambda+0x000000010015b788
instanceKlass jdk/internal/jimage/decompressor/ResourceDecompressor$StringsProvider
instanceKlass java/util/AbstractMap$SimpleEntry
instanceKlass jdk/internal/jimage/ImageBufferCache$2
instanceKlass jdk/internal/jimage/ImageBufferCache
instanceKlass jdk/internal/module/ModulePatcher$PatchedModuleReader
instanceKlass org/jetbrains/kotlin/kapt3/util/ModuleManipulationUtilsKt
instanceKlass org/jetbrains/kotlin/base/kapt3/KaptSelector
instanceKlass org/jetbrains/kotlin/base/kapt3/KaptOptions$Builder
instanceKlass org/jetbrains/kotlin/kapt3/Kapt3PluginKt
instanceKlass java/util/Collections$UnmodifiableCollection$1
instanceKlass org/jetbrains/kotlin/fir/extensions/FirAnalysisHandlerExtension
instanceKlass org/jetbrains/kotlin/resolve/extensions/AssignResolutionAltererExtension
instanceKlass org/jetbrains/kotlin/extensions/AnnotationBasedExtension
instanceKlass org/jetbrains/kotlin/types/DefaultTypeAttributeTranslator
instanceKlass org/jetbrains/kotlin/types/extensions/TypeAttributeTranslators
instanceKlass org/jetbrains/kotlin/extensions/TypeAttributeTranslatorExtension
instanceKlass org/jetbrains/kotlin/types/TypeAttributeTranslator
instanceKlass org/jetbrains/kotlin/fir/extensions/FirExtensionRegistrarAdapter
instanceKlass org/jetbrains/kotlin/serialization/DescriptorSerializerPlugin
instanceKlass org/jetbrains/kotlin/extensions/internal/CallResolutionInterceptorExtension
instanceKlass org/jetbrains/kotlin/extensions/internal/CandidateInterceptor
instanceKlass org/jetbrains/kotlin/extensions/internal/TypeResolutionInterceptorExtension
instanceKlass org/jetbrains/kotlin/extensions/internal/TypeResolutionInterceptor
instanceKlass org/jetbrains/kotlin/cli/common/extensions/ShellExtension
instanceKlass org/jetbrains/kotlin/cli/common/extensions/ScriptEvaluationExtension
instanceKlass org/jetbrains/kotlin/backend/common/extensions/IrGenerationExtension
instanceKlass org/jetbrains/kotlin/ir/linkage/IrDeserializer$IrLinkerExtension
instanceKlass org/jetbrains/kotlin/resolve/extensions/ExtraImportsProviderExtension
instanceKlass org/jetbrains/kotlin/extensions/ProcessSourcesBeforeCompilingExtension
instanceKlass org/jetbrains/kotlin/extensions/CollectAdditionalSourcesExtension
instanceKlass org/jetbrains/kotlin/extensions/CompilerConfigurationExtension
instanceKlass org/jetbrains/kotlin/js/translate/extensions/JsSyntheticTranslateExtension
instanceKlass org/jetbrains/kotlin/extensions/PreprocessedVirtualFileFactoryExtension
instanceKlass org/jetbrains/kotlin/extensions/DeclarationAttributeAltererExtension
instanceKlass org/jetbrains/kotlin/extensions/StorageComponentContainerContributor
instanceKlass org/jetbrains/kotlin/resolve/jvm/extensions/PackageFragmentProviderExtension
instanceKlass org/jetbrains/kotlin/resolve/jvm/extensions/AnalysisHandlerExtension
instanceKlass org/jetbrains/kotlin/resolve/extensions/AnalysisHandlerExtension
instanceKlass org/jetbrains/kotlin/codegen/extensions/ClassFileFactoryFinalizerExtension
instanceKlass org/jetbrains/kotlin/backend/jvm/extensions/ClassGeneratorExtension
instanceKlass org/jetbrains/kotlin/codegen/extensions/ClassBuilderInterceptorExtension
instanceKlass org/jetbrains/kotlin/resolve/jvm/extensions/SyntheticJavaResolveExtension
instanceKlass org/jetbrains/kotlin/resolve/extensions/SyntheticResolveExtension
instanceKlass org/jetbrains/kotlin/extensions/ProjectExtensionDescriptor
instanceKlass org/jetbrains/kotlin/codegen/extensions/ExpressionCodegenExtension
instanceKlass  @bci jdk/internal/reflect/MethodHandleIntegerFieldAccessorImpl setInt (Ljava/lang/Object;I)V 29 <adapter> ; # java/lang/invoke/LambdaForm$MH+0x0000000100258000
instanceKlass org/jetbrains/kotlin/com/intellij/openapi/util/io/FileUtilRt$2
instanceKlass java/util/Random
instanceKlass java/util/random/RandomGenerator
instanceKlass org/jetbrains/kotlin/com/intellij/openapi/util/io/FileUtilRt$RepeatableIOOperation
instanceKlass java/io/FileFilter
instanceKlass org/jetbrains/kotlin/com/intellij/openapi/util/io/FileUtilRt
instanceKlass org/jetbrains/kotlin/com/intellij/openapi/vfs/PersistentFSConstants
instanceKlass  @bci org/jetbrains/kotlin/com/intellij/lang/jvm/facade/JvmFacadeImpl <init> (Lorg/jetbrains/kotlin/com/intellij/openapi/project/Project;Lorg/jetbrains/kotlin/com/intellij/util/messages/MessageBus;)V 52 <appendix> member <vmtarget> ; # org/jetbrains/kotlin/com/intellij/lang/jvm/facade/JvmFacadeImpl$$Lambda+0x000000010024f2f0
instanceKlass org/jetbrains/kotlin/com/intellij/psi/impl/source/DummyHolderFactory$DefaultFactory
instanceKlass org/jetbrains/kotlin/com/intellij/psi/impl/source/DummyHolderFactory
instanceKlass org/jetbrains/kotlin/com/intellij/psi/PsiImportHolder
instanceKlass org/jetbrains/kotlin/com/intellij/psi/impl/source/PsiFileWithStubSupport
instanceKlass org/jetbrains/kotlin/com/intellij/psi/impl/PsiFileEx
instanceKlass org/jetbrains/kotlin/com/intellij/openapi/ui/Queryable
instanceKlass org/jetbrains/kotlin/com/intellij/psi/impl/source/JavaDummyHolderFactory
instanceKlass  @bci org/jetbrains/kotlin/com/intellij/psi/impl/JavaPsiFacadeImpl <init> (Lorg/jetbrains/kotlin/com/intellij/openapi/project/Project;)V 99 <appendix> member <vmtarget> ; # org/jetbrains/kotlin/com/intellij/psi/impl/JavaPsiFacadeImpl$$Lambda+0x000000010024e030
instanceKlass  @bci org/jetbrains/kotlin/com/intellij/psi/impl/JavaPsiFacadeImpl <init> (Lorg/jetbrains/kotlin/com/intellij/openapi/project/Project;)V 62 <appendix> member <vmtarget> ; # org/jetbrains/kotlin/com/intellij/psi/impl/JavaPsiFacadeImpl$$Lambda+0x000000010024ddd8
instanceKlass org/jetbrains/kotlin/com/intellij/lang/jvm/facade/JvmFacadeImpl
instanceKlass org/jetbrains/kotlin/com/intellij/lang/jvm/facade/JvmFacade
instanceKlass org/jetbrains/kotlin/com/intellij/psi/impl/source/HolderFactory
instanceKlass org/jetbrains/kotlin/com/intellij/psi/PsiConstantEvaluationHelper
instanceKlass org/jetbrains/kotlin/com/intellij/psi/JavaPsiFacade
instanceKlass org/jetbrains/kotlin/cli/jvm/compiler/MockInferredAnnotationsManager$Companion
instanceKlass org/jetbrains/kotlin/com/intellij/codeInsight/InferredAnnotationsManager
instanceKlass org/jetbrains/kotlin/com/intellij/codeInsight/ExternalAnnotationsListener
instanceKlass org/jetbrains/kotlin/com/intellij/codeInsight/ExternalAnnotationsManager
instanceKlass org/jetbrains/kotlin/com/intellij/util/Processor
instanceKlass org/jetbrains/kotlin/asJava/finder/JavaElementFinder$Companion
instanceKlass org/jetbrains/kotlin/resolve/jvm/KotlinFinderMarker
instanceKlass org/jetbrains/kotlin/asJava/KotlinAsJavaSupport$Companion
instanceKlass org/jetbrains/kotlin/asJava/KotlinAsJavaSupport
instanceKlass org/jetbrains/kotlin/asJava/classes/ImplUtilsKt
instanceKlass org/jetbrains/kotlin/asJava/LightClassGenerationSupport$Companion
instanceKlass org/jetbrains/kotlin/asJava/LightClassGenerationSupport
instanceKlass org/jetbrains/kotlin/resolve/jvm/JvmCodeAnalyzerInitializer
instanceKlass org/jetbrains/kotlin/resolve/CodeAnalyzerInitializer
instanceKlass org/jetbrains/kotlin/com/intellij/psi/impl/JvmPsiConversionHelperImpl
instanceKlass org/jetbrains/kotlin/com/intellij/psi/JvmPsiConversionHelper
instanceKlass  @bci org/jetbrains/kotlin/it/unimi/dsi/fastutil/objects/ObjectOpenHashSet <clinit> ()V 10 <appendix> argL0 ; # org/jetbrains/kotlin/it/unimi/dsi/fastutil/objects/ObjectOpenHashSet$$Lambda+0x0000000100247c18
instanceKlass  @bci org/jetbrains/kotlin/it/unimi/dsi/fastutil/objects/ObjectOpenHashSet <clinit> ()V 5 <appendix> argL0 ; # org/jetbrains/kotlin/it/unimi/dsi/fastutil/objects/ObjectOpenHashSet$$Lambda+0x00000001002479b8
instanceKlass  @bci org/jetbrains/kotlin/it/unimi/dsi/fastutil/objects/ObjectOpenHashSet <clinit> ()V 0 <appendix> argL0 ; # org/jetbrains/kotlin/it/unimi/dsi/fastutil/objects/ObjectOpenHashSet$$Lambda+0x0000000100247768
instanceKlass org/jetbrains/kotlin/com/intellij/util/containers/Interner
instanceKlass org/jetbrains/kotlin/utils/PlatformUtilsKt
instanceKlass org/jetbrains/kotlin/load/java/structure/impl/classFiles/BinaryClassSignatureParser
instanceKlass org/jetbrains/kotlin/com/intellij/openapi/util/RecursionManager$2
instanceKlass org/jetbrains/kotlin/com/intellij/util/containers/SoftKeySoftValueHashMap
instanceKlass  @bci org/jetbrains/kotlin/com/intellij/psi/search/ProjectScope <clinit> ()V 54 <appendix> argL0 ; # org/jetbrains/kotlin/com/intellij/psi/search/ProjectScope$$Lambda+0x0000000100244850
instanceKlass  @bci org/jetbrains/kotlin/com/intellij/psi/search/ProjectScope <clinit> ()V 41 <appendix> argL0 ; # org/jetbrains/kotlin/com/intellij/psi/search/ProjectScope$$Lambda+0x00000001002445d8
instanceKlass  @bci org/jetbrains/kotlin/com/intellij/psi/search/ProjectScope <clinit> ()V 28 <appendix> argL0 ; # org/jetbrains/kotlin/com/intellij/psi/search/ProjectScope$$Lambda+0x0000000100244360
instanceKlass  @bci org/jetbrains/kotlin/com/intellij/psi/search/ProjectScope <clinit> ()V 15 <appendix> argL0 ; # org/jetbrains/kotlin/com/intellij/psi/search/ProjectScope$$Lambda+0x00000001002440e8
instanceKlass  @bci org/jetbrains/kotlin/com/intellij/psi/search/ProjectScope <clinit> ()V 2 <appendix> argL0 ; # org/jetbrains/kotlin/com/intellij/psi/search/ProjectScope$$Lambda+0x0000000100243c08
instanceKlass org/jetbrains/kotlin/com/intellij/util/NotNullFunction
instanceKlass org/jetbrains/kotlin/com/intellij/util/NullableFunction
instanceKlass org/jetbrains/kotlin/com/intellij/psi/search/ProjectScope
instanceKlass gnu/trove/TObjectHash$NULL
instanceKlass gnu/trove/TObjectObjectProcedure
instanceKlass gnu/trove/THash
instanceKlass gnu/trove/TObjectHashingStrategy
instanceKlass gnu/trove/Equality
instanceKlass org/jetbrains/kotlin/cli/jvm/compiler/KotlinCliJavaFileManagerImpl$Companion
instanceKlass org/jetbrains/kotlin/com/intellij/core/CoreJavaFileManager
instanceKlass org/jetbrains/kotlin/resolve/jvm/KotlinCliJavaFileManager
instanceKlass org/jetbrains/kotlin/com/intellij/psi/controlFlow/ControlFlowFactory$1
instanceKlass  @bci org/jetbrains/kotlin/com/intellij/util/containers/ConcurrentWeakKeySoftValueHashMap <clinit> ()V 0 <appendix> argL0 ; # org/jetbrains/kotlin/com/intellij/util/containers/ConcurrentWeakKeySoftValueHashMap$$Lambda+0x00000001002411a0
instanceKlass org/jetbrains/kotlin/com/intellij/util/containers/ConcurrentWeakKeySoftValueHashMap$HardKey
instanceKlass org/jetbrains/kotlin/com/intellij/util/containers/ConcurrentWeakKeySoftValueHashMap$KeyReference
instanceKlass org/jetbrains/kotlin/com/intellij/util/containers/ConcurrentWeakKeySoftValueHashMap
instanceKlass org/jetbrains/kotlin/com/intellij/psi/controlFlow/ControlFlow
instanceKlass org/jetbrains/kotlin/com/intellij/psi/controlFlow/ControlFlowFactory
instanceKlass org/jetbrains/kotlin/com/intellij/psi/codeStyle/SuggestedNameInfo
instanceKlass org/jetbrains/kotlin/com/intellij/psi/codeStyle/JavaCodeStyleManager
instanceKlass org/jetbrains/kotlin/com/intellij/psi/codeStyle/JavaCodeStyleSettingsFacade
instanceKlass org/jetbrains/kotlin/com/intellij/psi/impl/source/resolve/JavaResolveCache$1
instanceKlass org/jetbrains/kotlin/com/intellij/psi/impl/source/resolve/JavaResolveCache
instanceKlass org/jetbrains/kotlin/com/intellij/util/lang/JavaVersion
instanceKlass  @bci org/jetbrains/kotlin/com/intellij/AbstractBundle getLazyMessage (Ljava/lang/String;[Ljava/lang/Object;)Ljava/util/function/Supplier; 21 <appendix> member <vmtarget> ; # org/jetbrains/kotlin/com/intellij/AbstractBundle$$Lambda+0x000000010023d270
instanceKlass org/jetbrains/kotlin/com/intellij/util/containers/ConcurrentRefValueHashMap$ValueReference
instanceKlass org/jetbrains/kotlin/com/intellij/util/containers/ConcurrentRefValueHashMap
instanceKlass sun/util/locale/LanguageTag
instanceKlass java/util/ResourceBundle$Control
instanceKlass org/jetbrains/kotlin/com/intellij/AbstractBundle
instanceKlass org/jetbrains/kotlin/com/intellij/openapi/roots/LanguageLevelProjectExtension$LanguageLevelChangeListener
instanceKlass org/jetbrains/kotlin/com/intellij/openapi/roots/LanguageLevelProjectExtension
instanceKlass  @bci org/jetbrains/kotlin/com/intellij/openapi/util/RecursionManager <clinit> ()V 8 <appendix> argL0 ; # org/jetbrains/kotlin/com/intellij/openapi/util/RecursionManager$$Lambda+0x000000010023af88
instanceKlass org/jetbrains/kotlin/com/intellij/openapi/util/RecursionManager$CalculationStack
instanceKlass org/jetbrains/kotlin/com/intellij/openapi/util/RecursionGuard
instanceKlass org/jetbrains/kotlin/com/intellij/openapi/util/RecursionGuard$StackStamp
instanceKlass org/jetbrains/kotlin/com/intellij/openapi/util/RecursionManager
instanceKlass org/jetbrains/kotlin/com/intellij/psi/PsiInferenceHelper
instanceKlass org/jetbrains/kotlin/com/intellij/psi/scope/processor/FilterScopeProcessor
instanceKlass org/jetbrains/kotlin/com/intellij/psi/scope/PsiScopeProcessor
instanceKlass org/jetbrains/kotlin/com/intellij/psi/scope/NameHint
instanceKlass org/jetbrains/kotlin/com/intellij/psi/scope/ElementClassHint
instanceKlass org/jetbrains/kotlin/com/intellij/psi/impl/source/resolve/PsiResolveHelperImpl
instanceKlass org/jetbrains/kotlin/com/intellij/psi/PsiResolveHelper
instanceKlass org/jetbrains/kotlin/com/intellij/psi/impl/JavaPsiImplementationHelper
instanceKlass org/jetbrains/kotlin/com/intellij/psi/impl/PsiElementFactoryImpl$1
instanceKlass  @bci org/jetbrains/kotlin/com/intellij/psi/impl/PsiElementFactoryImpl <clinit> ()V 16 <appendix> argL0 ; # org/jetbrains/kotlin/com/intellij/psi/impl/PsiElementFactoryImpl$$Lambda+0x0000000100237140
instanceKlass  @bci org/jetbrains/kotlin/com/intellij/psi/PsiType <clinit> ()V 135 <appendix> argL0 ; # org/jetbrains/kotlin/com/intellij/psi/PsiType$$Lambda+0x0000000100236ef0
instanceKlass org/jetbrains/kotlin/com/intellij/psi/TypeAnnotationProvider$1
instanceKlass org/jetbrains/kotlin/com/intellij/psi/TypeAnnotationProvider$Static
instanceKlass org/jetbrains/kotlin/com/intellij/psi/TypeAnnotationProvider
instanceKlass  @bci org/jetbrains/kotlin/com/intellij/psi/PsiAnnotation <clinit> ()V 7 <appendix> argL0 ; # org/jetbrains/kotlin/com/intellij/psi/PsiAnnotation$$Lambda+0x0000000100235f48
instanceKlass org/jetbrains/kotlin/com/intellij/psi/PsiAnnotation
instanceKlass org/jetbrains/kotlin/com/intellij/lang/jvm/types/JvmPrimitiveTypeKind
instanceKlass org/jetbrains/kotlin/com/intellij/lang/jvm/JvmAnnotation
instanceKlass  @bci org/jetbrains/kotlin/com/intellij/psi/impl/PsiJavaParserFacadeImpl <clinit> ()V 132 <appendix> argL0 ; # org/jetbrains/kotlin/com/intellij/psi/impl/PsiJavaParserFacadeImpl$$Lambda+0x0000000100234968
instanceKlass  @bci org/jetbrains/kotlin/com/intellij/psi/impl/PsiJavaParserFacadeImpl <clinit> ()V 124 <appendix> argL0 ; # org/jetbrains/kotlin/com/intellij/psi/impl/PsiJavaParserFacadeImpl$$Lambda+0x0000000100234718
instanceKlass  @bci org/jetbrains/kotlin/com/intellij/psi/impl/PsiJavaParserFacadeImpl <clinit> ()V 116 <appendix> argL0 ; # org/jetbrains/kotlin/com/intellij/psi/impl/PsiJavaParserFacadeImpl$$Lambda+0x00000001002344c8
instanceKlass  @bci org/jetbrains/kotlin/com/intellij/psi/impl/PsiJavaParserFacadeImpl <clinit> ()V 108 <appendix> argL0 ; # org/jetbrains/kotlin/com/intellij/psi/impl/PsiJavaParserFacadeImpl$$Lambda+0x0000000100234278
instanceKlass  @bci org/jetbrains/kotlin/com/intellij/psi/impl/PsiJavaParserFacadeImpl <clinit> ()V 100 <appendix> argL0 ; # org/jetbrains/kotlin/com/intellij/psi/impl/PsiJavaParserFacadeImpl$$Lambda+0x0000000100234028
instanceKlass  @bci org/jetbrains/kotlin/com/intellij/psi/impl/PsiJavaParserFacadeImpl <clinit> ()V 92 <appendix> argL0 ; # org/jetbrains/kotlin/com/intellij/psi/impl/PsiJavaParserFacadeImpl$$Lambda+0x0000000100233dd8
instanceKlass  @bci org/jetbrains/kotlin/com/intellij/psi/impl/PsiJavaParserFacadeImpl <clinit> ()V 84 <appendix> argL0 ; # org/jetbrains/kotlin/com/intellij/psi/impl/PsiJavaParserFacadeImpl$$Lambda+0x0000000100233b88
instanceKlass  @bci org/jetbrains/kotlin/com/intellij/psi/impl/PsiJavaParserFacadeImpl <clinit> ()V 76 <appendix> argL0 ; # org/jetbrains/kotlin/com/intellij/psi/impl/PsiJavaParserFacadeImpl$$Lambda+0x0000000100233938
instanceKlass  @bci org/jetbrains/kotlin/com/intellij/psi/impl/PsiJavaParserFacadeImpl <clinit> ()V 68 <appendix> argL0 ; # org/jetbrains/kotlin/com/intellij/psi/impl/PsiJavaParserFacadeImpl$$Lambda+0x00000001002336e8
instanceKlass  @bci org/jetbrains/kotlin/com/intellij/psi/impl/PsiJavaParserFacadeImpl <clinit> ()V 60 <appendix> argL0 ; # org/jetbrains/kotlin/com/intellij/psi/impl/PsiJavaParserFacadeImpl$$Lambda+0x0000000100233498
instanceKlass  @bci org/jetbrains/kotlin/com/intellij/psi/impl/PsiJavaParserFacadeImpl <clinit> ()V 52 <appendix> argL0 ; # org/jetbrains/kotlin/com/intellij/psi/impl/PsiJavaParserFacadeImpl$$Lambda+0x0000000100233248
instanceKlass  @bci org/jetbrains/kotlin/com/intellij/psi/impl/PsiJavaParserFacadeImpl <clinit> ()V 44 <appendix> argL0 ; # org/jetbrains/kotlin/com/intellij/psi/impl/PsiJavaParserFacadeImpl$$Lambda+0x0000000100232ff8
instanceKlass  @bci org/jetbrains/kotlin/com/intellij/psi/impl/PsiJavaParserFacadeImpl <clinit> ()V 36 <appendix> argL0 ; # org/jetbrains/kotlin/com/intellij/psi/impl/PsiJavaParserFacadeImpl$$Lambda+0x0000000100232da8
instanceKlass  @bci org/jetbrains/kotlin/com/intellij/psi/impl/PsiJavaParserFacadeImpl <clinit> ()V 28 <appendix> argL0 ; # org/jetbrains/kotlin/com/intellij/psi/impl/PsiJavaParserFacadeImpl$$Lambda+0x0000000100232b58
instanceKlass org/jetbrains/kotlin/com/intellij/lang/java/parser/JavaParserUtil$ParserWrapper
instanceKlass org/jetbrains/kotlin/com/intellij/psi/PsiReferenceExpression
instanceKlass org/jetbrains/kotlin/com/intellij/psi/PsiExpression
instanceKlass org/jetbrains/kotlin/com/intellij/psi/PsiCaseLabelElement
instanceKlass org/jetbrains/kotlin/com/intellij/psi/PsiAnnotationMemberValue
instanceKlass org/jetbrains/kotlin/com/intellij/psi/PsiTypeElement
instanceKlass org/jetbrains/kotlin/com/intellij/psi/PsiImportStatementBase
instanceKlass org/jetbrains/kotlin/com/intellij/lang/jvm/types/JvmReferenceType
instanceKlass org/jetbrains/kotlin/com/intellij/psi/PsiJavaCodeReferenceElement
instanceKlass org/jetbrains/kotlin/com/intellij/psi/PsiQualifiedReferenceElement
instanceKlass org/jetbrains/kotlin/com/intellij/psi/PsiQualifiedReference
instanceKlass org/jetbrains/kotlin/com/intellij/psi/PsiJavaReference
instanceKlass org/jetbrains/kotlin/com/intellij/psi/PsiPolyVariantReference
instanceKlass org/jetbrains/kotlin/com/intellij/lang/jvm/types/JvmPrimitiveType
instanceKlass org/jetbrains/kotlin/com/intellij/psi/PsiType
instanceKlass org/jetbrains/kotlin/com/intellij/psi/PsiAnnotationOwner
instanceKlass org/jetbrains/kotlin/com/intellij/lang/jvm/types/JvmType
instanceKlass org/jetbrains/kotlin/com/intellij/psi/impl/PsiJavaParserFacadeImpl
instanceKlass org/jetbrains/kotlin/com/intellij/psi/PsiElementFactory
instanceKlass org/jetbrains/kotlin/com/intellij/psi/PsiJavaParserFacade
instanceKlass org/jetbrains/kotlin/com/intellij/psi/JVMElementFactory
instanceKlass org/jetbrains/kotlin/com/intellij/lang/injection/InjectedLanguageManager
instanceKlass org/jetbrains/kotlin/com/intellij/mock/MockDumbUtil
instanceKlass org/jetbrains/kotlin/com/intellij/openapi/project/DumbUtil
instanceKlass org/jetbrains/kotlin/com/intellij/psi/search/impl/VirtualFileEnumerationAware
instanceKlass org/jetbrains/kotlin/com/intellij/psi/search/impl/VirtualFileEnumeration
instanceKlass org/jetbrains/kotlin/com/intellij/psi/search/SearchScope
instanceKlass org/jetbrains/kotlin/com/intellij/psi/search/ProjectAwareFileFilter
instanceKlass org/jetbrains/kotlin/com/intellij/psi/PsiDirectory
instanceKlass org/jetbrains/kotlin/com/intellij/psi/impl/file/PsiDirectoryFactory
instanceKlass org/jetbrains/kotlin/com/intellij/psi/util/ParameterizedCachedValue
instanceKlass org/jetbrains/kotlin/com/intellij/psi/util/CachedValue
instanceKlass org/jetbrains/kotlin/com/intellij/psi/impl/PsiCachedValuesFactory
instanceKlass org/jetbrains/kotlin/com/intellij/psi/util/CachedValueProvider
instanceKlass org/jetbrains/kotlin/com/intellij/psi/util/CachedValuesManager
instanceKlass org/jetbrains/kotlin/com/intellij/psi/impl/source/tree/TreeElementVisitor
instanceKlass org/jetbrains/kotlin/com/intellij/psi/PsiFileFactory
instanceKlass org/jetbrains/kotlin/com/intellij/psi/impl/PsiToDocumentSynchronizer
instanceKlass  @bci org/jetbrains/kotlin/com/intellij/openapi/editor/event/DocumentListener <clinit> ()V 7 <appendix> argL0 ; # org/jetbrains/kotlin/com/intellij/openapi/editor/event/DocumentListener$$Lambda+0x0000000100225a08
instanceKlass org/jetbrains/kotlin/com/intellij/psi/PsiRecursiveVisitor
instanceKlass org/jetbrains/kotlin/com/intellij/psi/PsiElementVisitor
instanceKlass org/jetbrains/kotlin/com/intellij/openapi/editor/event/DocumentListener
instanceKlass org/jetbrains/kotlin/com/intellij/psi/PsiDocumentManager
instanceKlass org/jetbrains/kotlin/com/intellij/core/MockDocumentCommitProcessor
instanceKlass org/jetbrains/kotlin/com/intellij/psi/impl/DocumentCommitProcessor
instanceKlass org/jetbrains/kotlin/com/intellij/psi/SmartPointerManager
instanceKlass org/jetbrains/kotlin/com/intellij/psi/impl/file/impl/FileManagerImpl$1
instanceKlass  @bci org/jetbrains/kotlin/com/intellij/psi/impl/file/impl/FileManagerImpl <init> (Lorg/jetbrains/kotlin/com/intellij/psi/impl/PsiManagerImpl;Lorg/jetbrains/kotlin/com/intellij/openapi/util/NotNullLazyValue;)V 93 <appendix> member <vmtarget> ; # org/jetbrains/kotlin/com/intellij/psi/impl/file/impl/FileManagerImpl$$Lambda+0x0000000100223248
instanceKlass  @bci org/jetbrains/kotlin/com/intellij/psi/impl/file/impl/FileManagerImpl <init> (Lorg/jetbrains/kotlin/com/intellij/psi/impl/PsiManagerImpl;Lorg/jetbrains/kotlin/com/intellij/openapi/util/NotNullLazyValue;)V 52 <appendix> argL0 ; # org/jetbrains/kotlin/com/intellij/psi/impl/file/impl/FileManagerImpl$$Lambda+0x0000000100222ff8
instanceKlass org/jetbrains/kotlin/com/intellij/openapi/util/Comparing
instanceKlass org/jetbrains/kotlin/com/intellij/openapi/fileTypes/CharsetUtil
instanceKlass org/jetbrains/kotlin/com/intellij/util/LocalTimeCounter
instanceKlass  @bci org/jetbrains/kotlin/com/intellij/openapi/extensions/impl/ExtensionPointImpl addExtensionPointListener (Lorg/jetbrains/kotlin/com/intellij/openapi/extensions/ExtensionPointListener;ZLorg/jetbrains/kotlin/com/intellij/openapi/Disposable;)V 50 <appendix> member <vmtarget> ; # org/jetbrains/kotlin/com/intellij/openapi/extensions/impl/ExtensionPointImpl$$Lambda+0x00000001002226f8
instanceKlass org/jetbrains/kotlin/com/intellij/openapi/extensions/ExtensionPointPriorityListener
instanceKlass org/jetbrains/kotlin/com/intellij/openapi/extensions/ExtensionPointUtil$1
instanceKlass org/jetbrains/kotlin/com/intellij/openapi/extensions/ExtensionPointUtil
instanceKlass  @bci org/jetbrains/kotlin/com/intellij/openapi/vfs/DeprecatedVirtualFileSystem startEventPropagation ()V 33 <appendix> member <vmtarget> ; # org/jetbrains/kotlin/com/intellij/openapi/vfs/DeprecatedVirtualFileSystem$$Lambda+0x0000000100221d98
instanceKlass org/jetbrains/kotlin/com/intellij/openapi/vfs/NonPhysicalFileSystem
instanceKlass org/jetbrains/kotlin/com/intellij/psi/impl/file/impl/FileManagerImpl
instanceKlass org/jetbrains/kotlin/com/intellij/psi/util/PsiModificationTracker$SERVICE
instanceKlass  @bci org/jetbrains/kotlin/com/intellij/openapi/util/NotNullLazyValue createValue (Lorg/jetbrains/kotlin/com/intellij/openapi/util/NotNullFactory;)Lorg/jetbrains/kotlin/com/intellij/openapi/util/NotNullLazyValue; 14 <appendix> member <vmtarget> ; # org/jetbrains/kotlin/com/intellij/openapi/util/NotNullLazyValue$$Lambda+0x000000010021f440
instanceKlass  @bci org/jetbrains/kotlin/com/intellij/psi/impl/PsiManagerImpl <init> (Lorg/jetbrains/kotlin/com/intellij/openapi/project/Project;)V 56 <appendix> member <vmtarget> ; # org/jetbrains/kotlin/com/intellij/psi/impl/PsiManagerImpl$$Lambda+0x000000010021f1d0
instanceKlass org/jetbrains/kotlin/com/intellij/openapi/util/NotNullFactory
instanceKlass org/jetbrains/kotlin/com/intellij/openapi/util/Factory
instanceKlass org/jetbrains/kotlin/com/intellij/openapi/vfs/VirtualFileFilter$2
instanceKlass org/jetbrains/kotlin/com/intellij/openapi/vfs/VirtualFileFilter$1
instanceKlass org/jetbrains/kotlin/com/intellij/openapi/vfs/VirtualFileFilter
instanceKlass  @bci org/jetbrains/kotlin/com/intellij/openapi/util/LowMemoryWatcher register (Ljava/lang/Runnable;Lorg/jetbrains/kotlin/com/intellij/openapi/util/LowMemoryWatcher$LowMemoryWatcherType;Lorg/jetbrains/kotlin/com/intellij/openapi/Disposable;)V 36 <appendix> member <vmtarget> ; # org/jetbrains/kotlin/com/intellij/openapi/util/LowMemoryWatcher$$Lambda+0x000000010021e438
instanceKlass org/jetbrains/kotlin/com/intellij/openapi/util/LowMemoryWatcher
instanceKlass  @bci org/jetbrains/kotlin/com/intellij/psi/impl/source/resolve/ResolveCache <init> (Lorg/jetbrains/kotlin/com/intellij/openapi/project/Project;)V 47 <appendix> member <vmtarget> ; # org/jetbrains/kotlin/com/intellij/psi/impl/source/resolve/ResolveCache$$Lambda+0x000000010021d888
instanceKlass org/jetbrains/kotlin/com/intellij/psi/impl/source/resolve/ResolveCache$1
instanceKlass org/jetbrains/kotlin/com/intellij/psi/impl/AnyPsiChangeListener
instanceKlass org/jetbrains/kotlin/com/intellij/psi/impl/file/impl/FileManager
instanceKlass org/jetbrains/kotlin/com/intellij/openapi/wm/ex/ProgressIndicatorEx
instanceKlass java/util/concurrent/atomic/AtomicReferenceArray
instanceKlass org/jetbrains/kotlin/com/intellij/psi/ResolveResult
instanceKlass org/jetbrains/kotlin/com/intellij/psi/impl/source/resolve/ResolveCache$StrongValueReference
instanceKlass org/jetbrains/kotlin/com/intellij/util/containers/ConcurrentWeakKeySoftValueHashMap$ValueReference
instanceKlass org/jetbrains/kotlin/com/intellij/psi/PsiReference
instanceKlass org/jetbrains/kotlin/com/intellij/psi/impl/source/resolve/ResolveCache$AbstractResolver
instanceKlass org/jetbrains/kotlin/com/intellij/psi/impl/source/resolve/ResolveCache
instanceKlass org/jetbrains/kotlin/com/intellij/psi/impl/PsiModificationTrackerImpl$1
instanceKlass org/jetbrains/kotlin/com/intellij/openapi/project/DumbService$DumbModeListener
instanceKlass org/jetbrains/kotlin/com/intellij/openapi/project/DumbService
instanceKlass org/jetbrains/kotlin/com/intellij/psi/util/PsiModificationTracker$Listener
instanceKlass  @bci org/jetbrains/kotlin/com/intellij/util/containers/ConcurrentFactoryMap createWeakMap (Lorg/jetbrains/kotlin/com/intellij/util/Function;)Ljava/util/concurrent/ConcurrentMap; 10 <appendix> argL0 ; # org/jetbrains/kotlin/com/intellij/util/containers/ConcurrentFactoryMap$$Lambda+0x000000010021a7b0
instanceKlass  @bci org/jetbrains/kotlin/com/intellij/psi/impl/PsiModificationTrackerImpl <init> (Lorg/jetbrains/kotlin/com/intellij/openapi/project/Project;)V 35 <appendix> argL0 ; # org/jetbrains/kotlin/com/intellij/psi/impl/PsiModificationTrackerImpl$$Lambda+0x000000010021a560
instanceKlass org/jetbrains/kotlin/com/intellij/psi/impl/PsiModificationTrackerImpl
instanceKlass org/jetbrains/kotlin/com/intellij/psi/util/PsiModificationTracker
instanceKlass org/jetbrains/kotlin/com/intellij/lang/jvm/facade/JvmElementProvider
instanceKlass org/jetbrains/kotlin/com/intellij/psi/PsiElementFinder
instanceKlass org/jetbrains/kotlin/com/intellij/psi/impl/PsiTreeChangePreprocessor
instanceKlass org/jetbrains/kotlin/com/intellij/openapi/roots/PackageIndex
instanceKlass org/jetbrains/kotlin/com/intellij/psi/impl/file/impl/JavaFileManager
instanceKlass org/jetbrains/kotlin/com/intellij/openapi/roots/FileIndexFacade
instanceKlass org/jetbrains/kotlin/com/intellij/psi/search/ProjectScopeBuilder
instanceKlass org/jetbrains/kotlin/com/intellij/psi/impl/ResolveScopeManager
instanceKlass org/jetbrains/kotlin/com/intellij/util/CachedValuesFactory
instanceKlass org/jetbrains/kotlin/com/intellij/openapi/project/Project
instanceKlass org/jetbrains/kotlin/com/intellij/core/CoreProjectEnvironment
instanceKlass org/jetbrains/kotlin/cli/jvm/compiler/KotlinCoreEnvironment$Companion$getOrCreateApplicationEnvironment$1$2
instanceKlass  @bci org/jetbrains/kotlin/cli/jvm/compiler/KotlinCoreEnvironment$Companion getOrCreateApplicationEnvironment (Lorg/jetbrains/kotlin/com/intellij/openapi/Disposable;Lorg/jetbrains/kotlin/config/CompilerConfiguration;Z)Lorg/jetbrains/kotlin/cli/jvm/compiler/KotlinCoreApplicationEnvironment; 61 <appendix> argL0 ; # org/jetbrains/kotlin/cli/jvm/compiler/KotlinCoreEnvironment$Companion$$Lambda+0x0000000100217280
instanceKlass org/jetbrains/kotlin/com/intellij/openapi/application/TransactionGuard
instanceKlass org/jetbrains/kotlin/com/intellij/psi/util/JavaClassSupers
instanceKlass org/jetbrains/kotlin/load/kotlin/KotlinBinaryClassCache$Companion
instanceKlass org/jetbrains/kotlin/load/kotlin/KotlinBinaryClassCache
instanceKlass org/jetbrains/kotlin/psi/stubs/KotlinFileStub
instanceKlass org/jetbrains/kotlin/parsing/KotlinParserDefinition$Companion
instanceKlass org/jetbrains/kotlin/parsing/KotlinParserDefinition
instanceKlass  @bci org/jetbrains/kotlin/idea/KotlinFileType <init> ()V 8 <appendix> argL0 ; # org/jetbrains/kotlin/idea/KotlinFileType$$Lambda+0x00000001002134c8
instanceKlass sun/invoke/util/VerifyAccess$1
instanceKlass javax/swing/Icon
instanceKlass org/jetbrains/kotlin/com/intellij/util/keyFMap/OneElementFMap
instanceKlass org/jetbrains/kotlin/com/intellij/openapi/extensions/impl/ExtensionProcessingHelper
instanceKlass  @bci org/jetbrains/kotlin/com/intellij/lang/LanguageUtil matchingMetaLanguages (Lorg/jetbrains/kotlin/com/intellij/lang/Language;)Ljava/util/Collection; 94 <appendix> member <vmtarget> ; # org/jetbrains/kotlin/com/intellij/lang/LanguageUtil$$Lambda+0x00000001002127a0
instanceKlass  @cpi org/jetbrains/kotlin/util/slicedMap/SlicedMapImpl 189 form vmentry <vmtarget> ; # java/lang/invoke/LambdaForm$DMH+0x0000000100214000
instanceKlass org/jetbrains/kotlin/com/intellij/openapi/util/BuildNumber
instanceKlass org/jetbrains/kotlin/com/intellij/ide/plugins/PluginContentDescriptor$Companion
instanceKlass org/jetbrains/kotlin/com/intellij/ide/plugins/PluginContentDescriptor
instanceKlass org/jetbrains/kotlin/com/intellij/ide/plugins/IdeaPluginDescriptorImpl$Companion
instanceKlass org/jetbrains/kotlin/com/intellij/ide/plugins/IdeaPluginDescriptorImpl
instanceKlass org/jetbrains/kotlin/com/intellij/ide/plugins/IdeaPluginDescriptor
instanceKlass org/jetbrains/kotlin/org/codehaus/stax2/ri/typed/ValueDecoderFactory
instanceKlass org/jetbrains/kotlin/com/fasterxml/aalto/in/ByteBasedPNameTable$Bucket
instanceKlass org/jetbrains/kotlin/com/intellij/openapi/extensions/ExtensionPointDescriptor
instanceKlass org/jetbrains/kotlin/com/fasterxml/aalto/util/DataUtil
instanceKlass kotlin/_Assertions
instanceKlass org/jetbrains/kotlin/com/fasterxml/aalto/in/ElementScope
instanceKlass org/jetbrains/kotlin/com/fasterxml/aalto/in/ByteBasedPNameFactory
instanceKlass org/jetbrains/kotlin/com/intellij/ide/plugins/ModuleDependenciesDescriptor$Companion
instanceKlass org/jetbrains/kotlin/com/intellij/ide/plugins/ModuleDependenciesDescriptor
instanceKlass org/jetbrains/kotlin/com/intellij/ide/plugins/ContainerDescriptor
instanceKlass org/jetbrains/kotlin/com/intellij/ide/plugins/RawPluginDescriptor
instanceKlass org/jetbrains/kotlin/com/fasterxml/aalto/util/BufferRecycler
instanceKlass org/jetbrains/kotlin/com/fasterxml/aalto/util/NameTable
instanceKlass org/jetbrains/kotlin/com/fasterxml/aalto/util/XmlCharTypes
instanceKlass org/jetbrains/kotlin/com/fasterxml/aalto/in/AttributeCollector
instanceKlass org/jetbrains/kotlin/com/fasterxml/aalto/util/TextBuilder
instanceKlass org/jetbrains/kotlin/com/fasterxml/aalto/in/FixedNsContext
instanceKlass org/jetbrains/kotlin/com/fasterxml/aalto/in/NsBinding
instanceKlass org/jetbrains/kotlin/com/fasterxml/aalto/in/PName
instanceKlass org/jetbrains/kotlin/org/codehaus/stax2/XMLStreamLocation2
instanceKlass org/jetbrains/kotlin/org/codehaus/stax2/typed/TypedValueDecoder
instanceKlass org/jetbrains/kotlin/com/fasterxml/aalto/stax/StreamReaderImpl
instanceKlass org/jetbrains/kotlin/org/codehaus/stax2/XMLStreamReader2
instanceKlass org/jetbrains/kotlin/org/codehaus/stax2/typed/TypedXMLStreamReader
instanceKlass javax/xml/stream/XMLStreamReader
instanceKlass org/jetbrains/kotlin/org/codehaus/stax2/LocationInfo
instanceKlass org/jetbrains/kotlin/com/fasterxml/aalto/in/XmlScanner
instanceKlass javax/xml/stream/XMLStreamConstants
instanceKlass javax/xml/namespace/NamespaceContext
instanceKlass javax/xml/stream/Location
instanceKlass org/jetbrains/kotlin/com/fasterxml/aalto/in/InputBootstrapper
instanceKlass org/jetbrains/kotlin/com/fasterxml/aalto/util/UriCanonicalizer
instanceKlass org/jetbrains/kotlin/com/fasterxml/aalto/in/ReaderConfig$EncodingContext
instanceKlass org/jetbrains/kotlin/com/fasterxml/aalto/impl/CommonConfig
instanceKlass org/jetbrains/kotlin/com/intellij/openapi/util/StaxFactory
instanceKlass org/jetbrains/kotlin/com/intellij/ide/plugins/XmlReader
instanceKlass org/jetbrains/kotlin/com/intellij/ide/plugins/JavaZipFileDataLoader
instanceKlass org/jetbrains/kotlin/com/intellij/platform/util/plugins/DataLoader
instanceKlass org/jetbrains/kotlin/com/intellij/util/lang/ZipFilePool
instanceKlass org/jetbrains/kotlin/com/intellij/ide/plugins/DescriptorListLoadingContext$threadLocalXmlFactory$1
instanceKlass org/jetbrains/kotlin/com/intellij/util/PlatformUtils
instanceKlass org/jetbrains/kotlin/com/intellij/ide/plugins/PluginDescriptorLoader$createPluginLoadingResult$1
instanceKlass org/jetbrains/kotlin/com/intellij/ide/plugins/PluginManagerCore
instanceKlass org/jetbrains/kotlin/com/intellij/ide/plugins/PluginLoadingResult
instanceKlass org/jetbrains/kotlin/com/intellij/ide/plugins/DescriptorListLoadingContext
instanceKlass org/jetbrains/kotlin/com/intellij/ide/plugins/ReadModuleContext
instanceKlass org/jetbrains/kotlin/com/intellij/ide/plugins/PluginXmlPathResolver$Companion
instanceKlass org/jetbrains/kotlin/com/intellij/ide/plugins/PluginXmlPathResolver
instanceKlass org/jetbrains/kotlin/com/intellij/ide/plugins/PathResolver
instanceKlass org/jetbrains/kotlin/com/intellij/ide/plugins/PluginDescriptorLoader
instanceKlass org/jetbrains/kotlin/com/intellij/psi/JavaModuleSystem
instanceKlass org/jetbrains/kotlin/com/intellij/psi/impl/compiled/ClsCustomNavigationPolicy
instanceKlass org/jetbrains/kotlin/cli/jvm/compiler/IdeaExtensionPoints
instanceKlass org/jetbrains/kotlin/com/intellij/psi/impl/smartPointers/SmartPointerAnchorProvider
instanceKlass org/jetbrains/kotlin/com/intellij/codeInsight/runner/JavaMainMethodProvider
instanceKlass org/jetbrains/kotlin/com/intellij/openapi/util/NotNullLazyValue
instanceKlass  @bci org/jetbrains/kotlin/com/intellij/psi/augment/PsiAugmentProvider <clinit> ()V 17 <appendix> argL0 ; # org/jetbrains/kotlin/com/intellij/psi/augment/PsiAugmentProvider$$Lambda+0x0000000100204770
instanceKlass org/jetbrains/kotlin/com/intellij/psi/augment/PsiAugmentProvider
instanceKlass org/jetbrains/kotlin/com/intellij/psi/meta/MetaDataContributor
instanceKlass org/jetbrains/kotlin/com/intellij/psi/FileContextProvider
instanceKlass org/jetbrains/kotlin/cli/jvm/compiler/DummyJavaFileCodeStyleFacadeFactory
instanceKlass org/jetbrains/kotlin/com/intellij/psi/codeStyle/JavaFileCodeStyleFacadeFactory
instanceKlass  @bci org/jetbrains/kotlin/com/intellij/openapi/fileTypes/BinaryFileTypeDecompilers notifyDecompilerSetChange ()V 3 <appendix> argL0 ; # org/jetbrains/kotlin/com/intellij/openapi/fileTypes/BinaryFileTypeDecompilers$$Lambda+0x0000000100202d30
instanceKlass  @bci org/jetbrains/kotlin/com/intellij/openapi/fileTypes/BinaryFileTypeDecompilers <init> ()V 11 <appendix> member <vmtarget> ; # org/jetbrains/kotlin/com/intellij/openapi/fileTypes/BinaryFileTypeDecompilers$$Lambda+0x0000000100202ad8
instanceKlass org/jetbrains/kotlin/com/intellij/psi/FileViewProvider
instanceKlass org/jetbrains/kotlin/com/intellij/psi/compiled/ClsStubBuilder
instanceKlass org/jetbrains/kotlin/com/intellij/psi/compiled/ClassFileDecompilers$Full
instanceKlass  @bci org/jetbrains/kotlin/com/intellij/psi/compiled/ClassFileDecompilers <init> ()V 21 <appendix> argL0 ; # org/jetbrains/kotlin/com/intellij/psi/compiled/ClassFileDecompilers$$Lambda+0x0000000100201cf0
instanceKlass java/util/TimSort
instanceKlass java/util/Arrays$LegacyMergeSort
instanceKlass  @bci org/jetbrains/kotlin/com/intellij/util/pico/CachingConstructorInjectionComponentAdapter getGreediestSatisfiableConstructor (Lorg/jetbrains/kotlin/org/picocontainer/ComponentAdapter;Lorg/jetbrains/kotlin/com/intellij/util/pico/DefaultPicoContainer;Ljava/lang/Class;)Ljava/lang/reflect/Constructor; 43 <appendix> argL0 ; # org/jetbrains/kotlin/com/intellij/util/pico/CachingConstructorInjectionComponentAdapter$$Lambda+0x0000000100201a28
instanceKlass java/lang/Class$AnnotationData
instanceKlass org/jetbrains/kotlin/com/intellij/openapi/components/Service
instanceKlass org/jetbrains/kotlin/com/intellij/psi/compiled/ClassFileDecompilers
instanceKlass org/jetbrains/kotlin/com/intellij/psi/compiled/ClassFileDecompilers$Decompiler
instanceKlass org/jetbrains/kotlin/com/intellij/psi/util/MethodSignature
instanceKlass org/jetbrains/kotlin/com/intellij/openapi/application/QueryExecutorBase
instanceKlass org/jetbrains/kotlin/com/intellij/util/QueryExecutor
instanceKlass org/jetbrains/kotlin/com/intellij/psi/search/searches/SuperMethodsSearch$1
instanceKlass org/jetbrains/kotlin/com/intellij/openapi/extensions/SmartExtensionPoint
instanceKlass org/jetbrains/kotlin/com/intellij/util/Query
instanceKlass org/jetbrains/kotlin/com/intellij/util/QueryFactory
instanceKlass  @bci org/jetbrains/kotlin/com/intellij/openapi/util/registry/Registry doGet (Ljava/lang/String;)Lorg/jetbrains/kotlin/com/intellij/openapi/util/registry/RegistryValue; 14 <appendix> member <vmtarget> ; # org/jetbrains/kotlin/com/intellij/openapi/util/registry/Registry$$Lambda+0x00000001001fe4a8
instanceKlass org/jetbrains/kotlin/com/intellij/openapi/util/registry/RegistryValue
instanceKlass org/jetbrains/kotlin/com/intellij/openapi/util/registry/Registry
instanceKlass org/jetbrains/kotlin/com/intellij/lang/folding/FoldingBuilderEx
instanceKlass org/jetbrains/kotlin/com/intellij/openapi/project/PossiblyDumbAware
instanceKlass org/jetbrains/kotlin/com/intellij/openapi/project/DumbAware
instanceKlass org/jetbrains/kotlin/com/intellij/lang/folding/FoldingBuilder
instanceKlass org/jetbrains/kotlin/com/intellij/codeInsight/folding/JavaCodeFoldingSettings
instanceKlass org/jetbrains/kotlin/com/intellij/psi/PsiParameter
instanceKlass org/jetbrains/kotlin/com/intellij/lang/jvm/JvmParameter
instanceKlass org/jetbrains/kotlin/com/intellij/psi/presentation/java/VariablePresentationProvider
instanceKlass org/jetbrains/kotlin/com/intellij/psi/PsiLocalVariable
instanceKlass org/jetbrains/kotlin/com/intellij/psi/presentation/java/FieldPresentationProvider
instanceKlass org/jetbrains/kotlin/com/intellij/psi/PsiField
instanceKlass org/jetbrains/kotlin/com/intellij/psi/PsiVariable
instanceKlass org/jetbrains/kotlin/com/intellij/lang/jvm/JvmField
instanceKlass org/jetbrains/kotlin/com/intellij/psi/presentation/java/MethodPresentationProvider
instanceKlass org/jetbrains/kotlin/com/intellij/psi/PsiMethod
instanceKlass org/jetbrains/kotlin/com/intellij/psi/PsiParameterListOwner
instanceKlass org/jetbrains/kotlin/com/intellij/lang/jvm/JvmMethod
instanceKlass org/jetbrains/kotlin/com/intellij/psi/presentation/java/ClassPresentationProvider
instanceKlass org/jetbrains/kotlin/com/intellij/psi/PsiClass
instanceKlass org/jetbrains/kotlin/com/intellij/psi/PsiTypeParameterListOwner
instanceKlass org/jetbrains/kotlin/com/intellij/psi/PsiJvmMember
instanceKlass org/jetbrains/kotlin/com/intellij/psi/PsiTarget
instanceKlass org/jetbrains/kotlin/com/intellij/psi/PsiNameIdentifierOwner
instanceKlass org/jetbrains/kotlin/com/intellij/psi/PsiDocCommentOwner
instanceKlass org/jetbrains/kotlin/com/intellij/psi/PsiMember
instanceKlass org/jetbrains/kotlin/com/intellij/psi/PsiJavaDocumentedElement
instanceKlass org/jetbrains/kotlin/com/intellij/pom/PomRenameableTarget
instanceKlass org/jetbrains/kotlin/com/intellij/pom/PomNamedTarget
instanceKlass org/jetbrains/kotlin/com/intellij/pom/PomTarget
instanceKlass org/jetbrains/kotlin/com/intellij/lang/jvm/JvmClass
instanceKlass org/jetbrains/kotlin/com/intellij/lang/jvm/JvmTypeParametersOwner
instanceKlass org/jetbrains/kotlin/com/intellij/lang/jvm/JvmMember
instanceKlass org/jetbrains/kotlin/com/intellij/lang/jvm/JvmTypeDeclaration
instanceKlass org/jetbrains/kotlin/com/intellij/navigation/ItemPresentation
instanceKlass org/jetbrains/kotlin/com/intellij/psi/presentation/java/PackagePresentationProvider
instanceKlass org/jetbrains/kotlin/com/intellij/navigation/ItemPresentationProvider
instanceKlass org/jetbrains/kotlin/com/intellij/psi/PsiPackage
instanceKlass org/jetbrains/kotlin/com/intellij/psi/PsiQualifiedNamedElement
instanceKlass org/jetbrains/kotlin/com/intellij/psi/PsiJvmModifiersOwner
instanceKlass org/jetbrains/kotlin/com/intellij/psi/PsiModifierListOwner
instanceKlass org/jetbrains/kotlin/com/intellij/lang/jvm/JvmModifiersOwner
instanceKlass org/jetbrains/kotlin/com/intellij/psi/PsiDirectoryContainer
instanceKlass org/jetbrains/kotlin/com/intellij/lang/jvm/JvmPackage
instanceKlass org/jetbrains/kotlin/com/intellij/lang/jvm/JvmNamedElement
instanceKlass org/jetbrains/kotlin/com/intellij/lang/jvm/JvmAnnotatedElement
instanceKlass org/jetbrains/kotlin/com/intellij/lang/jvm/JvmElement
instanceKlass org/jetbrains/kotlin/com/intellij/openapi/projectRoots/JavaVersionService
instanceKlass org/jetbrains/kotlin/com/intellij/psi/JavaDirectoryService
instanceKlass org/jetbrains/kotlin/com/intellij/psi/PsiSubstitutor
instanceKlass org/jetbrains/kotlin/com/intellij/psi/PsiSubstitutorFactory
instanceKlass  @bci org/jetbrains/kotlin/com/intellij/openapi/util/ModificationTracker <clinit> ()V 10 <appendix> argL0 ; # org/jetbrains/kotlin/com/intellij/openapi/util/ModificationTracker$$Lambda+0x00000001001f59b0
instanceKlass org/jetbrains/kotlin/com/intellij/openapi/util/ModificationTracker$1
instanceKlass org/jetbrains/kotlin/com/intellij/psi/impl/file/PsiPackageImplementationHelper
instanceKlass  @bci org/jetbrains/kotlin/com/intellij/openapi/extensions/impl/ExtensionPointImpl doRegisterExtension (Ljava/lang/Object;Lorg/jetbrains/kotlin/com/intellij/openapi/extensions/LoadingOrder;Lorg/jetbrains/kotlin/com/intellij/openapi/extensions/PluginDescriptor;Lorg/jetbrains/kotlin/com/intellij/openapi/Disposable;)V 166 <appendix> member <vmtarget> ; # org/jetbrains/kotlin/com/intellij/openapi/extensions/impl/ExtensionPointImpl$$Lambda+0x00000001001f4e08
instanceKlass  @bci org/jetbrains/kotlin/com/intellij/openapi/extensions/impl/ExtensionPointImpl$ObjectComponentAdapter <init> (Ljava/lang/Object;Lorg/jetbrains/kotlin/com/intellij/openapi/extensions/PluginDescriptor;Lorg/jetbrains/kotlin/com/intellij/openapi/extensions/LoadingOrder;)V 36 <appendix> member <vmtarget> ; # org/jetbrains/kotlin/com/intellij/openapi/extensions/impl/ExtensionPointImpl$ObjectComponentAdapter$$Lambda+0x00000001001f4bb0
instanceKlass org/jetbrains/kotlin/com/intellij/util/graph/InboundSemiGraph
instanceKlass org/jetbrains/kotlin/com/intellij/openapi/extensions/LoadingOrder
instanceKlass org/jetbrains/kotlin/com/intellij/codeInsight/JavaContainerProvider
instanceKlass org/jetbrains/kotlin/com/intellij/codeInsight/ContainerProvider
instanceKlass org/jetbrains/kotlin/com/intellij/psi/impl/PsiExpressionEvaluator
instanceKlass org/jetbrains/kotlin/com/intellij/psi/impl/ConstantExpressionEvaluator
instanceKlass org/jetbrains/kotlin/com/intellij/util/diff/FlyweightCapableTreeStructure
instanceKlass org/jetbrains/kotlin/com/intellij/psi/stubs/IndexSink
instanceKlass org/jetbrains/kotlin/com/intellij/psi/impl/java/stubs/PsiJavaFileStub
instanceKlass org/jetbrains/kotlin/com/intellij/psi/stubs/PsiClassHolderFileStub
instanceKlass org/jetbrains/kotlin/com/intellij/psi/stubs/LightStubBuilder
instanceKlass org/jetbrains/kotlin/com/intellij/psi/stubs/PsiFileStub
instanceKlass org/jetbrains/kotlin/com/intellij/psi/stubs/StubElement
instanceKlass org/jetbrains/kotlin/com/intellij/psi/stubs/Stub
instanceKlass org/jetbrains/kotlin/com/intellij/psi/StubBuilder
instanceKlass org/jetbrains/kotlin/com/intellij/openapi/util/ClearableLazyValue
instanceKlass org/jetbrains/kotlin/com/intellij/psi/stubs/StubSerializer
instanceKlass org/jetbrains/kotlin/com/intellij/psi/stubs/ObjectStubSerializer
instanceKlass org/jetbrains/kotlin/com/intellij/lang/java/JavaParserDefinition
instanceKlass org/jetbrains/kotlin/com/intellij/psi/javadoc/PsiDocTagValue
instanceKlass org/jetbrains/kotlin/com/intellij/psi/javadoc/PsiDocToken
instanceKlass org/jetbrains/kotlin/com/intellij/psi/PsiKeyword
instanceKlass org/jetbrains/kotlin/com/intellij/psi/PsiIdentifier
instanceKlass org/jetbrains/kotlin/com/intellij/psi/PsiJavaToken
instanceKlass org/jetbrains/kotlin/com/intellij/psi/impl/compiled/ClassFileStubBuilder
instanceKlass org/jetbrains/kotlin/com/intellij/psi/stubs/BinaryFileStubBuilder$CompositeBinaryFileStubBuilder
instanceKlass org/jetbrains/kotlin/com/intellij/psi/stubs/BinaryFileStubBuilder
instanceKlass org/jetbrains/kotlin/com/intellij/psi/ClassFileViewProviderFactory
instanceKlass org/jetbrains/kotlin/com/intellij/psi/FileViewProviderFactory
instanceKlass org/jetbrains/kotlin/com/intellij/openapi/util/Condition$3
instanceKlass org/jetbrains/kotlin/com/intellij/openapi/util/Condition$2
instanceKlass org/jetbrains/kotlin/com/intellij/openapi/util/Condition$1
instanceKlass org/jetbrains/kotlin/com/intellij/openapi/util/Condition
instanceKlass org/jetbrains/kotlin/com/intellij/openapi/util/Conditions
instanceKlass  @bci org/jetbrains/kotlin/com/intellij/psi/tree/IElementType <clinit> ()V 23 <appendix> argL0 ; # org/jetbrains/kotlin/com/intellij/psi/tree/IElementType$$Lambda+0x00000001001e7138
instanceKlass org/jetbrains/kotlin/com/intellij/psi/tree/IElementType$Predicate
instanceKlass  @bci org/jetbrains/kotlin/com/intellij/psi/tree/IElementType <clinit> ()V 15 <appendix> argL0 ; # org/jetbrains/kotlin/com/intellij/psi/tree/IElementType$$Lambda+0x00000001001e6cb8
instanceKlass org/jetbrains/kotlin/com/intellij/lexer/Lexer
instanceKlass org/jetbrains/kotlin/com/intellij/openapi/fileTypes/PlainTextParserDefinition
instanceKlass  @bci org/jetbrains/kotlin/com/intellij/openapi/util/KeyedExtensionCollector addExplicitExtension (Ljava/lang/Object;Ljava/lang/Object;Lorg/jetbrains/kotlin/com/intellij/openapi/Disposable;)V 36 <appendix> member <vmtarget> ; # org/jetbrains/kotlin/com/intellij/openapi/util/KeyedExtensionCollector$$Lambda+0x00000001001e5590
instanceKlass  @bci org/jetbrains/kotlin/com/intellij/lang/LanguageUtil <clinit> ()V 0 <appendix> argL0 ; # org/jetbrains/kotlin/com/intellij/lang/LanguageUtil$$Lambda+0x00000001001e5058
instanceKlass org/jetbrains/kotlin/com/intellij/lang/LanguageUtil
instanceKlass org/jetbrains/kotlin/com/intellij/psi/PsiPlainText
instanceKlass org/jetbrains/kotlin/com/intellij/lang/ASTFactory$DefaultFactoryHolder
instanceKlass org/jetbrains/kotlin/com/intellij/ide/highlighter/ArchiveFileType
instanceKlass java/util/concurrent/BlockingQueue
instanceKlass java/util/concurrent/ExecutorService
instanceKlass org/jetbrains/kotlin/com/intellij/util/ConcurrencyUtil
instanceKlass org/jetbrains/kotlin/com/intellij/openapi/fileTypes/LanguageFileType
instanceKlass org/jetbrains/kotlin/com/intellij/ide/highlighter/JavaClassFileType
instanceKlass org/jetbrains/kotlin/com/intellij/DynamicBundle$LanguageBundleEP
instanceKlass org/jetbrains/kotlin/com/intellij/util/pico/CachingConstructorInjectionComponentAdapter
instanceKlass org/jetbrains/kotlin/com/intellij/openapi/application/ApplicationInfo
instanceKlass org/jetbrains/kotlin/com/intellij/util/graph/GraphAlgorithms
instanceKlass  @bci org/jetbrains/kotlin/com/intellij/util/messages/impl/MessageBusImpl syncPublisher (Lorg/jetbrains/kotlin/com/intellij/util/messages/Topic;)Ljava/lang/Object; 52 <appendix> member <vmtarget> ; # org/jetbrains/kotlin/com/intellij/util/messages/impl/MessageBusImpl$$Lambda+0x00000001001dfb58
instanceKlass org/jetbrains/kotlin/com/intellij/openapi/command/impl/CoreCommandProcessor$1
instanceKlass org/jetbrains/kotlin/com/intellij/openapi/command/CommandListener
instanceKlass org/jetbrains/kotlin/com/intellij/openapi/command/CommandToken
instanceKlass org/jetbrains/kotlin/com/intellij/openapi/command/CommandProcessor
instanceKlass org/jetbrains/kotlin/com/intellij/codeInsight/folding/CodeFoldingSettings
instanceKlass org/jetbrains/kotlin/com/intellij/util/ObjectUtils$Sentinel
instanceKlass org/jetbrains/kotlin/com/intellij/util/ObjectUtilsRt
# instanceKlass java/lang/invoke/LambdaForm$MH+0x00000001001de800
# instanceKlass java/lang/invoke/LambdaForm$BMH+0x00000001001de400
# instanceKlass java/lang/invoke/LambdaForm$DMH+0x00000001001de000
# instanceKlass java/lang/invoke/LambdaForm$DMH+0x00000001001ddc00
# instanceKlass java/lang/invoke/LambdaForm$MH+0x00000001001dd800
# instanceKlass java/lang/invoke/LambdaForm$BMH+0x00000001001dd400
# instanceKlass java/lang/invoke/LambdaForm$DMH+0x00000001001dd000
# instanceKlass java/lang/invoke/LambdaForm$DMH+0x00000001001dcc00
# instanceKlass java/lang/invoke/LambdaForm$MH+0x00000001001dc800
# instanceKlass java/lang/invoke/LambdaForm$BMH+0x00000001001dc400
# instanceKlass java/lang/invoke/LambdaForm$DMH+0x00000001001dc000
# instanceKlass java/lang/invoke/LambdaForm$DMH+0x00000001001dbc00
# instanceKlass java/lang/invoke/LambdaForm$MH+0x00000001001db800
# instanceKlass java/lang/invoke/LambdaForm$BMH+0x00000001001db400
# instanceKlass java/lang/invoke/LambdaForm$DMH+0x00000001001db000
# instanceKlass java/lang/invoke/LambdaForm$DMH+0x00000001001dac00
# instanceKlass java/lang/invoke/LambdaForm$MH+0x00000001001da800
# instanceKlass java/lang/invoke/LambdaForm$DMH+0x00000001001da400
# instanceKlass java/lang/invoke/LambdaForm$MH+0x00000001001da000
# instanceKlass java/lang/invoke/LambdaForm$BMH+0x00000001001d9c00
# instanceKlass java/lang/invoke/LambdaForm$DMH+0x00000001001d9800
# instanceKlass java/lang/invoke/LambdaForm$DMH+0x00000001001d9400
# instanceKlass java/lang/invoke/LambdaForm$MH+0x00000001001d9000
instanceKlass  @bci org/jetbrains/kotlin/com/intellij/util/containers/ConcurrentIntObjectHashMap <clinit> ()V 148 <adapter> ; # java/lang/invoke/LambdaForm$MH+0x00000001001d8c00
# instanceKlass java/lang/invoke/LambdaForm$DMH+0x00000001001d8800
# instanceKlass java/lang/invoke/LambdaForm$MH+0x00000001001d8400
instanceKlass  @bci org/jetbrains/kotlin/com/intellij/util/containers/ConcurrentIntObjectHashMap <clinit> ()V 50 <adapter> ; # java/lang/invoke/LambdaForm$MH+0x00000001001d8000
instanceKlass org/jetbrains/kotlin/com/intellij/util/containers/ConcurrentIntObjectHashMap$CounterCell
instanceKlass org/jetbrains/kotlin/com/intellij/util/containers/ConcurrentLongObjectHashMap$Node
instanceKlass org/jetbrains/kotlin/com/intellij/util/containers/ConcurrentLongObjectMap$LongEntry
instanceKlass org/jetbrains/kotlin/com/intellij/util/containers/ConcurrentLongObjectHashMap
instanceKlass java/util/concurrent/Future
instanceKlass org/jetbrains/kotlin/com/intellij/openapi/progress/PerformInBackgroundOption
instanceKlass org/jetbrains/kotlin/com/intellij/openapi/progress/ProgressIndicator
instanceKlass org/jetbrains/kotlin/com/intellij/openapi/progress/Task
instanceKlass org/jetbrains/kotlin/com/intellij/openapi/progress/TaskInfo
instanceKlass org/jetbrains/kotlin/com/intellij/openapi/progress/Progressive
instanceKlass org/jetbrains/kotlin/com/intellij/psi/PsiReferenceService
instanceKlass org/jetbrains/kotlin/com/intellij/psi/stubs/ObjectStubTree
instanceKlass org/jetbrains/kotlin/com/intellij/psi/PsiFile
instanceKlass org/jetbrains/kotlin/com/intellij/psi/PsiFileSystemItem
instanceKlass org/jetbrains/kotlin/com/intellij/psi/PsiCheckedRenameElement
instanceKlass org/jetbrains/kotlin/com/intellij/psi/PsiNamedElement
instanceKlass org/jetbrains/kotlin/com/intellij/psi/NavigatablePsiElement
instanceKlass org/jetbrains/kotlin/com/intellij/psi/stubs/StubTreeLoader
instanceKlass org/jetbrains/kotlin/com/intellij/psi/PsiReferenceProviderBean
instanceKlass org/jetbrains/kotlin/com/intellij/psi/PsiReferenceContributor
instanceKlass org/jetbrains/kotlin/it/unimi/dsi/fastutil/doubles/Double2ObjectMap
instanceKlass org/jetbrains/kotlin/it/unimi/dsi/fastutil/doubles/Double2ObjectFunction
instanceKlass java/util/function/DoubleFunction
instanceKlass org/jetbrains/kotlin/com/intellij/psi/PsiReferenceRegistrar
instanceKlass org/jetbrains/kotlin/com/intellij/psi/PsiReferenceProvider
instanceKlass org/jetbrains/kotlin/com/intellij/psi/impl/source/resolve/reference/ReferenceProvidersRegistry
instanceKlass org/jetbrains/kotlin/com/intellij/lang/PsiBuilder
instanceKlass org/jetbrains/kotlin/com/intellij/openapi/util/UserDataHolderUnprotected
instanceKlass org/jetbrains/kotlin/com/intellij/lang/SyntaxTreeBuilder
instanceKlass org/jetbrains/kotlin/com/intellij/lang/PsiBuilderFactory
# instanceKlass java/lang/invoke/LambdaForm$MH+0x00000001001c0800
instanceKlass  @bci org/jetbrains/kotlin/com/intellij/util/ReflectionUtil findAssignableField (Ljava/lang/Class;Ljava/lang/Class;Ljava/lang/String;)Ljava/lang/reflect/Field; 21 <appendix> member <vmtarget> ; # org/jetbrains/kotlin/com/intellij/util/ReflectionUtil$$Lambda+0x00000001001ce3a8
instanceKlass sun/misc/Unsafe
instanceKlass org/jetbrains/kotlin/com/intellij/util/ReflectionUtil
instanceKlass org/jetbrains/kotlin/com/intellij/psi/CommonClassNames
instanceKlass org/jetbrains/kotlin/com/intellij/util/text/CharArrayCharSequence
instanceKlass org/jetbrains/kotlin/com/intellij/util/text/CharSequenceBackedByArray
instanceKlass org/jetbrains/kotlin/com/intellij/openapi/util/text/CharSequenceWithStringHash
instanceKlass org/jetbrains/kotlin/com/intellij/openapi/util/text/Strings
instanceKlass java/util/regex/ASCII
instanceKlass  @bci java/util/regex/Pattern Range (II)Ljava/util/regex/Pattern$CharPredicate; 23 <appendix> member <vmtarget> ; # java/util/regex/Pattern$$Lambda+0x0000000100150dd0
instanceKlass  @bci org/jetbrains/kotlin/com/intellij/openapi/util/text/StringUtil <clinit> ()V 32 <appendix> argL0 ; # org/jetbrains/kotlin/com/intellij/openapi/util/text/StringUtil$$Lambda+0x00000001001cd320
instanceKlass  @bci org/jetbrains/kotlin/com/intellij/openapi/util/text/StringUtil <clinit> ()V 24 <appendix> argL0 ; # org/jetbrains/kotlin/com/intellij/openapi/util/text/StringUtil$$Lambda+0x00000001001cd0b0
instanceKlass  @bci org/jetbrains/kotlin/com/intellij/openapi/util/text/StringUtil <clinit> ()V 16 <appendix> argL0 ; # org/jetbrains/kotlin/com/intellij/openapi/util/text/StringUtil$$Lambda+0x00000001001cce40
instanceKlass org/jetbrains/kotlin/com/intellij/openapi/util/text/StringUtilRt
instanceKlass org/jetbrains/kotlin/com/intellij/psi/impl/source/CharTableImpl
instanceKlass org/jetbrains/kotlin/com/intellij/psi/PsiLanguageInjectionHost
instanceKlass org/jetbrains/kotlin/com/intellij/psi/PsiComment
instanceKlass org/jetbrains/kotlin/com/intellij/model/psi/UrlReferenceHost
instanceKlass org/jetbrains/kotlin/com/intellij/model/psi/PsiExternalReferenceHost
instanceKlass org/jetbrains/kotlin/com/intellij/navigation/NavigationItem
instanceKlass org/jetbrains/kotlin/com/intellij/pom/Navigatable
instanceKlass org/jetbrains/kotlin/com/intellij/psi/PsiWhiteSpace
instanceKlass org/jetbrains/kotlin/com/intellij/psi/PsiElement
instanceKlass org/jetbrains/kotlin/com/intellij/psi/tree/ILazyParseableElementTypeBase
instanceKlass org/jetbrains/kotlin/com/intellij/psi/tree/IElementType
instanceKlass org/jetbrains/kotlin/com/intellij/lang/FileASTNode
instanceKlass org/jetbrains/kotlin/com/intellij/openapi/util/Iconable
instanceKlass org/jetbrains/kotlin/com/intellij/psi/impl/ReparseableASTNode
instanceKlass org/jetbrains/kotlin/com/intellij/lang/ASTNode
instanceKlass org/jetbrains/kotlin/com/intellij/util/CharTable
instanceKlass org/jetbrains/kotlin/com/intellij/lang/ASTFactory
instanceKlass org/jetbrains/kotlin/com/intellij/lang/DefaultASTFactory
instanceKlass org/jetbrains/kotlin/com/intellij/openapi/vfs/encoding/EncodingRegistry
instanceKlass java/util/Collections$UnmodifiableMap$UnmodifiableEntrySet$UnmodifiableEntry
instanceKlass java/util/Collections$UnmodifiableMap$UnmodifiableEntrySet$1
instanceKlass org/jetbrains/kotlin/com/intellij/serviceContainer/LazyExtensionInstance
instanceKlass org/jetbrains/kotlin/com/intellij/openapi/extensions/PluginAware
instanceKlass org/jetbrains/kotlin/com/intellij/util/KeyedLazyInstance
instanceKlass org/jetbrains/kotlin/com/intellij/openapi/vfs/impl/BulkVirtualFileListenerAdapter
instanceKlass org/jetbrains/kotlin/com/intellij/util/messages/impl/BaseBusConnection
instanceKlass org/jetbrains/kotlin/com/intellij/util/messages/impl/MessageBusImpl$MessageHandlerHolder
instanceKlass  @bci org/jetbrains/kotlin/com/intellij/util/EventDispatcher createMulticaster (Ljava/lang/Class;Ljava/util/Map;Ljava/util/function/Supplier;)Ljava/lang/Object; 45 <appendix> member <vmtarget> ; # org/jetbrains/kotlin/com/intellij/util/EventDispatcher$$Lambda+0x00000001001bf410
instanceKlass  @bci org/jetbrains/kotlin/com/intellij/util/EventDispatcher getMulticaster ()Ljava/util/EventListener; 19 <appendix> member <vmtarget> ; # org/jetbrains/kotlin/com/intellij/util/EventDispatcher$$Lambda+0x00000001001bf1b8
instanceKlass org/jetbrains/kotlin/com/intellij/openapi/vfs/newvfs/CachingVirtualFileSystem
instanceKlass  @bci org/jetbrains/kotlin/com/intellij/openapi/util/KeyedExtensionCollector addExplicitExtension (Ljava/lang/Object;Ljava/lang/Object;)V 57 <appendix> argL0 ; # org/jetbrains/kotlin/com/intellij/openapi/util/KeyedExtensionCollector$$Lambda+0x00000001001bed18
instanceKlass java/util/concurrent/atomic/AtomicBoolean
instanceKlass java/util/concurrent/atomic/AtomicLongFieldUpdater$CASUpdater$1
instanceKlass java/util/concurrent/atomic/AtomicLongFieldUpdater
instanceKlass  @bci org/jetbrains/kotlin/com/intellij/openapi/vfs/VirtualFileManager <clinit> ()V 15 <appendix> argL0 ; # org/jetbrains/kotlin/com/intellij/openapi/vfs/VirtualFileManager$$Lambda+0x00000001001beac8
instanceKlass  @cpi org/jetbrains/kotlin/com/intellij/openapi/vfs/VirtualFileManager 127 form vmentry <vmtarget> ; # java/lang/invoke/LambdaForm$DMH+0x00000001001c0400
# instanceKlass java/lang/invoke/LambdaForm$DMH+0x00000001001c0000
instanceKlass org/jetbrains/kotlin/com/intellij/openapi/vfs/newvfs/BulkFileListener
instanceKlass org/jetbrains/kotlin/com/intellij/util/messages/Topic
instanceKlass org/jetbrains/kotlin/com/intellij/openapi/vfs/VirtualFileManager
instanceKlass org/jetbrains/kotlin/com/intellij/openapi/util/EmptyRunnable
instanceKlass  @bci org/jetbrains/kotlin/com/intellij/openapi/extensions/impl/ExtensionPointImpl <clinit> ()V 24 <appendix> argL0 ; # org/jetbrains/kotlin/com/intellij/openapi/extensions/impl/ExtensionPointImpl$$Lambda+0x00000001001bd2f0
instanceKlass org/jetbrains/kotlin/com/intellij/openapi/extensions/ExtensionPointAdapter
instanceKlass org/jetbrains/kotlin/com/intellij/openapi/extensions/ExtensionPointAndAreaListener
instanceKlass org/jetbrains/kotlin/com/intellij/openapi/extensions/impl/ExtensionComponentAdapter
instanceKlass org/jetbrains/kotlin/com/intellij/openapi/extensions/LoadingOrder$Orderable
instanceKlass org/jetbrains/kotlin/com/intellij/openapi/extensions/ExtensionPointListener
instanceKlass  @bci org/jetbrains/kotlin/com/intellij/openapi/extensions/PluginId getId (Ljava/lang/String;)Lorg/jetbrains/kotlin/com/intellij/openapi/extensions/PluginId; 12 <appendix> argL0 ; # org/jetbrains/kotlin/com/intellij/openapi/extensions/PluginId$$Lambda+0x00000001001bb8e0
instanceKlass org/jetbrains/kotlin/com/intellij/openapi/extensions/PluginId
instanceKlass org/jetbrains/kotlin/com/intellij/openapi/extensions/DefaultPluginDescriptor
instanceKlass org/jetbrains/kotlin/com/intellij/openapi/vfs/VirtualFileManagerListener
instanceKlass  @bci org/jetbrains/kotlin/com/intellij/core/CoreApplicationEnvironment <init> (Lorg/jetbrains/kotlin/com/intellij/openapi/Disposable;Z)V 98 <appendix> argL0 ; # org/jetbrains/kotlin/com/intellij/core/CoreApplicationEnvironment$$Lambda+0x00000001001ba898
instanceKlass java/util/EventObject
instanceKlass org/jetbrains/kotlin/com/intellij/openapi/editor/ex/DocumentEx
instanceKlass org/jetbrains/kotlin/com/intellij/openapi/editor/Document
instanceKlass org/jetbrains/kotlin/com/intellij/openapi/fileEditor/FileDocumentManager
instanceKlass  @bci org/jetbrains/kotlin/cli/jvm/modules/CoreJrtFileSystem <init> ()V 16 <appendix> member <vmtarget> ; # org/jetbrains/kotlin/cli/jvm/modules/CoreJrtFileSystem$$Lambda+0x00000001001b8e40
instanceKlass  @bci org/jetbrains/kotlin/cli/jvm/modules/CoreJrtFileSystem <clinit> ()V 17 <appendix> member <vmtarget> ; # org/jetbrains/kotlin/cli/jvm/modules/CoreJrtFileSystem$$Lambda+0x00000001001b84a8
instanceKlass org/jetbrains/kotlin/cli/jvm/modules/CoreJrtFileSystem$Companion
instanceKlass org/jetbrains/kotlin/com/intellij/util/containers/ConcurrentFactoryMap
instanceKlass  @bci org/jetbrains/kotlin/com/intellij/openapi/vfs/impl/jar/CoreJarFileSystem <init> ()V 6 <appendix> member <vmtarget> ; # org/jetbrains/kotlin/com/intellij/openapi/vfs/impl/jar/CoreJarFileSystem$$Lambda+0x00000001001b6fe0
instanceKlass org/jetbrains/kotlin/com/intellij/openapi/vfs/impl/ArchiveHandler
instanceKlass org/jetbrains/kotlin/com/intellij/util/Function
instanceKlass org/jetbrains/kotlin/com/intellij/util/EventDispatcher
instanceKlass org/jetbrains/kotlin/com/intellij/openapi/vfs/VirtualFileListener
instanceKlass org/jetbrains/kotlin/com/intellij/openapi/extensions/BaseExtensionPointName
instanceKlass java/util/EventListener
instanceKlass  @bci org/jetbrains/kotlin/com/intellij/openapi/fileTypes/FileTypeRegistry setInstanceSupplier (Ljava/util/function/Supplier;)V 14 <appendix> member <vmtarget> ; # org/jetbrains/kotlin/com/intellij/openapi/fileTypes/FileTypeRegistry$$Lambda+0x00000001001b4288
instanceKlass org/jetbrains/kotlin/com/intellij/openapi/application/CachedSingletonsRegistry
instanceKlass  @bci org/jetbrains/kotlin/com/intellij/util/ArrayUtil <clinit> ()V 95 <appendix> argL0 ; # org/jetbrains/kotlin/com/intellij/util/ArrayUtil$$Lambda+0x00000001001b3e00
instanceKlass  @bci org/jetbrains/kotlin/com/intellij/util/ArrayUtil <clinit> ()V 87 <appendix> argL0 ; # org/jetbrains/kotlin/com/intellij/util/ArrayUtil$$Lambda+0x00000001001b3bb0
instanceKlass org/jetbrains/kotlin/com/intellij/util/ArrayUtil
instanceKlass  @bci org/jetbrains/kotlin/com/intellij/util/SmartList resizeIfNecessary (I)[Ljava/lang/Object; 32 <appendix> argL0 ; # org/jetbrains/kotlin/com/intellij/util/SmartList$$Lambda+0x00000001001b3728
instanceKlass org/jetbrains/kotlin/com/intellij/util/ArrayFactory
instanceKlass  @bci org/jetbrains/kotlin/com/intellij/openapi/application/ApplicationManager setApplication (Lorg/jetbrains/kotlin/com/intellij/openapi/application/Application;Ljava/util/function/Supplier;Lorg/jetbrains/kotlin/com/intellij/openapi/Disposable;)V 37 <appendix> member <vmtarget> ; # org/jetbrains/kotlin/com/intellij/openapi/application/ApplicationManager$$Lambda+0x00000001001b32a0
instanceKlass  @bci org/jetbrains/kotlin/com/intellij/core/CoreApplicationEnvironment <init> (Lorg/jetbrains/kotlin/com/intellij/openapi/Disposable;Z)V 54 <appendix> member <vmtarget> ; # org/jetbrains/kotlin/com/intellij/core/CoreApplicationEnvironment$$Lambda+0x00000001001b3048
instanceKlass  @bci org/jetbrains/kotlin/com/intellij/openapi/extensions/Extensions setRootArea (Lorg/jetbrains/kotlin/com/intellij/openapi/extensions/impl/ExtensionsAreaImpl;Lorg/jetbrains/kotlin/com/intellij/openapi/Disposable;)V 26 <appendix> member <vmtarget> ; # org/jetbrains/kotlin/com/intellij/openapi/extensions/Extensions$$Lambda+0x00000001001b2df0
instanceKlass org/jetbrains/kotlin/com/intellij/openapi/extensions/Extensions
instanceKlass org/jetbrains/kotlin/com/intellij/openapi/util/ObjectNode
instanceKlass org/jetbrains/kotlin/com/intellij/openapi/util/Disposer$CheckedDisposableImpl
instanceKlass org/jetbrains/kotlin/com/intellij/openapi/util/CheckedDisposable
instanceKlass org/jetbrains/kotlin/com/intellij/openapi/extensions/impl/ImplementationClassResolver
instanceKlass org/jetbrains/kotlin/com/intellij/openapi/extensions/impl/ExtensionPointImpl
instanceKlass org/jetbrains/kotlin/com/intellij/openapi/extensions/ExtensionPoint
instanceKlass org/jetbrains/kotlin/com/intellij/openapi/extensions/impl/ExtensionsAreaImpl
instanceKlass org/jetbrains/kotlin/com/intellij/util/pico/DefaultPicoContainer$InstanceComponentAdapter
instanceKlass org/jetbrains/kotlin/com/intellij/util/pico/DefaultPicoContainer$LinkedHashSetWrapper
instanceKlass org/jetbrains/kotlin/org/picocontainer/ComponentAdapter
instanceKlass  @bci org/jetbrains/kotlin/com/intellij/util/messages/impl/MessageBusImpl$RootBus <init> (Lorg/jetbrains/kotlin/com/intellij/util/messages/MessageBusOwner;)V 36 <appendix> argL0 ; # org/jetbrains/kotlin/com/intellij/util/messages/impl/MessageBusImpl$RootBus$$Lambda+0x00000001001af9a8
instanceKlass org/jetbrains/kotlin/com/intellij/util/ArrayUtilRt
instanceKlass java/util/concurrent/ConcurrentLinkedQueue$Node
instanceKlass  @bci org/jetbrains/kotlin/com/intellij/util/messages/impl/MessageBusImpl <init> (Lorg/jetbrains/kotlin/com/intellij/util/messages/MessageBusOwner;)V 13 <appendix> argL0 ; # org/jetbrains/kotlin/com/intellij/util/messages/impl/MessageBusImpl$$Lambda+0x00000001001aeee8
instanceKlass org/jetbrains/kotlin/com/intellij/util/messages/impl/MessageQueue
instanceKlass java/util/concurrent/Executor
instanceKlass org/jetbrains/kotlin/com/intellij/util/messages/impl/MessageBusImpl$MessagePublisher
instanceKlass org/jetbrains/kotlin/com/intellij/util/messages/MessageBusConnection
instanceKlass org/jetbrains/kotlin/com/intellij/util/messages/SimpleMessageBusConnection
instanceKlass org/jetbrains/kotlin/com/intellij/util/messages/impl/MessageBusImpl
instanceKlass org/jetbrains/kotlin/com/intellij/util/messages/impl/MessageBusEx
instanceKlass org/jetbrains/kotlin/com/intellij/util/messages/MessageBusFactory
instanceKlass org/jetbrains/kotlin/com/intellij/util/keyFMap/DebugFMap
instanceKlass org/jetbrains/kotlin/com/intellij/util/keyFMap/EmptyFMap
instanceKlass org/jetbrains/kotlin/com/intellij/util/keyFMap/KeyFMap
instanceKlass org/jetbrains/kotlin/com/intellij/openapi/application/ModalityState
instanceKlass org/jetbrains/kotlin/com/intellij/openapi/extensions/ExtensionsArea
instanceKlass org/jetbrains/kotlin/com/intellij/util/pico/DefaultPicoContainer
instanceKlass org/jetbrains/kotlin/org/picocontainer/MutablePicoContainer
instanceKlass org/jetbrains/kotlin/org/picocontainer/PicoContainer
instanceKlass org/jetbrains/kotlin/com/intellij/util/messages/MessageBus
instanceKlass org/jetbrains/kotlin/com/intellij/openapi/fileTypes/UnknownFileType
instanceKlass org/jetbrains/kotlin/com/intellij/util/containers/FastUtilCaseInsensitiveStringHashingStrategy
instanceKlass org/jetbrains/kotlin/com/intellij/util/containers/FastUtilHashingStrategies$1
instanceKlass org/jetbrains/kotlin/com/intellij/util/containers/FastUtilHashingStrategies$SerializableHashStrategy
instanceKlass org/jetbrains/kotlin/com/intellij/util/containers/FastUtilCharSequenceHashingStrategy
instanceKlass org/jetbrains/kotlin/com/intellij/util/containers/FastUtilHashingStrategies
instanceKlass org/jetbrains/kotlin/com/intellij/openapi/util/SystemInfoRt
instanceKlass  @bci org/jetbrains/kotlin/com/intellij/openapi/fileTypes/FileTypeRegistry <clinit> ()V 0 <appendix> argL0 ; # org/jetbrains/kotlin/com/intellij/openapi/fileTypes/FileTypeRegistry$$Lambda+0x00000001001a9990
instanceKlass org/jetbrains/kotlin/com/intellij/openapi/util/Getter
instanceKlass org/jetbrains/kotlin/com/intellij/ide/plugins/DisabledPluginsState
instanceKlass org/jetbrains/kotlin/cli/jvm/compiler/KotlinCoreApplicationEnvironment$Companion
instanceKlass org/jetbrains/kotlin/com/intellij/lang/ParserDefinition
instanceKlass org/jetbrains/kotlin/com/intellij/openapi/fileTypes/FileType
instanceKlass org/jetbrains/kotlin/com/intellij/openapi/extensions/PluginDescriptor
instanceKlass org/jetbrains/kotlin/com/intellij/openapi/vfs/VirtualFileSystem
instanceKlass org/jetbrains/kotlin/com/intellij/openapi/util/KeyedExtensionCollector
instanceKlass org/jetbrains/kotlin/com/intellij/concurrency/JobLauncher
instanceKlass org/jetbrains/kotlin/com/intellij/openapi/util/UserDataHolderEx
instanceKlass org/jetbrains/kotlin/com/intellij/util/messages/MessageBusOwner
instanceKlass org/jetbrains/kotlin/com/intellij/openapi/application/ex/ApplicationEx
instanceKlass org/jetbrains/kotlin/com/intellij/openapi/util/SimpleModificationTracker
instanceKlass org/jetbrains/kotlin/com/intellij/openapi/util/ModificationTracker
instanceKlass org/jetbrains/kotlin/com/intellij/openapi/progress/ProgressIndicatorProvider
instanceKlass org/jetbrains/kotlin/com/intellij/openapi/fileTypes/FileTypeRegistry
instanceKlass org/jetbrains/kotlin/com/intellij/openapi/application/Application
instanceKlass org/jetbrains/kotlin/com/intellij/openapi/components/ComponentManager
instanceKlass org/jetbrains/kotlin/com/intellij/openapi/util/UserDataHolder
instanceKlass org/jetbrains/kotlin/com/intellij/openapi/extensions/AreaInstance
instanceKlass org/jetbrains/kotlin/com/intellij/core/CoreApplicationEnvironment
instanceKlass org/jetbrains/kotlin/com/intellij/openapi/util/Disposer$2
instanceKlass org/jetbrains/kotlin/cli/jvm/compiler/KotlinCoreEnvironment$Companion
instanceKlass org/jetbrains/kotlin/cli/jvm/compiler/KotlinCoreEnvironment
instanceKlass org/jetbrains/kotlin/cli/jvm/config/JvmClasspathRoot
instanceKlass org/jetbrains/kotlin/cli/jvm/config/JvmClasspathRootBase
instanceKlass org/jetbrains/kotlin/cli/jvm/config/JavaSourceRoot
instanceKlass org/jetbrains/kotlin/cli/jvm/config/JvmContentRoot
instanceKlass org/jetbrains/kotlin/cli/jvm/config/JvmContentRootBase
instanceKlass org/jetbrains/kotlin/cli/jvm/config/JvmContentRootsKt
instanceKlass  @bci org/jetbrains/kotlin/config/CompilerConfiguration add (Lorg/jetbrains/kotlin/config/CompilerConfigurationKey;Ljava/lang/Object;)V 32 <appendix> argL0 ; # org/jetbrains/kotlin/config/CompilerConfiguration$$Lambda+0x000000010019fbe0
instanceKlass org/jetbrains/kotlin/cli/common/config/KotlinSourceRoot
instanceKlass org/jetbrains/kotlin/cli/common/config/ContentRoot
instanceKlass org/jetbrains/kotlin/cli/common/config/ContentRootsKt
instanceKlass org/jetbrains/kotlin/cli/jvm/compiler/KotlinToJVMBytecodeCompilerKt
instanceKlass org/jetbrains/kotlin/cli/common/modules/ModuleChunk
instanceKlass org/jetbrains/kotlin/modules/JavaRootPath
instanceKlass org/jetbrains/kotlin/cli/jvm/compiler/CliCompilerUtilsKt
instanceKlass org/jetbrains/kotlin/cli/common/modules/ModuleBuilder
instanceKlass org/jetbrains/kotlin/modules/Module
instanceKlass org/jetbrains/kotlin/cli/jvm/K2JVMCompilerKt
instanceKlass org/jetbrains/kotlin/config/JvmSerializeIrMode$Companion
instanceKlass org/jetbrains/kotlin/config/JvmAbiStability$Companion
instanceKlass androidx/compose/compiler/plugins/kotlin/ComposeConfiguration
instanceKlass  @bci org/jetbrains/kotlin/com/intellij/util/containers/MultiMap putValue (Ljava/lang/Object;Ljava/lang/Object;)V 6 <appendix> member <vmtarget> ; # org/jetbrains/kotlin/com/intellij/util/containers/MultiMap$$Lambda+0x000000010019c708
instanceKlass org/jetbrains/kotlin/com/intellij/util/containers/MultiMap
instanceKlass org/jetbrains/kotlin/compiler/plugin/CliOptionValue
instanceKlass java/util/regex/IntHashSet
instanceKlass java/util/regex/Matcher
instanceKlass java/util/regex/MatchResult
instanceKlass  @bci java/util/regex/Pattern negate (Ljava/util/regex/Pattern$CharPredicate;)Ljava/util/regex/Pattern$CharPredicate; 1 <appendix> member <vmtarget> ; # java/util/regex/Pattern$$Lambda+0x000000010014c4f0
instanceKlass org/jetbrains/kotlin/compiler/plugin/CliOptionsKt
instanceKlass org/jetbrains/kotlin/compiler/plugin/CliOption
instanceKlass androidx/compose/compiler/plugins/kotlin/ComposeCommandLineProcessor$Companion
instanceKlass androidx/compose/compiler/plugins/kotlin/ComposeCommandLineProcessor
instanceKlass org/jetbrains/kotlin/kapt/cli/KaptCliOption$Companion
instanceKlass org/jetbrains/kotlin/kapt/cli/CliToolOption
instanceKlass org/jetbrains/kotlin/compiler/plugin/AbstractCliOption
instanceKlass org/jetbrains/kotlin/kapt3/Kapt3CommandLineProcessor
instanceKlass jdk/internal/foreign/MemorySessionImpl
instanceKlass java/lang/foreign/MemorySegment$Scope
instanceKlass org/jetbrains/kotlin/compiler/plugin/CommandLineProcessor
instanceKlass org/jetbrains/kotlin/kapt4/Kapt4CompilerPluginRegistrar$Companion
instanceKlass org/jetbrains/kotlin/compiler/plugin/CompilerPluginRegistrar$Companion
instanceKlass org/jetbrains/kotlin/compiler/plugin/CompilerPluginRegistrar
instanceKlass  @bci org/jetbrains/kotlin/config/CompilerConfiguration addAll (Lorg/jetbrains/kotlin/config/CompilerConfigurationKey;ILjava/util/Collection;)V 38 <appendix> argL0 ; # org/jetbrains/kotlin/config/CompilerConfiguration$$Lambda+0x00000001001963e8
instanceKlass androidx/compose/compiler/plugins/kotlin/ComposePluginRegistrar$Companion
instanceKlass androidx/compose/compiler/plugins/kotlin/ComposePluginRegistrar
instanceKlass org/jetbrains/kotlin/compiler/plugin/ComponentRegistrar$Companion
instanceKlass org/jetbrains/kotlin/kapt3/Kapt3ComponentRegistrar
instanceKlass  @bci java/io/FilePermissionCollection add (Ljava/security/Permission;)V 68 <appendix> argL0 ; # java/io/FilePermissionCollection$$Lambda+0x000000010014bd88
instanceKlass java/io/FilePermission$1
instanceKlass jdk/internal/access/JavaIOFilePermissionAccess
instanceKlass sun/net/www/MessageHeader
instanceKlass java/net/URLClassLoader$1
instanceKlass java/io/RandomAccessFile$1
instanceKlass kotlin/io/LinesSequence$iterator$1
instanceKlass kotlin/io/LinesSequence
instanceKlass kotlin/io/TextStreamsKt
instanceKlass kotlin/io/FilesKt__FilePathComponentsKt
instanceKlass sun/nio/fs/WindowsUriSupport
instanceKlass org/jetbrains/kotlin/compiler/plugin/ComponentRegistrar
instanceKlass org/jetbrains/kotlin/util/ServiceLoaderLite
instanceKlass org/jetbrains/kotlin/cli/common/CLICompilerKt
instanceKlass com/jetbrains/internal/IoToNioErrorMessageHolder
instanceKlass org/jetbrains/kotlin/cli/jvm/plugins/PluginCliParser
instanceKlass org/jetbrains/kotlin/cli/plugins/PluginsOptionsParserKt
instanceKlass kotlin/collections/ArrayAsCollection
instanceKlass org/jetbrains/kotlin/backend/common/phaser/PhaseConfig
instanceKlass org/jetbrains/kotlin/backend/common/phaser/PhaseConfigurationService
instanceKlass org/jetbrains/kotlin/backend/common/phaser/PhaseConfigKt
instanceKlass org/jetbrains/kotlin/cli/common/CreatePhaseConfigKt
instanceKlass org/jetbrains/kotlin/backend/jvm/lower/ReflectiveAccessKt
instanceKlass org/jetbrains/kotlin/backend/jvm/lower/FragmentLocalFunctionPatchLoweringKt
instanceKlass org/jetbrains/kotlin/backend/jvm/lower/ResolveInlineCallsKt
instanceKlass org/jetbrains/kotlin/backend/jvm/lower/GenerateMultifileFacadesKt
instanceKlass org/jetbrains/kotlin/backend/jvm/lower/FileClassLoweringKt
instanceKlass org/jetbrains/kotlin/backend/jvm/lower/ScriptLoweringKt
instanceKlass org/jetbrains/kotlin/backend/jvm/lower/SerializeIrPhaseKt
instanceKlass org/jetbrains/kotlin/backend/jvm/lower/ProcessOptionalAnnotationsKt
instanceKlass org/jetbrains/kotlin/backend/jvm/lower/FragmentSharedVariablesLoweringKt
instanceKlass org/jetbrains/kotlin/backend/jvm/lower/ExternalPackageParentPatcherLoweringKt
instanceKlass org/jetbrains/kotlin/backend/jvm/lower/FakeLocalVariablesForIrInlinerLoweringKt
instanceKlass org/jetbrains/kotlin/backend/jvm/lower/FakeLocalVariablesForBytecodeInlinerLoweringKt
instanceKlass org/jetbrains/kotlin/backend/jvm/lower/RenameFieldsLoweringKt
instanceKlass org/jetbrains/kotlin/backend/jvm/lower/ReplaceNumberToCharCallSitesLoweringKt
instanceKlass org/jetbrains/kotlin/backend/jvm/lower/AddSuperQualifierToJavaFieldAccessLoweringKt
instanceKlass org/jetbrains/kotlin/backend/jvm/lower/MakePropertyDelegateMethodsStaticLoweringKt
instanceKlass org/jetbrains/kotlin/backend/jvm/lower/ReplaceKFunctionInvokeWithFunctionInvokeKt
instanceKlass org/jetbrains/kotlin/backend/jvm/lower/TypeOperatorLoweringKt
instanceKlass org/jetbrains/kotlin/backend/jvm/lower/RecordEnclosingMethodsLoweringKt
instanceKlass org/jetbrains/kotlin/backend/jvm/lower/RepeatedAnnotationLoweringKt
instanceKlass org/jetbrains/kotlin/backend/jvm/lower/AdditionalClassAnnotationLoweringKt
instanceKlass org/jetbrains/kotlin/backend/jvm/lower/JvmOptimizationLoweringKt
instanceKlass org/jetbrains/kotlin/backend/jvm/lower/JvmSafeCallChainFoldingLoweringKt
instanceKlass org/jetbrains/kotlin/backend/jvm/lower/ToArrayLoweringKt
instanceKlass org/jetbrains/kotlin/backend/jvm/lower/JvmArgumentNullabilityAssertionsLoweringKt
instanceKlass org/jetbrains/kotlin/backend/jvm/lower/BridgeLoweringKt
instanceKlass org/jetbrains/kotlin/backend/jvm/lower/FunctionNVarargBridgeLoweringKt
instanceKlass org/jetbrains/kotlin/backend/jvm/lower/UniqueLoopLabelsLoweringKt
instanceKlass org/jetbrains/kotlin/backend/jvm/lower/EnumExternalEntriesLoweringKt
instanceKlass org/jetbrains/kotlin/backend/jvm/lower/EnumClassLoweringKt
instanceKlass org/jetbrains/kotlin/backend/jvm/lower/AddContinuationLoweringKt
instanceKlass org/jetbrains/kotlin/backend/jvm/lower/TailCallOptimizationLoweringKt
instanceKlass org/jetbrains/kotlin/backend/jvm/lower/InheritedDefaultMethodsOnClassesLoweringKt
instanceKlass org/jetbrains/kotlin/backend/jvm/lower/JvmStringConcatenationLoweringKt
instanceKlass org/jetbrains/kotlin/backend/common/lower/FlattenStringConcatenationLoweringKt
instanceKlass org/jetbrains/kotlin/backend/jvm/lower/JvmDefaultConstructorLoweringKt
instanceKlass org/jetbrains/kotlin/backend/jvm/lower/StaticCallableReferenceLoweringKt
instanceKlass org/jetbrains/kotlin/backend/jvm/lower/SingletonReferencesLoweringKt
instanceKlass org/jetbrains/kotlin/backend/jvm/lower/MappedEnumWhenLoweringKt
instanceKlass org/jetbrains/kotlin/backend/jvm/lower/JvmInlineClassLoweringKt
instanceKlass org/jetbrains/kotlin/backend/jvm/lower/JvmMultiFieldValueClassLoweringKt
instanceKlass org/jetbrains/kotlin/backend/jvm/lower/JvmSingleAbstractMethodLoweringKt
instanceKlass org/jetbrains/kotlin/backend/jvm/lower/CollectionStubMethodLoweringKt
instanceKlass org/jetbrains/kotlin/backend/common/lower/loops/ForLoopsLoweringKt
instanceKlass org/jetbrains/kotlin/backend/common/lower/RangeContainsLoweringKt
instanceKlass org/jetbrains/kotlin/backend/jvm/lower/JvmBuiltInsLoweringKt
instanceKlass org/jetbrains/kotlin/backend/jvm/lower/AnonymousObjectSuperConstructorLoweringKt
instanceKlass org/jetbrains/kotlin/backend/jvm/lower/MoveCompanionObjectFieldsLoweringKt
instanceKlass org/jetbrains/kotlin/backend/jvm/lower/PropertyReferenceLoweringKt
instanceKlass org/jetbrains/kotlin/backend/jvm/lower/SingletonOrConstantDelegationLoweringKt
instanceKlass org/jetbrains/kotlin/backend/jvm/lower/PropertyReferenceDelegationLoweringKt
instanceKlass org/jetbrains/kotlin/backend/jvm/lower/SuspendLambdaLoweringKt
instanceKlass org/jetbrains/kotlin/backend/jvm/lower/RemoveDuplicatedInlinedLocalClassesLoweringKt
instanceKlass org/jetbrains/kotlin/backend/jvm/lower/JvmInventNamesForLocalClassesKt
instanceKlass org/jetbrains/kotlin/backend/jvm/lower/JvmLateinitLoweringKt
instanceKlass org/jetbrains/kotlin/builtins/PrimitiveType$Companion
instanceKlass sun/reflect/misc/ReflectUtil
instanceKlass java/util/concurrent/atomic/AtomicReferenceFieldUpdater$AtomicReferenceFieldUpdaterImpl$1
instanceKlass java/util/concurrent/atomic/AtomicReferenceFieldUpdater
instanceKlass kotlin/SafePublicationLazyImpl$Companion
instanceKlass kotlin/SafePublicationLazyImpl
instanceKlass kotlin/LazyKt__LazyJVMKt$WhenMappings
instanceKlass org/jetbrains/kotlin/backend/jvm/lower/VarargLoweringKt
instanceKlass org/jetbrains/kotlin/backend/jvm/lower/PolymorphicSignatureLoweringKt
instanceKlass org/jetbrains/kotlin/backend/jvm/lower/JvmAnnotationImplementationTransformerKt
instanceKlass org/jetbrains/kotlin/backend/jvm/lower/AnnotationLoweringKt
instanceKlass org/jetbrains/kotlin/backend/jvm/lower/MainMethodGenerationLoweringKt
instanceKlass org/jetbrains/kotlin/backend/jvm/lower/JvmOverloadsAnnotationLoweringKt
instanceKlass org/jetbrains/kotlin/backend/jvm/lower/TypeAliasAnnotationMethodsLoweringKt
instanceKlass org/jetbrains/kotlin/backend/jvm/lower/CreateSeparateCallForInlinedLambdasLoweringKt
instanceKlass org/jetbrains/kotlin/backend/jvm/lower/MarkNecessaryInlinedClassesAsRegeneratedLoweringKt
instanceKlass org/jetbrains/kotlin/ir/declarations/IrTypeParametersContainer
instanceKlass org/jetbrains/kotlin/ir/declarations/IrReturnTarget
instanceKlass org/jetbrains/kotlin/ir/declarations/IrDeclarationParent
instanceKlass org/jetbrains/kotlin/ir/declarations/IrPossiblyExternalDeclaration
instanceKlass org/jetbrains/kotlin/ir/declarations/IrOverridableDeclaration
instanceKlass org/jetbrains/kotlin/ir/declarations/IrOverridableMember
instanceKlass org/jetbrains/kotlin/ir/declarations/IrDeclarationWithVisibility
instanceKlass org/jetbrains/kotlin/ir/declarations/IrMetadataSourceOwner
instanceKlass org/jetbrains/kotlin/ir/declarations/IrMemberWithContainerSource
instanceKlass org/jetbrains/kotlin/ir/declarations/IrDeclarationWithName
instanceKlass org/jetbrains/kotlin/ir/declarations/IrAttributeContainer
instanceKlass org/jetbrains/kotlin/ir/IrElementBase
instanceKlass org/jetbrains/kotlin/ir/declarations/IrDeclaration
instanceKlass org/jetbrains/kotlin/ir/declarations/IrSymbolOwner
instanceKlass org/jetbrains/kotlin/ir/declarations/IrMutableAnnotationContainer
instanceKlass org/jetbrains/kotlin/ir/declarations/IrAnnotationContainer
instanceKlass org/jetbrains/kotlin/ir/IrStatement
instanceKlass org/jetbrains/kotlin/ir/IrElement
instanceKlass org/jetbrains/kotlin/backend/jvm/lower/JvmStaticAnnotationLoweringKt
instanceKlass org/jetbrains/kotlin/backend/jvm/lower/StaticDefaultFunctionLoweringKt
instanceKlass org/jetbrains/kotlin/backend/jvm/lower/ObjectClassLoweringKt
instanceKlass org/jetbrains/kotlin/backend/jvm/lower/DirectInvokeLoweringKt
instanceKlass org/jetbrains/kotlin/backend/jvm/lower/AssertionLoweringKt
instanceKlass org/jetbrains/kotlin/backend/jvm/lower/InlineCallableReferenceToLambdaKt
instanceKlass org/jetbrains/kotlin/backend/common/lower/SharedVariablesLoweringKt
instanceKlass org/jetbrains/kotlin/backend/jvm/lower/FunctionReferenceLoweringKt
instanceKlass org/jetbrains/kotlin/backend/common/lower/PropertiesLowering$Companion
instanceKlass org/jetbrains/kotlin/backend/common/lower/PropertiesLowering
instanceKlass org/jetbrains/kotlin/backend/common/DeclarationTransformer
instanceKlass org/jetbrains/kotlin/backend/common/FileLoweringPass
instanceKlass org/jetbrains/kotlin/backend/common/phaser/ModuleLoweringPhaseAdapter
instanceKlass org/jetbrains/kotlin/backend/common/phaser/CustomPhaseAdapter
instanceKlass org/jetbrains/kotlin/backend/jvm/JvmLowerKt
instanceKlass org/jetbrains/kotlin/backend/common/phaser/CompositePhase
instanceKlass org/jetbrains/kotlin/backend/common/phaser/PerformByIrFilePhase
instanceKlass org/jetbrains/kotlin/backend/common/phaser/PerformByIrFileKt
instanceKlass org/jetbrains/kotlin/backend/common/phaser/FileLoweringPhaseAdapter
instanceKlass org/jetbrains/kotlin/backend/common/phaser/CompilerPhaseKt
instanceKlass org/jetbrains/kotlin/backend/common/phaser/DumperVerifierKt
instanceKlass kotlin/jvm/functions/Function3
instanceKlass org/jetbrains/kotlin/backend/common/phaser/PhaseBuildersKt
instanceKlass kotlin/collections/SetsKt__SetsJVMKt
instanceKlass org/jetbrains/kotlin/backend/jvm/JvmPhasesKt$generateAdditionalClassesPhase$1
instanceKlass org/jetbrains/kotlin/backend/common/phaser/SameTypeCompilerPhase
instanceKlass org/jetbrains/kotlin/backend/common/phaser/AbstractNamedCompilerPhase
instanceKlass org/jetbrains/kotlin/backend/common/phaser/CompilerPhase
instanceKlass org/jetbrains/kotlin/backend/jvm/JvmPhasesKt
instanceKlass org/jetbrains/kotlin/cli/common/environment/UtilKt
instanceKlass org/jetbrains/kotlin/com/intellij/openapi/util/Disposer$1
instanceKlass org/jetbrains/kotlin/com/intellij/util/containers/CanonicalHashingStrategy
instanceKlass  @bci org/jetbrains/kotlin/com/intellij/util/containers/ConcurrentRefHashMap <clinit> ()V 33 <appendix> argL0 ; # org/jetbrains/kotlin/com/intellij/util/containers/ConcurrentRefHashMap$$Lambda+0x0000000100121da0
instanceKlass org/jetbrains/kotlin/com/intellij/util/containers/ConcurrentRefHashMap$2
instanceKlass org/jetbrains/kotlin/com/intellij/util/containers/ConcurrentRefHashMap$HardKey
instanceKlass org/jetbrains/kotlin/com/intellij/util/containers/ConcurrentRefHashMap$KeyReference
instanceKlass org/jetbrains/kotlin/it/unimi/dsi/fastutil/objects/Object2ObjectMap$FastEntrySet
instanceKlass org/jetbrains/kotlin/it/unimi/dsi/fastutil/objects/AbstractObject2ObjectFunction
instanceKlass org/jetbrains/kotlin/it/unimi/dsi/fastutil/objects/Object2ObjectMap
instanceKlass org/jetbrains/kotlin/it/unimi/dsi/fastutil/objects/Object2ObjectFunction
instanceKlass org/jetbrains/kotlin/com/intellij/util/containers/RefHashMap$HardKey
instanceKlass org/jetbrains/kotlin/com/intellij/util/containers/RefHashMap$Key
instanceKlass org/jetbrains/kotlin/com/intellij/util/containers/IdentityHashingStrategy
instanceKlass org/jetbrains/kotlin/com/intellij/util/containers/HashingStrategy
instanceKlass org/jetbrains/kotlin/it/unimi/dsi/fastutil/Hash$Strategy
instanceKlass org/jetbrains/kotlin/com/intellij/util/containers/CollectionFactory
instanceKlass org/jetbrains/kotlin/it/unimi/dsi/fastutil/objects/Reference2ObjectMap$FastEntrySet
instanceKlass org/jetbrains/kotlin/it/unimi/dsi/fastutil/objects/AbstractReference2ObjectFunction
instanceKlass org/jetbrains/kotlin/it/unimi/dsi/fastutil/objects/Reference2ObjectMap
instanceKlass org/jetbrains/kotlin/it/unimi/dsi/fastutil/objects/Reference2ObjectFunction
instanceKlass  @bci java/util/stream/Collectors castingIdentity ()Ljava/util/function/Function; 0 <appendix> argL0 ; # java/util/stream/Collectors$$Lambda+0x0000000100146688
instanceKlass java/util/Collections$UnmodifiableCollection
instanceKlass java/util/stream/Collectors
instanceKlass java/util/stream/Collector
instanceKlass  @bci org/jetbrains/kotlin/it/unimi/dsi/fastutil/objects/ReferenceOpenHashSet <clinit> ()V 10 <appendix> argL0 ; # org/jetbrains/kotlin/it/unimi/dsi/fastutil/objects/ReferenceOpenHashSet$$Lambda+0x000000010011c348
instanceKlass java/util/function/BinaryOperator
instanceKlass  @bci org/jetbrains/kotlin/it/unimi/dsi/fastutil/objects/ReferenceOpenHashSet <clinit> ()V 5 <appendix> argL0 ; # org/jetbrains/kotlin/it/unimi/dsi/fastutil/objects/ReferenceOpenHashSet$$Lambda+0x000000010011c0e8
instanceKlass java/util/function/BiConsumer
instanceKlass  @bci org/jetbrains/kotlin/it/unimi/dsi/fastutil/objects/ReferenceOpenHashSet <clinit> ()V 0 <appendix> argL0 ; # org/jetbrains/kotlin/it/unimi/dsi/fastutil/objects/ReferenceOpenHashSet$$Lambda+0x000000010011be98
instanceKlass org/jetbrains/kotlin/it/unimi/dsi/fastutil/objects/ObjectSpliterator
instanceKlass org/jetbrains/kotlin/it/unimi/dsi/fastutil/objects/ObjectIterator
instanceKlass org/jetbrains/kotlin/it/unimi/dsi/fastutil/objects/ReferenceSet
instanceKlass org/jetbrains/kotlin/it/unimi/dsi/fastutil/objects/ReferenceCollection
instanceKlass org/jetbrains/kotlin/com/intellij/openapi/util/ObjectTree
instanceKlass org/jetbrains/kotlin/com/intellij/openapi/util/Disposer
instanceKlass org/jetbrains/kotlin/progress/ProgressIndicatorAndCompilationCanceledStatus
instanceKlass org/jetbrains/kotlin/progress/CompilationCanceledStatus
instanceKlass org/jetbrains/kotlin/com/google/common/collect/LinkedHashMultimap$1
instanceKlass  @bci java/util/stream/MatchOps makeRef (Ljava/util/function/Predicate;Ljava/util/stream/MatchOps$MatchKind;)Ljava/util/stream/TerminalOp; 20 <appendix> member <vmtarget> ; # java/util/stream/MatchOps$$Lambda+0x00000001001445a0
instanceKlass java/util/stream/MatchOps$BooleanTerminalSink
instanceKlass java/util/stream/MatchOps$MatchOp
instanceKlass java/util/stream/MatchOps
instanceKlass  @bci org/jetbrains/kotlin/cli/common/messages/GroupingMessageCollector hasExplicitErrors ()Z 14 <appendix> argL0 ; # org/jetbrains/kotlin/cli/common/messages/GroupingMessageCollector$$Lambda+0x0000000100119590
instanceKlass java/util/Spliterators$IteratorSpliterator
instanceKlass org/jetbrains/kotlin/utils/KotlinPathsFromBaseDirectory
instanceKlass org/jetbrains/kotlin/com/intellij/openapi/application/PathManager
instanceKlass  @bci java/util/regex/Pattern DOT ()Ljava/util/regex/Pattern$CharPredicate; 0 <appendix> argL0 ; # java/util/regex/Pattern$$Lambda+0x0000000100142cb0
instanceKlass  @bci java/util/regex/Pattern union (Ljava/util/regex/Pattern$CharPredicate;Ljava/util/regex/Pattern$CharPredicate;Z)Ljava/util/regex/Pattern$CharPredicate; 6 <appendix> member <vmtarget> ; # java/util/regex/Pattern$$Lambda+0x00000001001429e8
instanceKlass java/util/regex/Pattern$BitClass
instanceKlass org/jetbrains/kotlin/utils/PathUtil
instanceKlass kotlin/collections/AbstractList$IteratorImpl
instanceKlass org/jetbrains/kotlin/config/JvmTarget$Companion
instanceKlass org/jetbrains/kotlin/platform/TargetPlatformVersion
instanceKlass org/jetbrains/kotlin/config/JVMConfigurationKeys
instanceKlass org/jetbrains/kotlin/cli/jvm/JvmArgumentsKt
instanceKlass org/jetbrains/kotlin/config/CommonConfigurationKeysKt
instanceKlass kotlin/Unit
instanceKlass org/jetbrains/kotlin/utils/WrappedValues$ThrowableWrapper
instanceKlass org/jetbrains/kotlin/config/LanguageVersionSettingsKt
instanceKlass org/jetbrains/kotlin/cli/common/messages/MessageCollector$Companion$NONE$1
instanceKlass org/jetbrains/kotlin/cli/common/messages/MessageCollector$Companion
instanceKlass org/jetbrains/kotlin/cli/common/arguments/JavaTypeEnhancementStateParser$Companion
instanceKlass org/jetbrains/kotlin/cli/common/arguments/JavaTypeEnhancementStateParser
instanceKlass org/jetbrains/kotlin/config/JvmAnalysisFlags$Delegates$JvmDefaultModeDisabledByDefault
instanceKlass org/jetbrains/kotlin/utils/WrappedValues$1
instanceKlass org/jetbrains/kotlin/utils/WrappedValues
instanceKlass kotlin/collections/EmptyIterator
instanceKlass org/jetbrains/kotlin/name/FqNamesUtilKt
instanceKlass org/jetbrains/kotlin/load/java/NullabilityAnnotationStates$Companion
instanceKlass org/jetbrains/kotlin/load/java/Jsr305Settings
instanceKlass org/jetbrains/kotlin/storage/LockBasedStorageManager$MapBasedMemoizedFunction
instanceKlass org/jetbrains/kotlin/storage/DefaultSimpleLock
instanceKlass org/jetbrains/kotlin/storage/SimpleLock$Companion
instanceKlass org/jetbrains/kotlin/storage/EmptySimpleLock
instanceKlass org/jetbrains/kotlin/storage/LockBasedStorageManager$ExceptionHandlingStrategy$1
instanceKlass org/jetbrains/kotlin/storage/LockBasedStorageManager$ExceptionHandlingStrategy
instanceKlass org/jetbrains/kotlin/storage/CacheWithNotNullValues
instanceKlass org/jetbrains/kotlin/storage/CacheWithNullableValues
instanceKlass org/jetbrains/kotlin/storage/NotNullLazyValue
instanceKlass org/jetbrains/kotlin/storage/MemoizedFunctionToNullable
instanceKlass org/jetbrains/kotlin/storage/NullableLazyValue
instanceKlass org/jetbrains/kotlin/storage/MemoizedFunctionToNotNull
instanceKlass org/jetbrains/kotlin/storage/SimpleLock
instanceKlass org/jetbrains/kotlin/storage/LockBasedStorageManager
instanceKlass org/jetbrains/kotlin/storage/StorageManager
instanceKlass kotlin/TuplesKt
instanceKlass kotlin/internal/ProgressionUtilKt
instanceKlass kotlin/ranges/IntRange$Companion
instanceKlass kotlin/ranges/IntProgression$Companion
instanceKlass kotlin/ranges/IntProgression
instanceKlass kotlin/ranges/OpenEndRange
instanceKlass kotlin/ranges/ClosedRange
instanceKlass kotlin/KotlinVersionCurrentValue
instanceKlass kotlin/KotlinVersion$Companion
instanceKlass kotlin/KotlinVersion
instanceKlass org/jetbrains/kotlin/load/java/ReportLevel$Companion
instanceKlass org/jetbrains/kotlin/load/java/JavaNullabilityAnnotationsStatus$Companion
instanceKlass org/jetbrains/kotlin/load/java/JavaNullabilityAnnotationsStatus
instanceKlass kotlin/Pair
instanceKlass org/jetbrains/kotlin/load/java/NullabilityAnnotationStatesImpl
instanceKlass org/jetbrains/kotlin/load/java/NullabilityAnnotationStates
instanceKlass org/jetbrains/kotlin/load/java/JavaNullabilityAnnotationSettingsKt
instanceKlass org/jetbrains/kotlin/load/java/JavaTypeEnhancementState$Companion
instanceKlass org/jetbrains/kotlin/load/java/JavaTypeEnhancementState
instanceKlass org/jetbrains/kotlin/config/JvmAnalysisFlags$Delegates$JavaTypeEnhancementStateWarnByDefault
instanceKlass org/jetbrains/kotlin/config/JvmAnalysisFlags
instanceKlass org/jetbrains/kotlin/config/AnalysisFlag$Delegates$ApiModeDisabledByDefault
instanceKlass org/jetbrains/kotlin/config/AnalysisFlag$Delegates$ListOfStrings
instanceKlass org/jetbrains/kotlin/config/AnalysisFlag
instanceKlass org/jetbrains/kotlin/config/AnalysisFlag$Delegate
instanceKlass kotlin/properties/ReadOnlyProperty
instanceKlass org/jetbrains/kotlin/config/AnalysisFlag$Delegates$Boolean
instanceKlass kotlin/reflect/KProperty$Getter
instanceKlass kotlin/reflect/KProperty$Accessor
instanceKlass org/jetbrains/kotlin/config/AnalysisFlags
instanceKlass org/jetbrains/kotlin/config/LanguageVersionSettingsImpl$Companion
instanceKlass org/jetbrains/kotlin/config/LanguageVersionSettings$Companion
instanceKlass org/jetbrains/kotlin/config/LanguageVersionSettingsImpl
instanceKlass java/math/MutableBigInteger
instanceKlass org/jetbrains/kotlin/config/MavenComparableVersion$IntegerItem
instanceKlass org/jetbrains/kotlin/config/MavenComparableVersion$Item
instanceKlass org/jetbrains/kotlin/config/MavenComparableVersion
instanceKlass org/jetbrains/kotlin/config/ApiVersion$Companion
instanceKlass org/jetbrains/kotlin/config/ApiVersion
instanceKlass org/jetbrains/kotlin/config/LanguageVersion$Companion
instanceKlass org/jetbrains/kotlin/config/IncrementalCompilation
instanceKlass org/jetbrains/kotlin/cli/common/UtilsKt
instanceKlass org/jetbrains/kotlin/config/CommonConfigurationKeys
instanceKlass org/jetbrains/kotlin/cli/common/messages/IrMessageCollector$Companion
instanceKlass org/jetbrains/kotlin/cli/common/messages/IrMessageCollector
instanceKlass org/jetbrains/kotlin/ir/util/IrMessageLogger$Companion
instanceKlass org/jetbrains/kotlin/ir/util/IrMessageLogger
instanceKlass org/jetbrains/kotlin/com/google/common/collect/AbstractMapEntry
instanceKlass org/jetbrains/kotlin/com/google/common/collect/LinkedHashMultimap$ValueSetLink
instanceKlass org/jetbrains/kotlin/com/google/common/collect/CollectPreconditions
instanceKlass org/jetbrains/kotlin/com/google/common/base/Preconditions
instanceKlass org/jetbrains/kotlin/com/google/common/collect/Maps$EntryTransformer
instanceKlass org/jetbrains/kotlin/com/google/common/collect/ImmutableMap
instanceKlass org/jetbrains/kotlin/com/google/common/collect/BiMap
instanceKlass org/jetbrains/kotlin/com/google/common/base/Converter
instanceKlass org/jetbrains/kotlin/com/google/common/collect/UnmodifiableIterator
instanceKlass org/jetbrains/kotlin/com/google/common/base/Function
instanceKlass org/jetbrains/kotlin/com/google/common/collect/SortedMapDifference
instanceKlass org/jetbrains/kotlin/com/google/common/collect/MapDifference
instanceKlass org/jetbrains/kotlin/com/google/common/collect/Maps
instanceKlass jdk/internal/logger/DefaultLoggerFinder$1
instanceKlass java/util/logging/Logger$SystemLoggerHelper$1
instanceKlass java/util/logging/Logger$SystemLoggerHelper
instanceKlass java/util/logging/LogManager$4
instanceKlass jdk/internal/logger/BootstrapLogger$BootstrapExecutors
instanceKlass jdk/internal/logger/BootstrapLogger$RedirectedLoggers
instanceKlass java/util/ServiceLoader$ProviderImpl
instanceKlass java/util/ServiceLoader$Provider
instanceKlass java/util/ServiceLoader$1
instanceKlass java/util/concurrent/CopyOnWriteArrayList$COWIterator
instanceKlass jdk/internal/loader/URLClassPath$1
instanceKlass java/lang/CompoundEnumeration
instanceKlass jdk/internal/loader/BuiltinClassLoader$1
instanceKlass java/util/Collections$EmptyEnumeration
instanceKlass java/util/Collections$EmptyIterator
instanceKlass java/util/ServiceLoader$3
instanceKlass java/util/ServiceLoader$2
instanceKlass java/util/ServiceLoader$LazyClassPathLookupIterator
instanceKlass java/util/Spliterators$1Adapter
instanceKlass java/util/Spliterators$ArraySpliterator
instanceKlass java/util/Spliterator$OfDouble
instanceKlass java/util/Spliterator$OfLong
instanceKlass java/util/Spliterator$OfInt
instanceKlass java/util/Spliterator$OfPrimitive
instanceKlass java/util/Spliterators$EmptySpliterator
instanceKlass java/util/Spliterators
instanceKlass java/util/ServiceLoader$ModuleServicesLookupIterator
instanceKlass java/util/ServiceLoader
instanceKlass jdk/internal/logger/BootstrapLogger$DetectBackend$1
instanceKlass jdk/internal/logger/BootstrapLogger$DetectBackend
instanceKlass jdk/internal/logger/BootstrapLogger
instanceKlass sun/util/logging/PlatformLogger$ConfigurableBridge
instanceKlass sun/util/logging/PlatformLogger$Bridge
instanceKlass java/lang/System$Logger
instanceKlass java/util/stream/Streams
instanceKlass java/util/stream/Streams$AbstractStreamBuilderImpl
instanceKlass java/util/stream/Stream$Builder
instanceKlass java/util/stream/Sink$ChainedReference
instanceKlass  @bci java/util/stream/FindOps$FindSink$OfRef <clinit> ()V 43 <appendix> argL0 ; # java/util/stream/FindOps$FindSink$OfRef$$Lambda+0x00000001000f80a0
instanceKlass  @bci java/util/stream/FindOps$FindSink$OfRef <clinit> ()V 38 <appendix> argL0 ; # java/util/stream/FindOps$FindSink$OfRef$$Lambda+0x00000001000f7e20
instanceKlass  @bci java/util/stream/FindOps$FindSink$OfRef <clinit> ()V 16 <appendix> argL0 ; # java/util/stream/FindOps$FindSink$OfRef$$Lambda+0x00000001000f7bd0
instanceKlass  @bci java/util/stream/FindOps$FindSink$OfRef <clinit> ()V 11 <appendix> argL0 ; # java/util/stream/FindOps$FindSink$OfRef$$Lambda+0x00000001000f7950
instanceKlass java/util/stream/FindOps$FindOp
instanceKlass java/util/stream/TerminalOp
instanceKlass java/util/stream/FindOps$FindSink
instanceKlass java/util/stream/TerminalSink
instanceKlass java/util/stream/Sink
instanceKlass java/util/stream/FindOps
instanceKlass  @bci java/util/logging/Level$KnownLevel findByName (Ljava/lang/String;Ljava/util/function/Function;)Ljava/util/Optional; 29 <appendix> argL0 ; # java/util/logging/Level$KnownLevel$$Lambda+0x00000001000f6030
instanceKlass java/util/EnumMap$1
instanceKlass java/util/stream/StreamOpFlag$MaskBuilder
instanceKlass java/util/stream/PipelineHelper
instanceKlass java/util/stream/Stream
instanceKlass java/util/stream/BaseStream
instanceKlass java/util/stream/StreamSupport
instanceKlass java/util/ArrayList$ArrayListSpliterator
instanceKlass java/util/Spliterator
instanceKlass  @bci java/util/logging/Level findLevel (Ljava/lang/String;)Ljava/util/logging/Level; 13 <appendix> argL0 ; # java/util/logging/Level$$Lambda+0x00000001000f2158
instanceKlass java/util/Hashtable$Enumerator
instanceKlass java/util/Collections$SynchronizedCollection
instanceKlass java/util/Properties$EntrySet
instanceKlass java/util/Collections$3
instanceKlass java/util/logging/LogManager$LoggerContext$1
instanceKlass java/util/logging/LogManager$VisitedLoggers
instanceKlass java/util/function/Predicate
instanceKlass  @bci androidx/compose/compiler/plugins/kotlin/lower/DurableFunctionKeyTransformer buildClass (Ljava/lang/String;)Lorg/jetbrains/kotlin/ir/declarations/IrClass; 87 <appendix> form vmentry <vmtarget> ; # java/lang/invoke/LambdaForm$MH+0x0000000100100000
instanceKlass java/util/logging/LogManager$2
instanceKlass java/lang/System$LoggerFinder
instanceKlass java/security/Security$1
instanceKlass jdk/internal/access/JavaSecurityPropertiesAccess
instanceKlass java/util/concurrent/ConcurrentHashMap$MapEntry
instanceKlass java/util/Properties$LineReader
instanceKlass  @bci java/security/Security <clinit> ()V 9 <appendix> argL0 ; # java/security/Security$$Lambda+0x00000001000bdae8
instanceKlass java/security/Security
instanceKlass sun/security/util/SecurityProperties
instanceKlass sun/security/util/FilePermCompat
instanceKlass java/util/logging/LogManager$LoggingProviderAccess
instanceKlass sun/util/logging/internal/LoggingProviderImpl$LogManagerAccess
instanceKlass java/lang/Shutdown$Lock
instanceKlass java/lang/Shutdown
instanceKlass java/lang/ApplicationShutdownHooks$1
instanceKlass java/lang/ApplicationShutdownHooks
instanceKlass java/util/Collections$SynchronizedMap
instanceKlass java/util/logging/LogManager$LogNode
instanceKlass java/util/logging/LogManager$LoggerContext
instanceKlass java/util/logging/LogManager$1
instanceKlass java/util/logging/LogManager
instanceKlass java/util/logging/Logger$ConfigurationData
instanceKlass java/util/logging/Logger$LoggerBundle
instanceKlass  @bci java/util/logging/Level$KnownLevel add (Ljava/util/logging/Level;)V 49 <appendix> argL0 ; # java/util/logging/Level$KnownLevel$$Lambda+0x00000001000ba0e0
instanceKlass  @bci java/util/logging/Level$KnownLevel add (Ljava/util/logging/Level;)V 19 <appendix> argL0 ; # java/util/logging/Level$KnownLevel$$Lambda+0x00000001000b9e70
instanceKlass java/util/logging/Level
instanceKlass java/util/logging/Handler
instanceKlass java/util/logging/Logger
instanceKlass org/jetbrains/kotlin/com/google/common/collect/Platform
instanceKlass org/jetbrains/kotlin/com/google/common/collect/Multiset
instanceKlass org/jetbrains/kotlin/com/google/common/collect/AbstractMultimap
instanceKlass org/jetbrains/kotlin/com/google/common/collect/SetMultimap
instanceKlass org/jetbrains/kotlin/com/google/common/collect/Multimap
instanceKlass org/jetbrains/kotlin/cli/common/messages/GroupingMessageCollector
instanceKlass org/jetbrains/kotlin/it/unimi/dsi/fastutil/HashCommon
instanceKlass org/jetbrains/kotlin/it/unimi/dsi/fastutil/ints/Int2ObjectMap$FastEntrySet
instanceKlass org/jetbrains/kotlin/it/unimi/dsi/fastutil/objects/ObjectSet
instanceKlass org/jetbrains/kotlin/it/unimi/dsi/fastutil/ints/IntSet
instanceKlass org/jetbrains/kotlin/it/unimi/dsi/fastutil/ints/IntCollection
instanceKlass org/jetbrains/kotlin/it/unimi/dsi/fastutil/ints/IntIterable
instanceKlass org/jetbrains/kotlin/it/unimi/dsi/fastutil/objects/ObjectCollection
instanceKlass org/jetbrains/kotlin/it/unimi/dsi/fastutil/objects/ObjectIterable
instanceKlass org/jetbrains/kotlin/it/unimi/dsi/fastutil/ints/AbstractInt2ObjectFunction
instanceKlass org/jetbrains/kotlin/it/unimi/dsi/fastutil/Hash
instanceKlass org/jetbrains/kotlin/it/unimi/dsi/fastutil/ints/Int2ObjectMap
instanceKlass org/jetbrains/kotlin/it/unimi/dsi/fastutil/ints/Int2ObjectFunction
instanceKlass java/util/function/IntFunction
instanceKlass org/jetbrains/kotlin/it/unimi/dsi/fastutil/Function
instanceKlass org/jetbrains/kotlin/com/intellij/util/containers/IntKeyWeakValueHashMap
instanceKlass org/jetbrains/kotlin/com/intellij/util/containers/ConcurrentList
instanceKlass org/jetbrains/kotlin/com/intellij/util/containers/ConcurrentLongObjectMap
instanceKlass org/jetbrains/kotlin/com/intellij/util/containers/ConcurrentIntObjectMap
instanceKlass org/jetbrains/kotlin/com/intellij/util/containers/IntObjectMap
instanceKlass org/jetbrains/kotlin/com/intellij/util/containers/ContainerUtil
instanceKlass org/jetbrains/kotlin/com/intellij/openapi/util/Key
instanceKlass org/jetbrains/kotlin/config/CompilerConfigurationKey
instanceKlass org/jetbrains/kotlin/cli/common/CLIConfigurationKeys
instanceKlass org/jetbrains/kotlin/utils/SmartList$EmptyIterator
instanceKlass org/jetbrains/kotlin/cli/common/ArgumentsKt
instanceKlass java/net/URLConnection
instanceKlass org/jetbrains/kotlin/cli/common/messages/PrintingMessageCollector
instanceKlass kotlin/jvm/internal/CollectionToArray
instanceKlass kotlin/jvm/internal/SpreadBuilder
# instanceKlass java/lang/invoke/LambdaForm$MH+0x00000001000e6c00
# instanceKlass java/lang/invoke/LambdaForm$MH+0x00000001000e6800
# instanceKlass java/lang/invoke/LambdaForm$MH+0x00000001000e6400
instanceKlass  @cpi org/jetbrains/kotlin/com/intellij/psi/impl/compiled/StubBuildingVisitor$MethodAnnotationCollectingVisitor 99 form vmentry <vmtarget> ; # java/lang/invoke/LambdaForm$DMH+0x00000001000e6000
# instanceKlass java/lang/invoke/LambdaForm$MH+0x00000001000e5c00
# instanceKlass java/lang/invoke/LambdaForm$MH+0x00000001000e5800
# instanceKlass java/lang/invoke/LambdaForm$MH+0x00000001000e5400
# instanceKlass java/lang/invoke/LambdaForm$BMH+0x00000001000e5000
# instanceKlass java/lang/invoke/LambdaForm$MH+0x00000001000e4c00
instanceKlass  @cpi org/jetbrains/kotlin/com/intellij/psi/impl/source/resolve/ResolveCache 275 form vmentry <vmtarget> ; # java/lang/invoke/LambdaForm$DMH+0x00000001000e4800
instanceKlass java/lang/invoke/ClassSpecializer$Factory$1Var
instanceKlass java/lang/invoke/MethodHandles$1
# instanceKlass java/lang/invoke/LambdaForm$DMH+0x00000001000e4400
instanceKlass sun/invoke/util/ValueConversions$1
instanceKlass sun/invoke/util/ValueConversions$WrapperCache
# instanceKlass java/lang/invoke/LambdaForm$DMH+0x00000001000e4000
instanceKlass kotlin/reflect/jvm/internal/pcollections/MapEntry
instanceKlass kotlin/reflect/jvm/internal/ReflectProperties$Val$1
instanceKlass kotlin/reflect/jvm/internal/ReflectProperties$Val
instanceKlass kotlin/reflect/jvm/internal/ReflectProperties
instanceKlass  @bci java/util/regex/CharPredicates ASCII_DIGIT ()Ljava/util/regex/Pattern$BmpCharPredicate; 0 <appendix> argL0 ; # java/util/regex/CharPredicates$$Lambda+0x00000001000b5e30
instanceKlass java/util/regex/CharPredicates
instanceKlass kotlin/text/Regex$Companion
instanceKlass kotlin/text/Regex
instanceKlass kotlin/jvm/internal/DefaultConstructorMarker
instanceKlass kotlin/reflect/jvm/internal/KDeclarationContainerImpl$Companion
instanceKlass kotlin/reflect/jvm/internal/KTypeParameterOwnerImpl
instanceKlass kotlin/reflect/jvm/internal/KClassifierImpl
instanceKlass kotlin/reflect/jvm/internal/pcollections/ConsPStack
instanceKlass kotlin/reflect/jvm/internal/pcollections/IntTree
instanceKlass kotlin/reflect/jvm/internal/pcollections/IntTreePMap
instanceKlass kotlin/reflect/jvm/internal/pcollections/HashPMap
instanceKlass kotlin/reflect/jvm/internal/KClassCacheKt
instanceKlass kotlin/reflect/jvm/internal/KDeclarationContainerImpl
instanceKlass kotlin/jvm/internal/ClassBasedDeclarationContainer
instanceKlass kotlin/reflect/KMutableProperty0
instanceKlass kotlin/reflect/KProperty0
instanceKlass kotlin/reflect/KMutableProperty1
instanceKlass kotlin/reflect/KProperty1
instanceKlass kotlin/reflect/KType
instanceKlass kotlin/reflect/KMutableProperty2
instanceKlass kotlin/reflect/KMutableProperty
instanceKlass kotlin/reflect/KProperty2
instanceKlass kotlin/reflect/KProperty
instanceKlass kotlin/reflect/KTypeParameter
instanceKlass kotlin/reflect/KClass
instanceKlass kotlin/jvm/internal/ReflectionFactory
instanceKlass kotlin/reflect/KClassifier
instanceKlass kotlin/jvm/internal/Reflection
instanceKlass kotlin/jvm/JvmClassMappingKt
# instanceKlass java/lang/invoke/LambdaForm$MH+0x00000001000d8800
instanceKlass java/lang/invoke/MethodHandle$1
instanceKlass org/jetbrains/kotlin/config/LanguageVersionSettings
instanceKlass org/jetbrains/kotlin/config/LanguageOrApiVersion
instanceKlass org/jetbrains/kotlin/utils/DescriptionAware
instanceKlass org/jetbrains/kotlin/cli/common/messages/MessageCollector
instanceKlass kotlin/collections/builders/MapBuilder$EntryRef
instanceKlass kotlin/jvm/internal/markers/KMutableMap$Entry
instanceKlass kotlin/collections/builders/MapBuilder$Itr
instanceKlass kotlin/jvm/internal/markers/KMutableIterator
instanceKlass org/jetbrains/kotlin/cli/common/arguments/ArgumentField
instanceKlass org/jetbrains/kotlin/util/capitalizeDecapitalize/CapitalizeDecapitalizeKt
instanceKlass org/jetbrains/kotlin/name/ClassId
instanceKlass org/jetbrains/kotlin/name/FqNameUnsafe$1
instanceKlass java/util/regex/Pattern$TreeInfo
instanceKlass  @bci java/util/regex/Pattern Single (I)Ljava/util/regex/Pattern$BmpCharPredicate; 1 <appendix> member <vmtarget> ; # java/util/regex/Pattern$$Lambda+0x00000001000b36c8
instanceKlass java/util/regex/Pattern$BmpCharPredicate
instanceKlass java/util/regex/Pattern$CharPredicate
instanceKlass java/util/regex/Pattern$Node
instanceKlass java/util/regex/Pattern
instanceKlass org/jetbrains/kotlin/name/Name
instanceKlass org/jetbrains/kotlin/name/FqNameUnsafe
instanceKlass org/jetbrains/kotlin/name/FqName
instanceKlass org/jetbrains/kotlin/load/java/JvmAbi
instanceKlass kotlin/Metadata
instanceKlass java/lang/annotation/Target
# instanceKlass java/lang/invoke/LambdaForm$MH+0x00000001000d8400
instanceKlass  @bci androidx/compose/compiler/plugins/kotlin/lower/ComposerLambdaMemoization getOrCreateComposableSingletonsClass ()Lorg/jetbrains/kotlin/ir/declarations/IrClass; 143 <appendix> form vmentry <vmtarget> ; # java/lang/invoke/LambdaForm$MH+0x00000001000d8000
instanceKlass java/lang/reflect/Proxy$ProxyBuilder$1
instanceKlass jdk/internal/org/objectweb/asm/Edge
instanceKlass  @bci java/lang/reflect/ProxyGenerator addProxyMethod (Ljava/lang/reflect/Method;Ljava/lang/Class;)V 23 <appendix> argL0 ; # java/lang/reflect/ProxyGenerator$$Lambda+0x00000001000b0608
instanceKlass  @bci java/lang/reflect/ProxyGenerator addProxyMethod (Ljava/lang/reflect/ProxyGenerator$ProxyMethod;)V 10 <appendix> argL0 ; # java/lang/reflect/ProxyGenerator$$Lambda+0x00000001000b0398
instanceKlass java/util/StringJoiner
instanceKlass java/lang/reflect/ProxyGenerator$ProxyMethod
instanceKlass  @bci java/lang/reflect/Proxy getLoader (Ljava/lang/Module;)Ljava/lang/ClassLoader; 6 <appendix> member <vmtarget> ; # java/lang/reflect/Proxy$$Lambda+0x00000001000af6e0
instanceKlass  @bci java/lang/WeakPairMap computeIfAbsent (Ljava/lang/Object;Ljava/lang/Object;Ljava/util/function/BiFunction;)Ljava/lang/Object; 18 <appendix> member <vmtarget> ; # java/lang/WeakPairMap$$Lambda+0x00000001000af228
instanceKlass  @bci java/lang/Module implAddExportsOrOpens (Ljava/lang/String;Ljava/lang/Module;ZZ)V 145 <appendix> argL0 ; # java/lang/Module$$Lambda+0x00000001000aefc8
instanceKlass  @bci java/lang/module/ModuleDescriptor$Builder packages (Ljava/util/Set;)Ljava/lang/module/ModuleDescriptor$Builder; 17 <appendix> argL0 ; # java/lang/module/ModuleDescriptor$Builder$$Lambda+0x00000001000adf88
instanceKlass java/lang/WeakPairMap$Pair$Lookup
instanceKlass java/lang/WeakPairMap$Pair
instanceKlass java/lang/WeakPairMap
instanceKlass java/lang/Module$ReflectionData
instanceKlass java/util/function/Consumer
instanceKlass jdk/internal/module/Checks
instanceKlass java/lang/module/ModuleDescriptor$Builder
instanceKlass  @bci java/lang/reflect/Proxy$ProxyBuilder getDynamicModule (Ljava/lang/ClassLoader;)Ljava/lang/Module; 4 <appendix> argL0 ; # java/lang/reflect/Proxy$ProxyBuilder$$Lambda+0x00000001000acd78
instanceKlass java/util/LinkedHashMap$LinkedHashIterator
instanceKlass java/lang/PublicMethods
instanceKlass java/util/Collections$1
instanceKlass java/lang/reflect/Proxy$ProxyBuilder
instanceKlass  @bci java/lang/reflect/Proxy getProxyConstructor (Ljava/lang/Class;Ljava/lang/ClassLoader;[Ljava/lang/Class;)Ljava/lang/reflect/Constructor; 35 <appendix> argL0 ; # java/lang/reflect/Proxy$$Lambda+0x00000001000ab4b8
instanceKlass java/lang/ClassValue$Version
instanceKlass java/lang/ClassValue$Identity
instanceKlass java/lang/ClassValue
instanceKlass java/lang/reflect/Proxy
instanceKlass sun/reflect/annotation/AnnotationInvocationHandler
instanceKlass java/lang/reflect/InvocationHandler
instanceKlass sun/reflect/annotation/AnnotationParser$1
instanceKlass kotlin/annotation/Target
instanceKlass java/lang/annotation/Inherited
instanceKlass java/lang/annotation/Retention
instanceKlass sun/reflect/annotation/ExceptionProxy
instanceKlass sun/reflect/annotation/AnnotationType$1
instanceKlass sun/reflect/annotation/AnnotationType
instanceKlass java/lang/reflect/GenericArrayType
instanceKlass sun/reflect/generics/visitor/Reifier
instanceKlass sun/reflect/generics/visitor/TypeTreeVisitor
instanceKlass sun/reflect/generics/factory/CoreReflectionFactory
instanceKlass sun/reflect/generics/factory/GenericsFactory
instanceKlass sun/reflect/generics/scope/AbstractScope
instanceKlass sun/reflect/generics/scope/Scope
instanceKlass sun/reflect/generics/tree/ClassTypeSignature
instanceKlass sun/reflect/generics/tree/SimpleClassTypeSignature
instanceKlass sun/reflect/generics/tree/FieldTypeSignature
instanceKlass sun/reflect/generics/tree/BaseType
instanceKlass sun/reflect/generics/tree/TypeSignature
instanceKlass sun/reflect/generics/tree/ReturnType
instanceKlass sun/reflect/generics/tree/TypeArgument
instanceKlass sun/reflect/generics/tree/TypeTree
instanceKlass sun/reflect/generics/tree/Tree
instanceKlass sun/reflect/generics/parser/SignatureParser
instanceKlass kotlin/jvm/internal/markers/KMutableSet
instanceKlass kotlin/jvm/internal/markers/KMutableCollection
instanceKlass kotlin/jvm/internal/markers/KMutableIterable
instanceKlass sun/reflect/annotation/AnnotationParser
instanceKlass org/jetbrains/kotlin/cli/common/arguments/Argument
instanceKlass kotlin/collections/EmptySet
instanceKlass kotlin/collections/EmptyMap
instanceKlass kotlin/ranges/RangesKt__RangesKt
instanceKlass kotlin/collections/builders/ListBuilderKt
instanceKlass kotlin/collections/builders/MapBuilder$Companion
instanceKlass kotlin/collections/builders/MapBuilder
instanceKlass kotlin/jvm/internal/markers/KMutableMap
instanceKlass kotlin/collections/MapsKt__MapWithDefaultKt
instanceKlass java/io/FileInputStream$1
instanceKlass kotlin/io/CloseableKt
instanceKlass kotlin/text/CharsKt__CharJVMKt
instanceKlass java/nio/charset/CoderResult
instanceKlass kotlin/sequences/GeneratorSequence$iterator$1
instanceKlass java/lang/invoke/VarHandle$AccessDescriptor
instanceKlass java/lang/invoke/VarForm
instanceKlass java/lang/invoke/VarHandleGuards
instanceKlass java/lang/invoke/VarHandles
instanceKlass java/util/concurrent/atomic/AtomicReference
instanceKlass kotlin/sequences/ConstrainedOnceSequence
instanceKlass kotlin/sequences/GeneratorSequence
instanceKlass kotlin/sequences/Sequence
instanceKlass kotlin/sequences/SequencesKt__SequenceBuilderKt
instanceKlass java/io/Reader
instanceKlass java/lang/Readable
instanceKlass kotlin/text/Charsets
instanceKlass org/jetbrains/kotlin/cli/common/arguments/ArgumentParseErrors
instanceKlass java/util/Arrays$ArrayItr
instanceKlass org/jetbrains/kotlin/cli/common/arguments/PreprocessCommandLineArgumentsKt
instanceKlass kotlin/UNINITIALIZED_VALUE
instanceKlass kotlin/SynchronizedLazyImpl
instanceKlass kotlin/Lazy
instanceKlass kotlin/LazyKt__LazyJVMKt
instanceKlass kotlin/jvm/internal/Lambda
instanceKlass kotlin/jvm/functions/Function0
instanceKlass org/jetbrains/kotlin/cli/common/arguments/ParseCommandLineArgumentsKt
instanceKlass kotlin/collections/ArraysUtilJVM
instanceKlass kotlin/collections/ArraysKt__ArraysJVMKt
instanceKlass java/lang/ProcessEnvironment$CheckedEntry
instanceKlass java/lang/ProcessEnvironment$CheckedEntrySet$1
instanceKlass java/lang/ProcessEnvironment$EntryComparator
instanceKlass java/lang/ProcessEnvironment$NameComparator
instanceKlass org/jetbrains/kotlin/config/JvmDefaultMode$Companion
instanceKlass org/jetbrains/kotlin/config/JVMAssertionsMode$Companion
instanceKlass org/jetbrains/kotlin/config/ExplicitApiMode$Companion
instanceKlass kotlin/collections/EmptyList
instanceKlass kotlin/collections/CollectionsKt__CollectionsJVMKt
instanceKlass org/jetbrains/kotlin/cli/common/arguments/K2JVMCompilerArguments$Companion
instanceKlass org/jetbrains/kotlin/cli/common/arguments/CommonCompilerArguments$Companion
instanceKlass org/jetbrains/kotlin/cli/common/arguments/CommonToolArguments$Companion
instanceKlass org/jetbrains/kotlin/config/Services$Builder
instanceKlass org/jetbrains/kotlin/config/Services$Companion
instanceKlass org/jetbrains/kotlin/cli/common/messages/XcodeStyleMessageRenderer
instanceKlass org/jetbrains/kotlin/cli/common/messages/GradleStyleMessageRenderer
# instanceKlass java/lang/invoke/LambdaForm$MH+0x00000001000c4400
instanceKlass jdk/internal/reflect/MethodHandleAccessorFactory$LazyStaticHolder
instanceKlass java/lang/Class$3
instanceKlass kotlin/text/StringsKt__AppendableKt
instanceKlass org/jetbrains/kotlin/cli/common/PropertiesKt
instanceKlass org/jetbrains/kotlin/cli/common/messages/PlainTextMessageRenderer
instanceKlass org/jetbrains/kotlin/cli/common/messages/XmlMessageRenderer
instanceKlass org/jetbrains/kotlin/cli/common/messages/MessageRenderer
instanceKlass org/jetbrains/kotlin/com/intellij/openapi/application/ApplicationManager
instanceKlass  @bci org/jetbrains/kotlin/resolve/jvm/diagnostics/DefaultErrorMessagesJvm <clinit> ()V 0 <appendix> form vmentry <vmtarget> ; # java/lang/invoke/LambdaForm$MH+0x00000001000c4000
instanceKlass java/util/ArrayList$Itr
instanceKlass java/lang/invoke/InvokerBytecodeGenerator$ClassData
instanceKlass jdk/internal/org/objectweb/asm/Frame
instanceKlass java/lang/invoke/LambdaFormBuffer
instanceKlass java/lang/invoke/LambdaFormEditor$TransformKey
instanceKlass java/lang/invoke/LambdaFormEditor
instanceKlass java/lang/invoke/DelegatingMethodHandle$Holder
instanceKlass java/lang/invoke/DirectMethodHandle$2
instanceKlass java/lang/invoke/ClassSpecializer$Factory
instanceKlass java/lang/invoke/ClassSpecializer$SpeciesData
instanceKlass java/lang/invoke/ClassSpecializer$1
instanceKlass java/lang/invoke/ClassSpecializer
instanceKlass  @bci org/jetbrains/kotlin/com/intellij/openapi/diagnostic/Logger <clinit> ()V 11 <appendix> argL0 ; # org/jetbrains/kotlin/com/intellij/openapi/diagnostic/Logger$$Lambda+0x00000001000c2b98
instanceKlass org/jetbrains/kotlin/com/intellij/openapi/diagnostic/Attachment
instanceKlass org/jetbrains/kotlin/com/intellij/openapi/diagnostic/Logger$DefaultFactory
instanceKlass org/jetbrains/kotlin/com/intellij/openapi/diagnostic/Logger$Factory
instanceKlass org/jetbrains/kotlin/com/intellij/openapi/diagnostic/Logger
instanceKlass org/jetbrains/kotlin/cli/jvm/compiler/IdeaStandaloneExecutionSetup
instanceKlass org/jetbrains/kotlin/cli/jvm/compiler/CompatKt
instanceKlass kotlin/jvm/functions/Function2
instanceKlass kotlin/jvm/internal/CallableReference$NoReceiver
instanceKlass kotlin/reflect/KDeclarationContainer
instanceKlass kotlin/jvm/internal/CallableReference
instanceKlass kotlin/reflect/KFunction
instanceKlass kotlin/reflect/KCallable
instanceKlass kotlin/reflect/KAnnotatedElement
instanceKlass kotlin/jvm/internal/FunctionBase
instanceKlass kotlin/jvm/functions/Function1
instanceKlass kotlin/Function
instanceKlass org/jetbrains/kotlin/cli/common/CompilerSystemProperties$Companion
instanceKlass kotlin/collections/AbstractList$Companion
instanceKlass kotlin/collections/AbstractCollection
instanceKlass kotlin/enums/EnumEntries
instanceKlass kotlin/jvm/internal/markers/KMappedMarker
instanceKlass kotlin/enums/EnumEntriesKt
instanceKlass org/jetbrains/kotlin/util/PerformanceCounter$Companion
instanceKlass org/jetbrains/kotlin/util/PerformanceCounter
instanceKlass sun/nio/ch/Util$BufferCache
instanceKlass sun/nio/ch/Util
instanceKlass sun/nio/ch/IOStatus
instanceKlass sun/nio/ch/NativeThread
instanceKlass java/io/ExternalChannelHolder
instanceKlass sun/nio/ch/NativeThreadSet
instanceKlass sun/nio/ch/IOUtil
instanceKlass sun/nio/ch/NativeDispatcher
instanceKlass java/nio/channels/spi/AbstractInterruptibleChannel
instanceKlass java/nio/channels/InterruptibleChannel
instanceKlass java/nio/channels/ScatteringByteChannel
instanceKlass java/nio/channels/GatheringByteChannel
instanceKlass java/nio/channels/SeekableByteChannel
instanceKlass java/nio/channels/ByteChannel
instanceKlass java/nio/channels/WritableByteChannel
instanceKlass java/nio/channels/ReadableByteChannel
instanceKlass java/nio/channels/Channel
instanceKlass sun/nio/fs/WindowsChannelFactory$2
instanceKlass sun/nio/fs/WindowsChannelFactory$Flags
instanceKlass sun/nio/fs/WindowsChannelFactory$1
instanceKlass sun/nio/fs/WindowsChannelFactory
instanceKlass sun/nio/fs/WindowsSecurityDescriptor
instanceKlass java/nio/file/attribute/FileAttribute
instanceKlass com/jetbrains/internal/IoOverNio$ParentForFileChannelImplHolder
instanceKlass sun/invoke/empty/Empty
instanceKlass sun/invoke/util/VerifyType
instanceKlass  @bci sun/nio/fs/ExtendedOptions$InternalOption registerInternal (Ljava/lang/Object;Ljava/lang/Object;)V 16 <appendix> member <vmtarget> ; # sun/nio/fs/ExtendedOptions$InternalOption$$Lambda+0x0000000100093718
instanceKlass java/lang/invoke/MethodHandles$Lookup$ClassDefiner
instanceKlass java/lang/invoke/MethodHandles$Lookup$ClassFile
instanceKlass jdk/internal/org/objectweb/asm/Handler
instanceKlass jdk/internal/org/objectweb/asm/AnnotationVisitor
instanceKlass jdk/internal/org/objectweb/asm/Attribute
instanceKlass jdk/internal/org/objectweb/asm/Label
instanceKlass jdk/internal/org/objectweb/asm/MethodVisitor
instanceKlass jdk/internal/org/objectweb/asm/FieldVisitor
instanceKlass java/lang/invoke/LambdaProxyClassArchive
instanceKlass jdk/internal/org/objectweb/asm/ByteVector
instanceKlass jdk/internal/org/objectweb/asm/Symbol
instanceKlass jdk/internal/org/objectweb/asm/SymbolTable
instanceKlass jdk/internal/org/objectweb/asm/ClassVisitor
instanceKlass java/lang/invoke/InfoFromMemberName
instanceKlass java/lang/invoke/MethodHandleInfo
instanceKlass jdk/internal/org/objectweb/asm/ConstantDynamic
instanceKlass sun/invoke/util/BytecodeDescriptor
instanceKlass jdk/internal/org/objectweb/asm/Handle
instanceKlass sun/security/action/GetBooleanAction
instanceKlass jdk/internal/org/objectweb/asm/Type
instanceKlass java/lang/invoke/AbstractValidatingLambdaMetafactory
instanceKlass java/lang/invoke/MethodHandleImpl$1
instanceKlass jdk/internal/access/JavaLangInvokeAccess
instanceKlass java/lang/invoke/Invokers$Holder
instanceKlass java/lang/invoke/BootstrapMethodInvoker
instanceKlass java/lang/invoke/InvokerBytecodeGenerator$1
instanceKlass java/lang/invoke/InvokerBytecodeGenerator
instanceKlass java/lang/invoke/LambdaForm$Holder
instanceKlass java/lang/invoke/LambdaForm$Name
instanceKlass java/lang/invoke/Invokers
instanceKlass java/lang/invoke/MethodHandleImpl
instanceKlass sun/invoke/util/ValueConversions
instanceKlass java/lang/invoke/DirectMethodHandle$Holder
instanceKlass java/lang/invoke/LambdaForm$NamedFunction
instanceKlass sun/invoke/util/Wrapper$Format
instanceKlass java/lang/invoke/MethodTypeForm
instanceKlass jdk/internal/util/StrongReferenceKey
instanceKlass jdk/internal/util/ReferenceKey
instanceKlass jdk/internal/util/ReferencedKeyMap
instanceKlass java/lang/invoke/MethodType$1
instanceKlass java/lang/invoke/LambdaMetafactory
instanceKlass sun/nio/fs/ExtendedOptions$Wrapper
instanceKlass sun/nio/fs/ExtendedOptions$InternalOption
instanceKlass sun/nio/fs/ExtendedOptions
instanceKlass java/io/IoOverNioOsSpecific
instanceKlass java/nio/file/attribute/PosixFileAttributes
instanceKlass java/nio/file/attribute/DosFileAttributeView
instanceKlass jdk/internal/jimage/ImageLocation
instanceKlass jdk/internal/jimage/decompressor/Decompressor
instanceKlass jdk/internal/jimage/ImageStringsReader
instanceKlass jdk/internal/jimage/ImageStrings
instanceKlass jdk/internal/jimage/ImageHeader
instanceKlass jdk/internal/jimage/NativeImageBuffer$1
instanceKlass jdk/internal/jimage/NativeImageBuffer
instanceKlass jdk/internal/jimage/BasicImageReader$1
instanceKlass jdk/internal/jimage/BasicImageReader
instanceKlass jdk/internal/jimage/ImageReader
instanceKlass jdk/internal/jimage/ImageReaderFactory$1
instanceKlass java/net/URI$Parser
instanceKlass java/nio/file/FileSystems$DefaultFileSystemHolder$1
instanceKlass java/nio/file/FileSystems$DefaultFileSystemHolder
instanceKlass java/nio/file/FileSystems
instanceKlass java/nio/file/Paths
instanceKlass jdk/internal/jimage/ImageReaderFactory
instanceKlass jdk/internal/module/SystemModuleFinders$SystemImage
instanceKlass jdk/internal/module/SystemModuleFinders$SystemModuleReader
instanceKlass java/lang/module/ModuleReader
instanceKlass jdk/internal/loader/BuiltinClassLoader$5
instanceKlass jdk/internal/loader/BuiltinClassLoader$2
instanceKlass jdk/internal/module/Resources
instanceKlass kotlin/jvm/internal/Intrinsics
instanceKlass java/util/TreeMap$PrivateEntryIterator
instanceKlass java/util/TreeMap$Entry
instanceKlass java/util/NavigableMap
instanceKlass java/util/SortedMap
instanceKlass java/util/NavigableSet
instanceKlass java/util/SortedSet
instanceKlass java/util/SequencedSet
instanceKlass org/jetbrains/kotlin/cli/jvm/K2JVMCompiler$Companion
instanceKlass org/jetbrains/kotlin/cli/common/CLICompiler$Companion
instanceKlass org/jetbrains/kotlin/cli/common/CLITool$Companion
instanceKlass java/lang/Void
instanceKlass java/lang/PublicMethods$Key
instanceKlass java/lang/PublicMethods$MethodList
instanceKlass org/jetbrains/kotlin/config/Services
instanceKlass org/jetbrains/kotlin/utils/KotlinPaths
instanceKlass org/jetbrains/kotlin/com/intellij/openapi/Disposable
instanceKlass org/jetbrains/kotlin/config/CompilerConfiguration
instanceKlass org/jetbrains/kotlin/cli/common/arguments/Freezable
instanceKlass org/jetbrains/kotlin/cli/common/CommonCompilerPerformanceManager
instanceKlass org/jetbrains/kotlin/utils/exceptions/KotlinExceptionWithAttachments
instanceKlass org/jetbrains/kotlin/com/intellij/openapi/diagnostic/ExceptionWithAttachments
instanceKlass org/jetbrains/kotlin/com/intellij/openapi/diagnostic/ControlFlowException
instanceKlass jdk/internal/misc/PreviewFeatures
instanceKlass jdk/internal/misc/MainMethodFinder
instanceKlass org/jetbrains/kotlin/cli/common/CLITool
instanceKlass java/security/SecureClassLoader$DebugHolder
instanceKlass java/security/Permission
instanceKlass java/security/Guard
instanceKlass java/security/PermissionCollection
instanceKlass java/security/SecureClassLoader$1
instanceKlass java/util/zip/Checksum$1
instanceKlass java/util/zip/CRC32
instanceKlass java/util/zip/Checksum
instanceKlass sun/nio/ByteBuffered
instanceKlass java/lang/Package$VersionInfo
instanceKlass java/lang/NamedPackage
instanceKlass java/lang/reflect/Array
instanceKlass java/util/jar/Attributes$Name
instanceKlass java/util/SequencedMap
instanceKlass java/util/jar/Attributes
instanceKlass jdk/internal/loader/Resource
instanceKlass sun/security/action/GetIntegerAction
instanceKlass sun/security/util/Debug
instanceKlass sun/security/util/SignatureFileVerifier
instanceKlass java/util/zip/ZipFile$InflaterCleanupAction
instanceKlass java/util/zip/Inflater$InflaterZStreamRef
instanceKlass java/util/zip/Inflater
instanceKlass java/util/zip/ZipEntry
instanceKlass java/util/zip/ZipFile$2
instanceKlass java/nio/Bits$1
instanceKlass jdk/internal/misc/VM$BufferPool
instanceKlass java/nio/Bits
instanceKlass sun/nio/ch/DirectBuffer
instanceKlass jdk/internal/perf/PerfCounter$CoreCounters
instanceKlass jdk/internal/perf/Perf
instanceKlass jdk/internal/perf/Perf$GetPerfAction
instanceKlass jdk/internal/perf/PerfCounter
instanceKlass sun/util/locale/LocaleUtils
instanceKlass sun/util/locale/BaseLocale
instanceKlass java/util/Locale
instanceKlass java/nio/file/attribute/FileTime
instanceKlass java/util/zip/ZipUtils
instanceKlass java/util/zip/ZipFile$Source$End
instanceKlass java/util/zip/ZipFile$Source$RandomAccessFileAccessor
instanceKlass java/util/zip/ZipFile$Source$FileAccessor
instanceKlass com/jetbrains/internal/IoOverNio$RecursionGuard
instanceKlass java/io/RandomAccessFile$2
instanceKlass jdk/internal/access/JavaIORandomAccessFileAccess
instanceKlass java/io/RandomAccessFile
instanceKlass java/io/DataInput
instanceKlass java/io/DataOutput
instanceKlass sun/nio/fs/WindowsNativeDispatcher$CompletionStatus
instanceKlass sun/nio/fs/WindowsNativeDispatcher$AclInformation
instanceKlass sun/nio/fs/WindowsNativeDispatcher$Account
instanceKlass sun/nio/fs/WindowsNativeDispatcher$DiskFreeSpace
instanceKlass sun/nio/fs/WindowsNativeDispatcher$VolumeInformation
instanceKlass sun/nio/fs/WindowsNativeDispatcher$FirstStream
instanceKlass sun/nio/fs/WindowsNativeDispatcher$FirstFile
instanceKlass java/util/concurrent/ConcurrentHashMap$Traverser
instanceKlass java/util/Enumeration
instanceKlass jdk/internal/loader/NativeLibraries$3
instanceKlass jdk/internal/loader/NativeLibrary
instanceKlass java/util/ArrayDeque$DeqIterator
instanceKlass jdk/internal/loader/NativeLibraries$NativeLibraryContext$1
instanceKlass jdk/internal/loader/NativeLibraries$NativeLibraryContext
instanceKlass jdk/internal/loader/NativeLibraries$2
instanceKlass jdk/internal/loader/NativeLibraries$1
instanceKlass jdk/internal/loader/NativeLibraries$LibraryPaths
instanceKlass sun/nio/fs/WindowsNativeDispatcher
instanceKlass sun/nio/fs/NativeBuffer$Deallocator
instanceKlass sun/nio/fs/NativeBuffer
instanceKlass sun/nio/fs/NativeBuffers
instanceKlass sun/nio/fs/WindowsFileAttributes
instanceKlass java/nio/file/attribute/DosFileAttributes
instanceKlass sun/nio/fs/AbstractBasicFileAttributeView
instanceKlass sun/nio/fs/DynamicFileAttributeView
instanceKlass sun/nio/fs/WindowsFileAttributeViews
instanceKlass sun/nio/fs/Util
instanceKlass java/nio/file/attribute/BasicFileAttributeView
instanceKlass java/nio/file/attribute/FileAttributeView
instanceKlass java/nio/file/attribute/AttributeView
instanceKlass java/nio/file/Files
instanceKlass java/nio/file/CopyOption
instanceKlass java/nio/file/attribute/BasicFileAttributes
instanceKlass sun/nio/fs/WindowsPath
instanceKlass java/nio/file/Path
instanceKlass java/nio/file/Watchable
instanceKlass java/util/zip/ZipFile$Source$Key
instanceKlass sun/nio/fs/WindowsPathParser$Result
instanceKlass sun/nio/fs/WindowsPathParser
instanceKlass java/nio/file/FileSystem
instanceKlass java/nio/file/OpenOption
instanceKlass java/nio/file/spi/FileSystemProvider
instanceKlass sun/nio/fs/DefaultFileSystemProvider
instanceKlass java/util/zip/ZipFile$Source
instanceKlass java/util/zip/ZipCoder
instanceKlass java/util/zip/ZipFile$CleanableResource
instanceKlass java/lang/Runtime$Version
instanceKlass java/util/jar/JavaUtilJarAccessImpl
instanceKlass jdk/internal/access/JavaUtilJarAccess
instanceKlass jdk/internal/loader/FileURLMapper
instanceKlass jdk/internal/loader/URLClassPath$JarLoader$1
instanceKlass java/util/zip/ZipFile$1
instanceKlass jdk/internal/access/JavaUtilZipFileAccess
instanceKlass java/util/zip/ZipFile
instanceKlass java/util/zip/ZipConstants
instanceKlass jdk/internal/loader/URLClassPath$Loader
instanceKlass jdk/internal/loader/URLClassPath$3
instanceKlass java/security/PrivilegedExceptionAction
instanceKlass sun/net/util/URLUtil
instanceKlass com/jetbrains/internal/IoOverNio$ThreadLocalCloseable
instanceKlass java/lang/ThreadLocal$ThreadLocalMap
instanceKlass java/lang/StringCoding
instanceKlass java/nio/charset/CharsetDecoder
instanceKlass sun/nio/cs/ArrayDecoder
instanceKlass sun/launcher/LauncherHelper
instanceKlass java/lang/invoke/StringConcatFactory
instanceKlass java/lang/ModuleLayer$Controller
instanceKlass java/util/concurrent/CopyOnWriteArrayList
instanceKlass jdk/internal/module/ServicesCatalog$ServiceProvider
instanceKlass jdk/internal/loader/AbstractClassLoaderValue$Memoizer
instanceKlass java/util/ImmutableCollections$ListItr
instanceKlass java/util/ListIterator
instanceKlass java/lang/ModuleLayer
instanceKlass jdk/internal/module/ModuleLoaderMap$Modules
instanceKlass jdk/internal/module/ModuleLoaderMap$Mapper
instanceKlass jdk/internal/module/ModuleLoaderMap
instanceKlass java/util/AbstractMap$1$1
instanceKlass java/lang/module/ResolvedModule
instanceKlass java/lang/module/Configuration
instanceKlass jdk/internal/loader/BuiltinClassLoader$LoadedModule
instanceKlass jdk/internal/loader/AbstractClassLoaderValue
instanceKlass jdk/internal/module/ServicesCatalog
instanceKlass java/util/Deque
instanceKlass java/util/Queue
instanceKlass sun/net/util/IPAddressUtil$MASKS
instanceKlass sun/net/util/IPAddressUtil
instanceKlass java/net/URLStreamHandler
instanceKlass sun/net/www/ParseUtil
instanceKlass java/net/URL$3
instanceKlass jdk/internal/access/JavaNetURLAccess
instanceKlass java/net/URL$DefaultFactory
instanceKlass java/net/URLStreamHandlerFactory
instanceKlass jdk/internal/loader/URLClassPath
instanceKlass java/lang/ClassLoader$ParallelLoaders
instanceKlass java/security/cert/Certificate
instanceKlass jdk/internal/loader/ArchivedClassLoaders
instanceKlass java/util/concurrent/ConcurrentHashMap$CollectionView
instanceKlass jdk/internal/loader/ClassLoaderHelper
instanceKlass jdk/internal/loader/NativeLibraries
instanceKlass java/lang/Module$EnableNativeAccess
instanceKlass jdk/internal/loader/BootLoader
instanceKlass java/util/Optional
instanceKlass jdk/internal/module/SystemModuleFinders$SystemModuleFinder
instanceKlass java/lang/module/ModuleFinder
instanceKlass jdk/internal/module/SystemModuleFinders$3
instanceKlass jdk/internal/module/ModuleHashes$HashSupplier
instanceKlass jdk/internal/module/SystemModuleFinders$2
instanceKlass java/util/function/Supplier
instanceKlass java/lang/module/ModuleReference
instanceKlass jdk/internal/module/ModuleResolution
instanceKlass java/util/Collections$UnmodifiableMap
instanceKlass jdk/internal/module/ModuleHashes$Builder
instanceKlass jdk/internal/module/ModuleHashes
instanceKlass jdk/internal/module/ModuleTarget
instanceKlass java/util/ImmutableCollections$Set12$1
instanceKlass java/lang/reflect/AccessFlag$18
instanceKlass java/lang/reflect/AccessFlag$17
instanceKlass java/lang/reflect/AccessFlag$16
instanceKlass java/lang/reflect/AccessFlag$15
instanceKlass java/lang/reflect/AccessFlag$14
instanceKlass java/lang/reflect/AccessFlag$13
instanceKlass java/lang/reflect/AccessFlag$12
instanceKlass java/lang/reflect/AccessFlag$11
instanceKlass java/lang/reflect/AccessFlag$10
instanceKlass java/lang/reflect/AccessFlag$9
instanceKlass java/lang/reflect/AccessFlag$8
instanceKlass java/lang/reflect/AccessFlag$7
instanceKlass java/lang/reflect/AccessFlag$6
instanceKlass java/lang/reflect/AccessFlag$5
instanceKlass java/lang/reflect/AccessFlag$4
instanceKlass java/lang/reflect/AccessFlag$3
instanceKlass java/lang/reflect/AccessFlag$2
instanceKlass java/lang/reflect/AccessFlag$1
instanceKlass java/lang/module/ModuleDescriptor$Version
instanceKlass java/lang/module/ModuleDescriptor$Provides
instanceKlass java/lang/module/ModuleDescriptor$Opens
instanceKlass java/util/ImmutableCollections$SetN$SetNIterator
instanceKlass java/lang/module/ModuleDescriptor$Exports
instanceKlass java/lang/module/ModuleDescriptor$Requires
instanceKlass jdk/internal/module/Builder
instanceKlass jdk/internal/module/SystemModules$default
instanceKlass jdk/internal/module/SystemModules
instanceKlass jdk/internal/module/SystemModulesMap
instanceKlass java/net/URI$1
instanceKlass jdk/internal/access/JavaNetUriAccess
instanceKlass java/net/URI
instanceKlass jdk/internal/module/SystemModuleFinders
instanceKlass jdk/internal/module/ArchivedModuleGraph
instanceKlass jdk/internal/module/ArchivedBootLayer
instanceKlass jdk/internal/module/ModuleBootstrap$Counters
instanceKlass jdk/internal/module/ModulePatcher
instanceKlass java/io/DefaultFileSystem
instanceKlass java/io/FileSystem
instanceKlass java/lang/ThreadLocal
instanceKlass com/jetbrains/internal/IoOverNio
instanceKlass java/io/File
instanceKlass java/lang/module/ModuleDescriptor$1
instanceKlass jdk/internal/access/JavaLangModuleAccess
instanceKlass sun/invoke/util/VerifyAccess
instanceKlass java/util/KeyValueHolder
instanceKlass java/util/ImmutableCollections$MapN$MapNIterator
instanceKlass java/lang/StrictMath
instanceKlass java/lang/invoke/MethodHandles$Lookup
instanceKlass java/lang/invoke/MemberName$Factory
instanceKlass java/lang/invoke/MethodHandles
instanceKlass java/lang/module/ModuleDescriptor
instanceKlass jdk/internal/module/ModuleBootstrap
instanceKlass java/lang/Character$CharacterCache
instanceKlass java/util/HexFormat
instanceKlass jdk/internal/util/ClassFileDumper
instanceKlass java/lang/invoke/MethodHandleStatics
instanceKlass java/util/Collections
instanceKlass jdk/internal/misc/Blocker
instanceKlass sun/io/Win32ErrorMode
instanceKlass jdk/internal/misc/OSEnvironment
instanceKlass java/lang/Integer$IntegerCache
instanceKlass jdk/internal/misc/Signal$NativeHandler
instanceKlass java/util/Hashtable$Entry
instanceKlass jdk/internal/misc/Signal
instanceKlass java/lang/Terminator$1
instanceKlass jdk/internal/misc/Signal$Handler
instanceKlass java/lang/Terminator
instanceKlass java/nio/ByteOrder
instanceKlass java/nio/Buffer$2
instanceKlass jdk/internal/access/JavaNioAccess
instanceKlass java/nio/Buffer$1
instanceKlass jdk/internal/misc/ScopedMemoryAccess
instanceKlass java/nio/charset/CodingErrorAction
instanceKlass sun/nio/cs/SingleByte
instanceKlass java/lang/StringUTF16
instanceKlass java/util/concurrent/ForkJoinPool$ManagedBlocker
instanceKlass sun/nio/cs/MS1252$Holder
instanceKlass java/util/concurrent/locks/AbstractQueuedSynchronizer$Node
instanceKlass java/nio/charset/CharsetEncoder
instanceKlass sun/nio/cs/ArrayEncoder
instanceKlass java/io/Writer
instanceKlass java/io/PrintStream$1
instanceKlass jdk/internal/access/JavaIOPrintStreamAccess
instanceKlass jdk/internal/misc/InternalLock
instanceKlass java/io/OutputStream
instanceKlass java/io/Flushable
instanceKlass java/lang/Thread$ThreadIdentifiers
instanceKlass java/security/Principal
instanceKlass java/security/ProtectionDomain$Key
instanceKlass java/security/ProtectionDomain$JavaSecurityAccessImpl
instanceKlass jdk/internal/access/JavaSecurityAccess
instanceKlass sun/security/action/GetPropertyAction
instanceKlass java/util/concurrent/locks/AbstractQueuedSynchronizer$ConditionObject
instanceKlass java/util/concurrent/locks/Condition
instanceKlass jdk/internal/ref/CleanerImpl
instanceKlass java/lang/ref/Cleaner$1
instanceKlass java/lang/ref/Cleaner
instanceKlass jdk/internal/ref/CleanerFactory$1
instanceKlass java/util/concurrent/ThreadFactory
instanceKlass jdk/internal/ref/CleanerFactory
instanceKlass java/lang/ref/Cleaner$Cleanable
instanceKlass java/io/FileDescriptor$1
instanceKlass jdk/internal/access/JavaIOFileDescriptorAccess
instanceKlass java/io/FileDescriptor
instanceKlass jdk/internal/util/StaticProperty
instanceKlass jdk/internal/reflect/MethodHandleAccessorFactory
instanceKlass java/lang/reflect/Modifier
instanceKlass java/lang/Class$1
instanceKlass java/lang/Class$Atomic
instanceKlass java/lang/Class$ReflectionData
instanceKlass java/nio/charset/StandardCharsets
instanceKlass sun/nio/cs/HistoricallyNamedCharset
instanceKlass java/nio/charset/spi/CharsetProvider
instanceKlass java/nio/charset/Charset
instanceKlass java/util/HashMap$HashIterator
instanceKlass java/util/concurrent/locks/LockSupport
instanceKlass java/util/concurrent/ConcurrentHashMap$Node
instanceKlass java/util/concurrent/ConcurrentHashMap$CounterCell
instanceKlass java/util/concurrent/locks/ReentrantLock
instanceKlass java/util/concurrent/locks/Lock
instanceKlass java/lang/CharacterData
instanceKlass java/util/Arrays
instanceKlass jdk/internal/util/Preconditions$3
instanceKlass jdk/internal/util/Preconditions$2
instanceKlass jdk/internal/util/Preconditions$4
instanceKlass java/util/function/BiFunction
instanceKlass jdk/internal/util/Preconditions$1
instanceKlass java/util/function/Function
instanceKlass jdk/internal/util/Preconditions
instanceKlass java/lang/Runtime
instanceKlass java/lang/VersionProps
instanceKlass java/lang/StringConcatHelper
instanceKlass java/util/HashMap$Node
instanceKlass java/util/Map$Entry
instanceKlass jdk/internal/util/ArraysSupport
instanceKlass jdk/internal/util/SystemProps$Raw
instanceKlass jdk/internal/util/SystemProps
instanceKlass java/lang/System$2
instanceKlass jdk/internal/access/JavaLangAccess
instanceKlass java/lang/ref/NativeReferenceQueue$Lock
instanceKlass java/lang/ref/ReferenceQueue
instanceKlass java/lang/ref/Reference$1
instanceKlass jdk/internal/access/JavaLangRefAccess
instanceKlass jdk/internal/reflect/ReflectionFactory
instanceKlass java/lang/Math
instanceKlass java/lang/StringLatin1
instanceKlass jdk/internal/reflect/Reflection
instanceKlass jdk/internal/reflect/ReflectionFactory$GetReflectionFactoryAction
instanceKlass java/security/PrivilegedAction
instanceKlass jdk/internal/access/SharedSecrets
instanceKlass java/lang/reflect/ReflectAccess
instanceKlass jdk/internal/access/JavaLangReflectAccess
instanceKlass java/util/ImmutableCollections
instanceKlass java/util/Objects
instanceKlass java/util/Set
instanceKlass jdk/internal/misc/CDS
instanceKlass java/lang/Module$ArchivedData
instanceKlass jdk/internal/misc/VM
instanceKlass java/lang/String$CaseInsensitiveComparator
instanceKlass java/util/Comparator
instanceKlass java/io/ObjectStreamField
instanceKlass jdk/internal/vm/FillerObject
instanceKlass jdk/internal/vm/vector/VectorSupport$VectorPayload
instanceKlass jdk/internal/vm/vector/VectorSupport
instanceKlass java/lang/reflect/RecordComponent
instanceKlass java/util/Iterator
instanceKlass java/lang/Number
instanceKlass java/lang/Character
instanceKlass java/lang/Boolean
instanceKlass java/util/concurrent/locks/AbstractOwnableSynchronizer
instanceKlass java/lang/LiveStackFrame
instanceKlass java/lang/StackFrameInfo
instanceKlass java/lang/StackWalker$StackFrame
instanceKlass java/lang/StackStreamFactory$AbstractStackWalker
instanceKlass java/lang/StackWalker
instanceKlass java/nio/Buffer
instanceKlass java/lang/StackTraceElement
instanceKlass java/util/AbstractCollection
instanceKlass java/util/RandomAccess
instanceKlass java/util/List
instanceKlass java/util/SequencedCollection
instanceKlass java/util/Collection
instanceKlass java/lang/Iterable
instanceKlass java/util/AbstractMap
instanceKlass java/util/concurrent/ConcurrentMap
instanceKlass java/security/CodeSource
instanceKlass jdk/internal/loader/ClassLoaders
instanceKlass java/util/jar/Manifest
instanceKlass java/lang/Enum
instanceKlass java/net/URL
instanceKlass java/io/InputStream
instanceKlass java/io/Closeable
instanceKlass java/lang/AutoCloseable
instanceKlass jdk/internal/module/Modules
instanceKlass jdk/internal/misc/Unsafe
instanceKlass jdk/internal/misc/UnsafeConstants
instanceKlass java/lang/AbstractStringBuilder
instanceKlass java/lang/Appendable
instanceKlass java/lang/AssertionStatusDirectives
instanceKlass jdk/internal/foreign/abi/ABIDescriptor
instanceKlass jdk/internal/foreign/abi/NativeEntryPoint
instanceKlass java/lang/invoke/CallSite
instanceKlass java/lang/invoke/MethodType
instanceKlass java/lang/invoke/TypeDescriptor$OfMethod
instanceKlass java/lang/invoke/LambdaForm
instanceKlass java/lang/invoke/MethodHandleNatives
instanceKlass java/lang/invoke/ResolvedMethodName
instanceKlass java/lang/invoke/MemberName
instanceKlass java/lang/invoke/VarHandle
instanceKlass java/lang/invoke/MethodHandle
instanceKlass jdk/internal/reflect/CallerSensitive
instanceKlass java/lang/annotation/Annotation
instanceKlass jdk/internal/reflect/FieldAccessor
instanceKlass jdk/internal/reflect/ConstantPool
instanceKlass jdk/internal/reflect/ConstructorAccessor
instanceKlass jdk/internal/reflect/MethodAccessor
instanceKlass jdk/internal/reflect/MagicAccessorImpl
instanceKlass jdk/internal/vm/StackChunk
instanceKlass jdk/internal/vm/Continuation
instanceKlass jdk/internal/vm/ContinuationScope
instanceKlass java/lang/reflect/Parameter
instanceKlass java/lang/reflect/Member
instanceKlass java/lang/reflect/AccessibleObject
instanceKlass java/lang/Module
instanceKlass java/util/Dictionary
instanceKlass java/util/Map
instanceKlass java/lang/ThreadGroup
instanceKlass java/lang/Thread$UncaughtExceptionHandler
instanceKlass java/lang/Thread$Constants
instanceKlass java/lang/Thread$FieldHolder
instanceKlass java/lang/Thread
instanceKlass java/lang/Runnable
instanceKlass java/lang/ref/Reference
instanceKlass java/lang/Record
instanceKlass java/security/AccessController
instanceKlass java/security/AccessControlContext
instanceKlass java/security/ProtectionDomain
instanceKlass java/lang/SecurityManager
instanceKlass java/lang/Throwable
instanceKlass java/lang/System
instanceKlass java/lang/ClassLoader
instanceKlass java/lang/Cloneable
instanceKlass java/lang/Class
instanceKlass java/lang/invoke/TypeDescriptor$OfField
instanceKlass java/lang/invoke/TypeDescriptor
instanceKlass java/lang/reflect/Type
instanceKlass java/lang/reflect/GenericDeclaration
instanceKlass java/lang/reflect/AnnotatedElement
instanceKlass java/lang/String
instanceKlass java/lang/constant/ConstantDesc
instanceKlass java/lang/constant/Constable
instanceKlass java/lang/CharSequence
instanceKlass java/lang/Comparable
instanceKlass java/io/Serializable
ciInstanceKlass java/lang/Object 1 1 124 7 1 10 12 1 1 10 7 12 1 1 1 10 7 12 1 1 1 10 12 1 1 8 1 10 12 1 1 10 7 12 1 1 1 10 12 1 10 12 1 1 10 7 12 1 1 1 10 12 1 10 12 1 7 1 10 100 12 1 1 1 10 12 1 1 10 12 1 100 1 8 1 10 12 1 3 8 1 100 1 5 0 1 1 1 1 1 1 1 1 1 1 1 1 1 1 1 1 100 1 1 1 1 1 1 1 1 1 1 100 1 1 1 1 1 1 1 1 1 1 3 1 1
ciInstanceKlass java/io/Serializable 1 0 7 100 1 100 1 1 1
ciInstanceKlass java/lang/Comparable 1 1 12 100 1 100 1 1 1 1 1 1 1 1
ciInstanceKlass java/lang/CharSequence 1 1 131 11 100 12 1 1 1 18 12 1 1 100 1 10 100 12 1 1 1 18 10 100 12 1 1 1 11 12 1 1 11 100 1 11 12 1 1 10 100 12 1 1 1 11 12 1 1 100 1 10 12 1 1 10 100 12 1 1 1 100 1 10 10 12 1 1 100 1 1 1 1 1 1 1 1 1 1 1 1 1 1 1 1 1 1 1 1 1 1 1 1 1 1 1 1 1 1 1 1 1 16 1 15 11 12 16 15 11 12 15 10 100 12 1 1 1 1 1 100 1 100 1 1 100 1 1 100 1 100 1 1
ciInstanceKlass java/lang/constant/Constable 1 0 11 100 1 100 1 1 1 1 1 1 1
ciInstanceKlass java/lang/constant/ConstantDesc 1 0 37 100 1 100 1 1 1 1 100 1 1 1 1 100 1 100 1 100 1 100 1 100 1 100 1 100 1 100 1 100 1 1 100 1 100 1 1
ciInstanceKlass java/lang/String 1 1 1443 10 7 12 1 1 1 8 1 9 7 12 1 1 1 9 12 1 1 9 12 1 1 9 12 1 1 10 12 1 10 12 1 1 10 12 1 1 9 12 1 10 7 12 1 1 1 10 7 1 10 7 12 1 1 1 10 12 1 1 10 12 1 1 10 12 1 10 12 1 1 10 12 1 10 7 12 1 1 1 7 1 9 7 12 1 1 1 10 7 12 1 1 1 10 7 12 1 1 1 10 12 1 1 10 12 1 1 10 12 1 1 10 12 1 1 9 7 12 1 1 10 12 9 7 12 1 1 10 12 1 1 3 10 12 1 1 7 1 11 12 1 1 11 12 1 11 12 1 1 10 100 12 1 1 1 10 12 1 1 9 100 12 1 1 1 10 12 1 1 10 12 1 11 12 1 1 10 12 1 1 10 12 10 12 1 1 10 100 12 1 1 1 10 12 1 1 10 12 1 1 100 1 100 1 10 12 1 10 12 1 10 12 1 1 100 1 10 12 1 1 100 1 10 12 1 1 10 12 1 1 10 12 1 10 10 12 1 100 1 100 1 100 1 10 12 1 10 12 1 1 10 12 1 1 10 12 1 10 12 1 1 10 12 1 1 10 100 12 1 1 100 1 11 10 7 12 1 1 11 12 1 11 12 1 10 12 1 1 10 12 1 10 12 10 12 1 1 10 10 100 12 1 1 1 10 100 12 1 1 10 12 1 1 10 100 12 1 1 10 12 1 10 12 1 1 10 12 1 1 10 12 1 10 12 1 10 12 1 1 100 1 10 12 1 1 10 12 10 12 1 10 12 1 1 10 12 1 1 10 100 12 1 1 1 10 12 1 10 12 1 1 10 12 1 10 12 1 3 3 10 12 1 1 10 12 1 10 12 1 1 10 12 1 1 10 12 1 1 10 12 1 10 12 1 1 10 12 1 1 10 12 1 10 12 1 10 12 1 10 12 1 1 10 12 1 10 12 1 10 12 1 10 12 1 10 12 1 10 12 1 10 100 1 10 8 1 10 12 1 1 10 12 1 8 1 10 12 1 1 10 12 10 12 1 8 1 10 10 12 1 1 10 12 1 1 10 12 1 1 10 100 1 10 10 12 1 10 12 1 10 12 1 10 10 12 1 10 12 1 10 12 1 10 12 1 10 12 1 10 12 1 10 12 1 1 10 12 1 1 10 12 1 1 10 10 12 1 1 10 10 12 1 100 1 10 10 12 1 1 10 12 1 1 10 7 1 10 12 1 10 12 1 10 7 12 1 1 1 10 12 1 10 12 1 1 10 12 1 11 7 1 11 12 10 12 1 10 12 1 1 10 12 1 1 10 10 12 1 10 12 1 9 12 1 1 11 100 12 1 1 1 10 12 10 10 12 1 10 12 1 1 10 10 12 1 10 12 1 10 12 1 1 10 12 1 1 10 10 12 1 1 10 12 1 10 10 12 1 10 12 10 10 12 10 10 12 1 10 12 1 10 10 12 10 7 12 1 1 1 10 12 10 10 12 10 12 1 10 12 10 12 10 10 12 1 10 12 1 1 10 12 1 1 10 10 12 1 10 7 12 1 1 1 10 12 1 1 10 10 7 12 1 1 1 11 10 12 1 10 12 1 1 10 12 1 1 10 100 12 1 1 1 10 12 1 10 12 1 10 12 1 10 12 1 10 12 1 10 12 1 100 1 100 1 8 1 10 10 10 12 1 10 12 1 1 8 1 10 12 1 3 3 10 12 1 10 12 1 1 10 12 7 1 10 10 12 1 1 10 12 1 10 12 1 10 12 1 1 10 12 1 1 11 7 12 1 1 1 7 1 10 12 1 10 12 1 1 8 1 10 12 1 1 10 12 1 11 100 12 1 1 1 11 100 12 1 1 11 12 1 10 12 1 10 12 1 1 10 10 7 12 1 1 1 10 12 1 10 12 1 10 10 12 10 12 1 1 10 10 12 1 10 10 12 1 10 10 12 1 10 10 12 1 10 12 1 1 10 10 12 1 8 1 10 12 1 1 18 12 1 1 11 100 12 1 1 1 7 1 3 18 12 1 18 12 1 8 1 10 100 12 1 1 1 11 12 1 1 10 12 10 10 12 1 10 11 12 1 1 10 12 1 1 11 12 1 18 3 11 10 12 1 11 11 10 12 1 10 12 1 1 8 1 10 12 1 10 12 1 10 12 1 1 10 10 12 1 11 100 12 1 100 1 100 1 10 12 100 1 10 10 100 12 1 1 1 100 1 10 7 1 10 10 12 1 10 10 12 1 8 1 10 10 12 1 8 1 8 1 10 12 1 10 12 1 10 10 12 10 100 12 1 1 10 100 12 1 1 10 100 12 1 1 8 1 10 12 1 10 12 1 10 9 12 1 10 12 9 7 12 1 1 1 10 12 1 10 12 1 10 12 1 10 12 1 10 12 1 8 1 10 100 12 1 1 1 10 12 10 12 1 1 10 12 10 10 12 10 12 7 1 9 12 1 1 7 1 10 100 1 100 1 100 1 100 1 1 1 1 1 1 5 0 1 1 1 1 1 3 1 3 1 1 1 1 1 1 1 1 1 1 1 1 1 1 1 100 1 1 1 1 1 1 1 1 1 1 1 1 1 1 1 1 1 1 1 1 1 1 1 1 1 1 1 1 1 1 1 100 1 1 1 1 1 1 1 1 1 1 100 1 1 1 1 1 1 1 1 1 1 1 1 1 1 1 1 1 1 1 1 1 1 1 1 1 1 1 1 1 1 1 1 1 1 1 1 1 1 1 1 1 1 1 1 1 1 1 1 1 1 1 1 1 1 1 1 1 1 1 1 1 1 1 1 1 1 1 1 1 1 1 1 1 1 1 1 1 1 1 1 1 1 1 1 1 1 1 1 1 1 1 1 1 1 1 1 1 1 1 1 1 1 1 1 1 1 1 1 1 1 1 1 1 1 1 1 1 1 1 1 1 1 1 1 1 1 1 1 1 1 1 1 1 1 1 1 1 1 1 1 1 1 1 1 1 1 1 1 1 1 1 1 1 1 1 1 1 1 1 1 1 1 1 1 1 1 1 1 1 1 1 1 1 1 1 100 1 1 1 1 1 1 1 1 1 1 1 1 1 1 1 1 1 1 1 1 1 1 1 100 1 1 1 1 1 1 1 1 1 1 1 1 1 1 1 100 1 1 1 1 1 1 1 1 1 1 1 1 1 1 1 16 15 10 12 16 15 10 12 15 10 12 15 10 12 15 10 100 12 1 1 1 1 1 1 1 100 1 100 1 1 1
staticfield java/lang/String COMPACT_STRINGS Z 1
staticfield java/lang/String serialPersistentFields [Ljava/io/ObjectStreamField; 0 [Ljava/io/ObjectStreamField;
staticfield java/lang/String CASE_INSENSITIVE_ORDER Ljava/util/Comparator; java/lang/String$CaseInsensitiveComparator
ciInstanceKlass java/lang/reflect/AnnotatedElement 1 1 164 11 7 12 1 1 1 11 12 1 1 100 1 10 100 12 1 1 1 10 12 1 1 10 12 1 1 10 12 1 10 100 12 1 1 1 11 12 1 1 11 100 12 1 1 10 100 12 1 1 1 10 12 1 10 100 12 1 1 1 18 12 1 1 11 100 12 1 1 18 12 1 18 12 1 1 10 100 12 1 1 1 11 100 12 1 1 1 100 1 10 100 12 1 1 1 1 1 1 1 1 1 1 1 1 1 1 1 1 1 1 1 1 1 1 1 1 1 100 1 1 1 1 1 1 1 1 1 1 1 16 15 16 1 16 1 15 11 12 16 16 1 15 10 100 12 1 1 1 16 1 15 10 100 12 1 1 1 1 100 1 100 1 1
ciInstanceKlass java/lang/reflect/GenericDeclaration 1 0 30 100 1 100 1 100 1 1 1 1 1 1 1 1 100 1 8 1 1 12 10 1 1 1 8 1 1 1 8 1
ciInstanceKlass java/lang/reflect/Type 1 1 17 11 100 12 1 1 1 100 1 1 1 1 1 1 1 1 1
ciInstanceKlass java/lang/invoke/TypeDescriptor 1 0 17 100 1 100 1 1 1 1 1 1 100 1 100 1 1 1 1
ciInstanceKlass java/lang/invoke/TypeDescriptor$OfField 1 0 21 100 1 100 1 100 1 1 1 1 1 1 1 1 1 1 1 1 1 1 1
ciInstanceKlass java/lang/Class 1 1 1687 10 7 12 1 1 1 9 7 12 1 1 1 9 12 1 1 10 12 1 1 8 1 10 12 1 8 1 8 1 10 12 1 1 10 7 12 1 1 1 10 12 1 7 1 10 10 12 1 10 12 1 1 10 12 1 1 10 12 1 1 10 7 12 1 1 10 12 1 10 12 1 10 12 1 8 1 10 12 1 8 1 10 12 1 8 1 8 1 10 12 1 1 10 100 12 1 1 1 18 12 1 1 11 100 12 1 1 1 8 1 8 1 8 1 10 100 12 1 1 1 11 12 1 1 8 1 10 12 1 10 11 100 12 1 1 1 11 100 12 1 1 1 11 8 1 18 8 1 10 12 1 10 7 12 1 1 10 12 1 1 10 7 12 1 1 1 10 12 1 1 10 12 1 1 10 7 12 1 1 1 10 12 9 100 12 1 1 1 10 100 12 1 1 1 10 12 1 10 7 12 1 1 1 10 12 1 1 18 12 1 1 10 7 12 1 1 1 10 7 12 1 10 12 1 1 10 7 1 100 1 10 12 1 1 9 12 1 1 7 1 8 1 10 12 1 10 12 1 1 10 12 1 1 10 7 12 1 1 1 7 1 10 12 1 7 1 7 1 10 10 12 1 1 10 12 1 1 100 1 10 100 12 1 1 1 10 12 1 1 10 12 1 1 9 12 1 1 10 12 1 10 12 1 1 9 12 1 1 9 12 1 1 10 12 1 1 10 7 1 10 12 1 10 12 1 10 12 1 1 10 9 12 1 10 12 1 8 1 10 12 1 1 10 12 1 1 10 12 1 10 12 1 1 10 12 1 1 10 12 1 1 9 7 12 1 1 1 10 7 12 1 1 10 12 10 12 1 10 12 1 10 12 1 10 12 1 9 100 12 1 1 1 9 12 1 10 12 1 10 100 12 1 1 1 10 12 1 1 10 100 12 1 1 10 12 1 10 12 1 1 10 100 12 1 1 1 10 12 1 10 12 1 1 10 12 1 10 12 1 10 12 1 1 10 7 1 10 10 10 12 1 1 10 12 1 1 10 12 10 10 12 1 1 100 1 8 1 10 10 12 1 1 10 12 1 100 1 11 12 1 10 100 12 1 1 10 12 1 10 12 1 10 100 12 1 1 10 10 12 1 1 8 1 10 12 1 10 12 1 1 8 1 10 12 1 9 12 1 10 12 1 10 12 1 10 12 1 10 12 100 1 9 12 1 10 12 1 9 12 1 10 12 1 10 12 1 10 12 1 10 10 12 1 10 12 1 10 7 12 1 1 10 12 1 10 12 1 10 12 1 1 10 12 1 10 12 1 10 12 1 100 1 10 12 1 10 12 1 1 10 12 1 1 10 12 1 1 10 12 1 1 10 12 1 1 10 12 1 1 7 1 10 10 12 1 1 10 12 1 1 10 12 1 1 10 10 12 1 10 12 1 1 10 12 1 1 10 12 1 1 10 12 1 1 7 1 10 10 12 11 100 12 1 1 10 12 1 10 12 1 10 100 12 1 1 1 10 12 1 1 10 10 12 1 1 100 1 10 10 12 1 1 10 100 12 1 1 1 100 1 7 1 10 12 1 1 10 12 1 10 10 12 1 1 10 12 1 10 12 1 10 12 1 10 100 12 1 1 1 11 7 12 1 1 10 12 1 10 12 1 9 12 1 10 12 1 1 10 12 1 9 100 12 1 1 1 9 12 1 10 100 12 1 1 1 10 12 1 10 12 1 10 100 12 1 1 1 10 12 1 10 12 10 12 1 1 100 1 10 8 1 10 12 1 11 11 12 1 1 11 7 12 1 1 11 12 1 8 1 10 12 1 10 12 1 1 9 12 1 9 12 1 1 10 7 12 1 1 9 12 1 10 12 1 1 10 10 12 1 10 7 12 1 1 1 10 100 12 1 1 10 100 12 1 1 9 12 1 1 10 12 1 9 12 1 10 12 1 10 12 1 1 9 12 1 1 9 12 1 10 12 1 10 12 1 1 9 12 1 7 1 10 10 12 1 1 7 1 10 12 1 1 7 11 7 1 9 12 1 1 9 12 1 100 1 10 12 1 9 12 1 1 9 12 1 10 12 1 10 12 1 1 9 12 1 7 1 10 10 12 1 1 10 10 12 1 10 12 10 10 12 1 9 12 1 10 12 1 1 10 7 12 1 1 1 10 12 1 1 10 12 1 8 10 7 8 1 18 8 1 8 1 10 12 1 9 12 1 9 12 1 1 10 12 1 7 1 7 1 10 12 1 9 12 1 1 7 1 10 10 12 1 10 7 1 9 12 1 8 1 10 12 1 7 1 10 12 1 10 12 1 1 100 1 100 1 9 12 1 100 1 8 1 10 10 7 12 1 1 1 10 12 11 7 12 1 1 1 10 12 1 10 12 1 1 10 8 1 8 1 10 12 1 1 9 7 12 1 1 11 12 7 1 11 7 12 1 1 9 12 1 10 100 12 1 1 1 10 7 12 1 1 10 12 1 1 9 12 1 9 10 12 1 1 10 12 1 1 10 12 1 1 10 12 1 1 10 12 1 1 11 12 1 7 1 11 12 1 10 7 12 1 1 1 10 12 1 11 12 1 10 100 12 1 1 1 10 12 1 10 100 12 1 1 1 11 12 1 11 12 1 1 10 12 1 10 12 1 1 9 12 1 1 9 100 12 1 1 10 12 1 10 100 12 1 1 1 10 12 1 1 10 12 1 10 12 1 10 12 1 10 7 12 1 1 1 10 12 1 8 1 10 12 1 10 12 1 10 12 1 100 1 10 12 10 100 12 1 1 1 11 100 12 1 1 1 10 12 1 1 10 12 1 18 12 1 1 11 12 1 1 18 11 12 1 18 12 1 11 12 1 10 12 1 1 10 12 1 10 12 1 10 12 1 10 12 1 10 12 10 12 1 8 1 10 12 1 7 1 9 12 1 1 100 1 100 1 100 1 100 1 1 1 3 1 3 1 3 1 1 1 1 1 1 1 5 0 1 1 1 1 1 1 1 1 1 1 1 1 1 1 1 1 1 1 1 1 1 1 1 1 100 1 1 1 1 1 1 1 100 1 1 1 1 1 7 1 1 1 1 1 1 1 1 1 1 1 1 1 1 1 1 1 1 1 1 1 1 1 1 1 1 1 1 1 1 1 1 1 1 1 1 1 1 1 1 1 1 100 1 1 1 1 1 1 1 1 1 1 1 1 1 1 1 1 1 1 1 1 1 1 1 1 1 1 1 1 1 1 1 100 1 1 1 1 1 1 1 1 1 1 1 1 1 1 1 1 1 1 1 1 3 1 1 1 1 1 1 1 1 1 1 1 1 1 1 1 1 1 1 1 1 1 1 1 1 1 1 1 1 1 1 1 1 1 1 1 100 1 100 1 1 1 1 1 1 1 100 1 1 1 1 1 1 1 1 1 1 1 1 1 1 1 1 1 1 1 1 1 1 1 1 1 1 1 1 1 1 1 1 1 1 1 1 1 1 1 1 1 1 1 1 1 1 1 1 1 1 1 1 1 1 1 1 1 1 1 1 1 1 1 1 1 1 1 1 1 1 1 1 1 1 1 1 1 1 1 1 1 1 1 1 1 1 1 1 1 1 1 1 1 1 1 1 1 1 1 1 1 1 1 1 1 1 1 1 1 1 1 1 1 1 1 1 1 1 1 1 1 1 1 1 16 15 10 12 16 15 11 12 16 1 16 15 16 15 10 12 16 16 15 10 12 16 15 16 1 15 10 12 16 15 10 100 12 1 1 1 1 1 1 1 1 1 1 1 1 1 100 1 1 100 1 100 1 1 100 1 100 1 1 100 1 100 1 1
staticfield java/lang/Class EMPTY_CLASS_ARRAY [Ljava/lang/Class; 0 [Ljava/lang/Class;
staticfield java/lang/Class serialPersistentFields [Ljava/io/ObjectStreamField; 0 [Ljava/io/ObjectStreamField;
ciInstanceKlass java/lang/Cloneable 1 0 7 100 1 100 1 1 1
instanceKlass jdk/internal/reflect/DelegatingClassLoader
instanceKlass java/security/SecureClassLoader
ciInstanceKlass java/lang/ClassLoader 1 1 1108 9 7 12 1 1 1 10 7 12 1 1 1 9 12 1 1 10 7 12 1 1 1 7 1 10 12 1 1 10 12 1 1 9 12 1 1 10 12 1 1 100 1 10 12 1 10 12 1 1 10 7 12 1 1 1 100 1 8 1 10 12 1 10 7 12 1 1 1 10 100 12 1 10 7 1 10 7 1 7 1 7 1 10 12 1 10 12 1 9 12 1 1 10 10 7 12 1 1 1 9 12 1 1 9 12 1 9 12 1 1 9 12 1 9 12 1 1 9 12 1 1 7 1 10 12 1 9 12 1 1 10 12 1 1 10 7 12 1 1 1 9 12 1 9 12 1 1 9 12 1 10 12 1 1 9 12 10 12 1 1 7 1 10 8 1 10 12 1 1 10 12 1 10 7 1 7 1 10 12 1 1 10 7 12 1 1 1 8 1 10 12 1 10 12 1 10 12 1 1 10 12 1 1 10 12 1 1 10 12 1 1 10 12 1 1 10 12 1 7 1 10 12 1 10 7 12 1 1 1 10 12 1 1 10 12 1 10 12 1 10 12 1 10 12 1 10 12 1 1 10 10 12 1 10 12 1 10 100 12 1 1 10 12 1 1 10 12 1 1 10 12 1 100 1 10 12 1 100 1 10 12 1 10 100 12 1 1 1 10 10 12 1 1 10 12 1 1 100 1 8 1 10 8 1 10 12 1 10 12 1 100 1 8 1 10 12 1 1 10 12 1 1 10 10 12 1 1 10 12 1 1 10 12 1 1 10 7 1 10 12 1 1 10 12 1 1 10 12 1 1 10 12 1 1 10 12 1 1 10 12 1 1 10 12 1 10 7 12 1 1 1 10 12 1 10 12 1 10 12 1 1 10 12 1 10 12 1 10 12 1 10 12 1 1 10 12 1 10 12 1 1 8 1 9 12 1 10 12 1 1 8 1 8 1 10 7 12 1 1 100 1 10 10 12 10 12 1 10 12 1 10 12 1 10 12 1 1 10 7 12 1 1 10 12 1 10 7 1 7 1 10 12 1 1 10 12 1 10 7 1 10 12 1 100 1 18 12 1 10 100 12 1 1 1 10 100 12 1 1 1 10 7 12 1 1 10 12 1 10 12 1 100 1 10 12 1 8 1 10 10 12 1 1 10 12 1 10 12 1 1 100 1 10 12 1 10 12 1 1 10 7 12 1 1 10 12 1 8 1 100 1 10 10 12 1 9 12 1 10 7 12 1 1 10 12 1 100 1 8 1 10 12 1 10 8 1 8 1 10 12 1 1 10 12 1 1 10 12 1 1 10 100 12 1 1 100 1 100 1 10 12 1 1 100 1 100 1 10 100 12 1 1 10 12 1 10 12 1 1 10 12 1 10 12 1 1 10 12 1 1 9 100 12 1 1 1 10 12 1 1 10 12 1 10 12 1 10 12 1 1 10 12 1 8 1 7 1 18 12 1 1 10 12 1 1 10 12 1 10 12 1 10 12 1 8 1 10 12 1 10 12 1 18 12 1 11 100 12 1 1 1 100 1 10 12 1 1 10 12 1 10 11 12 1 1 10 18 10 12 1 1 11 100 12 1 18 12 1 11 12 1 1 10 12 10 12 1 1 10 12 1 1 100 1 8 1 10 10 12 1 8 1 8 1 10 100 12 1 1 10 12 1 100 1 10 10 12 1 8 1 8 1 8 1 10 12 1 10 12 1 1 10 12 1 10 100 12 1 1 1 11 100 12 1 1 100 1 10 11 10 12 1 10 12 1 10 12 1 1 9 100 12 1 1 9 12 1 1 9 12 9 12 1 9 12 1 9 12 1 8 10 12 1 1 10 7 12 1 1 1 10 12 1 1 10 12 1 1 10 12 1 10 10 12 1 11 12 1 1 10 100 12 1 1 1 100 1 10 12 1 10 12 1 10 12 1 1 1 1 1 1 1 1 1 1 1 1 1 1 1 1 1 1 1 1 1 1 1 1 1 1 1 1 100 1 1 1 1 1 1 1 1 1 1 1 1 1 1 1 1 1 1 1 1 1 100 1 1 1 1 1 1 1 1 1 1 100 1 1 1 1 1 1 1 1 1 1 1 1 1 1 1 1 1 1 1 1 1 1 1 1 1 1 1 1 1 1 1 1 1 1 1 1 1 1 1 1 1 100 1 1 1 1 1 1 1 1 1 1 1 1 1 1 1 1 1 1 1 100 1 1 1 1 1 1 1 1 1 1 1 1 1 1 1 1 1 1 1 1 1 1 1 1 1 1 1 1 1 1 1 1 1 1 1 1 1 1 1 1 1 1 1 1 1 1 1 1 1 1 100 1 1 1 1 1 1 1 1 1 1 1 1 1 1 1 1 1 1 1 1 1 1 1 1 1 1 1 1 1 1 1 1 1 1 1 1 1 1 1 1 1 1 1 1 1 1 16 1 15 10 12 16 1 16 15 10 12 16 1 16 1 15 10 12 16 15 10 12 16 15 10 12 16 15 10 100 12 1 1 1 1 1 100 1 100 1 1
staticfield java/lang/ClassLoader nocerts [Ljava/security/cert/Certificate; 0 [Ljava/security/cert/Certificate;
staticfield java/lang/ClassLoader $assertionsDisabled Z 1
ciInstanceKlass java/lang/System 1 1 856 10 100 12 1 1 1 9 7 12 1 1 1 10 12 1 10 12 1 1 10 12 1 1 10 12 1 9 12 1 1 10 7 12 1 1 1 11 100 12 1 1 1 10 100 12 1 1 1 10 12 1 1 10 12 1 1 100 1 8 1 10 12 1 10 100 12 1 1 1 10 100 12 1 1 1 18 12 1 1 10 100 12 1 1 1 100 1 10 12 1 1 10 100 12 1 1 1 10 12 1 10 7 12 1 1 1 9 100 12 1 1 1 10 7 12 1 1 1 11 7 12 1 1 1 10 12 1 1 10 100 12 1 1 1 100 1 10 10 12 1 1 8 1 10 12 1 8 1 10 12 1 9 12 1 1 8 1 10 7 12 1 1 1 10 12 1 1 100 1 8 1 10 9 12 1 1 8 1 10 12 1 1 10 100 12 1 1 1 8 1 10 12 1 100 1 10 12 1 8 1 10 12 1 10 12 1 1 100 1 10 12 10 12 1 9 12 1 1 9 12 1 1 10 7 12 1 1 1 10 7 12 1 1 1 10 12 1 1 10 12 1 10 12 1 10 7 12 1 1 1 10 12 1 100 1 100 1 8 1 10 12 1 10 12 1 1 7 1 10 12 1 100 1 8 1 10 10 12 1 100 1 8 1 10 8 1 10 7 12 1 1 8 1 10 12 100 1 8 1 10 10 12 1 1 10 100 12 1 1 1 100 1 18 12 1 100 1 9 100 12 1 1 1 10 12 1 100 1 10 12 1 1 10 12 1 1 10 7 12 1 1 1 10 12 1 1 10 12 1 10 12 1 10 12 1 1 10 12 1 7 1 10 12 1 9 7 12 1 1 1 10 7 12 1 1 1 10 12 1 10 12 1 10 7 12 1 1 1 100 1 8 1 10 9 12 1 9 12 1 10 12 1 10 100 12 1 1 10 12 1 10 12 1 1 8 1 10 12 1 1 8 1 11 12 1 10 12 11 12 1 1 11 7 12 1 1 1 11 7 12 1 1 11 12 1 1 7 1 11 12 1 10 12 1 8 1 10 12 1 1 8 1 8 1 8 1 8 1 11 12 1 10 12 1 10 12 1 10 12 1 8 1 10 12 1 1 8 1 9 12 1 8 1 10 7 12 1 1 8 1 7 1 9 7 12 1 1 1 10 12 1 7 1 9 12 10 9 12 7 1 10 12 9 12 1 1 8 1 10 12 1 1 8 1 10 7 12 1 1 10 12 1 10 12 1 1 11 7 12 1 1 10 12 10 7 12 1 1 1 9 12 1 1 100 1 8 1 10 12 1 1 10 7 12 1 1 1 7 1 10 12 1 1 10 12 1 8 1 8 1 10 8 1 8 1 8 1 8 1 10 10 7 12 1 1 10 12 1 10 12 1 1 10 12 1 1 10 12 1 10 100 12 1 1 1 10 100 1 8 1 10 10 10 12 1 1 10 12 1 1 8 1 10 12 1 8 1 8 1 10 12 1 10 7 12 1 1 1 10 12 1 1 8 1 10 12 1 8 1 10 100 12 1 1 7 1 10 10 12 1 10 12 1 9 12 1 1 3 1 3 1 1 1 1 1 1 1 1 1 1 1 1 100 1 1 100 1 1 1 1 1 1 1 1 1 1 1 100 1 100 1 1 1 1 1 1 1 1 1 1 1 1 1 1 1 1 1 1 1 1 1 1 1 1 1 1 1 1 1 1 1 1 1 1 1 1 1 1 1 1 1 1 1 1 1 1 1 1 1 1 1 1 1 1 1 1 1 1 100 1 1 1 1 1 1 1 1 1 1 1 1 1 1 1 1 1 1 1 1 1 1 1 1 1 1 1 1 1 1 1 1 1 1 1 1 1 1 100 1 1 16 15 10 12 1 1 16 15 10 12 16 1 15 10 100 12 1 1 1 1 1 1 1 1 100 1 100 1 1 1 100 1 100 1 1
staticfield java/lang/System in Ljava/io/InputStream; java/io/BufferedInputStream
staticfield java/lang/System out Ljava/io/PrintStream; java/io/PrintStream
staticfield java/lang/System err Ljava/io/PrintStream; java/io/PrintStream
instanceKlass org/jetbrains/kotlin/load/java/structure/impl/classFiles/BinaryClassSignatureParser$ClsFormatException
instanceKlass java/lang/Exception
instanceKlass java/lang/Error
ciInstanceKlass java/lang/Throwable 1 1 428 10 7 12 1 1 1 9 7 12 1 1 1 9 12 1 1 9 12 1 9 12 1 1 9 12 1 10 12 1 1 9 12 1 1 10 12 1 1 10 12 1 100 1 7 1 10 8 1 10 12 1 1 8 1 10 100 12 1 1 10 10 12 1 100 1 8 1 10 10 12 1 1 10 7 12 1 1 10 12 1 8 1 9 100 12 1 1 1 10 12 1 1 100 1 10 12 10 12 1 10 100 12 1 1 1 100 1 10 12 10 12 1 10 12 1 100 1 10 10 7 12 1 1 1 11 100 12 1 1 1 10 12 1 1 10 12 1 1 8 1 10 12 1 10 12 1 1 8 1 8 1 10 12 1 1 10 12 1 8 1 8 1 9 12 1 1 10 12 1 1 100 1 10 11 12 1 8 1 8 1 10 7 12 1 1 8 1 10 12 1 8 1 100 1 10 12 1 9 12 1 1 10 12 1 10 100 12 1 9 12 1 1 10 12 1 1 100 1 8 1 10 12 1 10 100 12 1 1 10 12 1 1 100 1 10 100 12 1 1 1 10 12 1 11 100 12 1 1 1 11 100 12 1 1 11 12 1 8 1 10 12 1 1 8 1 10 10 9 100 12 1 1 1 8 1 10 12 1 1 11 10 100 1 8 1 10 11 12 1 1 8 1 9 12 1 10 100 12 1 1 11 9 12 1 1 11 12 1 1 100 9 12 1 1 11 100 12 1 1 100 1 10 12 1 10 12 1 1 100 1 1 1 1 5 0 1 1 1 1 1 1 1 1 1 1 1 1 1 1 1 1 1 1 1 1 1 1 1 1 1 1 1 1 1 1 1 1 1 1 1 1 1 1 1 1 1 1 1 1 1 1 1 1 1 1 1 1 1 1 1 1 1 100 1 100 1 1 1 1 1 1 1 1 1 1 1 1 1 1 1 1 1 1 1 1 1 1 1 1 1 1 1 100 1 100 1 1
staticfield java/lang/Throwable UNASSIGNED_STACK [Ljava/lang/StackTraceElement; 0 [Ljava/lang/StackTraceElement;
staticfield java/lang/Throwable SUPPRESSED_SENTINEL Ljava/util/List; java/util/Collections$EmptyList
staticfield java/lang/Throwable EMPTY_THROWABLE_ARRAY [Ljava/lang/Throwable; 0 [Ljava/lang/Throwable;
staticfield java/lang/Throwable $assertionsDisabled Z 1
instanceKlass java/io/IOError
instanceKlass kotlin/reflect/jvm/internal/KotlinReflectionInternalError
instanceKlass kotlin/NotImplementedError
instanceKlass kotlin/jvm/KotlinReflectionNotSupportedError
instanceKlass java/lang/AssertionError
instanceKlass java/lang/VirtualMachineError
instanceKlass java/lang/LinkageError
ciInstanceKlass java/lang/Error 1 1 40 10 7 12 1 1 1 10 12 1 10 12 1 10 12 1 10 12 1 100 1 1 1 1 5 0 1 1 1 1 1 1 1 1 1 1 1 1 1 1
instanceKlass androidx/compose/compiler/plugins/kotlin/IncompatibleComposeRuntimeVersionException
instanceKlass org/jetbrains/kotlin/backend/common/linkage/issues/IrDeserializationException
instanceKlass androidx/compose/compiler/plugins/kotlin/inference/SchemeParseError
instanceKlass org/jetbrains/kotlin/types/TypeSubstitutor$SubstitutionException
instanceKlass org/jetbrains/kotlin/com/intellij/util/AstLoadingException
instanceKlass org/jetbrains/kotlin/container/UnresolvedDependenciesException
instanceKlass org/jetbrains/kotlin/container/InvalidCardinalityException
instanceKlass org/jetbrains/kotlin/container/ContainerConsistencyException
instanceKlass kotlin/reflect/full/IllegalPropertyDelegateAccessException
instanceKlass kotlin/reflect/full/IllegalCallableAccessException
instanceKlass com/sun/tools/javac/main/Option$InvalidValueException
instanceKlass org/jetbrains/kotlin/com/intellij/psi/scope/MethodProcessorSetupFailedException
instanceKlass javax/xml/stream/XMLStreamException
instanceKlass java/text/ParseException
instanceKlass org/jetbrains/kotlin/com/intellij/util/cls/ClsFormatException
instanceKlass sun/nio/fs/WindowsException
instanceKlass java/net/URISyntaxException
instanceKlass java/lang/CloneNotSupportedException
instanceKlass java/lang/InterruptedException
instanceKlass java/io/IOException
instanceKlass java/lang/ReflectiveOperationException
instanceKlass java/lang/RuntimeException
ciInstanceKlass java/lang/Exception 1 1 54 10 7 12 1 1 1 10 12 1 10 12 1 10 12 1 10 12 1 100 1 1 1 1 5 0 1 1 1 1 1 1 1 1 1 1 1 1 1 1 1 100 1 100 1 100 1 100 1 1 1 1 1 1
instanceKlass org/jetbrains/kotlin/psi2ir/generators/ErrorExpressionException
instanceKlass org/jetbrains/kotlin/com/intellij/psi/util/ConstantEvaluationOverflowException
instanceKlass kotlin/KotlinNothingValueException
instanceKlass org/jetbrains/kotlin/com/intellij/psi/impl/compiled/OutOfOrderInnerClassException
instanceKlass org/jetbrains/kotlin/com/intellij/psi/impl/compiled/ClsElementImpl$InvalidMirrorException
instanceKlass org/jetbrains/kotlin/lexer/KotlinLexerException
instanceKlass org/jetbrains/kotlin/com/intellij/psi/text/BlockSupport$ReparsedSuccessfullyException
instanceKlass org/jetbrains/kotlin/com/intellij/psi/impl/DebugUtil$IncorrectTreeStructureException
instanceKlass org/jetbrains/kotlin/types/error/LazyWrappedTypeComputationException
instanceKlass org/jetbrains/kotlin/protobuf/UninitializedMessageException
instanceKlass org/jetbrains/kotlin/com/intellij/openapi/util/RecursionManager$CachingPreventedException
instanceKlass org/jetbrains/kotlin/com/intellij/core/CoreJavaCodeStyleManager$1CancelException
instanceKlass org/jetbrains/kotlin/com/intellij/openapi/util/StackOverflowPreventedException
instanceKlass org/jetbrains/kotlin/com/intellij/openapi/vfs/InvalidVirtualFileAccessException
instanceKlass org/jetbrains/kotlin/com/intellij/psi/PsiInvalidElementAccessException
instanceKlass org/jetbrains/kotlin/com/fasterxml/aalto/UncheckedStreamException
instanceKlass org/jetbrains/kotlin/com/intellij/diagnostic/PluginException
instanceKlass java/io/UncheckedIOException
instanceKlass java/util/MissingResourceException
instanceKlass org/jetbrains/kotlin/com/intellij/openapi/extensions/SortingException
instanceKlass org/jetbrains/kotlin/com/intellij/diagnostic/ImplementationConflictException
instanceKlass java/util/EmptyStackException
instanceKlass org/jetbrains/kotlin/com/intellij/openapi/diagnostic/RuntimeExceptionWithAttachments
instanceKlass org/jetbrains/kotlin/com/intellij/openapi/project/IndexNotReadyException
instanceKlass org/jetbrains/kotlin/com/intellij/openapi/editor/ReadOnlyModificationException
instanceKlass org/jetbrains/kotlin/com/intellij/openapi/editor/ReadOnlyFragmentModificationException
instanceKlass org/jetbrains/kotlin/com/intellij/util/lang/CompoundRuntimeException
instanceKlass org/jetbrains/kotlin/org/picocontainer/PicoException
instanceKlass org/jetbrains/kotlin/com/intellij/openapi/extensions/ExtensionNotApplicableException
instanceKlass java/nio/file/FileSystemNotFoundException
instanceKlass org/jetbrains/kotlin/util/ServiceLoaderLite$ServiceLoadingException
instanceKlass org/jetbrains/kotlin/compiler/plugin/PluginProcessingException
instanceKlass java/lang/SecurityException
instanceKlass org/jetbrains/kotlin/compiler/plugin/CliOptionProcessingException
instanceKlass org/jetbrains/kotlin/backend/common/CompilationException
instanceKlass org/jetbrains/kotlin/com/intellij/util/IncorrectOperationException
instanceKlass org/jetbrains/kotlin/utils/WrappedValues$WrappedProcessCanceledException
instanceKlass java/util/ConcurrentModificationException
instanceKlass java/lang/reflect/UndeclaredThrowableException
instanceKlass java/util/NoSuchElementException
instanceKlass kotlin/NoWhenBranchMatchedException
instanceKlass java/lang/IndexOutOfBoundsException
instanceKlass kotlin/UninitializedPropertyAccessException
instanceKlass java/lang/UnsupportedOperationException
instanceKlass java/lang/IllegalStateException
instanceKlass org/jetbrains/kotlin/cli/jvm/compiler/CompileEnvironmentException
instanceKlass org/jetbrains/kotlin/utils/KotlinExceptionWithAttachments
instanceKlass org/jetbrains/kotlin/analyzer/CompilationErrorException
instanceKlass org/jetbrains/kotlin/com/intellij/openapi/progress/ProcessCanceledException
instanceKlass java/lang/IllegalArgumentException
instanceKlass java/lang/ArithmeticException
instanceKlass java/lang/NullPointerException
instanceKlass java/lang/IllegalMonitorStateException
instanceKlass java/lang/ArrayStoreException
instanceKlass java/lang/ClassCastException
ciInstanceKlass java/lang/RuntimeException 1 1 40 10 7 12 1 1 1 10 12 1 10 12 1 10 12 1 10 12 1 100 1 1 1 1 5 0 1 1 1 1 1 1 1 1 1 1 1 1 1 1
ciInstanceKlass java/lang/SecurityManager 0 0 576 10 100 12 1 1 1 9 100 12 1 1 1 10 100 12 1 1 1 100 1 8 1 10 12 1 10 12 1 1 10 100 12 1 1 1 10 100 1 10 100 1 10 9 100 12 1 1 1 10 100 12 1 1 1 10 12 1 1 10 100 12 1 1 100 1 8 1 10 9 12 1 1 9 12 1 8 1 9 12 1 100 1 10 8 1 10 12 1 1 10 12 1 10 12 1 1 100 1 10 10 12 1 1 100 1 8 1 10 12 1 8 1 8 1 8 1 8 1 8 1 8 1 10 12 1 8 1 8 1 8 1 8 1 8 1 10 100 12 1 1 1 10 12 1 1 8 1 100 1 8 1 10 8 1 8 1 8 1 8 1 8 1 10 100 12 1 1 8 1 100 1 8 1 8 1 10 8 1 10 12 1 100 1 8 1 10 10 12 1 1 10 12 1 10 12 1 10 12 1 10 100 12 1 1 1 10 12 1 10 100 12 1 1 11 100 12 1 1 1 18 12 1 1 11 100 12 1 1 1 18 12 1 1 11 12 1 1 18 18 11 12 1 18 12 1 11 12 1 1 9 12 1 1 9 12 1 9 12 1 9 12 1 100 1 10 100 12 1 1 10 12 1 10 12 1 18 12 1 18 10 100 12 1 1 1 18 12 1 10 12 1 18 18 8 1 10 12 1 9 12 1 1 11 100 12 1 1 1 8 1 100 1 10 12 1 10 12 1 1 10 12 1 1 9 12 1 1 10 12 1 10 12 1 1 8 1 100 1 10 9 12 1 8 1 10 12 1 8 1 100 1 10 10 100 12 1 1 10 100 1 9 100 12 1 1 1 11 12 1 1 10 12 1 11 12 1 10 12 1 100 1 10 10 12 1 1 10 12 1 1 1 1 1 1 1 1 1 1 1 100 1 1 1 1 1 1 1 1 1 1 1 1 1 1 1 1 1 1 1 1 1 1 1 1 1 1 1 1 1 1 1 1 1 1 1 1 1 1 1 1 1 1 1 1 1 1 1 1 1 1 1 1 1 1 1 1 3 1 1 1 1 1 1 1 1 1 1 100 1 1 1 1 1 1 1 1 1 1 1 1 1 1 1 1 1 1 1 1 1 1 1 1 1 1 1 1 1 1 1 1 1 1 1 1 1 1 16 15 10 100 12 1 1 1 16 1 16 15 10 12 16 1 15 10 12 16 15 11 100 1 16 1 16 1 15 10 12 16 15 10 12 16 15 10 12 1 16 1 15 11 12 1 15 10 12 16 15 10 16 1 15 10 100 12 1 1 1 1 1 1 100 1 100 1 1
ciInstanceKlass java/security/ProtectionDomain 1 1 348 10 7 12 1 1 1 9 7 12 1 1 1 7 1 10 9 12 1 1 9 12 1 1 9 12 1 1 10 7 12 1 1 7 1 9 12 1 9 12 1 1 7 1 9 12 1 1 9 12 1 10 100 12 1 1 10 100 12 1 1 1 10 12 1 1 10 12 1 9 12 1 9 100 12 1 1 10 12 1 1 10 100 1 10 12 1 1 8 1 100 1 8 1 10 12 1 10 11 10 100 12 1 1 1 10 12 1 1 8 1 11 8 1 10 12 1 8 1 8 1 10 12 1 1 10 12 1 10 12 1 1 10 12 1 8 1 10 12 1 8 1 8 1 10 100 12 1 1 1 9 100 12 1 1 1 10 12 1 1 9 100 12 1 1 1 10 100 12 1 1 1 100 1 18 12 1 1 10 100 12 1 1 1 10 100 1 10 12 1 10 12 1 1 11 100 12 1 1 11 12 1 100 1 11 100 12 1 1 1 10 12 1 10 11 12 1 1 11 12 1 1 10 12 1 10 7 12 1 1 10 100 12 1 1 11 12 1 10 12 10 12 1 8 1 8 1 10 7 12 1 1 1 7 1 10 10 7 12 1 1 1 1 1 1 1 1 1 1 100 1 1 100 1 1 1 1 1 1 1 1 1 1 1 1 1 1 1 1 1 1 1 1 1 1 1 1 1 1 1 1 1 1 1 1 1 1 1 1 1 1 1 1 1 1 1 1 100 1 1 1 1 1 1 100 1 1 16 15 10 12 16 15 10 100 12 1 1 1 1 1 1 1 100 1 100 1 1
staticfield java/security/ProtectionDomain filePermCompatInPD Z 0
ciInstanceKlass java/security/AccessControlContext 1 1 374 9 7 12 1 1 1 9 12 1 1 10 100 12 1 1 1 8 1 10 100 12 1 1 1 10 7 12 1 1 1 9 12 1 9 12 1 1 9 12 1 1 10 7 12 1 1 100 1 10 12 1 11 100 12 1 1 1 11 12 1 11 12 1 11 12 1 1 100 1 11 12 1 1 10 12 1 10 100 12 1 1 1 9 100 12 1 1 1 10 100 12 1 1 1 11 100 12 1 1 1 10 7 1 100 1 8 1 10 12 1 10 12 1 1 7 1 10 7 12 1 1 1 9 12 1 9 12 1 9 12 1 9 12 1 1 9 12 1 1 9 12 1 9 12 1 10 7 12 1 1 1 9 12 1 10 12 1 1 10 12 1 1 8 1 10 12 1 1 10 12 1 1 10 100 12 1 1 1 100 1 10 10 12 1 1 10 100 12 1 1 1 10 8 1 10 100 12 1 1 8 1 10 100 12 1 1 8 1 8 1 10 12 1 8 1 10 12 1 8 1 10 12 1 10 12 1 10 12 1 1 8 1 8 1 100 1 10 12 1 10 12 1 1 100 1 10 12 1 8 1 10 12 1 10 12 1 10 8 1 10 12 1 1 10 12 1 1 10 12 1 1 10 12 1 1 10 12 1 10 12 1 11 10 12 1 10 12 1 1 10 10 10 12 1 1 1 1 1 1 1 1 1 1 1 1 1 1 1 1 1 1 1 1 1 1 1 1 100 1 1 1 1 1 1 1 1 1 1 1 1 1 1 1 1 1 1 1 1 1 1 1 1 1 1 1 1 1 1 1 1 1 1 1 1 1 1 1 1 1 1 1 1 1 1 1 1 1 1 1 1 3 1 1
ciInstanceKlass java/security/AccessController 1 1 295 10 100 12 1 1 1 10 7 12 1 1 1 10 7 12 1 1 1 10 12 1 1 10 12 1 1 10 7 12 1 1 1 10 12 1 1 10 12 1 10 12 1 1 10 12 1 100 1 8 1 10 12 1 10 12 1 10 12 1 1 10 12 1 100 1 100 1 10 12 1 1 10 12 1 10 12 1 10 12 1 1 10 7 12 1 1 1 10 12 1 1 9 100 12 1 1 1 10 100 12 1 1 1 10 12 1 10 12 1 9 100 12 1 1 1 10 12 1 10 12 1 1 9 12 1 1 10 100 1 10 11 7 12 1 1 1 10 7 12 1 1 11 7 1 100 1 10 12 1 10 12 1 10 12 1 8 1 10 12 1 1 8 1 10 100 12 1 1 1 8 1 100 1 10 10 12 1 1 10 12 1 10 7 12 1 1 1 10 12 1 8 1 10 100 12 1 1 8 1 8 1 10 12 1 8 1 10 12 1 10 12 1 1 10 12 1 1 1 1 1 1 1 1 1 1 1 1 1 1 1 1 1 1 1 1 1 1 1 1 1 1 1 1 100 1 1 1 1 1 1 1 1 1 1 1 1 1 1 1 1 1 1 1 1 1 1 1 1 1 1 1 1 1 1 1 1 1 1 100 1 100 1 1 1 1 1 1 1 1 1 3 1 1 1
staticfield java/security/AccessController $assertionsDisabled Z 1
instanceKlass jdk/internal/loader/BuiltinClassLoader
instanceKlass java/net/URLClassLoader
ciInstanceKlass java/security/SecureClassLoader 1 1 102 10 7 12 1 1 1 7 1 10 12 1 9 7 12 1 1 1 10 12 1 10 12 1 10 12 1 1 10 12 1 1 10 12 1 7 1 10 7 1 10 12 1 7 1 10 12 1 11 7 12 1 1 1 7 1 11 12 1 10 12 1 1 1 1 1 1 1 1 1 1 1 1 1 1 1 1 1 1 1 1 1 1 1 1 1 1 1 1 1 1 1 1 1 1 1 1 100 1 1 1 1
instanceKlass java/lang/reflect/InvocationTargetException
instanceKlass java/lang/InstantiationException
instanceKlass java/lang/IllegalAccessException
instanceKlass java/lang/NoSuchFieldException
instanceKlass java/lang/NoSuchMethodException
instanceKlass java/lang/ClassNotFoundException
ciInstanceKlass java/lang/ReflectiveOperationException 1 1 34 10 7 12 1 1 1 10 12 1 10 12 1 10 12 1 100 1 1 1 1 5 0 1 1 1 1 1 1 1 1 1 1 1
ciInstanceKlass java/lang/ClassNotFoundException 1 1 96 7 1 10 7 12 1 1 1 10 12 1 10 12 1 1 10 100 12 1 1 1 8 1 10 100 12 1 1 1 10 7 12 1 1 10 100 12 1 1 1 10 100 12 1 1 1 10 12 1 1 7 1 10 12 1 9 12 1 1 1 1 1 5 0 1 1 1 1 1 1 1 1 1 1 1 1 1 1 1 1 1 1 100 1 1 1 1 1 1 1 1 1 1 1 1
staticfield java/lang/ClassNotFoundException serialPersistentFields [Ljava/io/ObjectStreamField; 1 [Ljava/io/ObjectStreamField;
instanceKlass java/util/stream/Collectors$CollectorImpl
instanceKlass java/lang/reflect/Proxy$ProxyBuilder$ProxyClassContext
instanceKlass java/nio/DirectByteBuffer$Deallocator
instanceKlass java/io/IoOverNioFileSystem$StreamInitializationBundle
instanceKlass java/security/SecureClassLoader$CodeSourceKey
instanceKlass jdk/internal/reflect/ReflectionFactory$Config
instanceKlass jdk/internal/foreign/abi/UpcallLinker$CallRegs
instanceKlass jdk/internal/foreign/abi/VMStorage
ciInstanceKlass java/lang/Record 1 1 22 10 7 12 1 1 1 100 1 1 1 1 1 1 1 1 1 1 1 1 1 1
instanceKlass java/lang/IncompatibleClassChangeError
instanceKlass java/lang/UnsatisfiedLinkError
instanceKlass java/lang/BootstrapMethodError
instanceKlass java/lang/NoClassDefFoundError
ciInstanceKlass java/lang/LinkageError 1 1 31 10 7 12 1 1 1 10 12 1 10 12 1 100 1 1 1 1 5 0 1 1 1 1 1 1 1 1 1 1 1
ciInstanceKlass java/lang/NoClassDefFoundError 0 0 26 10 100 12 1 1 1 10 12 1 100 1 1 1 1 5 0 1 1 1 1 1 1 1 1 1
ciInstanceKlass java/lang/ClassCastException 1 1 26 10 100 12 1 1 1 10 12 1 100 1 1 1 1 5 0 1 1 1 1 1 1 1 1 1
ciInstanceKlass java/lang/ArrayStoreException 1 1 26 10 100 12 1 1 1 10 12 1 100 1 1 1 1 5 0 1 1 1 1 1 1 1 1 1
instanceKlass java/lang/StackOverflowError
instanceKlass java/lang/OutOfMemoryError
instanceKlass java/lang/InternalError
ciInstanceKlass java/lang/VirtualMachineError 1 1 34 10 100 12 1 1 1 10 12 1 10 12 1 10 12 1 100 1 1 1 1 5 0 1 1 1 1 1 1 1 1 1 1 1
ciInstanceKlass java/lang/InternalError 0 0 34 10 100 12 1 1 1 10 12 1 10 12 1 10 12 1 100 1 1 1 1 5 0 1 1 1 1 1 1 1 1 1 1 1
ciInstanceKlass java/lang/OutOfMemoryError 1 1 26 10 100 12 1 1 1 10 12 1 100 1 1 1 1 5 0 1 1 1 1 1 1 1 1 1
ciInstanceKlass java/lang/StackOverflowError 1 1 26 10 100 12 1 1 1 10 12 1 100 1 1 1 1 5 0 1 1 1 1 1 1 1 1 1
ciInstanceKlass java/lang/IllegalMonitorStateException 1 1 26 10 100 12 1 1 1 10 12 1 100 1 1 1 1 5 0 1 1 1 1 1 1 1 1 1
instanceKlass java/lang/ref/PhantomReference
instanceKlass java/lang/ref/FinalReference
instanceKlass java/lang/ref/WeakReference
instanceKlass java/lang/ref/SoftReference
ciInstanceKlass java/lang/ref/Reference 1 1 190 9 7 12 1 1 1 9 7 12 1 1 10 12 1 1 10 12 1 1 9 12 1 1 10 12 1 1 9 12 1 1 9 12 1 1 7 1 10 12 1 10 7 12 1 1 10 12 1 10 12 1 1 10 12 1 7 1 8 1 10 12 1 1 7 1 10 12 1 1 10 12 1 1 10 12 1 9 12 1 10 12 1 1 10 12 1 10 12 1 9 12 1 100 1 100 1 10 12 9 12 1 9 12 1 100 1 10 10 12 1 10 10 7 12 1 1 7 1 10 10 7 12 1 1 1 1 1 1 1 1 1 1 1 1 1 1 1 1 1 1 1 100 1 1 1 100 1 1 1 1 1 1 1 1 1 1 1 1 1 1 1 1 1 1 1 1 1 1 1 1 1 1 1 1 1 1 1 1 1 1 1 100 1 100 1 100 1 1 1
staticfield java/lang/ref/Reference processPendingLock Ljava/lang/Object; java/lang/Object
staticfield java/lang/ref/Reference $assertionsDisabled Z 1
instanceKlass org/jetbrains/kotlin/com/intellij/util/containers/ConcurrentSoftHashMap$SoftKey
instanceKlass org/jetbrains/kotlin/com/intellij/util/containers/ConcurrentSoftKeySoftValueHashMap$SoftKey
instanceKlass org/jetbrains/kotlin/com/intellij/util/containers/ConcurrentSoftValueHashMap$MySoftReference
instanceKlass org/jetbrains/kotlin/com/intellij/util/containers/ConcurrentWeakKeySoftValueHashMap$SoftValue
instanceKlass org/jetbrains/kotlin/com/intellij/util/containers/SoftKeySoftValueHashMap$ValueReference
instanceKlass org/jetbrains/kotlin/com/intellij/reference/SoftReference
instanceKlass java/lang/invoke/LambdaFormEditor$Transform
ciInstanceKlass java/lang/ref/SoftReference 1 1 47 10 7 12 1 1 1 9 7 12 1 1 1 9 12 1 10 12 1 10 12 1 1 1 1 1 1 1 1 1 1 1 1 1 1 1 1 1 1 1 1 100 1 1 1 1 1
instanceKlass org/jetbrains/kotlin/com/intellij/util/containers/ConcurrentWeakHashMap$WeakKey
instanceKlass org/jetbrains/kotlin/com/intellij/util/containers/ConcurrentWeakKeyWeakValueHashMap$WeakValue
instanceKlass org/jetbrains/kotlin/com/intellij/util/containers/ConcurrentWeakKeySoftValueHashMap$WeakKey
instanceKlass org/jetbrains/kotlin/com/intellij/util/PatchedWeakReference
instanceKlass org/jetbrains/kotlin/com/intellij/util/containers/ConcurrentWeakValueHashMap$MyWeakReference
instanceKlass org/jetbrains/kotlin/com/intellij/util/containers/UnsafeWeakList$MyReference
instanceKlass java/util/logging/LogManager$LoggerWeakRef
instanceKlass java/util/logging/Level$KnownLevel
instanceKlass org/jetbrains/kotlin/com/intellij/util/containers/IntKeyWeakValueHashMap$MyReference
instanceKlass java/lang/WeakPairMap$WeakRefPeer
instanceKlass java/lang/ClassValue$Entry
instanceKlass jdk/internal/util/WeakReferenceKey
instanceKlass java/lang/ThreadLocal$ThreadLocalMap$Entry
instanceKlass java/util/WeakHashMap$Entry
ciInstanceKlass java/lang/ref/WeakReference 1 1 31 10 7 12 1 1 1 10 12 1 100 1 1 1 1 1 1 1 1 1 1 1 1 1 1 1 1 1 1 1 1
instanceKlass java/lang/ref/Finalizer
ciInstanceKlass java/lang/ref/FinalReference 1 1 50 10 100 12 1 1 1 10 100 12 1 1 1 10 12 1 1 100 1 8 1 10 12 1 1 1 1 1 1 1 1 1 1 1 1 1 1 1 1 1 1 1 1 1 1 1 1 1 100 1
instanceKlass jdk/internal/ref/Cleaner
instanceKlass jdk/internal/ref/PhantomCleanable
ciInstanceKlass java/lang/ref/PhantomReference 1 1 39 10 100 12 1 1 1 10 7 12 1 1 1 1 1 1 1 1 1 1 1 1 1 1 1 1 1 1 1 1 1 1 1 1 1 1 1 1 1
ciInstanceKlass java/lang/ref/Finalizer 1 1 155 9 7 12 1 1 1 10 100 12 1 1 1 9 12 1 1 9 12 1 1 9 12 1 9 12 1 9 12 1 1 10 12 1 100 1 8 1 10 12 1 10 12 1 1 9 12 1 100 1 10 12 1 100 1 11 100 12 1 1 10 12 1 100 1 10 12 1 100 1 10 12 1 10 100 12 1 1 1 10 100 12 1 1 1 100 1 10 10 12 1 7 1 10 12 1 7 1 10 12 1 1 10 12 1 1 10 12 1 10 7 12 1 1 1 7 1 10 7 1 10 10 12 1 1 1 1 1 1 1 1 1 1 1 1 1 1 1 1 1 1 1 1 1 1 1 1 1 1 1 1 1 1 1 1
staticfield java/lang/ref/Finalizer lock Ljava/lang/Object; java/lang/Object
staticfield java/lang/ref/Finalizer ENABLED Z 1
staticfield java/lang/ref/Finalizer $assertionsDisabled Z 1
ciInstanceKlass java/lang/Runnable 1 0 11 100 1 100 1 1 1 1 1 1 1
instanceKlass java/util/logging/LogManager$Cleaner
instanceKlass java/util/concurrent/ForkJoinWorkerThread
instanceKlass java/lang/ref/Finalizer$FinalizerThread
instanceKlass java/lang/ref/Reference$ReferenceHandler
instanceKlass jdk/internal/misc/InnocuousThread
instanceKlass java/lang/BaseVirtualThread
ciInstanceKlass java/lang/Thread 1 1 870 10 7 12 1 1 1 9 12 1 1 10 100 12 1 1 10 12 1 10 100 12 1 1 100 1 8 1 10 12 1 1 9 12 1 9 12 1 1 9 12 1 1 100 1 10 12 1 1 10 12 1 10 100 12 1 1 1 10 12 9 12 1 1 10 12 1 100 1 10 12 1 100 1 8 1 10 9 100 12 1 1 1 10 12 1 1 10 12 1 1 10 12 1 1 10 12 1 10 12 1 1 3 8 1 100 1 5 0 10 7 12 1 1 1 9 12 1 10 12 1 1 10 7 12 1 1 1 10 7 12 1 1 1 10 12 1 1 10 12 1 1 9 12 1 1 10 100 1 8 1 10 7 1 10 12 1 9 12 1 1 10 100 12 1 1 1 10 10 12 1 1 9 100 12 1 1 1 10 12 1 1 10 12 1 1 10 7 12 1 1 10 12 1 10 12 1 10 7 12 1 1 9 12 1 10 7 12 1 1 1 10 12 1 1 9 12 1 1 9 12 1 1 10 7 12 1 1 1 9 12 1 1 10 100 12 1 1 10 100 12 1 1 1 10 12 1 10 12 1 10 7 12 1 1 9 12 1 8 1 9 100 12 1 1 9 12 1 1 5 0 100 1 10 100 1 10 100 1 10 100 1 10 8 1 10 12 1 1 10 100 12 1 10 12 1 10 12 1 100 1 8 1 10 10 12 1 10 12 1 1 10 100 12 1 1 1 10 100 12 1 1 1 10 12 1 7 1 9 12 1 1 100 1 10 10 12 1 9 12 1 1 10 12 1 1 10 12 1 1 10 12 1 10 12 1 9 12 1 1 10 10 12 1 1 10 12 1 1 11 7 12 1 1 10 100 12 1 1 9 12 1 9 12 1 1 9 12 1 1 10 100 12 1 1 10 12 1 1 9 100 12 1 1 1 10 100 12 1 1 10 12 1 10 12 1 100 1 10 10 12 9 12 1 1 10 12 1 11 100 12 1 1 10 12 1 10 12 1 10 12 1 9 12 1 10 10 12 1 10 12 1 1 9 12 1 9 12 10 12 1 8 1 10 12 1 10 12 1 10 12 1 10 12 1 10 12 1 1 10 12 1 10 12 1 1 10 12 1 10 12 1 10 12 1 10 12 1 10 12 1 1 9 7 12 1 1 1 8 1 10 9 12 1 10 12 1 100 1 8 1 10 10 12 1 8 1 10 12 1 1 9 12 10 12 8 1 10 10 12 1 10 12 1 8 1 10 12 1 10 8 1 10 100 12 1 1 10 12 1 1 100 1 8 1 10 9 12 1 9 12 1 1 10 12 1 1 10 10 12 1 10 12 1 100 10 7 12 1 1 1 9 12 1 10 12 1 1 10 12 1 1 10 100 12 1 1 1 11 100 12 1 1 1 9 100 12 1 1 1 10 100 12 1 1 1 100 1 10 12 1 100 1 10 12 1 10 12 1 1 10 12 1 1 8 1 9 12 1 10 12 1 10 12 1 1 11 100 12 1 1 1 10 12 1 1 1 1 3 1 3 1 3 1 3 1 1 1 1 1 1 1 1 1 1 1 1 1 1 1 1 1 1 1 1 1 100 1 1 1 1 1 1 1 1 1 1 1 1 1 1 1 1 1 1 1 1 1 1 100 1 1 1 1 1 1 1 1 1 1 1 1 1 1 1 1 100 1 100 1 1 1 1 1 1 1 1 1 1 1 1 1 1 1 1 1 1 1 1 1 1 1 1 1 1 1 1 1 1 1 1 1 1 1 1 1 1 1 1 1 1 1 1 1 1 1 1 1 1 1 1 1 1 1 1 1 1 1 1 1 1 1 1 1 1 1 1 1 1 1 1 1 1 1 1 100 100 1 1 1 1 1 1 1 1 1 1 1 1 1 1 1 1 1 1 1 1 1 1 1 1 1 1 100 1 100 1 100 1 100 1 100 1 1 100 1 1 1 1 1 1 1 1 1 1 1 1 1 1 1
staticfield java/lang/Thread NEW_THREAD_BINDINGS Ljava/lang/Object; java/lang/Class
staticfield java/lang/Thread EMPTY_STACK_TRACE [Ljava/lang/StackTraceElement; 0 [Ljava/lang/StackTraceElement;
ciInstanceKlass java/lang/Thread$FieldHolder 1 1 48 10 7 12 1 1 1 9 7 12 1 1 1 9 12 1 1 9 12 1 1 9 12 1 1 9 12 1 1 1 1 1 1 1 1 1 1 100 1 100 1 1 1 1 100 1 1 1
ciInstanceKlass java/lang/Thread$Constants 0 0 59 100 1 10 100 12 1 1 1 100 1 10 10 100 12 1 1 1 100 1 8 1 10 12 1 9 100 12 1 1 1 100 1 100 1 10 12 1 10 12 1 9 12 1 1 1 1 1 1 1 1 1 1 1 1 1 1 1 1
ciInstanceKlass java/lang/Thread$UncaughtExceptionHandler 1 0 16 100 1 100 1 1 1 1 1 1 1 1 100 1 1 1
ciInstanceKlass java/lang/ThreadGroup 1 1 411 10 7 12 1 1 1 9 7 12 1 1 1 8 1 9 12 1 1 100 1 9 12 1 1 9 12 1 1 10 7 12 1 1 1 10 12 1 1 10 12 1 10 12 1 10 12 1 10 12 1 1 10 12 1 1 10 12 1 10 12 1 1 10 12 1 10 12 1 10 100 12 1 1 1 10 12 1 1 18 12 1 1 11 100 12 1 1 1 10 7 12 1 1 1 10 100 12 1 10 12 1 1 10 12 1 1 10 12 1 1 10 100 12 1 1 1 10 12 1 11 12 1 1 11 100 12 1 1 11 12 1 1 10 12 1 1 10 12 1 10 12 1 11 12 1 11 12 1 1 100 1 10 10 12 1 100 1 10 18 12 1 1 11 100 12 1 1 1 11 12 1 1 9 12 1 1 10 12 1 1 8 1 10 100 12 1 1 1 10 100 12 1 1 1 10 12 1 1 11 12 10 12 1 1 10 12 1 1 11 100 1 9 12 1 100 1 10 8 1 10 12 1 1 10 12 1 1 8 1 10 12 1 10 100 12 1 1 1 10 12 1 1 10 7 1 8 1 10 8 1 10 12 1 10 12 1 8 1 9 12 1 1 9 12 1 10 100 12 1 1 1 100 9 12 1 1 100 1 9 12 1 10 12 10 12 1 1 100 10 12 9 12 1 10 12 1 100 1 10 11 12 1 1 100 1 10 10 12 1 10 12 1 1 1 1 1 1 1 1 1 1 1 1 1 1 1 1 1 1 3 1 1 1 1 1 1 1 1 1 1 1 1 100 1 1 1 1 1 1 1 1 1 1 1 1 1 1 1 1 1 1 1 1 1 1 1 1 1 1 1 1 1 1 1 1 1 1 1 1 1 1 1 1 1 1 1 16 15 10 12 16 16 15 10 12 16 15 10 100 12 1 1 1 1 1 100 1 100 1 1
staticfield java/lang/ThreadGroup $assertionsDisabled Z 1
instanceKlass java/lang/ThreadBuilders$BoundVirtualThread
instanceKlass java/lang/VirtualThread
ciInstanceKlass java/lang/BaseVirtualThread 0 0 36 10 100 12 1 1 1 100 1 1 1 1 1 1 1 1 1 1 1 1 1 1 1 1 1 1 1 1 100 1 100 1 1 100 1 1
ciInstanceKlass java/lang/VirtualThread 0 0 907 9 100 12 1 1 1 10 100 12 1 1 1 10 100 12 1 1 1 10 100 12 1 1 1 9 12 1 1 9 12 1 1 100 1 10 12 1 9 12 1 1 18 12 1 1 9 12 1 1 10 12 1 1 100 1 10 12 1 10 12 1 1 10 12 1 1 10 12 1 1 10 12 1 10 100 12 1 10 12 1 10 12 1 10 12 1 10 12 1 11 100 12 1 1 1 100 1 10 12 1 1 10 100 12 1 1 1 10 100 12 1 1 1 10 12 1 100 1 10 10 12 1 10 12 1 1 9 12 1 1 10 12 1 1 9 12 1 1 10 12 1 9 12 1 1 9 12 1 100 1 10 10 12 1 10 100 12 1 1 10 9 10 10 12 1 1 10 12 1 1 10 100 12 1 1 10 100 1 10 9 10 10 12 1 100 1 10 12 1 1 10 12 1 10 12 1 10 12 1 1 9 12 1 10 12 1 10 12 1 9 12 1 1 10 12 1 10 12 1 9 12 1 1 10 12 1 10 12 1 10 12 1 11 100 12 1 1 10 12 1 1 10 12 1 1 10 12 1 1 9 12 1 10 100 1 10 12 1 1 10 12 1 1 10 12 1 10 12 1 10 12 1 10 12 9 12 1 1 10 100 12 1 1 10 12 1 10 12 1 1 10 100 12 1 1 10 12 1 100 1 8 1 10 12 1 10 12 1 1 10 12 1 10 12 1 10 100 12 1 1 10 12 1 10 12 1 1 10 12 1 10 12 1 1 10 100 12 1 1 10 12 1 1 10 12 1 1 100 1 10 10 12 1 100 1 9 12 1 1 10 100 12 1 1 10 9 12 1 1 18 9 100 12 1 1 1 11 100 12 1 1 1 11 100 1 11 12 10 12 1 10 12 1 1 10 12 1 100 1 10 10 12 1 10 12 1 1 10 12 1 1 10 12 1 10 12 1 10 12 1 9 12 1 1 11 100 12 1 1 10 12 9 100 12 1 1 1 9 12 1 10 12 1 1 9 12 1 9 12 1 9 12 1 100 1 10 10 12 1 1 10 12 1 10 12 100 1 100 1 10 8 1 10 12 1 1 10 12 1 10 12 1 10 10 12 1 8 1 10 10 12 1 10 12 1 10 100 12 1 1 8 1 8 1 10 9 100 12 1 1 1 10 12 1 1 10 12 1 10 10 10 12 9 12 1 10 12 1 1 9 12 1 10 12 1 1 9 12 1 10 12 1 1 18 12 1 1 18 12 1 10 100 12 1 1 1 8 1 10 100 12 1 1 1 10 100 12 1 1 1 18 12 1 10 100 12 1 1 1 100 1 10 12 1 8 1 10 12 1 8 1 10 12 1 1 8 1 8 1 10 100 12 1 1 8 1 10 12 1 8 1 8 1 10 100 12 1 1 1 10 12 1 10 12 1 1 10 12 1 18 12 1 1 18 12 1 1 5 0 9 12 1 10 12 1 18 12 1 100 1 10 12 10 100 12 1 1 10 12 1 1 100 1 8 1 10 10 12 1 10 12 1 1 10 12 1 9 12 1 8 10 12 1 1 8 8 9 12 1 8 10 12 1 1 3 1 3 1 3 1 3 1 3 1 3 1 3 1 3 1 3 1 3 1 3 1 3 3 1 3 1 1 1 1 1 1 1 1 1 1 1 1 1 1 100 1 1 1 1 1 1 1 1 1 1 1 1 1 1 100 1 1 1 1 1 1 1 1 1 1 1 100 1 1 1 1 1 1 1 1 1 1 1 1 1 1 1 1 1 1 1 1 1 1 1 1 1 1 1 1 1 1 1 1 1 1 1 1 1 1 1 100 1 1 1 1 1 1 1 1 1 1 1 1 1 1 1 1 1 1 1 1 1 1 1 1 1 1 1 1 1 1 1 1 1 1 1 100 1 1 1 1 1 1 1 1 1 1 1 1 1 1 100 1 1 16 15 10 12 15 16 15 10 12 16 15 10 12 16 16 15 10 12 16 15 10 12 16 15 10 12 16 15 10 12 16 1 15 10 100 12 1 1 1 1 1 1 1 100 1 1 100 1 100 1 1
ciInstanceKlass java/lang/ThreadBuilders$BoundVirtualThread 0 0 132 10 100 12 1 1 1 9 100 12 1 1 1 10 100 12 1 1 1 9 12 1 1 10 12 1 1 10 12 1 1 9 12 1 1 10 100 12 1 1 1 10 12 1 1 100 1 8 1 10 12 1 10 12 1 1 10 12 1 1 10 12 1 1 10 100 12 1 1 1 8 1 10 12 1 8 1 10 12 1 1 10 100 12 1 1 9 100 12 1 1 1 10 12 1 1 10 10 12 1 1 1 1 1 1 1 1 1 1 1 1 1 1 1 1 1 1 1 1 1 1 1 1 1 1 1 1 100 1 1 1 1
ciInstanceKlass java/util/Map 1 1 263 11 7 12 1 1 1 11 12 1 1 10 100 12 1 1 11 12 1 1 11 7 12 1 1 1 11 100 12 1 1 1 11 12 1 1 7 1 11 12 1 11 12 1 100 1 100 1 10 12 1 1 11 100 12 1 1 1 11 100 12 1 1 1 11 12 1 11 12 1 10 12 1 1 11 12 1 11 100 12 1 9 7 12 1 1 1 100 1 10 12 7 1 7 1 10 12 1 7 1 10 7 1 11 12 1 11 12 1 1 11 12 1 1 7 1 11 12 1 1 1 1 1 1 1 1 1 1 1 1 1 1 1 1 1 1 1 1 1 1 1 1 1 1 1 1 1 1 1 1 1 1 1 1 1 1 1 1 1 1 1 1 1 1 1 1 1 1 1 1 1 1 1 1 1 1 1 1 1 1 1 1 1 1 1 1 1 1 1 1 1 1 1 1 1 1 1 1 1 1 1 1 1 1 1 1 1 1 1 1 1 1 1 1 1 1 1 1 1 1 1 1 1 1 1 1 1 1 1 1 1 1 1 1 1 1 1 1 1 1 1 1 1 1 100 1 1 1 1 1 1 1 1 1 1 1 1 1 1 1 1 1 1
instanceKlass java/util/Hashtable
ciInstanceKlass java/util/Dictionary 1 1 36 10 7 12 1 1 1 100 1 1 1 1 1 1 1 1 1 1 1 1 1 1 1 1 1 1 1 1 1 1 1 1 1 1 1 1
instanceKlass java/util/Properties
ciInstanceKlass java/util/Hashtable 1 1 516 100 1 10 7 12 1 1 1 9 7 12 1 1 1 100 1 100 1 10 8 1 10 12 1 1 10 12 1 10 12 1 1 10 12 1 10 7 12 1 1 1 8 1 10 12 1 9 12 1 1 7 1 9 12 1 1 4 10 7 12 1 1 1 9 12 1 4 10 12 1 11 100 12 1 1 1 10 12 1 1 10 12 1 1 9 12 1 10 12 1 1 100 1 10 9 12 1 1 10 7 12 1 1 1 9 12 1 1 10 12 1 10 12 1 3 9 12 1 9 12 1 3 10 12 1 10 12 1 10 12 1 1 11 12 1 1 11 100 12 1 1 1 11 100 12 1 1 1 11 12 1 100 1 11 12 1 11 12 1 10 12 1 1 10 12 1 1 10 12 1 9 12 1 1 9 12 9 12 1 1 10 100 1 100 1 10 12 1 10 8 1 10 10 12 1 8 1 10 8 1 10 100 12 1 1 1 7 1 10 12 1 10 12 1 100 1 10 12 1 10 12 1 1 100 1 10 100 1 10 10 12 1 1 11 12 1 1 11 12 1 100 1 10 10 10 100 12 1 1 11 100 12 1 1 1 100 1 10 11 100 12 1 1 11 100 12 1 10 12 1 10 12 1 1 10 100 12 1 1 10 12 1 1 10 12 1 1 10 12 1 1 10 100 12 1 1 1 8 10 100 12 1 1 100 1 8 1 10 4 4 10 12 1 1 10 12 1 8 1 4 10 12 10 100 12 1 1 1 100 1 11 100 12 1 1 1 10 100 12 1 1 1 10 12 1 10 12 1 1 10 100 1 100 1 1 1 1 1 1 5 0 1 1 1 1 1 3 1 3 1 3 1 1 1 1 1 1 1 1 1 1 1 1 1 1 1 1 1 1 1 1 1 1 1 1 1 100 1 1 1 1 1 1 1 1 1 1 1 1 1 1 1 1 1 1 1 1 1 1 1 1 1 1 1 1 1 100 1 1 1 1 1 1 1 1 1 1 1 1 1 1 100 1 1 1 1 1 1 1 1 1 1 1 1 1 1 1 1 1 1 1 1 1 1 1 1 1 1 1 1 1 1 1 1 1 1 1 1 1 1 1 1 1 1 1 1 100 1 1 1 100 1 1 1 1 1 100 1 1 1 1 1 1 1 1 1 1 1 1 1 1 1 1 1 1
ciInstanceKlass java/util/Properties 1 1 690 10 7 12 1 1 1 100 1 10 7 12 1 1 7 1 10 12 1 9 12 1 1 9 12 1 1 9 12 1 1 10 7 12 1 1 1 10 12 1 1 8 1 10 7 12 1 1 1 7 1 10 12 1 10 12 1 1 8 1 10 12 1 7 1 10 12 10 12 1 1 9 12 1 1 10 12 1 1 7 1 10 12 1 10 12 1 10 12 1 1 100 1 8 1 10 12 1 10 12 1 10 12 1 1 10 12 1 100 1 3 10 10 100 12 1 1 1 10 12 1 10 12 1 1 8 1 10 12 1 10 12 1 1 8 1 10 100 12 1 1 10 12 1 1 10 12 1 10 12 1 1 100 1 10 12 1 10 12 1 1 100 1 9 100 12 1 1 1 10 12 1 10 12 1 1 10 12 1 1 10 12 1 1 100 1 9 12 1 1 7 1 100 1 10 12 1 100 1 11 7 12 1 1 1 11 12 1 1 11 100 12 1 1 1 11 7 12 1 1 1 11 12 1 1 11 12 1 11 12 1 10 12 1 1 8 1 10 12 1 10 100 12 1 1 10 12 1 100 1 10 10 12 1 10 12 1 100 1 10 10 12 1 1 10 100 12 1 1 9 100 12 1 1 10 12 1 1 10 100 12 1 1 1 100 1 100 1 100 1 10 8 1 8 1 10 12 1 10 12 1 10 12 1 1 10 10 12 1 1 10 12 1 1 100 1 10 10 12 1 11 7 12 1 1 10 7 12 1 1 1 8 1 10 100 12 1 1 11 11 7 1 8 1 10 100 1 11 10 12 1 10 10 12 1 10 12 1 1 10 12 1 1 10 12 1 1 10 12 1 10 12 1 10 10 12 1 10 12 1 10 12 1 10 10 12 1 1 10 12 1 1 10 10 12 1 10 12 1 10 12 1 10 12 1 10 12 1 1 10 12 1 1 10 12 1 10 12 1 10 12 1 1 10 12 10 12 1 1 10 12 1 1 10 12 1 10 12 1 1 10 12 1 1 10 12 10 11 12 1 4 11 10 12 1 1 10 100 12 1 1 11 12 1 10 12 1 1 10 100 12 1 1 10 12 1 100 1 8 1 10 12 1 10 10 100 12 1 1 1 100 1 6 0 10 12 1 1 11 100 12 1 1 1 10 12 1 10 12 1 1 1 1 1 5 0 1 1 1 1 1 1 1 1 1 1 1 1 1 1 1 1 1 1 1 1 1 1 1 1 1 1 1 1 1 1 1 1 1 1 1 1 1 1 1 100 1 1 1 1 1 1 1 1 1 1 1 1 1 1 1 1 1 1 1 1 100 1 1 1 1 1 1 1 1 1 1 1 1 100 1 100 1 1 1 1 1 100 1 1 1 1 1 1 1 1 1 1 1 1 1 1 1 1 1 1 1 1 1 1 1 1 1 1 1 1 1 1 1 1 1 1 1 1 1 1 1 1 1 1 1 1 1 1 1 1 1 1 1 1 1 1 1 1 1 1 1 1 1 1 1 1 1 1 1 1 1 1 1 1 1 1 1 1 1 100 1 1 1 1 1 1 1 1 1 1 1 100 1 1
staticfield java/util/Properties UNSAFE Ljdk/internal/misc/Unsafe; jdk/internal/misc/Unsafe
ciInstanceKlass java/lang/Module 1 1 1070 10 7 12 1 1 1 9 7 12 1 1 1 10 7 12 1 1 1 9 12 1 9 12 1 1 9 12 1 1 10 12 1 1 10 12 1 10 12 1 1 10 7 12 1 1 1 7 1 10 7 12 1 1 1 10 12 1 1 11 7 12 1 1 1 10 12 1 1 10 7 12 1 1 1 10 12 1 1 10 7 12 1 1 1 9 100 12 1 1 1 10 100 12 1 1 1 10 12 1 8 1 10 7 12 1 1 1 10 7 12 1 1 1 10 7 12 1 1 1 10 12 1 10 12 1 9 12 1 1 10 100 12 1 1 100 1 7 1 10 8 1 10 12 1 1 10 12 1 10 12 10 12 1 10 7 12 1 1 8 1 8 1 10 8 1 8 1 9 12 1 1 8 1 10 100 12 1 1 1 10 12 1 9 12 1 1 11 12 1 9 7 12 1 1 10 7 12 1 1 1 10 100 12 1 1 1 10 12 1 1 8 1 10 12 1 1 10 12 1 10 12 1 1 9 7 12 1 1 1 10 12 1 1 10 12 1 1 9 12 1 10 12 1 10 12 1 9 12 1 1 11 7 12 1 1 10 12 1 1 9 12 1 9 12 1 10 12 1 10 12 1 100 1 8 1 10 10 12 1 1 10 12 1 8 1 10 12 1 1 8 1 8 1 10 12 1 1 10 12 1 10 12 1 1 18 12 1 1 10 12 1 1 11 12 1 9 12 1 11 12 10 100 12 1 1 100 1 8 1 10 11 12 1 1 10 7 12 1 1 1 10 12 1 10 12 1 1 11 12 1 1 11 7 12 1 1 11 12 1 1 9 12 1 11 12 1 10 12 1 1 10 12 1 1 9 12 1 10 12 10 7 12 1 1 10 7 1 18 12 1 1 11 100 12 1 1 1 18 12 1 11 12 1 1 10 100 12 1 1 1 11 12 1 1 10 7 12 1 1 7 1 11 12 1 7 1 7 1 10 12 1 10 7 12 1 1 1 10 11 7 12 1 8 1 10 10 12 1 1 10 7 12 1 1 10 12 1 10 12 1 7 1 10 12 1 10 11 12 1 1 10 12 10 12 1 1 9 12 1 1 100 1 10 10 12 1 1 11 7 1 10 12 1 1 11 12 1 10 10 12 1 11 10 12 1 1 10 12 1 1 10 12 1 1 10 7 12 1 1 10 12 1 10 12 1 1 10 10 12 1 1 10 12 1 18 12 1 11 12 1 18 12 1 10 12 1 10 12 1 10 12 7 1 10 12 1 10 12 1 10 12 1 9 12 1 7 1 10 10 10 10 12 1 10 12 1 10 12 1 10 12 1 1 10 12 1 1 10 12 1 9 12 1 18 12 1 1 10 100 12 1 1 1 100 1 8 1 10 12 1 1 10 12 1 1 10 100 12 1 1 100 1 10 12 1 1 100 1 8 1 10 12 1 1 100 1 11 12 1 1 10 100 12 1 1 1 18 12 1 1 11 100 12 1 1 1 100 1 10 12 1 10 12 1 1 100 1 100 1 10 12 8 1 10 12 1 1 10 12 1 1 10 100 12 1 1 10 12 1 1 10 12 1 10 12 10 12 1 1 100 1 10 10 12 1 1 10 100 12 1 1 1 100 1 10 12 1 1 10 7 12 1 1 8 1 18 12 1 1 100 1 100 1 9 12 1 1 9 12 1 9 12 1 11 100 12 1 1 1 100 1 11 12 1 1 100 1 10 12 1 8 1 10 12 1 10 12 10 12 1 8 1 10 10 100 12 1 1 7 1 10 10 12 1 10 7 12 1 1 9 12 1 9 12 1 9 12 1 9 12 1 10 12 11 12 1 10 12 1 100 1 1 1 1 1 1 1 1 1 1 1 1 1 1 1 1 1 1 1 100 1 1 1 1 1 1 1 1 1 1 1 1 1 1 1 1 1 1 1 1 1 1 1 1 1 1 1 1 1 1 1 1 1 1 1 1 1 1 1 1 1 1 1 1 1 1 1 1 1 1 1 1 1 1 1 1 1 1 1 1 1 1 1 1 1 1 1 1 1 1 1 1 1 1 1 1 1 1 1 1 1 1 1 1 1 1 1 1 1 1 1 1 1 1 1 100 100 1 1 1 1 1 1 1 1 1 1 1 1 1 1 1 1 1 1 1 1 1 1 1 1 1 1 1 100 1 7 1 1 1 1 1 1 1 1 1 1 1 1 1 1 1 1 1 1 1 1 100 1 1 1 1 1 1 1 1 1 1 1 1 1 1 1 1 1 1 1 1 1 1 1 16 15 10 12 16 16 15 10 12 16 16 15 10 16 1 15 10 12 16 1 15 10 12 16 1 16 15 10 12 16 16 1 15 10 12 16 15 10 7 12 1 1 1 15 10 100 12 1 1 1 1 1 1 1 1 1 1 1 100 1 100 1 1 100 1 100 1 1
staticfield java/lang/Module ALL_UNNAMED_MODULE Ljava/lang/Module; java/lang/Module
staticfield java/lang/Module ALL_UNNAMED_MODULE_SET Ljava/util/Set; java/util/ImmutableCollections$Set12
staticfield java/lang/Module EVERYONE_MODULE Ljava/lang/Module; java/lang/Module
staticfield java/lang/Module EVERYONE_SET Ljava/util/Set; java/util/ImmutableCollections$Set12
staticfield java/lang/Module $assertionsDisabled Z 1
instanceKlass java/lang/reflect/Executable
instanceKlass java/lang/reflect/Field
ciInstanceKlass java/lang/reflect/AccessibleObject 1 1 400 10 7 12 1 1 1 9 100 12 1 1 1 10 100 12 1 1 1 10 7 12 1 1 10 7 12 1 1 1 10 100 12 1 1 1 10 12 1 1 10 12 1 1 9 12 1 1 7 1 10 7 12 1 1 1 11 12 1 100 1 10 12 1 7 1 100 1 10 12 1 10 12 1 1 10 12 1 1 10 12 1 1 10 12 1 1 7 1 10 7 12 1 1 1 10 12 1 1 11 10 7 12 1 1 1 10 12 1 1 10 12 1 10 12 1 10 12 1 1 10 12 1 8 1 100 1 100 1 10 10 12 1 1 8 1 10 12 1 10 12 1 8 1 8 1 8 1 8 1 8 1 8 1 8 1 8 1 8 1 100 1 10 12 1 10 12 1 9 12 1 1 10 12 1 1 10 12 1 10 100 1 100 1 8 1 10 8 1 10 12 1 8 1 10 12 1 10 12 1 1 10 100 1 8 1 10 11 7 12 1 1 1 10 12 1 1 10 12 1 1 10 12 1 1 9 12 1 1 100 1 10 12 1 7 1 10 12 1 10 12 1 1 10 100 1 10 12 1 10 12 10 12 1 10 12 1 10 12 1 1 10 12 1 9 12 1 10 7 12 1 1 8 1 10 7 12 1 1 1 8 1 10 100 12 1 1 1 9 12 1 100 1 10 7 1 10 10 7 12 1 1 1 7 1 10 10 7 12 1 1 1 7 1 9 12 1 1 1 1 1 1 1 1 1 1 1 1 1 1 1 1 1 1 1 1 1 1 1 1 1 1 1 1 1 1 1 1 1 1 1 1 1 1 1 1 1 1 1 1 1 1 1 1 1 1 1 1 1 1 1 1 1 1 1 1 1 1 1 1 1 1 1 1 1 1 1 1 1 1 1 1 1 1 1 1 1 1 1 1
staticfield java/lang/reflect/AccessibleObject reflectionFactory Ljdk/internal/reflect/ReflectionFactory; jdk/internal/reflect/ReflectionFactory
ciInstanceKlass java/lang/reflect/Member 1 1 37 100 1 10 12 1 1 100 1 100 1 1 1 1 3 1 3 1 1 1 1 1 1 1 1 1 1 1 1 1 1 1 1 1 1 1 1
ciInstanceKlass java/lang/reflect/Field 1 1 457 9 7 12 1 1 1 10 12 1 1 10 100 12 1 1 1 10 100 12 1 1 9 12 1 1 10 12 1 1 10 12 1 1 10 100 12 1 1 10 7 12 1 1 1 9 12 1 1 9 12 1 9 12 1 9 12 1 1 9 12 1 1 9 12 1 9 12 1 1 9 12 1 1 100 1 8 1 10 12 1 10 12 1 9 12 1 1 9 12 1 10 12 1 10 7 12 1 1 10 12 1 1 10 12 1 1 10 12 1 10 12 1 1 9 100 12 1 1 1 10 100 12 1 1 1 7 1 10 12 1 1 10 12 1 1 10 12 1 1 10 12 1 10 12 1 10 7 1 10 7 12 1 1 100 1 10 8 1 10 12 1 1 10 12 1 1 8 1 10 12 10 12 1 8 1 8 1 10 11 100 1 9 12 1 10 12 1 1 10 12 1 1 11 7 12 1 1 1 10 12 1 11 12 1 1 11 12 1 1 11 12 1 1 11 12 1 1 11 12 1 1 11 12 1 1 11 12 1 1 11 12 1 1 11 12 1 1 11 12 1 1 11 12 1 1 11 12 1 1 11 12 1 1 11 12 1 1 11 12 1 1 11 12 1 1 11 12 1 1 10 12 1 10 100 12 1 1 10 12 1 10 12 1 10 12 1 9 12 1 1 10 7 12 1 1 1 10 12 1 1 10 12 1 10 7 12 1 1 10 12 1 1 11 7 1 10 12 1 7 1 10 100 12 1 1 1 10 7 12 1 1 1 9 12 1 10 7 12 1 1 1 11 7 12 1 1 1 10 12 1 1 10 12 1 1 9 100 12 1 1 10 100 12 1 1 1 10 12 1 1 100 1 1 1 1 1 1 1 1 1 1 1 1 1 1 1 1 1 1 1 1 1 1 1 1 1 1 1 1 1 1 1 1 1 1 1 1 1 1 1 100 1 1 1 1 1 1 1 1 1 1 1 1 1 1 1 1 1 1 1 1 1 1 1 1 1 1 1 1 1 1 1 1 100 1 1 1 1 1 1 1 1 1 100 1 1
ciInstanceKlass java/lang/reflect/Parameter 0 0 243 10 100 12 1 1 1 9 100 12 1 1 1 9 12 1 1 9 12 1 1 9 12 1 10 12 1 1 10 12 1 1 10 100 12 1 1 1 100 1 10 10 12 1 1 11 100 12 1 1 1 10 12 1 10 100 12 1 1 1 10 12 1 1 10 12 1 10 12 1 8 1 8 1 10 100 12 1 1 1 10 12 1 10 12 9 100 12 1 1 1 10 100 12 1 1 1 10 12 1 8 1 10 12 1 9 12 1 1 10 12 1 1 9 12 1 1 10 12 1 1 10 12 1 1 10 12 1 1 10 12 1 10 10 12 1 10 100 12 1 1 1 10 12 1 1 11 100 12 1 1 10 100 12 1 1 100 1 10 100 12 1 1 1 10 12 1 1 10 12 1 1 10 12 1 1 10 12 1 1 9 12 1 100 1 10 11 12 1 1 11 12 1 1 100 1 1 1 1 1 1 1 1 1 1 1 1 1 1 1 1 1 1 1 1 1 1 1 1 1 1 1 1 1 1 1 1 1 1 1 1 1 1 1 1 1 100 1 1 1 1 1 1
instanceKlass java/lang/reflect/Constructor
instanceKlass java/lang/reflect/Method
ciInstanceKlass java/lang/reflect/Executable 1 1 581 10 7 12 1 1 1 10 7 12 1 1 1 10 7 12 1 1 1 11 7 12 1 1 1 10 7 12 1 1 1 10 12 1 1 10 7 12 1 1 1 10 100 12 1 1 1 10 12 1 8 1 10 10 12 1 1 10 12 1 1 10 100 12 1 1 1 18 12 1 1 11 100 12 1 1 1 8 1 8 1 8 1 10 100 12 1 1 1 11 12 1 1 100 1 8 1 8 1 10 12 1 100 1 8 1 10 12 1 8 1 11 100 12 1 1 1 100 1 11 100 12 1 1 1 11 12 1 8 1 18 8 1 10 12 1 10 12 1 1 18 8 1 10 12 1 100 1 10 12 1 10 12 1 11 12 1 10 12 1 1 8 1 8 1 10 12 1 1 10 12 1 1 10 10 12 1 9 100 12 1 1 1 10 100 12 1 1 1 10 12 1 10 12 1 1 10 7 12 1 1 10 12 1 10 12 1 10 12 1 10 7 12 1 1 100 1 10 100 12 1 1 1 10 12 1 1 10 100 12 1 1 10 12 1 10 12 1 1 9 100 12 1 1 1 10 100 10 12 1 8 1 10 12 1 10 12 1 3 100 1 8 1 10 12 1 10 12 1 10 10 12 1 10 12 1 1 8 1 8 1 8 1 9 12 1 1 9 12 1 10 12 1 100 1 8 1 10 12 1 10 12 1 10 12 1 1 10 12 1 1 10 12 1 10 12 10 12 1 100 1 10 12 1 10 12 1 1 100 1 10 100 12 1 1 1 100 1 10 7 12 1 1 1 10 12 1 1 11 7 12 1 1 10 12 1 10 100 12 1 1 1 10 12 1 1 9 12 1 10 12 1 1 10 12 1 10 12 1 1 9 100 12 1 1 1 10 100 12 1 1 1 10 12 1 10 12 1 1 9 12 1 10 10 10 10 100 12 1 1 1 10 12 1 9 12 1 10 12 1 1 9 12 1 100 1 100 1 1 1 1 1 1 1 1 1 1 1 1 1 1 1 1 1 1 1 1 1 1 1 1 1 1 1 1 1 1 1 1 1 1 1 1 100 1 1 1 1 1 1 1 1 1 1 1 1 1 1 1 1 1 1 1 100 1 1 1 1 1 1 1 1 1 1 1 1 1 1 1 1 1 1 1 1 1 1 1 1 1 1 1 1 1 1 1 1 1 1 1 1 1 1 1 1 1 1 1 100 1 1 1 1 1 1 1 1 1 1 1 1 1 1 1 1 1 1 1 1 1 1 100 1 1 16 15 16 1 16 1 15 10 12 16 15 10 100 12 1 1 1 1 1 1 100 1 1 100 1 100 1 1
ciInstanceKlass java/lang/reflect/Method 1 1 472 9 7 12 1 1 1 10 7 12 1 1 1 10 7 12 1 1 9 12 1 1 10 12 1 1 10 12 1 1 10 7 12 1 1 10 7 12 1 1 1 9 12 1 1 9 12 1 9 12 1 1 9 12 1 9 12 1 9 12 1 1 9 12 1 9 12 1 1 9 12 1 9 12 1 9 12 1 1 100 1 8 1 10 12 1 10 12 1 9 12 1 1 8 1 10 7 12 1 1 10 7 12 1 1 1 10 12 1 1 10 12 1 1 10 12 1 10 12 1 1 10 12 1 1 9 100 12 1 1 1 10 12 1 1 10 12 10 7 12 1 1 10 12 1 1 10 12 1 10 12 1 10 12 1 10 7 12 1 1 1 10 12 1 1 10 7 1 10 100 12 1 1 1 10 7 12 1 1 10 12 1 1 10 12 1 1 10 12 1 10 7 12 1 1 1 10 12 1 10 8 1 10 12 1 10 12 1 7 1 8 1 8 1 8 1 10 12 1 10 12 1 1 10 12 1 1 10 10 12 1 1 10 12 1 11 100 1 10 12 1 9 12 1 1 10 12 1 1 10 12 1 10 12 1 1 10 12 1 1 11 7 12 1 1 1 11 12 1 9 12 1 1 10 12 1 10 12 1 10 12 1 10 12 1 10 12 1 10 12 1 9 12 1 1 10 7 12 1 1 1 10 7 12 1 1 10 12 1 1 10 7 12 1 1 1 10 7 12 1 1 1 10 7 12 1 1 1 11 7 12 1 1 1 10 7 12 1 1 1 7 1 100 1 100 1 10 12 1 10 12 1 1 10 12 1 100 1 8 1 10 12 1 10 10 12 1 1 10 12 1 1 10 12 1 1 10 12 1 1 8 1 10 12 1 1 1 1 1 1 1 1 1 1 1 1 1 1 1 1 1 1 1 1 1 1 1 1 1 1 1 1 1 1 1 1 1 1 1 1 1 1 1 1 1 1 1 1 1 1 1 1 1 1 1 1 1 100 1 100 1 100 1 1 1 1 1 1 1 1 1 1 1 1 1 1 1 1 1 1 1 1 1 1 1 1 1 1 1 1 1 1
ciInstanceKlass java/lang/reflect/Constructor 1 1 439 10 7 12 1 1 1 10 7 12 1 1 9 7 12 1 1 1 10 12 1 1 10 12 1 1 10 7 12 1 1 9 12 1 1 10 7 12 1 1 1 9 12 1 1 9 12 1 1 9 12 1 9 12 1 1 9 12 1 9 12 1 1 9 12 1 1 9 12 1 100 1 8 1 10 12 1 10 12 1 9 12 1 1 10 7 12 1 1 10 7 12 1 1 1 10 12 1 1 10 12 1 1 10 12 1 7 1 100 1 8 1 10 10 12 1 10 12 1 10 12 1 1 10 12 1 1 9 100 12 1 1 1 10 7 12 1 1 10 12 1 1 10 12 1 10 12 1 1 10 100 12 1 1 1 10 100 12 1 1 10 12 1 1 10 12 1 10 100 12 1 1 1 8 1 10 10 12 1 100 1 8 1 10 12 1 10 12 1 1 10 12 1 1 10 12 1 10 12 1 10 12 1 1 10 12 1 1 9 12 1 1 10 12 1 1 10 12 1 1 10 12 1 1 11 7 12 1 1 1 10 12 1 1 10 12 1 10 12 1 10 12 1 8 1 9 12 1 1 10 7 12 1 1 1 10 7 12 1 1 10 12 1 1 10 12 1 1 10 12 1 1 10 12 1 1 10 12 1 9 100 12 1 1 10 12 1 10 12 1 10 12 1 100 1 8 1 10 10 12 1 1 10 12 1 10 10 12 1 1 10 12 1 1 10 100 12 1 1 1 11 100 12 1 1 1 10 12 1 1 9 100 12 1 1 1 10 100 12 1 1 1 10 12 1 1 1 1 1 1 1 1 1 1 1 1 1 1 1 1 1 1 1 1 1 1 1 1 1 1 1 1 1 1 1 1 1 1 1 1 1 1 1 1 1 1 1 1 1 1 1 1 1 1 1 1 100 1 100 1 100 1 100 1 1 1 1 1 1 1 1 1 1 1 1 1 1 1 1 1 1 1 1 1 1 1 1 1 1 1 1 1 1 1 1 1 100 1 1
ciInstanceKlass jdk/internal/vm/ContinuationScope 0 0 50 10 100 12 1 1 1 10 100 12 1 1 1 100 1 9 100 12 1 1 1 10 12 1 1 10 100 12 1 1 1 10 12 1 1 10 12 1 1 1 1 1 1 1 1 1 1 1 1 1
ciInstanceKlass jdk/internal/vm/Continuation 0 0 549 9 100 12 1 1 1 9 12 1 9 12 1 100 1 100 1 10 12 1 1 8 1 10 12 1 1 10 12 1 10 12 1 1 10 12 1 9 100 12 1 1 1 11 100 12 1 1 1 10 100 1 9 12 1 1 9 12 1 1 10 8 1 10 12 1 9 12 1 1 10 11 12 1 1 100 1 10 100 12 1 1 1 10 12 1 1 10 12 1 10 12 1 1 11 12 1 1 9 12 1 1 10 12 1 1 18 12 1 1 10 100 12 1 1 1 100 1 10 12 1 11 100 12 1 1 1 10 12 1 9 12 1 10 12 1 1 100 1 8 1 10 12 1 10 12 1 1 9 12 1 1 11 12 1 1 9 12 1 1 8 1 10 11 12 1 1 11 12 1 1 10 12 1 1 10 12 1 1 9 12 1 10 12 1 10 10 12 1 8 1 10 12 1 8 1 8 1 10 100 12 1 1 1 10 100 12 1 1 1 10 12 1 9 12 1 11 12 1 100 1 10 12 1 10 12 1 1 9 12 1 1 100 1 10 12 1 1 9 12 1 1 10 12 1 10 12 1 11 100 12 1 1 10 100 1 10 12 1 8 1 9 12 1 10 12 1 1 9 12 1 1 10 100 12 1 1 8 1 8 1 8 1 8 1 10 12 1 1 10 12 1 10 12 1 10 12 1 10 12 1 1 10 12 1 1 8 1 10 12 1 1 9 12 1 1 10 12 1 1 9 12 1 8 1 10 100 12 1 1 1 10 12 1 8 1 100 1 8 1 10 9 12 1 1 8 1 10 100 12 1 1 10 100 12 1 1 8 1 8 1 10 12 10 100 12 1 1 1 10 100 1 10 100 12 1 1 1 18 11 100 12 1 1 1 18 12 1 11 12 1 1 100 1 10 100 12 1 1 10 12 1 1 8 10 12 1 1 10 100 12 1 1 1 10 100 12 1 1 10 12 1 8 1 10 12 1 100 1 100 1 10 12 1 1 1 1 1 1 1 1 1 1 1 1 1 1 1 1 1 1 1 1 1 1 1 1 1 1 1 1 1 1 1 1 1 1 1 1 1 1 1 1 1 1 1 1 1 1 1 1 1 1 1 1 1 1 1 1 1 1 1 1 1 1 1 1 1 1 1 1 1 1 1 1 1 1 1 100 1 1 16 1 15 10 12 16 15 11 100 12 1 1 1 16 1 16 1 15 10 12 16 15 10 100 12 1 1 1 1 1 1 1 1 100 1 100 1 1
ciInstanceKlass jdk/internal/vm/StackChunk 0 0 32 10 100 12 1 1 1 9 100 12 1 1 1 9 12 1 1 9 12 1 1 1 1 1 1 1 1 1 1 1 1 1
instanceKlass jdk/internal/reflect/FieldAccessorImpl
instanceKlass jdk/internal/reflect/ConstructorAccessorImpl
instanceKlass jdk/internal/reflect/MethodAccessorImpl
ciInstanceKlass jdk/internal/reflect/MagicAccessorImpl 1 1 16 10 7 12 1 1 1 100 1 1 1 1 1 1 1 1
ciInstanceKlass jdk/internal/reflect/MethodAccessor 1 0 17 100 1 100 1 1 1 1 100 1 100 1 1 1 1 1 1
instanceKlass jdk/internal/reflect/DirectMethodHandleAccessor
ciInstanceKlass jdk/internal/reflect/MethodAccessorImpl 1 1 38 10 7 12 1 1 1 10 100 12 1 1 1 100 1 1 1 1 1 1 1 100 1 100 1 1 1 1 1 1 1 1 1 1 1 1 1 1
ciInstanceKlass jdk/internal/reflect/ConstructorAccessor 1 0 16 100 1 100 1 1 1 1 100 1 100 1 100 1 1 1
instanceKlass jdk/internal/reflect/DirectConstructorHandleAccessor$NativeAccessor
instanceKlass jdk/internal/reflect/DirectConstructorHandleAccessor
instanceKlass jdk/internal/reflect/NativeConstructorAccessorImpl
ciInstanceKlass jdk/internal/reflect/ConstructorAccessorImpl 1 1 27 10 7 12 1 1 1 100 1 100 1 1 1 1 1 1 1 1 1 100 1 100 1 100 1 1 1
ciInstanceKlass jdk/internal/reflect/DelegatingClassLoader 0 0 18 10 100 12 1 1 1 100 1 1 1 1 1 1 1 1 1 1
ciInstanceKlass jdk/internal/reflect/ConstantPool 1 1 142 10 100 12 1 1 1 9 7 12 1 1 1 10 12 1 1 10 12 1 1 10 12 1 10 12 1 1 10 12 1 1 10 12 1 10 12 1 1 10 12 1 10 12 1 1 10 12 1 10 12 1 10 12 1 10 12 1 1 10 12 1 1 10 12 1 1 10 12 1 1 10 12 1 10 12 1 1 10 100 12 1 1 1 8 11 7 12 1 1 1 10 7 12 1 1 1 1 1 1 1 1 1 1 1 1 1 1 1 1 1 1 1 1 1 1 1 1 1 1 1 1 1 1 1 1 1 1 1 1 1 1 1 1 1 1 1 1 1 1 1 1
ciInstanceKlass jdk/internal/reflect/FieldAccessor 1 0 48 100 1 100 1 1 1 1 100 1 1 1 1 1 1 1 1 1 1 1 1 1 1 1 1 1 1 1 100 1 1 1 1 1 1 1 1 1 1 1 1 1 1 1 1 1 1 1
instanceKlass jdk/internal/reflect/MethodHandleFieldAccessorImpl
instanceKlass jdk/internal/reflect/UnsafeFieldAccessorImpl
ciInstanceKlass jdk/internal/reflect/FieldAccessorImpl 1 1 269 10 7 12 1 1 1 9 7 12 1 1 1 10 100 12 1 1 1 10 100 12 1 1 10 100 12 1 1 1 10 12 1 1 100 1 10 10 12 1 1 10 12 1 1 8 1 10 10 12 1 100 1 8 1 10 12 1 8 1 10 12 1 8 1 10 12 1 100 1 10 12 1 1 10 8 1 10 12 1 1 8 1 10 100 12 1 1 8 1 10 100 12 1 1 8 1 10 100 12 1 1 8 1 10 100 12 1 1 8 1 10 100 12 1 1 8 1 10 100 12 1 1 8 1 10 100 12 1 1 8 1 10 100 12 1 1 10 12 1 1 8 1 10 12 1 1 10 100 12 1 1 1 8 1 10 12 1 8 1 8 1 8 1 8 1 10 100 12 1 1 1 8 1 8 1 8 1 10 12 100 1 1 1 1 1 1 1 1 1 1 1 1 1 1 1 1 1 1 1 1 1 1 1 1 1 1 1 1 1 1 1 1 1 1 1 1 1 1 1 1 1 1 1 1 1 1 1 1 1 1 1 1 1 1 1 1 1 1 1 1 1 1 1 1 1 1 1 1 1 1 1 1 1 1 1 1 1 1 1 1 1 1 1 1 1 1 1 1
instanceKlass jdk/internal/reflect/UnsafeStaticFieldAccessorImpl
ciInstanceKlass jdk/internal/reflect/UnsafeFieldAccessorImpl 0 0 62 10 100 12 1 1 1 10 100 12 1 1 1 10 100 12 1 1 1 9 100 12 1 1 10 12 1 9 12 1 1 10 100 12 1 1 1 9 12 1 1 10 12 1 10 12 1 1 1 1 1 1 1 1 1 1 1 1 1 1 1 1
ciInstanceKlass jdk/internal/reflect/UnsafeStaticFieldAccessorImpl 0 0 47 10 100 12 1 1 1 9 100 12 1 1 1 10 100 12 1 1 1 9 12 1 1 8 11 100 12 1 1 1 10 100 12 1 1 1 1 1 1 1 1 1 1 1 1 1 1
ciInstanceKlass java/lang/annotation/Annotation 1 1 17 100 1 100 1 1 1 1 1 1 1 1 1 1 1 1 1
ciInstanceKlass jdk/internal/reflect/CallerSensitive 0 0 17 100 1 100 1 100 1 1 1 1 1 1 1 1 1 1 1
ciInstanceKlass jdk/internal/reflect/NativeConstructorAccessorImpl 0 0 125 10 100 12 1 1 1 9 100 12 1 1 1 100 1 10 12 1 9 12 1 1 9 12 1 1 10 100 12 1 1 1 10 100 12 1 1 1 10 100 12 1 1 1 9 12 1 9 12 1 1 9 12 1 1 10 100 12 1 1 1 100 1 10 10 12 1 1 10 12 1 10 12 1 1 10 12 1 100 1 10 12 1 1 10 12 1 1 8 10 12 1 1 1 1 1 1 1 1 1 1 1 1 1 1 1 1 1 1 1 1 1 1 100 1 100 1 100 1 1 1 1 1 1 1
instanceKlass java/lang/invoke/DelegatingMethodHandle
instanceKlass java/lang/invoke/BoundMethodHandle
instanceKlass java/lang/invoke/DirectMethodHandle
ciInstanceKlass java/lang/invoke/MethodHandle 1 1 733 100 1 9 7 12 1 1 1 10 7 12 1 1 1 10 7 12 1 1 1 7 1 7 1 10 12 1 1 9 12 1 1 10 12 1 10 12 1 1 10 12 1 1 10 100 12 1 1 1 10 12 1 1 10 12 1 1 11 100 12 1 1 1 10 12 1 1 10 12 1 10 12 1 10 12 1 1 9 12 1 1 9 12 1 1 10 100 12 1 1 1 10 12 1 1 10 12 1 10 12 1 100 1 100 1 10 8 1 10 12 1 1 10 12 1 8 1 10 12 1 1 10 12 1 10 7 12 1 1 1 10 12 1 1 10 12 1 1 10 12 1 1 10 7 12 1 1 1 10 12 1 1 10 12 1 1 10 12 1 10 12 1 1 10 100 12 1 1 10 7 12 1 1 10 12 1 10 12 1 10 12 1 1 10 12 1 1 10 12 1 1 10 12 1 1 10 7 12 1 1 1 10 7 12 1 1 1 10 12 1 1 10 12 1 1 10 12 1 1 8 1 10 7 12 1 1 1 8 1 10 12 1 10 12 1 1 10 12 1 1 10 12 1 8 1 10 12 1 1 8 1 10 12 1 8 1 10 100 12 1 1 1 9 12 1 1 100 1 10 9 100 12 1 1 1 9 100 1 8 1 10 12 1 1 10 12 1 10 12 1 1 10 12 1 10 12 1 1 10 12 1 10 12 1 1 10 12 1 10 12 1 1 10 12 1 1 8 1 10 12 1 1 8 1 10 12 1 10 12 1 1 10 12 1 10 12 1 10 12 1 1 9 100 12 1 1 1 10 12 1 1 11 12 1 10 12 1 10 12 1 1 10 100 12 1 1 100 1 11 12 1 10 100 1 11 12 1 100 1 10 12 1 11 12 1 9 100 12 1 1 1 11 12 1 1 11 100 12 1 1 1 10 12 1 1 9 12 1 11 12 1 9 12 1 9 12 1 9 12 1 11 12 1 1 9 12 1 9 12 1 9 12 1 9 12 1 9 12 1 9 12 1 9 12 1 8 1 10 12 1 10 12 1 8 1 10 12 1 10 12 1 10 12 1 1 10 10 10 7 12 1 1 10 12 1 1 100 1 100 1 8 1 8 1 10 10 12 1 1 10 12 1 10 12 1 100 1 10 100 12 1 1 1 10 9 7 12 1 1 1 10 12 1 1 10 12 1 1 8 1 8 1 10 100 12 1 1 9 12 1 9 12 1 1 9 12 1 1 10 12 1 7 1 10 12 1 10 12 1 1 9 12 1 1 9 12 1 1 10 7 12 1 1 1 11 7 12 1 1 9 12 1 10 12 1 1 9 12 1 10 12 1 8 10 12 1 1 8 1 1 1 1 1 1 1 1 100 1 1 1 1 1 1 1 1 1 1 1 1 1 1 1 1 1 1 1 1 1 1 1 1 1 1 1 1 1 1 100 1 1 1 1 1 1 1 1 1 1 1 1 1 1 1 1 1 1 1 1 1 1 1 1 1 1 1 1 1 1 1 1 1 1 1 1 1 1 1 1 1 1 1 1 1 1 1 1 1 1 1 1 1 1 1 1 1 1 1 1 1 1 1 1 1 1 1 1 1 1 1 1 1 1 1 1 1 1 1 1 1 1 1 1 1 1 100 1 1 100 1 100 1 100 1 1 100 1 1 100 1 1 1 1
staticfield java/lang/invoke/MethodHandle FORM_OFFSET J 20
staticfield java/lang/invoke/MethodHandle UPDATE_OFFSET J 13
staticfield java/lang/invoke/MethodHandle $assertionsDisabled Z 1
instanceKlass java/lang/invoke/DirectMethodHandle$Interface
instanceKlass java/lang/invoke/DirectMethodHandle$Special
instanceKlass java/lang/invoke/DirectMethodHandle$Constructor
instanceKlass java/lang/invoke/DirectMethodHandle$Accessor
instanceKlass java/lang/invoke/DirectMethodHandle$StaticAccessor
ciInstanceKlass java/lang/invoke/DirectMethodHandle 1 1 923 7 1 7 1 100 1 7 1 7 1 10 7 12 1 1 1 10 7 12 1 1 1 100 1 10 12 1 10 12 1 1 10 7 12 1 1 10 12 1 1 10 12 1 10 12 1 7 1 10 12 1 1 10 12 1 1 10 12 1 10 12 1 1 10 7 12 1 1 1 10 12 1 9 12 1 1 100 1 10 9 12 1 1 9 12 1 10 12 1 10 12 1 10 12 1 1 10 12 1 10 12 1 10 12 1 10 7 12 1 1 1 10 12 1 10 12 1 1 8 1 10 12 1 1 7 1 10 12 1 7 1 10 10 12 1 10 12 1 10 12 1 10 7 12 1 1 1 10 12 1 1 7 1 10 12 1 10 12 1 7 1 10 12 1 10 12 1 1 10 12 1 1 10 12 1 8 10 100 12 1 1 1 10 12 1 10 12 1 10 12 1 1 10 12 1 9 7 12 1 1 1 7 1 10 12 1 10 7 12 1 1 1 10 12 1 10 12 1 1 9 12 1 1 100 1 10 8 1 10 12 1 1 10 12 1 1 8 1 10 12 1 10 12 1 10 10 12 1 10 12 1 10 12 1 10 12 1 10 12 1 1 10 12 1 10 12 1 1 10 12 1 10 12 1 1 10 10 7 12 1 1 1 10 12 1 10 12 1 1 10 12 1 10 12 1 1 8 1 9 7 12 1 1 1 8 1 9 12 1 9 12 1 8 1 9 12 1 9 12 1 8 1 9 12 1 9 12 1 8 1 10 12 1 10 12 1 1 9 12 1 1 7 1 10 12 1 1 100 1 10 7 12 1 1 1 10 12 1 1 10 12 1 10 12 1 1 7 1 10 12 1 1 10 12 1 10 12 1 1 7 1 10 12 1 1 10 12 1 10 7 12 1 1 1 10 12 1 10 12 1 1 10 12 1 9 12 1 1 10 7 1 9 12 9 12 1 10 7 12 1 1 1 10 12 1 7 1 7 1 7 1 9 12 1 1 10 7 12 1 1 1 10 12 10 12 1 7 1 10 12 1 10 12 1 1 8 1 9 12 1 9 12 1 10 12 1 1 9 12 1 1 10 7 12 1 1 1 9 12 1 1 9 12 1 1 10 12 1 10 12 1 10 12 1 10 12 1 1 10 12 1 9 12 1 10 12 1 10 12 1 10 12 1 10 12 1 1 10 12 1 1 9 12 1 1 10 12 1 1 9 7 12 1 1 1 9 12 1 9 12 1 9 12 1 9 12 1 9 12 1 9 12 1 9 12 1 9 12 1 9 12 1 9 12 1 9 12 1 9 12 1 9 12 1 9 12 1 9 12 1 9 12 1 9 12 1 9 12 1 9 12 1 9 12 1 9 12 1 9 12 1 9 12 1 9 12 1 9 12 1 9 12 1 9 12 1 9 12 1 9 12 1 9 12 1 9 12 1 9 12 1 9 12 1 9 12 1 9 12 1 9 12 1 8 1 9 12 1 1 9 12 1 1 10 12 1 10 12 1 1 9 7 1 10 12 1 9 12 1 1 10 12 10 12 1 10 12 1 10 12 1 10 12 1 10 8 1 8 1 8 1 8 1 10 12 1 1 9 12 1 1 10 12 1 10 100 12 1 1 1 8 9 12 1 1 10 12 1 1 8 1 8 8 9 12 1 8 1 8 8 8 8 8 1 8 10 12 1 7 1 10 12 1 8 1 8 1 10 12 1 10 12 1 10 12 1 10 12 1 1 7 1 1 1 1 3 1 3 1 3 1 3 1 3 1 3 1 3 1 3 1 3 1 3 1 1 1 1 1 1 1 1 1 1 3 1 3 1 1 1 1 3 1 1 1 1 1 1 1 1 1 1 1 1 1 1 1 1 1 1 1 1 1 1 1 1 1 1 1 1 1 1 1 1 1 1 1 1 1 1 1 1 1 1 1 1 1 1 1 1 1 1 1 1 1 1 1 1 1 100 1 1 1 1 1 1 1 1 1 100 1 1 1 1 1 1 1 1 1 1 1 1 1 1 1 1 1 1 1 1 1 1 1 1 1 1 1 1 1 1 1 1 1 1 1 1 1 1 1 1 1 1 1 1 1 1 1 1 1 1 1 1
staticfield java/lang/invoke/DirectMethodHandle IMPL_NAMES Ljava/lang/invoke/MemberName$Factory; java/lang/invoke/MemberName$Factory
staticfield java/lang/invoke/DirectMethodHandle FT_UNCHECKED_REF I 8
staticfield java/lang/invoke/DirectMethodHandle ACCESSOR_FORMS [Ljava/lang/invoke/LambdaForm; 132 [Ljava/lang/invoke/LambdaForm;
staticfield java/lang/invoke/DirectMethodHandle ALL_WRAPPERS [Lsun/invoke/util/Wrapper; 10 [Lsun/invoke/util/Wrapper;
staticfield java/lang/invoke/DirectMethodHandle NFS [Ljava/lang/invoke/LambdaForm$NamedFunction; 12 [Ljava/lang/invoke/LambdaForm$NamedFunction;
staticfield java/lang/invoke/DirectMethodHandle OBJ_OBJ_TYPE Ljava/lang/invoke/MethodType; java/lang/invoke/MethodType
staticfield java/lang/invoke/DirectMethodHandle LONG_OBJ_TYPE Ljava/lang/invoke/MethodType; java/lang/invoke/MethodType
staticfield java/lang/invoke/DirectMethodHandle $assertionsDisabled Z 1
ciInstanceKlass java/lang/invoke/DirectMethodHandle$StaticAccessor 1 1 96 10 7 12 1 1 1 10 7 12 1 1 1 9 7 12 1 1 1 9 12 1 1 9 12 1 1 10 7 12 1 1 1 9 12 1 1 9 12 1 1 10 12 1 9 12 1 10 12 1 1 100 1 10 12 1 9 12 1 1 10 12 1 1 10 12 1 1 1 1 1 1 1 1 1 1 1 1 1 1 1 1 1 1 1 1 1 1 1 1 1 1 1 1 1 1
staticfield java/lang/invoke/DirectMethodHandle$StaticAccessor $assertionsDisabled Z 1
ciInstanceKlass java/lang/invoke/DirectMethodHandle$Accessor 1 1 93 10 7 12 1 1 1 10 7 12 1 1 1 9 7 12 1 1 1 9 12 1 1 10 7 12 1 1 1 9 12 1 1 9 12 1 1 10 12 1 9 12 1 10 12 1 1 100 1 10 12 1 9 12 1 1 10 12 1 1 10 12 1 1 1 1 1 1 1 1 1 1 1 1 1 1 1 1 1 1 1 1 1 1 1 1 1 1 1 1 1 1 1
staticfield java/lang/invoke/DirectMethodHandle$Accessor $assertionsDisabled Z 1
instanceKlass java/lang/invoke/VarHandleByteArrayAsDoubles$ByteArrayViewVarHandle
instanceKlass java/lang/invoke/VarHandleByteArrayAsLongs$ByteArrayViewVarHandle
instanceKlass java/lang/invoke/VarHandleByteArrayAsFloats$ByteArrayViewVarHandle
instanceKlass java/lang/invoke/VarHandleByteArrayAsInts$ByteArrayViewVarHandle
instanceKlass java/lang/invoke/VarHandleByteArrayAsChars$ByteArrayViewVarHandle
instanceKlass java/lang/invoke/VarHandleByteArrayAsShorts$ByteArrayViewVarHandle
instanceKlass java/lang/invoke/VarHandleReferences$Array
instanceKlass java/lang/invoke/VarHandleInts$FieldInstanceReadOnly
instanceKlass java/lang/invoke/VarHandleReferences$FieldInstanceReadOnly
ciInstanceKlass java/lang/invoke/VarHandle 1 1 473 10 7 12 1 1 1 10 7 12 1 1 9 12 1 1 9 12 1 1 100 1 10 8 1 10 12 1 1 10 7 12 1 1 1 10 12 1 1 10 100 12 1 1 1 9 100 12 1 1 1 10 12 1 1 10 100 12 1 1 1 10 12 1 1 9 12 1 10 12 1 9 12 1 1 10 100 12 1 1 10 12 1 9 100 12 1 1 1 9 12 1 1 10 12 1 1 100 1 100 1 10 8 1 10 12 1 1 10 12 1 8 1 10 12 1 10 12 1 9 12 1 1 9 12 1 10 12 1 10 12 1 1 10 12 1 10 10 100 12 1 1 1 10 12 1 1 10 12 1 1 10 100 12 1 1 1 10 100 12 1 1 1 10 100 12 1 1 1 9 12 1 1 9 10 12 1 10 12 1 10 12 1 1 10 12 1 10 100 12 1 1 1 9 12 1 1 10 12 1 1 9 12 1 10 12 1 10 12 1 10 100 12 1 1 100 1 10 9 7 12 1 1 1 9 12 1 1 10 7 12 1 1 1 10 12 1 10 12 1 10 12 1 10 12 1 10 12 1 10 12 1 1 8 10 12 1 1 7 1 10 12 1 1 100 1 1 1 1 1 1 1 1 1 1 1 1 1 1 1 1 1 1 1 1 1 1 1 1 1 1 1 1 1 1 1 1 1 1 1 1 1 1 1 1 1 1 1 1 1 1 1 1 1 1 1 1 1 1 1 1 1 1 1 1 1 1 1 1 1 1 1 1 100 1 1 1 1 1 1 1 1 100 1 1 1 1 1 1 1 1 1 1 1 1 100 1 100 1 1 100 1 100 1 100 1 100 1 100 1 100 1 100 1 100 1 100 1 100 1 100 1 100 1 100 1 100 1 100 1 100 1 100 1 100 1 100 1 100 1 100 1 100 1 100 1 100 1 100 1 100 1 100 1 100 1 100 1 100 1 100 1 100 1 100 1 100 1 100 1 1 1 1 1 1 100 1 1 1 100 1 1 100 1 100 1 100 1 100 1 100 1 100 1 1 1 1 100 1 100 1 100 1 100 1 100 1 100 1 100 1 100 1
staticfield java/lang/invoke/VarHandle VFORM_OFFSET J 16
staticfield java/lang/invoke/VarHandle $assertionsDisabled Z 1
ciInstanceKlass java/lang/invoke/MemberName 1 1 724 7 1 7 1 100 1 9 12 1 1 10 7 12 1 1 1 9 12 1 1 10 12 1 1 10 12 1 1 10 12 1 1 10 12 1 10 12 1 1 10 7 12 1 1 1 10 12 1 9 7 12 1 1 10 12 1 100 1 100 1 10 12 1 8 1 10 12 1 1 10 12 1 10 12 1 1 10 12 1 9 12 1 1 8 1 10 100 12 1 1 1 7 1 10 10 12 1 1 7 1 7 1 10 12 1 9 12 1 1 100 1 8 1 10 12 1 10 12 1 10 12 1 10 12 1 10 12 1 1 10 12 1 10 12 1 10 12 1 1 8 1 8 1 10 12 1 8 1 9 12 1 1 3 10 12 1 10 12 1 10 12 1 10 10 7 12 1 1 1 10 12 1 10 12 1 10 12 1 10 12 1 7 1 8 10 12 1 1 10 12 1 1 8 1 9 100 1 8 9 100 1 10 12 1 1 10 12 1 10 12 1 8 1 10 12 1 1 10 12 1 10 12 1 10 12 1 10 12 1 1 100 1 10 12 1 1 10 12 1 8 1 10 12 1 10 12 1 8 1 10 12 1 1 10 12 1 1 100 1 10 12 1 1 10 12 8 1 8 1 100 1 10 12 1 10 100 12 1 1 1 100 1 10 12 10 12 1 10 12 1 10 12 1 10 12 1 10 10 12 1 10 12 1 10 12 1 3 10 12 1 3 10 12 1 3 3 3 3 3 3 10 12 1 3 9 12 1 10 12 1 1 3 10 12 1 10 10 7 12 1 1 1 10 12 1 1 10 7 12 1 1 10 10 12 1 10 12 1 1 10 12 1 10 10 12 1 1 10 12 1 10 12 1 10 12 1 100 1 10 10 10 12 100 1 10 10 10 12 1 1 10 12 1 1 10 10 12 1 8 10 7 1 10 12 1 10 7 1 10 12 1 10 12 1 10 12 1 10 10 12 1 10 12 1 1 10 12 1 1 10 12 1 10 12 1 10 12 1 100 1 10 12 1 1 100 1 8 1 10 7 1 10 12 1 10 12 10 12 1 1 10 12 1 10 12 1 8 1 8 1 8 1 8 1 10 12 1 10 12 1 10 7 12 1 1 1 8 1 8 1 10 12 1 8 1 10 10 10 12 1 10 12 1 8 1 8 1 10 10 12 1 8 1 10 100 12 1 1 1 8 1 100 1 10 12 1 10 12 1 1 10 12 1 8 1 8 1 8 1 8 1 100 1 10 8 1 8 1 8 1 8 1 10 12 1 100 1 100 1 100 1 10 100 1 10 100 1 10 100 12 1 1 1 9 7 12 1 1 1 100 1 100 1 1 1 1 1 1 1 3 1 3 1 3 1 3 1 3 1 3 1 1 1 1 1 1 1 1 3 1 3 1 1 1 1 1 1 1 1 1 1 1 1 1 1 1 1 1 1 1 1 1 1 1 1 1 1 1 1 1 1 1 1 1 1 1 1 1 1 1 1 1 1 1 1 1 1 1 1 1 1 1 1 1 1 1 1 1 1 1 1 1 1 1 1 1 1 1 1 1 1 1 1 1 1 1 1 1 1 1 1 1 1 1 1 1 1 1 1 1 1 1 1 1 1 1 1 100 1 1 1 1 1 1 1 1 1 1 1 1 1 1 1
staticfield java/lang/invoke/MemberName $assertionsDisabled Z 1
ciInstanceKlass java/lang/invoke/ResolvedMethodName 1 1 16 10 100 12 1 1 1 100 1 1 1 1 1 1 1 1
ciInstanceKlass java/lang/invoke/MethodHandleNatives 1 1 685 100 1 10 7 12 1 1 1 9 7 12 1 1 1 10 12 1 1 100 1 10 10 12 1 1 10 12 1 10 12 1 8 1 8 1 8 1 8 1 8 1 8 1 8 1 8 1 8 1 8 1 10 12 1 1 7 1 10 7 12 1 1 1 10 100 12 1 1 1 7 1 10 10 12 1 1 8 1 10 12 1 8 1 10 12 1 1 8 1 10 12 1 1 9 100 12 1 1 1 8 1 10 100 12 1 1 1 100 1 10 12 100 1 100 1 8 1 7 1 10 10 12 1 7 1 9 7 12 1 1 10 12 1 1 10 12 1 10 7 12 1 1 1 10 12 1 1 9 12 1 8 1 10 12 1 1 10 12 1 8 1 10 12 1 1 7 1 10 12 1 10 7 12 1 1 1 10 12 1 10 12 1 1 10 12 1 1 8 1 10 12 1 1 8 1 10 12 1 8 1 8 1 8 1 100 1 10 12 1 8 1 10 100 12 1 1 1 10 12 1 1 10 100 12 1 1 10 10 12 1 1 10 12 1 10 100 12 1 1 1 100 1 8 1 10 100 12 1 1 1 7 1 8 1 10 12 1 8 1 8 1 8 1 8 1 8 1 10 12 1 1 10 12 1 1 10 12 1 10 12 1 1 10 12 1 1 7 1 10 12 1 100 1 100 1 10 12 1 10 12 1 8 1 8 1 10 10 12 1 1 10 12 1 1 8 1 10 100 12 1 1 8 1 8 1 10 12 1 1 10 7 12 1 1 1 100 1 10 12 1 1 7 1 9 12 1 1 10 7 12 1 1 1 10 10 12 1 9 12 1 10 12 1 9 12 1 9 12 1 10 12 1 1 10 12 1 10 12 1 1 7 1 7 1 10 12 1 1 10 12 1 10 12 1 1 10 7 12 1 1 1 10 12 1 8 1 10 12 1 10 12 1 10 12 1 1 10 12 1 10 7 12 1 1 1 10 12 1 1 100 1 8 1 10 9 7 12 1 1 1 10 12 1 1 10 12 1 1 100 1 10 12 1 1 10 12 1 1 100 1 100 1 10 10 100 1 100 1 10 100 1 10 10 12 1 1 10 100 1 10 12 1 10 12 1 1 10 12 1 1 10 12 1 1 10 12 1 10 12 1 1 10 8 1 10 12 1 10 12 1 10 12 1 10 12 1 10 12 1 1 10 12 1 10 12 1 10 12 1 10 10 7 12 1 1 10 12 1 1 1 1 1 1 1 1 1 1 1 1 1 100 1 1 1 1 1 1 1 1 1 1 1 1 1 1 1 1 1 1 1 1 1 1 1 1 1 1 1 1 1 1 1 1 1 1 1 1 1 1 1 1 1 1 1 1 1 1 1 1 1 1 1 1 1 1 1 1 1 1 1 1 1 1 1 100 1 1 1 1 1 1 1 1 1 1 1 1 1 1 1 1 1 1 1 1 1 1 1 1 1 1 1 1 1 1 1 1 1 100 1 1 1 1 1 1 1 1 1 1 1 1 1 1 1 1 1 1 1 1 1 1 1 1 1 1 1 1 1 1 1 1 100 1 1
staticfield java/lang/invoke/MethodHandleNatives $assertionsDisabled Z 1
ciInstanceKlass java/lang/invoke/LambdaForm 1 1 1059 7 1 100 1 10 7 12 1 1 1 9 12 1 1 9 12 1 9 12 1 9 12 1 1 9 12 1 1 9 12 1 1 9 12 1 1 9 12 1 1 9 12 1 10 7 12 1 1 9 12 1 10 12 1 1 100 1 10 10 12 1 1 10 12 1 10 12 1 10 12 1 1 10 12 1 9 12 1 9 12 1 10 12 1 1 10 7 12 1 1 1 10 12 1 1 9 100 12 1 1 1 10 12 1 1 9 7 12 1 1 10 12 1 10 12 1 1 10 12 1 1 10 12 1 1 7 1 10 7 12 1 1 1 10 12 1 1 10 12 1 10 12 1 1 9 12 1 1 9 12 1 9 12 1 1 10 12 1 9 12 1 10 100 12 1 1 1 10 12 1 1 100 1 10 12 1 9 12 1 1 10 100 12 1 1 1 10 12 1 10 12 1 7 1 10 12 1 10 12 1 10 12 1 1 10 12 1 1 10 12 1 10 12 1 10 12 1 10 12 1 1 8 1 10 12 1 10 12 1 10 10 12 1 8 1 8 1 9 12 1 9 12 1 1 10 12 1 1 10 12 1 9 12 1 10 12 1 1 10 7 12 1 1 1 10 12 1 1 10 12 1 10 12 1 10 100 12 1 1 1 9 12 1 10 12 1 8 1 8 1 8 1 8 1 8 1 8 1 8 1 8 1 10 12 1 9 12 1 7 1 10 12 1 1 9 12 1 10 12 1 10 12 1 1 10 12 10 12 1 10 12 1 1 10 12 1 1 10 10 12 1 1 10 12 1 1 7 1 8 1 10 12 1 1 10 12 1 10 12 1 1 10 8 1 10 12 1 1 8 1 8 1 8 1 10 12 1 10 12 1 10 12 1 1 100 1 10 12 1 1 10 12 1 1 10 7 12 1 1 1 10 12 1 1 9 12 1 1 8 1 10 100 12 1 1 1 10 7 12 1 1 10 12 10 12 1 1 10 12 1 1 9 12 1 8 10 12 1 1 100 1 10 12 1 1 10 12 1 9 7 12 1 1 9 100 12 1 1 1 8 1 10 100 12 1 1 10 12 1 1 100 1 100 1 10 10 12 1 1 10 12 1 1 8 1 8 1 100 1 8 1 10 12 10 12 1 10 12 1 10 12 1 1 8 1 8 1 10 12 1 10 12 1 1 8 1 8 1 8 1 100 1 8 1 100 1 8 1 100 1 8 1 10 12 1 8 1 9 10 7 12 1 1 1 10 12 1 9 12 1 1 10 12 1 10 10 12 1 10 12 1 10 12 1 10 12 1 1 10 12 1 10 12 1 1 10 12 1 1 10 12 1 1 10 12 1 1 8 1 100 10 12 1 10 12 1 9 12 1 1 10 7 12 1 1 8 1 8 1 100 1 8 1 8 1 8 1 8 1 8 1 8 1 8 1 8 1 10 12 1 1 10 12 1 1 10 12 1 10 12 1 10 12 1 10 12 1 8 1 8 1 8 1 10 12 1 8 1 10 12 1 8 1 8 1 8 1 8 1 8 1 10 12 1 10 12 1 10 12 1 1 10 7 12 1 1 1 10 12 1 10 12 1 10 12 1 10 12 1 10 12 1 10 12 1 10 12 1 9 12 1 1 8 1 10 12 1 1 9 12 1 1 10 12 1 1 9 12 1 9 12 1 1 9 12 1 9 12 1 1 7 1 10 7 12 1 1 1 9 12 1 10 12 1 10 12 1 8 1 10 12 1 9 12 1 1 7 1 10 7 12 1 1 1 8 1 100 1 10 12 1 9 12 1 9 12 1 10 12 1 10 12 1 10 7 12 1 1 1 10 12 1 9 7 12 1 1 10 12 1 1 10 12 1 10 12 1 10 12 1 9 12 10 12 1 10 10 12 1 9 12 1 9 9 12 1 7 9 12 1 1 10 12 1 1 9 12 1 10 12 1 10 7 1 9 1 1 1 1 3 1 3 1 1 3 1 3 1 1 1 1 1 1 1 1 1 1 1 1 1 1 1 1 1 1 1 1 1 1 1 1 1 1 1 1 1 1 1 1 1 1 1 1 1 1 1 1 1 1 1 1 1 1 1 1 1 1 1 100 1 1 1 1 1 1 1 1 1 1 1 1 1 1 1 1 1 1 1 1 1 1 1 1 1 1 1 1 1 1 1 1 1 1 1 1 1 1 1 1 1 1 1 1 1 1 1 1 1 1 1 1 1 1 1 1 1 1 1 1 1 1 100 1 1 1 1 1 1 1 1 1 1 1 1 1 1 1 1 1 1 1 1 1 1 1 1 1 1 1 1 1 1 1 1 1 1 100 1 1 1 1 1 1 1 1 1 1 1 1 1 1 1 1 1 1 1 1 1 1 100 1 1 1 100 1 1 100 1 1 1 1 1 1 1 1 1 1 1
staticfield java/lang/invoke/LambdaForm DEFAULT_CUSTOMIZED Ljava/lang/invoke/MethodHandle; 
staticfield java/lang/invoke/LambdaForm DEFAULT_KIND Ljava/lang/invoke/LambdaForm$Kind; java/lang/invoke/LambdaForm$Kind
staticfield java/lang/invoke/LambdaForm COMPILE_THRESHOLD I 0
staticfield java/lang/invoke/LambdaForm INTERNED_ARGUMENTS [[Ljava/lang/invoke/LambdaForm$Name; 5 [[Ljava/lang/invoke/LambdaForm$Name;
staticfield java/lang/invoke/LambdaForm IMPL_NAMES Ljava/lang/invoke/MemberName$Factory; java/lang/invoke/MemberName$Factory
staticfield java/lang/invoke/LambdaForm LF_identity [Ljava/lang/invoke/LambdaForm; 6 [Ljava/lang/invoke/LambdaForm;
staticfield java/lang/invoke/LambdaForm LF_zero [Ljava/lang/invoke/LambdaForm; 6 [Ljava/lang/invoke/LambdaForm;
staticfield java/lang/invoke/LambdaForm NF_identity [Ljava/lang/invoke/LambdaForm$NamedFunction; 6 [Ljava/lang/invoke/LambdaForm$NamedFunction;
staticfield java/lang/invoke/LambdaForm NF_zero [Ljava/lang/invoke/LambdaForm$NamedFunction; 6 [Ljava/lang/invoke/LambdaForm$NamedFunction;
staticfield java/lang/invoke/LambdaForm createFormsLock Ljava/lang/Object; java/lang/Object
staticfield java/lang/invoke/LambdaForm DEBUG_NAME_COUNTERS Ljava/util/HashMap; 
staticfield java/lang/invoke/LambdaForm DEBUG_NAMES Ljava/util/HashMap; 
staticfield java/lang/invoke/LambdaForm TRACE_INTERPRETER Z 0
staticfield java/lang/invoke/LambdaForm $assertionsDisabled Z 1
ciInstanceKlass java/lang/invoke/TypeDescriptor$OfMethod 1 0 43 100 1 100 1 100 1 1 1 1 1 1 1 1 1 1 1 1 1 1 1 1 1 1 1 1 1 1 1 1 1 1 1 1 1 1 1 1 1 1 100 1 1
ciInstanceKlass java/lang/invoke/MethodType 1 1 780 7 1 10 7 12 1 1 1 9 12 1 1 9 12 1 1 9 12 1 1 10 7 12 1 1 1 9 7 12 1 1 8 1 10 100 12 1 1 1 9 7 1 9 7 1 10 12 1 1 100 1 10 8 1 10 12 1 1 10 12 1 10 12 1 1 100 1 8 1 10 12 1 100 1 10 10 12 1 10 12 1 1 10 12 1 1 11 7 12 1 1 1 9 12 1 11 12 1 1 7 10 12 1 1 10 12 1 1 7 1 7 1 10 7 12 1 1 1 10 12 1 10 12 1 9 12 1 1 10 7 12 1 1 10 12 1 1 10 7 12 1 1 1 10 7 12 1 1 1 10 12 1 9 12 1 1 10 12 1 1 10 12 1 1 10 12 1 1 10 12 1 1 10 12 1 1 10 12 1 10 12 1 10 12 1 1 10 12 1 8 1 8 1 10 12 1 1 9 12 1 1 100 1 10 10 12 1 1 10 12 1 10 12 1 1 10 12 1 1 10 12 1 10 12 1 10 12 1 8 1 10 12 1 1 10 100 12 1 1 1 10 12 1 10 12 1 1 10 12 1 10 12 1 10 12 1 1 10 12 1 10 12 1 9 12 1 10 12 1 10 10 12 1 1 10 12 1 9 12 1 1 10 12 1 1 11 12 1 1 10 12 1 1 10 12 1 10 12 1 100 1 8 1 8 1 8 1 10 12 1 10 12 1 10 12 1 1 10 10 12 1 11 12 1 1 11 12 1 10 100 12 1 1 1 9 12 1 10 12 1 10 12 1 1 10 12 1 1 10 12 1 10 12 1 10 100 12 1 1 1 10 12 1 1 10 12 1 10 12 1 10 12 1 10 9 12 1 1 7 1 10 12 1 10 12 1 1 9 100 12 1 1 1 10 100 12 1 1 1 10 100 12 1 1 1 10 12 1 1 10 100 12 1 1 1 10 12 1 1 8 1 10 7 12 1 1 1 11 12 1 1 9 12 1 1 10 12 1 1 10 12 1 10 12 1 1 10 12 1 1 10 100 12 1 1 100 1 10 12 1 1 11 100 12 1 1 18 12 1 1 11 12 1 1 18 12 1 11 12 1 100 1 11 100 12 1 1 10 12 1 100 1 10 12 1 10 100 12 1 1 10 12 1 1 9 12 1 1 9 100 12 1 1 1 10 100 12 1 1 1 9 12 1 10 100 12 1 1 10 12 1 100 10 12 1 1 10 12 1 7 1 10 10 12 1 1 7 1 7 1 9 12 1 1 100 1 100 1 100 1 1 1 5 0 1 1 1 1 1 1 1 3 1 3 1 3 1 1 1 1 1 1 1 1 1 1 1 1 1 1 1 1 1 1 1 1 1 1 1 1 1 1 1 1 1 1 1 1 1 1 1 1 1 1 1 1 1 1 1 1 1 1 1 1 1 1 1 1 1 1 1 1 1 1 1 1 1 1 1 1 1 1 1 1 1 1 1 1 1 1 1 1 1 1 1 1 1 1 1 1 1 1 1 1 1 1 1 1 1 1 1 1 1 1 1 1 1 1 1 1 1 1 1 1 1 1 1 1 1 1 1 1 1 1 1 1 1 1 1 1 1 1 1 1 1 1 100 1 100 1 1 1 1 1 1 1 1 1 1 1 1 1 100 1 1 1 100 1 1 1 1 1 1 1 1 1 1 1 1 1 1 1 1 1 1 1 1 1 1 16 15 10 12 16 16 15 10 12 16 15 10 100 12 1 1 1 1 1 100 1 1 100 1 1 100 1 100 1 1
staticfield java/lang/invoke/MethodType internTable Ljdk/internal/util/ReferencedKeySet; jdk/internal/util/ReferencedKeySet
staticfield java/lang/invoke/MethodType NO_PTYPES [Ljava/lang/Class; 0 [Ljava/lang/Class;
staticfield java/lang/invoke/MethodType objectOnlyTypes [Ljava/lang/invoke/MethodType; 20 [Ljava/lang/invoke/MethodType;
staticfield java/lang/invoke/MethodType METHOD_HANDLE_ARRAY [Ljava/lang/Class; 1 [Ljava/lang/Class;
staticfield java/lang/invoke/MethodType serialPersistentFields [Ljava/io/ObjectStreamField; 0 [Ljava/io/ObjectStreamField;
staticfield java/lang/invoke/MethodType $assertionsDisabled Z 1
ciInstanceKlass java/lang/BootstrapMethodError 0 0 45 10 100 12 1 1 1 10 12 1 10 12 1 10 100 12 1 1 1 10 100 12 1 1 1 1 1 1 5 0 1 1 1 1 1 1 1 1 1 1 1 100 1 1 1
instanceKlass java/lang/invoke/VolatileCallSite
instanceKlass java/lang/invoke/MutableCallSite
instanceKlass java/lang/invoke/ConstantCallSite
ciInstanceKlass java/lang/invoke/CallSite 1 1 296 10 7 12 1 1 1 10 7 12 1 1 1 9 12 1 1 10 7 12 1 1 1 10 12 1 100 1 10 12 1 1 10 12 1 1 9 100 12 1 1 1 10 100 12 1 1 10 12 1 1 100 1 100 1 10 10 100 12 1 1 1 10 12 1 1 8 1 10 12 1 10 12 1 1 10 12 1 10 12 1 1 10 12 1 1 10 10 100 12 1 1 10 12 1 1 9 12 1 9 100 12 1 1 1 8 1 10 7 12 1 1 1 10 12 1 1 100 1 10 12 1 1 9 12 1 8 1 100 1 10 12 1 10 12 1 100 1 8 1 10 10 12 1 10 12 1 1 100 1 10 12 1 1 10 12 1 10 12 1 10 12 1 1 10 12 1 1 9 12 1 1 8 10 12 1 1 9 12 1 1 100 1 10 10 12 1 10 100 12 1 1 1 10 12 1 1 10 12 1 1 10 12 1 10 7 12 1 1 1 100 1 8 1 10 10 12 10 12 1 1 100 1 100 1 100 1 8 1 10 12 1 10 7 12 1 1 1 1 1 1 1 1 1 1 1 1 1 1 1 1 1 1 1 1 1 1 1 1 1 1 1 1 1 1 1 1 1 1 1 1 1 1 1 1 1 1 1 1 1 1 1 1 1 1 1 1 1 1 1 100 1 100 1 1 1
staticfield java/lang/invoke/CallSite $assertionsDisabled Z 1
ciInstanceKlass jdk/internal/foreign/abi/NativeEntryPoint 0 0 194 10 100 12 1 1 1 9 100 12 1 1 1 9 12 1 1 100 1 8 1 10 12 1 10 12 1 1 100 1 10 100 12 1 1 1 10 12 1 9 12 1 1 18 12 1 1 10 100 12 1 1 1 10 100 12 1 1 1 9 100 12 1 1 1 100 1 10 8 1 10 12 1 1 10 12 1 10 12 1 1 8 1 10 12 1 1 100 1 8 1 10 12 1 10 12 1 1 10 12 1 9 12 1 1 18 12 1 1 10 100 12 1 1 1 10 12 1 1 10 12 1 10 100 12 1 1 1 10 1 1 1 1 1 1 1 1 1 1 1 1 1 1 1 1 1 1 1 1 1 1 1 1 1 1 1 1 1 1 1 1 1 1 1 1 1 16 1 15 10 12 16 1 16 15 10 12 15 10 100 12 1 1 1 1 1 100 1 1 100 1 100 1 1
ciInstanceKlass jdk/internal/foreign/abi/ABIDescriptor 0 0 55 10 100 12 1 1 1 9 100 12 1 1 1 9 12 1 1 9 12 1 9 12 1 9 12 1 1 9 12 1 9 12 1 1 9 12 1 9 12 1 9 12 1 9 12 1 1 1 1 1 1 1 1 1 1
ciInstanceKlass jdk/internal/foreign/abi/VMStorage 0 0 91 10 100 12 1 1 1 9 100 12 1 1 1 9 12 1 1 9 12 1 1 9 12 1 1 100 1 10 8 1 10 12 1 1 10 12 1 10 12 1 1 10 12 1 18 12 1 18 12 1 1 18 12 1 1 1 1 1 1 1 1 1 1 1 1 1 1 1 1 1 1 1 8 1 15 15 15 15 15 10 100 12 1 1 1 1 100 1 100 1 1
ciInstanceKlass jdk/internal/foreign/abi/UpcallLinker$CallRegs 0 0 66 10 100 12 1 1 1 9 100 12 1 1 1 9 12 1 18 12 1 1 18 12 1 1 18 12 1 1 1 1 1 1 1 1 1 1 1 1 1 1 1 1 1 1 100 1 1 1 8 1 15 15 15 10 100 12 1 1 1 1 1 100 1 100 1 1
ciInstanceKlass java/lang/invoke/ConstantCallSite 1 1 65 10 7 12 1 1 1 9 7 12 1 1 1 9 12 1 1 10 7 12 1 1 1 10 12 1 100 1 10 12 9 12 1 1 100 1 10 10 12 1 1 10 12 1 1 1 1 1 1 1 1 1 1 1 1 1 100 1 1 1 1 1 1 1 1
staticfield java/lang/invoke/ConstantCallSite UNSAFE Ljdk/internal/misc/Unsafe; jdk/internal/misc/Unsafe
ciInstanceKlass java/lang/invoke/MutableCallSite 0 0 63 10 100 12 1 1 1 10 12 1 9 100 12 1 1 1 10 12 1 10 12 1 1 9 12 1 1 10 100 12 1 1 1 10 100 12 1 1 1 10 12 1 1 1 1 1 1 1 1 1 1 1 1 1 1 1 1 1 1 100 1 1 1
ciInstanceKlass java/lang/invoke/VolatileCallSite 0 0 37 10 100 12 1 1 1 10 12 1 10 100 12 1 1 1 10 12 1 10 12 1 1 1 1 1 1 1 1 1 1 1 1 1 1 1 1
ciInstanceKlass java/lang/AssertionStatusDirectives 0 0 24 10 100 12 1 1 1 100 1 1 1 1 1 1 1 1 1 1 1 1 1 1 1 1
ciInstanceKlass java/lang/Appendable 1 0 14 100 1 100 1 1 1 1 100 1 1 1 1 1
instanceKlass java/lang/StringBuilder
instanceKlass java/lang/StringBuffer
ciInstanceKlass java/lang/AbstractStringBuilder 1 1 599 7 1 10 7 12 1 1 1 9 7 12 1 1 1 9 12 1 9 12 1 1 9 12 1 1 10 7 12 1 1 1 10 12 1 1 7 1 3 3 10 12 1 10 12 1 1 11 7 1 100 1 100 1 10 8 1 10 12 1 10 12 1 10 12 1 1 10 12 1 10 12 1 9 12 1 10 12 1 9 12 1 1 10 12 1 1 10 7 12 1 1 1 10 10 12 1 10 12 1 10 12 1 1 10 12 1 1 10 7 12 1 1 1 10 7 12 1 1 1 100 1 8 1 10 10 12 1 1 100 1 10 12 10 12 1 1 10 10 12 1 1 10 12 1 1 10 12 1 1 10 12 1 1 10 10 7 12 1 1 1 10 12 1 100 1 10 10 100 12 1 1 1 9 12 1 1 9 12 1 10 12 1 1 10 10 12 1 1 10 12 10 12 1 10 12 1 1 10 12 1 1 10 12 1 1 10 12 1 10 12 1 1 10 12 1 1 10 12 1 10 12 1 1 8 1 10 12 1 1 10 12 1 10 12 1 10 12 1 10 12 1 10 12 1 10 12 1 10 7 12 1 1 10 12 1 10 12 1 10 100 12 1 1 1 100 1 100 1 10 12 1 10 100 12 1 1 10 12 1 10 12 1 10 12 1 10 12 1 1 10 12 1 10 12 1 1 10 12 1 1 10 10 7 12 1 1 1 10 12 1 10 12 1 10 12 1 1 10 12 1 10 12 1 10 12 1 10 12 1 10 12 1 10 12 1 10 12 1 10 12 1 1 10 12 1 10 12 1 10 12 10 12 1 1 18 12 1 1 100 1 10 100 12 1 1 1 18 10 12 1 1 10 12 1 10 12 1 1 11 12 1 1 10 12 1 10 12 10 10 10 12 1 10 5 0 10 10 12 1 1 100 1 8 1 10 10 12 1 1 10 100 12 1 1 1 10 12 1 10 12 1 1 100 1 10 12 100 1 10 100 1 10 100 1 1 1 1 1 1 1 1 1 1 1 100 1 1 1 1 1 1 1 1 1 1 1 1 1 1 1 1 1 1 1 1 1 1 1 1 1 1 1 1 1 1 1 1 1 1 1 1 1 1 1 1 1 1 1 1 1 1 1 1 1 1 1 1 1 1 1 1 1 1 1 1 1 1 1 1 1 1 1 1 1 1 1 1 1 1 1 1 1 1 1 1 1 1 1 1 1 1 1 1 1 1 1 1 1 1 1 1 1 1 1 1 100 1 1 1 1 1 1 1 1 1 1 1 1 1 1 1 1 1 100 1 1 1 1 1 1 100 1 1 16 1 15 10 12 16 15 10 12 15 10 100 12 1 1 1 1 1 1 1 100 1 100 1 1
staticfield java/lang/AbstractStringBuilder EMPTYVALUE [B 0
ciInstanceKlass java/lang/StringBuffer 1 1 483 10 7 12 1 1 1 10 12 1 10 12 1 10 12 1 1 9 7 12 1 1 1 10 12 1 1 10 12 1 10 12 1 1 9 12 1 1 10 12 1 10 12 1 1 10 12 1 1 10 12 1 10 12 1 1 10 12 1 10 12 1 1 10 12 1 1 10 7 12 1 1 1 10 12 1 1 10 12 1 10 12 1 10 12 1 10 12 1 10 12 1 10 12 1 10 12 1 10 12 1 10 12 1 10 12 1 10 12 1 10 12 1 10 12 1 10 12 1 1 10 12 1 10 12 1 1 10 12 1 1 10 10 12 1 1 10 12 1 10 12 1 10 12 1 10 12 1 10 12 1 10 12 1 10 12 10 12 1 10 12 1 10 12 1 10 12 1 1 10 12 1 10 12 1 10 10 12 1 1 10 12 1 10 12 1 10 12 1 10 10 100 12 1 1 1 10 10 12 1 1 9 12 1 1 10 100 12 1 1 10 100 1 8 10 100 12 1 1 1 8 10 12 1 8 1 10 12 1 10 12 1 10 100 12 1 1 1 10 100 12 1 1 1 7 1 10 12 100 1 8 1 10 10 12 1 1 10 12 1 1 10 12 1 10 12 1 10 12 1 1 10 12 1 10 12 1 10 12 1 10 12 1 10 12 1 10 12 10 12 1 10 12 1 10 12 1 10 12 1 10 12 1 10 12 1 10 12 1 10 12 1 10 12 1 10 12 1 10 12 10 12 10 12 1 10 12 1 10 12 1 10 12 10 12 1 10 12 1 10 12 1 10 12 1 10 12 1 10 12 1 10 12 1 10 12 1 10 12 1 10 12 1 10 12 1 7 1 10 12 1 9 7 12 1 1 1 9 7 1 9 12 1 1 100 1 100 1 100 1 100 1 1 1 1 5 0 1 1 1 1 1 1 1 1 1 1 1 1 1 1 1 1 1 1 1 1 1 1 1 1 1 1 1 1 1 1 1 1 1 1 1 1 1 1 1 1 1 1 1 1 1 1 1 1 1 1 1 1 1 1 1 1 1 1 1 1 1 100 1 1 1 1 1 100 1 1 1 1 1 1 1 1 1 1 1 1 1 1 1 1 1 1
staticfield java/lang/StringBuffer serialPersistentFields [Ljava/io/ObjectStreamField; 3 [Ljava/io/ObjectStreamField;
ciInstanceKlass java/lang/StringBuilder 1 1 422 10 7 12 1 1 1 10 12 1 10 12 1 10 12 1 1 10 7 12 1 1 1 10 7 12 1 1 1 10 12 1 10 12 1 10 12 1 10 12 1 10 12 1 10 12 1 10 12 1 10 12 1 10 12 1 10 12 1 10 12 1 10 12 1 10 12 1 10 12 1 1 10 12 1 10 12 1 1 10 12 1 1 10 12 1 10 12 1 10 12 1 10 12 1 10 12 1 10 12 1 10 12 1 10 12 10 12 1 10 12 1 10 12 1 10 12 1 1 10 12 1 10 12 1 10 12 10 12 1 1 10 12 1 10 12 1 10 12 1 10 100 12 1 1 1 9 12 1 1 10 12 1 10 12 1 1 10 12 1 1 9 12 1 1 10 100 12 1 1 1 10 100 1 10 12 1 1 10 100 12 1 1 10 12 1 10 12 1 1 100 1 100 1 8 1 10 10 12 1 1 10 12 1 10 12 1 10 12 1 1 10 12 1 10 12 1 10 12 1 10 12 1 10 12 1 10 12 10 12 1 10 12 1 10 12 1 10 12 1 10 12 1 10 12 1 10 12 1 10 12 1 10 12 1 1 10 12 1 1 10 12 1 10 12 1 10 12 1 10 12 10 12 10 12 1 10 12 1 10 12 1 10 12 10 12 1 10 12 1 10 12 1 10 12 1 10 12 1 10 12 1 10 12 1 10 12 1 10 12 1 1 10 12 1 10 12 1 1 10 12 1 10 12 1 1 10 12 1 10 12 1 1 10 12 1 10 12 1 10 12 1 10 10 12 1 10 12 1 100 1 100 1 100 1 100 1 1 1 1 5 0 1 1 1 1 1 1 1 1 1 1 1 1 1 1 1 1 1 1 1 1 1 1 1 1 1 1 1 1 1 1 1 1 1 1 1 1 1 1 1 1 1 1 1 1 100 1 1 1 100 1 1 1 1 1 1 1 1 1 1 1
ciInstanceKlass jdk/internal/misc/UnsafeConstants 1 1 34 10 100 12 1 1 1 9 7 12 1 1 1 9 12 1 9 12 1 1 9 12 1 9 12 1 1 1 1 1 1 1 1 1
staticfield jdk/internal/misc/UnsafeConstants ADDRESS_SIZE0 I 8
staticfield jdk/internal/misc/UnsafeConstants PAGE_SIZE I 4096
staticfield jdk/internal/misc/UnsafeConstants BIG_ENDIAN Z 0
staticfield jdk/internal/misc/UnsafeConstants UNALIGNED_ACCESS Z 1
staticfield jdk/internal/misc/UnsafeConstants DATA_CACHE_LINE_FLUSH_SIZE I 0
ciInstanceKlass jdk/internal/misc/Unsafe 1 1 1287 10 7 12 1 1 1 9 7 12 1 1 1 9 12 1 1 10 12 1 1 10 7 12 1 1 1 10 12 1 1 10 12 1 1 10 12 1 1 10 12 1 1 10 12 1 1 10 12 1 1 10 12 1 1 10 12 1 1 10 12 1 1 10 12 1 1 10 12 1 1 10 12 1 1 10 12 1 1 10 12 1 10 12 1 100 1 10 10 12 1 1 10 12 1 1 5 0 10 12 1 1 10 12 1 1 10 7 12 1 1 1 10 12 1 1 10 12 1 10 12 1 10 12 1 1 10 12 1 1 10 12 1 10 12 1 100 1 100 1 10 8 1 10 12 1 1 10 12 1 8 1 10 12 1 1 10 12 1 10 12 1 10 12 1 1 10 12 1 10 12 1 1 10 12 1 1 10 12 1 10 12 1 10 12 1 10 12 1 1 10 12 1 10 12 1 10 12 1 1 10 12 1 5 0 5 0 5 0 10 12 1 10 12 1 10 12 1 10 12 1 10 12 1 10 12 1 10 12 1 10 12 1 10 12 1 1 10 12 1 10 12 1 100 1 8 1 10 100 1 10 10 12 1 1 10 12 1 1 10 12 1 10 12 1 1 10 12 1 1 10 12 1 10 12 1 1 10 12 1 9 7 12 1 1 9 12 1 100 1 10 10 12 1 1 8 1 10 8 1 8 1 10 12 1 1 9 7 12 1 1 1 9 100 1 9 7 1 9 100 1 9 9 100 1 9 100 1 9 100 1 10 12 1 1 10 12 1 1 10 12 1 1 10 12 1 1 5 0 5 0 9 12 1 1 10 12 1 10 12 1 10 12 1 1 10 12 1 1 10 12 1 8 1 3 10 12 1 1 10 12 1 1 10 12 1 10 12 1 1 10 12 1 1 10 12 1 10 12 1 10 12 1 10 12 1 10 12 1 10 12 1 1 10 12 1 1 10 12 1 10 12 1 10 12 1 10 12 1 10 12 1 10 12 1 1 10 12 1 1 10 12 1 10 12 1 10 12 1 10 12 1 10 12 1 10 12 1 1 10 12 1 1 10 12 1 1 10 12 1 1 10 12 1 10 12 1 10 12 1 10 12 1 10 12 1 10 12 1 10 12 1 1 10 12 1 1 10 12 1 10 12 1 10 12 1 10 12 1 10 12 1 10 12 1 10 12 1 1 10 12 1 1 10 12 1 10 12 1 10 12 1 10 12 1 10 12 1 10 12 1 10 12 1 10 12 1 1 10 12 1 10 12 1 10 12 1 10 12 1 10 12 1 1 10 12 1 10 12 1 10 12 1 10 12 1 10 12 1 10 12 1 10 12 1 10 12 1 1 10 12 1 10 12 1 10 12 1 10 12 1 10 12 1 10 12 1 1 10 12 1 10 12 1 10 12 1 1 10 12 1 10 12 1 10 12 1 10 12 1 10 12 1 10 12 1 10 12 1 10 12 1 10 12 1 10 12 1 10 12 1 10 12 1 10 12 1 10 12 1 10 12 1 10 12 1 10 12 1 10 12 1 10 12 1 10 12 1 10 12 1 10 12 1 10 12 1 100 1 10 100 1 10 9 12 1 5 0 10 12 1 1 5 0 10 12 1 5 0 10 12 1 10 12 1 10 12 1 1 10 12 1 1 10 12 1 10 12 1 10 12 1 10 12 1 1 10 12 1 10 12 1 10 12 1 10 12 1 10 12 1 1 10 12 1 10 12 1 10 12 1 10 12 1 1 10 12 1 10 12 1 10 12 1 1 10 12 1 10 12 1 10 12 1 10 12 1 1 10 12 1 10 10 12 1 1 10 12 1 10 12 1 1 10 12 1 10 12 5 0 5 0 5 0 10 12 1 1 10 12 1 10 12 1 10 12 10 100 12 1 1 8 1 100 1 11 12 1 1 8 1 11 12 1 1 10 100 12 1 1 10 12 1 10 12 1 10 12 1 10 12 1 10 12 1 1 10 12 1 10 12 1 10 12 1 10 12 1 10 12 1 10 12 1 10 7 1 10 12 1 9 12 1 7 1 9 12 1 7 1 9 12 1 7 1 9 12 1 7 1 9 12 1 7 1 9 12 1 7 1 9 12 1 7 1 9 12 1 7 1 9 12 1 10 12 1 9 12 1 9 12 1 9 12 1 9 12 1 9 12 1 9 12 1 9 12 1 9 12 1 9 12 1 9 12 1 1 1 3 1 1 1 1 1 1 1 1 1 1 1 1 1 1 1 1 1 1 1 1 1 1 1 1 1 1 1 1 1 1 1 1 1 1 1 1 1 1 1 1 1 1 1 1 1 1 1 1 1 1 1 1 1 1 1 1 1 1 1 1 1 1 1 1 1 1 1 1 1 1 1 1 1 1 1 1 1 1 1 1 1 1 1 1 1 1 1 1 1 100 1 1 1 1 1 1 1 1 1 1 1 1 1 1 1 1 1 1 1 1 1 1 1 1 1 1 1 1 1 1 1 1 1 1 1 1 1 1 1 1 1 1 1 1 1 1 1 1 1 1 1 1 1 1 1 1 1 1 1 1 1 1 1 1 1 1 1 1 1 1 1 1 1 1 1 1 1 1 1 1 1 1 1 1 1 1 1 1 1 1 1 1 1 1 1 1 1 1 1 1 1 1 1 1 1 1 1 1 1 1 1 1 1 1 1 1 1 1 1 1 1 1 1 1 1 1 1 1 1 1 1 1 1 1 1 1 1 1 1 1 1 1 1 1 1 1 1 1 1 1 1 1 1 1 1 1 1 1 1 1 1 1 1 1 1 1 1 1 1 1 1 1 1 1 1 1 1 1 1 1 1 1 1 1 1 1 1 1 1 1 1 1 1 1 1 1 1 1 1 1 1 1 1 1 1 1 3 1 1 1 1 1 1 1 1 1 1 1 1 1 1 1 1 1 1 1 1 1
staticfield jdk/internal/misc/Unsafe theUnsafe Ljdk/internal/misc/Unsafe; jdk/internal/misc/Unsafe
staticfield jdk/internal/misc/Unsafe ARRAY_BOOLEAN_BASE_OFFSET I 16
staticfield jdk/internal/misc/Unsafe ARRAY_BYTE_BASE_OFFSET I 16
staticfield jdk/internal/misc/Unsafe ARRAY_SHORT_BASE_OFFSET I 16
staticfield jdk/internal/misc/Unsafe ARRAY_CHAR_BASE_OFFSET I 16
staticfield jdk/internal/misc/Unsafe ARRAY_INT_BASE_OFFSET I 16
staticfield jdk/internal/misc/Unsafe ARRAY_LONG_BASE_OFFSET I 16
staticfield jdk/internal/misc/Unsafe ARRAY_FLOAT_BASE_OFFSET I 16
staticfield jdk/internal/misc/Unsafe ARRAY_DOUBLE_BASE_OFFSET I 16
staticfield jdk/internal/misc/Unsafe ARRAY_OBJECT_BASE_OFFSET I 16
staticfield jdk/internal/misc/Unsafe ARRAY_BOOLEAN_INDEX_SCALE I 1
staticfield jdk/internal/misc/Unsafe ARRAY_BYTE_INDEX_SCALE I 1
staticfield jdk/internal/misc/Unsafe ARRAY_SHORT_INDEX_SCALE I 2
staticfield jdk/internal/misc/Unsafe ARRAY_CHAR_INDEX_SCALE I 2
staticfield jdk/internal/misc/Unsafe ARRAY_INT_INDEX_SCALE I 4
staticfield jdk/internal/misc/Unsafe ARRAY_LONG_INDEX_SCALE I 8
staticfield jdk/internal/misc/Unsafe ARRAY_FLOAT_INDEX_SCALE I 4
staticfield jdk/internal/misc/Unsafe ARRAY_DOUBLE_INDEX_SCALE I 8
staticfield jdk/internal/misc/Unsafe ARRAY_OBJECT_INDEX_SCALE I 4
staticfield jdk/internal/misc/Unsafe ADDRESS_SIZE I 8
ciInstanceKlass jdk/internal/module/Modules 1 1 504 10 100 12 1 1 1 9 7 12 1 1 1 11 7 12 1 1 1 11 12 1 1 11 12 1 1 11 12 1 1 11 12 1 11 12 1 11 12 1 11 12 1 11 12 1 1 10 100 12 1 1 1 10 100 12 1 1 1 18 12 1 1 10 100 12 1 1 1 100 1 10 100 12 1 1 1 10 100 12 1 1 1 10 100 12 1 1 10 12 1 1 11 12 1 9 12 1 1 11 100 12 1 1 1 10 12 1 1 10 10 12 1 10 9 12 1 1 10 100 12 1 1 10 12 1 1 10 100 12 1 1 100 1 11 100 12 1 1 1 10 100 12 1 1 1 11 100 12 1 1 10 12 1 1 10 100 12 1 1 10 100 12 1 1 1 10 12 1 1 10 12 1 1 11 12 1 1 18 12 1 1 11 100 12 1 1 10 100 12 1 1 1 11 100 12 1 1 1 100 1 11 12 1 1 11 100 12 1 1 1 11 12 1 1 10 12 1 1 10 100 12 1 1 18 12 1 1 11 12 1 1 18 12 1 1 11 12 1 1 10 12 1 18 18 10 12 1 1 9 12 1 1 11 100 12 1 1 1 100 1 10 11 12 1 11 12 1 1 11 12 1 1 10 100 1 10 12 1 1 10 100 12 1 1 10 12 1 1 11 12 10 12 1 1 100 1 10 18 12 1 10 12 1 1 100 1 8 1 10 12 1 10 100 12 1 1 18 12 1 11 11 12 10 12 1 10 10 100 1 18 12 1 10 10 10 7 12 1 1 10 7 12 1 1 1 10 12 1 1 1 1 1 1 1 1 1 1 1 1 1 1 1 1 1 1 1 1 1 1 1 1 1 1 1 1 1 1 1 1 1 100 1 1 1 1 1 1 1 1 1 1 1 1 1 1 1 1 1 1 1 1 1 1 1 1 1 1 1 1 1 1 1 1 1 1 1 100 1 1 1 1 1 1 1 1 1 1 1 1 1 1 1 1 1 1 1 1 1 1 1 16 15 10 12 1 16 16 15 10 12 1 16 1 16 1 15 10 12 1 16 1 16 1 15 10 12 16 1 15 10 16 1 15 10 12 16 1 15 10 12 16 15 10 12 16 15 10 12 15 10 100 12 1 1 1 1 1 1 100 1 100 1 1
staticfield jdk/internal/module/Modules JLA Ljdk/internal/access/JavaLangAccess; java/lang/System$2
staticfield jdk/internal/module/Modules JLMA Ljdk/internal/access/JavaLangModuleAccess; java/lang/module/ModuleDescriptor$1
staticfield jdk/internal/module/Modules $assertionsDisabled Z 1
ciInstanceKlass java/lang/AutoCloseable 1 0 12 100 1 100 1 1 1 1 100 1 1 1
ciInstanceKlass java/io/Closeable 1 0 14 100 1 100 1 100 1 1 1 1 100 1 1 1
instanceKlass org/jetbrains/kotlin/protobuf/RopeByteString$RopeInputStream
instanceKlass org/jetbrains/kotlin/com/intellij/util/io/UnsyncByteArrayInputStream
instanceKlass org/jetbrains/kotlin/com/fasterxml/aalto/in/MergedStream
instanceKlass java/util/zip/ZipFile$ZipFileInputStream
instanceKlass java/io/FilterInputStream
instanceKlass java/io/FileInputStream
instanceKlass java/io/ByteArrayInputStream
ciInstanceKlass java/io/InputStream 1 1 195 100 1 10 7 12 1 1 1 100 1 10 10 7 12 1 1 1 10 7 12 1 1 1 10 12 1 100 1 3 10 12 1 1 100 1 8 1 10 12 1 10 100 12 1 1 1 3 100 1 8 1 10 10 100 12 1 1 1 100 1 10 11 100 12 1 1 1 10 12 1 1 11 12 1 1 11 100 12 1 1 1 11 12 1 1 100 1 10 100 12 1 1 1 5 0 10 12 1 10 12 1 1 100 1 10 8 1 10 8 1 8 1 10 12 1 1 10 100 12 1 1 1 100 1 5 0 10 12 1 100 1 100 1 1 1 1 3 1 3 1 1 1 1 1 1 1 1 1 1 1 1 1 1 1 1 1 1 1 1 1 1 1 1 1 1 1 1 1 1 1 1 1 1 1 1 1 1 1 1 1 1 1 1 1 1 1 1 1 1 1 1 1 1 1
ciInstanceKlass java/io/ByteArrayInputStream 1 1 117 10 7 12 1 1 1 9 7 12 1 1 1 9 12 1 1 9 12 1 9 12 1 10 100 12 1 1 1 10 7 12 1 1 1 10 7 12 1 1 1 10 100 12 1 1 1 10 12 1 1 3 10 100 1 10 100 12 1 1 1 9 12 1 1 100 1 10 10 7 12 1 1 1 1 1 1 1 1 1 1 1 1 1 1 1 1 1 1 1 1 1 1 1 1 1 1 1 1 1 1 1 100 1 1 1 1 1 1 1 1 1 1 1 1 1 1
staticfield java/io/ByteArrayInputStream $assertionsDisabled Z 1
ciInstanceKlass java/net/URL 1 1 771 10 7 12 1 1 1 10 12 1 10 7 12 1 1 9 12 1 1 9 12 1 10 7 12 1 1 1 10 12 1 1 10 12 1 1 9 12 1 1 10 7 12 1 1 1 8 1 10 12 1 1 100 1 10 10 12 1 1 8 1 10 12 1 1 9 12 1 100 1 8 1 10 12 1 10 12 1 8 1 9 12 1 10 12 1 1 9 12 1 10 12 1 10 12 1 9 12 1 9 12 1 8 1 9 12 1 10 12 1 1 8 1 9 12 1 1 10 12 1 1 10 7 12 1 1 1 8 1 10 12 1 7 1 10 12 1 10 12 1 10 12 1 10 12 1 1 10 12 1 1 8 1 10 12 1 1 10 12 1 8 1 9 12 1 8 1 10 12 1 10 7 12 1 1 1 100 1 10 12 1 10 12 1 1 10 7 12 1 1 1 100 1 8 1 10 10 12 1 8 1 10 12 1 1 10 12 1 10 12 1 10 12 1 10 12 1 10 12 1 10 12 1 8 1 10 12 1 8 1 10 10 100 1 10 10 12 1 8 1 10 7 12 1 1 1 10 12 1 9 100 12 1 1 1 10 100 12 1 1 1 9 12 1 1 10 12 1 10 100 12 1 1 1 100 1 100 1 10 12 1 10 12 1 10 12 1 10 12 1 10 12 1 10 12 10 10 12 1 10 12 1 10 12 1 1 8 1 9 100 12 1 1 1 10 100 12 1 1 1 10 12 1 1 9 100 12 1 1 1 10 12 1 1 100 1 10 12 1 10 12 1 10 10 12 1 1 10 12 1 1 10 12 1 10 12 1 10 12 1 10 7 12 1 1 1 10 12 1 1 10 12 1 9 12 1 1 9 12 1 1 100 1 8 1 10 10 12 1 9 12 1 1 10 7 12 1 1 8 1 10 7 12 1 1 8 1 10 12 1 1 10 12 1 8 1 8 1 10 7 12 1 1 1 100 1 10 100 12 1 1 1 10 12 1 10 12 1 100 1 10 9 100 12 1 1 1 10 100 12 1 1 10 12 1 1 10 12 1 8 1 100 1 10 10 100 12 1 1 1 10 12 1 8 9 100 12 1 1 1 10 12 1 1 10 12 1 10 12 1 1 10 7 12 1 1 11 7 12 1 1 10 12 1 10 12 1 9 12 1 10 12 1 1 10 100 12 1 1 10 100 12 1 1 1 8 10 100 12 1 1 100 1 10 8 8 10 12 1 8 8 8 100 1 10 12 1 9 12 1 1 10 12 1 10 12 1 1 10 12 1 10 12 10 12 1 1 10 12 1 1 10 10 10 12 1 10 12 1 10 12 1 10 12 1 10 12 1 10 10 12 1 100 1 8 1 10 10 10 12 1 1 10 12 1 10 12 1 1 8 1 7 1 10 10 7 1 10 12 1 9 7 12 1 1 1 9 12 1 1 7 1 10 10 7 12 1 1 1 100 1 1 1 1 1 5 0 1 1 1 1 1 1 1 1 1 1 1 1 1 1 1 1 1 1 1 1 1 1 1 1 1 1 1 1 1 1 1 1 1 1 1 1 1 1 1 1 1 1 1 1 1 1 1 1 100 1 1 1 1 1 1 1 1 1 1 1 1 1 1 1 1 1 1 1 1 1 1 1 1 1 1 1 1 1 1 1 1 1 1 1 1 1 100 1 1 1 1 1 1 1 1 1 1 1 1 1 1 1 1 1 100 1 1 1 1 1 1 1 1 1 1 1 1 1 1 1 1 1 1 1
staticfield java/net/URL defaultFactory Ljava/net/URLStreamHandlerFactory; java/net/URL$DefaultFactory
staticfield java/net/URL streamHandlerLock Ljava/lang/Object; java/lang/Object
staticfield java/net/URL serialPersistentFields [Ljava/io/ObjectStreamField; 7 [Ljava/io/ObjectStreamField;
ciInstanceKlass java/net/URLClassLoader 1 1 600 10 7 12 1 1 1 7 1 10 12 1 9 7 12 1 1 1 10 7 12 1 1 1 9 12 1 1 7 1 10 12 1 9 12 1 1 10 12 1 10 10 12 1 10 100 12 1 1 1 10 12 1 1 10 7 12 1 1 1 10 7 12 1 1 1 100 1 10 12 1 1 10 12 1 1 10 12 1 1 100 1 100 1 10 7 12 1 1 1 100 1 8 1 10 12 1 10 100 12 1 1 1 10 12 1 1 10 12 1 1 11 100 12 1 1 1 11 100 12 1 1 1 11 12 1 1 100 1 11 12 1 11 100 12 1 1 10 12 1 11 12 1 11 12 1 1 11 10 12 1 1 10 12 1 1 10 12 1 1 7 1 10 12 1 10 12 1 1 7 1 100 1 10 12 1 1 100 1 10 10 12 1 1 10 7 12 1 1 10 12 1 100 1 100 1 10 8 1 10 12 1 1 8 1 10 12 1 1 10 10 12 1 8 1 8 1 10 12 1 1 10 7 12 1 1 1 10 7 12 1 1 1 10 12 1 1 10 12 1 1 10 12 1 1 10 12 1 10 12 1 100 1 100 1 8 1 10 12 1 10 12 1 1 10 12 1 1 7 1 10 12 1 10 7 12 1 1 1 10 12 1 1 10 12 1 1 10 12 1 1 10 12 1 10 7 12 1 1 1 10 12 1 1 8 1 10 12 1 1 11 7 12 1 1 1 9 7 12 1 1 1 10 7 12 1 1 1 9 12 1 9 12 1 9 12 1 9 12 1 9 12 1 9 12 1 10 7 12 1 1 1 8 1 10 12 1 1 100 1 10 10 12 1 10 12 1 1 10 12 1 1 100 1 10 12 1 10 12 1 1 10 12 1 10 12 1 1 7 1 10 7 12 1 1 9 7 12 1 1 1 10 12 1 8 1 100 1 8 1 10 12 1 10 12 1 8 1 10 12 1 10 12 1 9 12 1 1 10 100 12 1 1 10 12 1 10 12 1 10 100 1 8 1 10 100 1 10 12 1 10 7 12 1 100 1 10 12 1 10 12 1 100 1 10 10 7 12 1 1 1 1 1 1 1 1 1 1 1 1 1 1 1 1 1 1 1 1 1 1 1 1 1 1 1 1 1 1 1 1 1 1 1 1 1 100 1 100 1 100 1 100 1 1 1 1 1 1 1 1 1 1 1 1 1 1 1 1 1 1 1 1 1 1 1 1 1 1 1 1 1 1 1 1 1 1 1 1 1 1 1 1 1 1 1 1 1 1 100 1 1 1 1 1 1 1 1 1 1 1 1 1 1 1 1 1 1 1 1 1 1 1 1 1 1 1 1 1 1 1 1 1 1 1 1 1 100 1 1 1
instanceKlass androidx/compose/compiler/plugins/kotlin/lower/StabilityBits
instanceKlass org/jetbrains/kotlin/ir/expressions/IrSyntheticBodyKind
instanceKlass org/jetbrains/kotlin/config/JvmClosureGenerationScheme
instanceKlass org/jetbrains/kotlin/ir/expressions/IrTypeOperator
instanceKlass org/jetbrains/kotlin/backend/common/serialization/mangle/MangleConstant
instanceKlass org/jetbrains/kotlin/backend/common/serialization/mangle/MangleMode
instanceKlass org/jetbrains/kotlin/ir/util/IdSignature$Flags
instanceKlass org/jetbrains/kotlin/backend/common/serialization/mangle/SpecialDeclarationType
instanceKlass org/jetbrains/kotlin/backend/common/serialization/DescriptorByIdSignatureFinderImpl$LookupMode
instanceKlass org/jetbrains/kotlin/ir/types/SimpleTypeNullability
instanceKlass org/jetbrains/kotlin/diagnostics/rendering/LanguageFeatureMessageRenderer$Type
instanceKlass org/jetbrains/kotlin/diagnostics/Errors$BadNamedArgumentsTarget
instanceKlass org/jetbrains/kotlin/com/google/common/collect/Iterators$EmptyModifiableIterator
instanceKlass org/jetbrains/kotlin/resolve/ModifiersChecker$DetailedClassKind
instanceKlass org/jetbrains/kotlin/cfg/ControlFlowBuilder$PredefinedOperation
instanceKlass org/jetbrains/kotlin/cfg/variable/VariableUseState
instanceKlass org/jetbrains/kotlin/cfg/variable/InitState
instanceKlass org/jetbrains/kotlin/resolve/calls/components/SuspendConversionStrategy
instanceKlass org/jetbrains/kotlin/resolve/calls/model/CallableReferencesCandidateFactory$VarargMappingState
instanceKlass androidx/compose/compiler/plugins/kotlin/inference/ItemKind
instanceKlass org/jetbrains/kotlin/com/intellij/psi/impl/PsiClassImplUtil$MemberType
instanceKlass org/jetbrains/kotlin/com/intellij/util/containers/JBIterator$Do
instanceKlass org/jetbrains/kotlin/com/intellij/util/containers/TreeTraversal$BiOrderIt$Order
instanceKlass org/jetbrains/kotlin/com/intellij/psi/impl/source/resolve/VariableResolverProcessor$StaticScope
instanceKlass org/jetbrains/kotlin/com/intellij/psi/scope/ElementClassHint$DeclarationKind
instanceKlass org/jetbrains/kotlin/com/intellij/psi/impl/source/PsiJavaCodeReferenceElementImpl$Kind
instanceKlass org/jetbrains/kotlin/com/intellij/lang/java/parser/ExpressionParser$ExprType
instanceKlass org/jetbrains/kotlin/com/intellij/lang/java/parser/DeclarationParser$Context
instanceKlass org/jetbrains/kotlin/resolve/checkers/OptInDescription$Severity
instanceKlass org/jetbrains/kotlin/kdoc/parser/KDocKnownTag
instanceKlass org/jetbrains/kotlin/load/java/SpecialGenericSignatures$SpecialSignatureInfo
instanceKlass org/jetbrains/kotlin/resolve/constants/IntegerLiteralTypeConstructor$Companion$Mode
instanceKlass org/jetbrains/kotlin/types/checker/TypeIntersector$ResultNullability
instanceKlass androidx/compose/compiler/plugins/kotlin/inference/NodeKind
instanceKlass org/jetbrains/kotlin/types/expressions/CaptureKind
instanceKlass org/jetbrains/kotlin/resolve/calls/inference/TypeBounds$BoundKind
instanceKlass org/jetbrains/kotlin/resolve/calls/inference/ConstraintSystemBuilderImpl$ConstraintKind
instanceKlass org/jetbrains/kotlin/resolve/calls/inference/constraintPosition/ConstraintPositionKind
instanceKlass org/jetbrains/kotlin/contracts/description/EventOccurrencesRange
instanceKlass org/jetbrains/kotlin/contracts/ContractDeserializerImpl$ContractDeserializationWorker$PrimitiveExpressionType
instanceKlass org/jetbrains/kotlin/contracts/ContractDeserializerImpl$ContractDeserializationWorker$ComplexExpressionType
instanceKlass org/jetbrains/kotlin/resolve/Compatibility
instanceKlass org/jetbrains/kotlin/descriptors/RelationToType
instanceKlass org/jetbrains/kotlin/descriptors/EffectiveVisibility$Permissiveness
instanceKlass org/jetbrains/kotlin/cfg/pseudocodeTraverser/TraverseInstructionResult
instanceKlass org/jetbrains/kotlin/cfg/pseudocodeTraverser/TraversalOrder
instanceKlass org/jetbrains/kotlin/cfg/pseudocode/instructions/eval/MagicKind
instanceKlass org/jetbrains/kotlin/resolve/calls/checkers/RttiOperation
instanceKlass org/jetbrains/kotlin/types/expressions/LabelResolver$LabeledReceiverResolutionResult$Code
instanceKlass org/jetbrains/kotlin/resolve/deprecation/DeprecationLevelValue
instanceKlass org/jetbrains/kotlin/load/kotlin/AbstractBinaryClassAnnotationLoader$PropertyRelatedElement
instanceKlass org/jetbrains/kotlin/resolve/constants/evaluate/CompileTimeType
instanceKlass org/jetbrains/kotlin/resolve/calls/components/CompletionModeCalculator$CalculatorForNestedCall$FixationDirection
instanceKlass org/jetbrains/kotlin/resolve/calls/inference/components/VariableFixationFinder$TypeVariableFixationReadiness
instanceKlass org/jetbrains/kotlin/types/TypeApproximatorConfiguration$IntersectionStrategy
instanceKlass org/jetbrains/kotlin/resolve/calls/components/ImplicitInvokeCheckStatus
instanceKlass org/jetbrains/kotlin/com/intellij/util/ThreeState
instanceKlass org/jetbrains/kotlin/resolve/calls/inference/ConstraintSystemBuilderImpl$Mode
instanceKlass org/jetbrains/kotlin/resolve/OverloadChecker$DeclarationCategory
instanceKlass org/jetbrains/kotlin/resolve/calls/tower/WrongResolutionToClassifier
instanceKlass org/jetbrains/kotlin/builtins/jvm/JvmBuiltInsCustomizer$JDKMemberStatus
instanceKlass org/jetbrains/kotlin/types/TypeSubstitutor$VarianceConflictType
instanceKlass org/jetbrains/kotlin/resolve/jvm/jvmSignature/JvmMethodParameterKind
instanceKlass org/jetbrains/kotlin/codegen/OwnerKind
instanceKlass org/jetbrains/kotlin/com/intellij/psi/stubs/StubList$ChildrenStorage
instanceKlass org/jetbrains/kotlin/com/intellij/openapi/projectRoots/JavaSdkVersion
instanceKlass org/jetbrains/kotlin/descriptors/annotations/KotlinRetention
instanceKlass org/jetbrains/kotlin/resolve/calls/model/ArgumentMatchStatus
instanceKlass org/jetbrains/kotlin/types/TypeCheckerState$LowerCapturedTypePolicy
instanceKlass org/jetbrains/kotlin/resolve/calls/inference/model/ConstraintKind
instanceKlass org/jetbrains/kotlin/resolve/calls/components/ArgumentsToParametersMapper$CallArgumentProcessor$State
instanceKlass org/jetbrains/kotlin/resolve/calls/results/OverloadResolutionResults$Code
instanceKlass org/jetbrains/kotlin/resolve/calls/tower/CandidateApplicability
instanceKlass org/jetbrains/kotlin/resolve/calls/smartcasts/DataFlowValue$Kind
instanceKlass org/jetbrains/kotlin/resolve/calls/smartcasts/Nullability
instanceKlass org/jetbrains/kotlin/resolve/calls/inference/model/NewConstraintSystemImpl$State
instanceKlass org/jetbrains/kotlin/resolve/calls/model/KotlinCallKind
instanceKlass org/jetbrains/kotlin/resolve/calls/tasks/ExplicitReceiverKind
instanceKlass org/jetbrains/kotlin/psi/Call$CallType
instanceKlass org/jetbrains/kotlin/builtins/UnsignedArrayType
instanceKlass org/jetbrains/kotlin/builtins/functions/FunctionClassKind
instanceKlass org/jetbrains/kotlin/resolve/ExternalOverridabilityCondition$Result
instanceKlass org/jetbrains/kotlin/resolve/ExternalOverridabilityCondition$Contract
instanceKlass org/jetbrains/kotlin/resolve/OverridingUtil$OverrideCompatibilityInfo$Result
instanceKlass org/jetbrains/kotlin/load/java/SpecialGenericSignatures$TypeSafeBarrierDescription
instanceKlass org/jetbrains/kotlin/load/java/descriptors/JavaMethodDescriptor$ParameterNamesStatus
instanceKlass org/jetbrains/kotlin/load/java/typeEnhancement/TypeComponentPosition
instanceKlass org/jetbrains/kotlin/load/java/typeEnhancement/NullabilityQualifier
instanceKlass org/jetbrains/kotlin/name/State
instanceKlass org/jetbrains/kotlin/load/java/lazy/types/JavaTypeFlexibility
instanceKlass org/jetbrains/kotlin/types/TypeUsage
instanceKlass kotlin/reflect/jvm/internal/impl/resolve/jvm/JvmPrimitiveType
instanceKlass kotlin/reflect/jvm/internal/impl/builtins/PrimitiveType
instanceKlass kotlin/reflect/jvm/internal/impl/builtins/functions/FunctionClassKind
instanceKlass org/jetbrains/kotlin/descriptors/annotations/KotlinTarget
instanceKlass org/jetbrains/kotlin/load/java/structure/impl/classFiles/BinaryClassSignatureParser$JavaSignatureVariance
instanceKlass javaslang/collection/HashArrayMappedTrieModule$Action
instanceKlass org/jetbrains/kotlin/metadata/ProtoBuf$Effect$InvocationKind
instanceKlass org/jetbrains/kotlin/metadata/ProtoBuf$Expression$ConstantValue
instanceKlass org/jetbrains/kotlin/metadata/ProtoBuf$Effect$EffectType
instanceKlass org/jetbrains/kotlin/metadata/ProtoBuf$VersionRequirement$VersionKind
instanceKlass org/jetbrains/kotlin/metadata/ProtoBuf$VersionRequirement$Level
instanceKlass org/jetbrains/kotlin/serialization/deserialization/descriptors/DeserializedContainerAbiStability
instanceKlass org/jetbrains/kotlin/metadata/jvm/JvmProtoBuf$StringTableTypes$Record$Operation
instanceKlass org/jetbrains/kotlin/resolve/jvm/JvmPrimitiveType
instanceKlass java/lang/annotation/ElementType
instanceKlass org/jetbrains/kotlin/load/java/structure/LightClassOriginKind
instanceKlass org/jetbrains/kotlin/resolve/jvm/NotFoundPackagesCachingStrategy$CacheType
instanceKlass org/jetbrains/kotlin/resolve/lazy/LazyImportScope$FilteringKind
instanceKlass org/jetbrains/kotlin/resolve/scopes/LexicalScopeKind
instanceKlass org/jetbrains/kotlin/parsing/KotlinParsing$ParseEnumEntryResult
instanceKlass org/jetbrains/kotlin/parsing/KotlinParsing$PropertyComponentKind
instanceKlass org/jetbrains/kotlin/parsing/KotlinParsing$DeclarationParsingMode
instanceKlass org/jetbrains/kotlin/parsing/KotlinParsing$NameParsingMode
instanceKlass org/jetbrains/kotlin/parsing/KotlinParsing$AnnotationParsingMode
instanceKlass org/jetbrains/kotlin/parsing/KotlinExpressionParsing$Precedence
instanceKlass org/jetbrains/kotlin/load/kotlin/header/KotlinClassHeader$Kind
instanceKlass org/jetbrains/kotlin/load/java/AnnotationQualifierApplicabilityType
instanceKlass org/jetbrains/kotlin/incremental/components/NoLookupLocation
instanceKlass java/lang/invoke/MethodHandleImpl$ArrayAccess
instanceKlass org/jetbrains/kotlin/serialization/deserialization/AnnotatedCallableKind
instanceKlass org/jetbrains/kotlin/load/java/typeEnhancement/MutabilityQualifier
instanceKlass org/jetbrains/kotlin/types/expressions/ControlStructureTypingUtils$ResolveConstruct
instanceKlass org/jetbrains/kotlin/types/expressions/FakeCallKind
instanceKlass org/jetbrains/kotlin/resolve/calls/inference/components/TypeVariableDirectionCalculator$ResolveDirection
instanceKlass org/jetbrains/kotlin/resolve/calls/inference/components/ConstraintSystemCompletionMode
instanceKlass org/jetbrains/kotlin/resolve/calls/results/ResolutionStatus
instanceKlass org/jetbrains/kotlin/resolve/calls/context/CheckArgumentTypesMode
instanceKlass org/jetbrains/kotlin/resolve/calls/util/ResolveArgumentsMode
instanceKlass org/jetbrains/kotlin/resolve/calls/smartcasts/SmartCastManager$ReceiverSmartCastResult
instanceKlass org/jetbrains/kotlin/resolve/calls/context/ContextDependency
instanceKlass org/jetbrains/kotlin/types/expressions/CoercionStrategy
instanceKlass org/jetbrains/kotlin/psi/KtProjectionKind
instanceKlass org/jetbrains/kotlin/resolve/QualifierPosition
instanceKlass org/jetbrains/kotlin/resolve/lazy/FileScopeFactory$FilteringKind
instanceKlass org/jetbrains/kotlin/resolve/TopDownAnalysisMode
instanceKlass org/jetbrains/kotlin/incremental/components/ScopeKind
instanceKlass org/jetbrains/kotlin/types/model/CaptureStatus
instanceKlass org/jetbrains/kotlin/types/model/TypeVariance
instanceKlass org/jetbrains/kotlin/analyzer/ModuleInfo$DependencyOnBuiltIns
instanceKlass org/jetbrains/kotlin/types/Variance
instanceKlass org/jetbrains/kotlin/com/intellij/openapi/extensions/ExtensionDescriptor$Os
instanceKlass kotlin/DeprecationLevel
instanceKlass org/jetbrains/kotlin/com/intellij/diagnostic/ActivityCategory
instanceKlass org/jetbrains/kotlin/container/ComponentState
instanceKlass org/jetbrains/kotlin/container/ComponentStorageState
instanceKlass java/math/RoundingMode
instanceKlass org/jetbrains/kotlin/descriptors/annotations/AnnotationUseSiteTarget
instanceKlass org/jetbrains/kotlin/config/LanguageFeature$State
instanceKlass org/jetbrains/kotlin/config/LanguageFeature$Kind
instanceKlass org/jetbrains/kotlin/config/LanguageFeature
instanceKlass org/jetbrains/kotlin/metadata/ProtoBuf$Type$Argument$Projection
instanceKlass org/jetbrains/kotlin/metadata/ProtoBuf$QualifiedNameTable$QualifiedName$Kind
instanceKlass org/jetbrains/kotlin/metadata/ProtoBuf$TypeParameter$Variance
instanceKlass org/jetbrains/kotlin/metadata/ProtoBuf$Annotation$Argument$Value$Type
instanceKlass org/jetbrains/kotlin/protobuf/WireFormat$JavaType
instanceKlass org/jetbrains/kotlin/protobuf/WireFormat$FieldType
instanceKlass org/jetbrains/kotlin/types/error/ErrorScopeKind
instanceKlass org/jetbrains/kotlin/descriptors/CallableMemberDescriptor$Kind
instanceKlass java/util/Locale$Category
instanceKlass org/jetbrains/kotlin/types/error/ErrorEntity
instanceKlass org/jetbrains/kotlin/types/error/ErrorTypeKind
instanceKlass org/jetbrains/kotlin/descriptors/ClassKind
instanceKlass org/jetbrains/kotlin/descriptors/Modality
instanceKlass org/jetbrains/kotlin/renderer/AnnotationArgumentsRenderingPolicy
instanceKlass org/jetbrains/kotlin/renderer/PropertyAccessorRenderingPolicy
instanceKlass org/jetbrains/kotlin/renderer/ParameterNameRenderingPolicy
instanceKlass org/jetbrains/kotlin/renderer/RenderingFormat
instanceKlass org/jetbrains/kotlin/renderer/OverrideRenderingPolicy
instanceKlass org/jetbrains/kotlin/renderer/DescriptorRendererModifier
instanceKlass org/jetbrains/kotlin/builtins/jvm/JvmBuiltIns$Kind
instanceKlass org/jetbrains/kotlin/diagnostics/Severity
instanceKlass org/jetbrains/kotlin/com/intellij/openapi/fileEditor/impl/LoadTextUtil$AutoDetectionReason
instanceKlass org/jetbrains/kotlin/com/intellij/openapi/vfs/CharsetToolkit$GuessedEncoding
instanceKlass org/jetbrains/kotlin/cli/jvm/index/JavaRoot$RootType
instanceKlass org/jetbrains/kotlin/com/intellij/openapi/util/io/FileAttributes$CaseSensitivity
instanceKlass org/jetbrains/kotlin/com/intellij/openapi/vfs/VFileProperty
instanceKlass kotlin/collections/State
instanceKlass kotlin/io/FileWalkDirection
instanceKlass org/jetbrains/kotlin/metadata/ProtoBuf$MemberKind
instanceKlass org/jetbrains/kotlin/metadata/ProtoBuf$Class$Kind
instanceKlass org/jetbrains/kotlin/metadata/ProtoBuf$Modality
instanceKlass org/jetbrains/kotlin/metadata/ProtoBuf$Visibility
instanceKlass com/sun/tools/javac/comp/DeferredAttr$AttributionMode
instanceKlass com/sun/tools/javac/api/DiagnosticFormatter$PositionKind
instanceKlass javax/lang/model/SourceVersion
instanceKlass com/sun/tools/javac/jvm/Target
instanceKlass com/sun/tools/javac/parser/Tokens$Token$Tag
instanceKlass com/sun/tools/javac/parser/Tokens$TokenKind
instanceKlass com/sun/tools/javac/code/Source
instanceKlass com/sun/tools/javac/code/Lint$LintCategory
instanceKlass com/sun/tools/javac/main/Option$ChoiceKind
instanceKlass com/sun/tools/javac/main/Option$ArgKind
instanceKlass com/sun/tools/javac/main/Option$OptionGroup
instanceKlass com/sun/tools/javac/main/Option$OptionKind
instanceKlass com/sun/tools/javac/main/Option
instanceKlass org/jetbrains/kotlin/base/kapt3/DetectMemoryLeaksMode
instanceKlass org/jetbrains/kotlin/base/kapt3/AptMode
instanceKlass org/jetbrains/kotlin/base/kapt3/KaptFlag
instanceKlass org/jetbrains/kotlin/com/intellij/pom/java/LanguageLevel
instanceKlass org/jetbrains/kotlin/com/intellij/openapi/util/LowMemoryWatcher$LowMemoryWatcherType
instanceKlass org/jetbrains/kotlin/com/intellij/diagnostic/LoadingState
instanceKlass org/jetbrains/kotlin/com/intellij/openapi/progress/impl/CoreProgressManager$CheckCanceledBehavior
instanceKlass org/jetbrains/kotlin/com/intellij/util/messages/Topic$BroadcastDirection
instanceKlass org/jetbrains/kotlin/com/intellij/openapi/extensions/ExtensionPoint$Kind
instanceKlass org/jetbrains/kotlin/cli/jvm/compiler/EnvironmentConfigFiles
instanceKlass org/jetbrains/kotlin/config/JvmSerializeIrMode
instanceKlass org/jetbrains/kotlin/config/JvmAbiStability
instanceKlass org/jetbrains/kotlin/kapt/cli/CliToolOption$Format
instanceKlass org/jetbrains/kotlin/kapt/cli/KaptCliOption
instanceKlass org/jetbrains/kotlin/builtins/UnsignedType
instanceKlass kotlin/LazyThreadSafetyMode
instanceKlass org/jetbrains/kotlin/builtins/PrimitiveType
instanceKlass java/util/stream/Collector$Characteristics
instanceKlass java/util/stream/MatchOps$MatchKind
instanceKlass org/jetbrains/kotlin/config/JvmTarget
instanceKlass org/jetbrains/kotlin/storage/LockBasedStorageManager$NotValue
instanceKlass org/jetbrains/kotlin/load/java/ReportLevel
instanceKlass jdk/internal/logger/BootstrapLogger$LoggingBackend
instanceKlass java/util/stream/StreamShape
instanceKlass java/util/stream/StreamOpFlag$Type
instanceKlass java/util/stream/StreamOpFlag
instanceKlass java/util/regex/Pattern$Qtype
instanceKlass org/jetbrains/kotlin/config/LanguageVersion
instanceKlass java/lang/reflect/ProxyGenerator$PrimitiveTypeInfo
instanceKlass java/lang/annotation/RetentionPolicy
instanceKlass org/jetbrains/kotlin/config/JvmDefaultMode
instanceKlass org/jetbrains/kotlin/config/JVMAssertionsMode
instanceKlass org/jetbrains/kotlin/config/ExplicitApiMode
instanceKlass org/jetbrains/kotlin/cli/common/messages/CompilerMessageSeverity
instanceKlass org/jetbrains/kotlin/cli/common/CompilerSystemProperties
instanceKlass java/lang/invoke/MethodHandles$Lookup$ClassOption
instanceKlass java/lang/invoke/VarHandle$AccessType
instanceKlass java/lang/invoke/VarHandle$AccessMode
instanceKlass java/lang/invoke/MethodHandleImpl$Intrinsic
instanceKlass java/lang/invoke/LambdaForm$BasicType
instanceKlass java/lang/invoke/LambdaForm$Kind
instanceKlass sun/invoke/util/Wrapper
instanceKlass java/io/JbExtendedOpenOptions
instanceKlass org/jetbrains/kotlin/cli/common/ExitCode
instanceKlass java/util/zip/ZipCoder$Comparison
instanceKlass java/nio/file/LinkOption
instanceKlass sun/nio/fs/WindowsPathType
instanceKlass java/nio/file/StandardOpenOption
instanceKlass java/io/File$PathStatus
instanceKlass java/lang/module/ModuleDescriptor$Requires$Modifier
instanceKlass java/lang/reflect/AccessFlag$Location
instanceKlass java/lang/reflect/AccessFlag
instanceKlass java/lang/module/ModuleDescriptor$Modifier
instanceKlass com/jetbrains/internal/IoOverNio$Debug
instanceKlass java/lang/reflect/ClassFileFormatVersion
instanceKlass java/util/concurrent/TimeUnit
instanceKlass java/lang/Thread$State
ciInstanceKlass java/lang/Enum 1 1 204 9 7 12 1 1 1 9 12 1 1 10 7 12 1 1 1 9 12 1 10 7 12 1 1 1 100 1 10 10 12 1 1 10 12 1 100 1 10 10 7 12 1 1 10 12 1 1 18 12 1 1 10 100 12 1 1 1 10 12 1 1 11 7 12 1 1 1 100 1 8 1 10 12 1 100 1 100 1 10 8 1 10 12 1 1 10 12 1 1 8 1 10 12 1 10 100 1 8 1 10 10 12 1 1 10 100 12 1 1 1 100 1 100 1 100 1 1 1 1 1 1 1 1 1 1 1 1 1 1 1 1 1 1 1 1 1 1 1 1 1 1 1 1 1 1 1 1 1 1 1 1 1 1 1 1 1 1 1 1 1 1 1 3 1 1 1 1 100 1 100 1 1 100 1 1 1 1 1 1 1 1 1 1 1 16 15 10 12 16 15 10 100 12 1 1 1 1 1 100 1 100 1 1
ciInstanceKlass java/util/jar/Manifest 1 1 339 10 7 12 1 1 1 7 1 10 9 7 12 1 1 1 7 1 10 9 12 1 1 9 12 1 1 10 12 1 10 12 1 1 10 12 1 1 10 12 1 1 10 12 1 1 11 7 1 11 12 1 1 10 12 1 1 10 100 12 1 1 1 100 1 100 1 10 8 1 10 12 1 1 10 12 1 1 10 12 1 10 12 1 11 100 1 10 12 1 10 12 1 1 11 12 1 1 10 12 1 11 12 1 1 11 100 12 1 1 1 11 100 12 1 1 11 12 1 1 100 1 10 12 1 8 1 11 12 1 100 1 10 12 1 1 11 12 1 10 12 1 10 12 1 10 100 12 1 1 1 8 1 10 12 1 1 10 9 100 12 1 1 1 10 12 1 1 10 100 12 1 10 12 1 10 12 1 9 100 12 1 1 1 8 1 10 12 1 8 1 8 1 7 1 10 12 1 10 12 1 10 12 1 1 100 1 8 1 10 12 1 1 8 1 10 10 12 1 1 8 1 10 12 1 1 10 100 12 1 1 1 10 12 1 10 11 12 1 1 10 12 1 10 100 12 1 1 1 10 12 1 1 10 12 1 10 12 1 1 11 10 12 1 11 10 12 1 100 1 1 1 1 1 1 1 1 1 1 1 1 1 1 1 1 1 1 1 1 1 1 1 1 1 1 1 1 1 1 1 1 1 1 1 1 1 1 1 1 1 1 1 100 1 1 1 1 1 1 1 1 1 1 1 1 1 1 100 1 1 1 1 1 1 1 1 1 1 1
instanceKlass jdk/internal/loader/ClassLoaders$BootClassLoader
instanceKlass jdk/internal/loader/ClassLoaders$PlatformClassLoader
instanceKlass jdk/internal/loader/ClassLoaders$AppClassLoader
ciInstanceKlass jdk/internal/loader/BuiltinClassLoader 1 1 757 9 7 12 1 1 1 10 7 12 1 1 1 10 7 12 1 1 1 9 12 1 1 9 12 1 1 7 1 10 12 1 9 12 1 10 12 1 9 12 1 10 7 12 1 1 1 10 7 12 1 1 1 10 7 12 1 1 1 11 7 12 1 1 1 100 1 100 1 10 10 12 1 1 8 1 10 12 1 10 12 7 1 10 12 1 10 12 1 1 11 7 12 1 1 1 11 7 12 1 1 1 11 12 1 1 7 1 8 1 8 1 10 9 12 1 1 10 7 12 1 1 11 12 1 1 10 12 1 1 10 12 1 1 10 12 1 1 10 7 12 1 1 1 10 12 1 10 100 12 1 1 1 10 12 1 1 11 7 12 1 1 1 10 7 12 1 1 100 1 10 7 12 1 1 1 10 12 1 100 1 8 1 10 12 1 1 10 8 1 10 12 1 1 10 12 1 1 10 12 1 1 11 7 12 1 1 11 12 1 7 1 10 11 12 1 1 11 10 12 1 1 7 1 10 12 1 10 7 12 1 10 12 1 7 1 10 12 1 10 7 12 1 1 1 100 1 10 12 1 1 11 12 1 100 1 100 1 10 12 1 10 12 1 1 100 1 100 1 10 12 1 10 12 1 18 12 1 1 10 12 1 10 12 1 1 18 100 1 10 7 12 1 1 1 7 1 10 10 12 1 1 10 12 1 1 10 12 1 1 10 12 1 9 12 1 1 100 1 10 10 12 1 1 10 12 1 1 10 12 1 10 12 10 12 1 1 10 12 1 1 10 12 1 1 10 12 1 10 7 12 1 1 1 10 12 1 1 10 7 12 1 1 18 12 1 7 1 100 1 10 12 1 1 10 12 1 1 10 12 1 10 12 1 1 10 12 1 100 1 10 12 1 7 1 10 12 1 10 7 12 1 1 1 10 12 1 11 12 1 7 1 10 12 1 7 1 100 1 10 12 1 10 12 1 11 12 1 1 10 12 1 1 10 12 1 1 10 12 1 1 10 12 1 1 10 12 1 10 12 1 10 12 1 10 12 1 8 1 10 12 1 1 10 7 12 1 1 10 12 1 100 1 8 1 8 1 10 10 12 1 8 1 8 1 10 7 12 1 1 1 11 7 12 1 1 1 9 7 12 1 1 1 10 7 12 1 1 1 9 12 1 9 12 1 9 12 1 9 12 1 9 12 1 9 12 1 10 7 12 1 1 1 8 1 10 12 1 7 1 10 12 1 1 10 12 1 7 1 10 11 12 1 1 10 12 10 12 1 10 12 1 100 1 10 12 1 10 12 1 10 10 12 1 10 7 12 1 1 8 1 10 7 12 1 1 10 12 1 1 1 1 1 1 1 1 1 1 1 1 1 1 1 1 1 1 1 1 1 1 1 1 1 1 1 1 1 1 1 1 1 1 1 1 1 1 1 1 1 1 1 1 1 1 1 1 1 1 1 1 1 1 1 1 100 1 1 1 1 1 1 1 1 1 1 1 1 1 1 1 1 1 1 100 1 1 1 1 1 1 100 1 1 1 1 1 1 1 1 1 1 1 1 1 1 1 1 1 1 1 1 1 1 1 1 1 1 1 1 1 1 1 1 1 1 1 1 1 1 1 1 1 1 1 1 1 1 1 1 100 1 1 16 15 10 12 16 15 10 12 16 15 10 12 16 1 15 10 100 12 1 1 1 1 1 1 100 1 1 1 1 1 100 1 100 1 1
staticfield jdk/internal/loader/BuiltinClassLoader packageToModule Ljava/util/Map; java/util/concurrent/ConcurrentHashMap
staticfield jdk/internal/loader/BuiltinClassLoader $assertionsDisabled Z 1
ciInstanceKlass jdk/internal/loader/ClassLoaders 1 1 183 10 100 12 1 1 1 10 7 12 1 1 1 10 12 1 1 10 100 12 1 1 1 9 7 12 1 1 1 9 12 1 1 9 12 1 1 7 1 11 100 12 1 1 1 100 1 11 12 1 1 11 12 1 1 10 100 12 1 1 1 10 100 12 1 1 1 100 1 100 1 10 7 12 1 1 1 9 12 1 1 10 12 1 1 7 1 10 12 1 1 10 12 1 7 1 8 1 10 7 12 1 1 1 10 12 1 1 7 1 10 12 1 10 12 1 10 12 1 8 1 10 7 12 1 1 8 1 8 1 10 12 1 7 1 10 12 1 10 12 1 10 12 1 1 1 1 1 1 1 1 1 1 1 1 1 1 1 1 1 1 1 1 100 1 1 1 1 1 1 1 1 1 1 1 1 1 1 1 1 1 1 1
staticfield jdk/internal/loader/ClassLoaders JLA Ljdk/internal/access/JavaLangAccess; java/lang/System$2
staticfield jdk/internal/loader/ClassLoaders BOOT_LOADER Ljdk/internal/loader/ClassLoaders$BootClassLoader; jdk/internal/loader/ClassLoaders$BootClassLoader
staticfield jdk/internal/loader/ClassLoaders PLATFORM_LOADER Ljdk/internal/loader/ClassLoaders$PlatformClassLoader; jdk/internal/loader/ClassLoaders$PlatformClassLoader
staticfield jdk/internal/loader/ClassLoaders APP_LOADER Ljdk/internal/loader/ClassLoaders$AppClassLoader; jdk/internal/loader/ClassLoaders$AppClassLoader
ciInstanceKlass jdk/internal/loader/ClassLoaders$AppClassLoader 1 1 119 8 1 10 7 12 1 1 1 10 7 12 1 1 1 10 100 12 1 1 1 10 12 1 1 10 100 12 1 1 1 10 12 1 1 10 12 1 1 7 1 8 1 10 12 10 7 12 1 1 1 10 100 12 1 1 10 12 1 1 10 12 1 1 10 7 12 1 1 1 100 1 10 12 1 1 1 1 1 1 1 1 1 1 1 1 1 1 1 1 1 1 1 1 1 100 1 1 1 1 1 1 1 1 1 1 1 1 1 1 1 1 1 1 1 100 1 1 1
ciInstanceKlass jdk/internal/loader/ClassLoaders$PlatformClassLoader 1 1 42 8 1 10 7 12 1 1 1 10 7 12 1 1 1 100 1 10 12 1 100 1 1 1 1 1 1 1 1 1 1 1 1 1 1 100 1 1 1 100 1 1
ciInstanceKlass java/security/CodeSource 1 1 398 10 7 12 1 1 1 9 7 12 1 1 1 9 12 1 1 9 12 1 1 9 12 1 1 10 7 12 1 1 1 9 12 1 1 10 100 12 1 1 10 100 10 100 12 1 1 1 10 100 12 1 1 1 10 12 1 1 100 1 10 10 100 12 1 1 1 10 100 12 1 1 1 10 12 1 1 100 1 10 12 1 1 10 12 1 1 10 12 1 1 10 12 1 10 10 10 12 1 1 10 100 12 1 1 1 10 12 1 10 12 1 10 12 1 8 1 10 12 1 10 12 1 10 12 1 1 10 12 1 8 1 10 12 1 1 10 100 1 10 10 12 1 1 8 1 10 12 1 10 12 1 10 12 1 8 1 8 1 9 12 1 1 100 1 8 1 10 12 1 10 12 1 1 8 1 10 12 1 8 1 8 1 8 1 10 100 12 1 1 10 12 1 1 10 12 1 10 12 1 1 10 12 1 1 10 12 1 1 100 1 100 1 10 12 1 10 12 10 12 1 1 10 100 12 1 1 10 12 1 100 1 10 12 10 100 12 1 1 1 10 8 1 10 12 1 10 12 1 10 12 1 1 100 1 10 12 1 1 100 1 100 1 8 1 8 1 10 10 12 1 1 10 100 12 1 1 1 100 1 10 12 10 12 1 1 11 100 12 1 1 10 10 12 1 11 10 12 1 8 1 100 1 10 12 1 10 12 1 1 10 12 1 11 12 1 1 100 1 1 1 1 5 0 1 1 1 1 1 1 1 1 1 1 1 1 1 1 1 1 1 1 1 1 1 1 1 1 1 1 1 1 1 1 1 1 1 1 1 1 1 1 1 1 1 1 1 1 1 1 1 1 1 1 1 1 1 1 1 1 1 1 1 1 1 1 1 1 1 1 100 1 1 1 1 1 1 1
ciInstanceKlass java/util/concurrent/ConcurrentMap 1 1 208 11 7 12 1 1 1 10 7 12 1 1 11 12 1 1 11 100 12 1 1 1 11 100 12 1 1 1 11 12 1 1 100 1 11 12 1 11 12 1 100 1 11 100 12 1 1 1 18 12 1 11 12 1 1 11 7 12 1 1 11 12 1 1 11 100 12 1 11 12 1 1 11 12 1 1 100 1 100 1 1 1 1 1 1 1 1 1 1 1 1 1 1 1 1 1 1 1 1 1 1 1 1 1 1 1 1 1 1 1 1 1 1 1 1 1 1 1 1 1 1 1 1 1 1 1 1 1 1 1 1 1 1 1 1 1 1 1 1 16 15 11 12 15 10 100 12 1 1 1 1 1 100 1 100 1 1 1 100 1 8 1 1 12 10 1 1 1 8 1 1 1 8 1 1 8 1 1 1 8 1 1 1 8 1 1 1 8 1 1 1 8 1 1 1 8 1 1 1 8 1 1 1 8 1 1 8 1
instanceKlass org/jetbrains/kotlin/com/google/common/collect/Maps$ViewCachingAbstractMap
instanceKlass java/util/Collections$SingletonMap
instanceKlass kotlin/collections/AbstractMutableMap
instanceKlass org/jetbrains/kotlin/protobuf/SmallSortedMap
instanceKlass org/jetbrains/kotlin/com/intellij/openapi/vfs/impl/ZipEntryMap
instanceKlass org/jetbrains/kotlin/com/intellij/util/containers/hash/LinkedHashMap
instanceKlass org/jetbrains/kotlin/com/intellij/util/containers/ConcurrentRefHashMap
instanceKlass org/jetbrains/kotlin/com/intellij/util/containers/RefHashMap
instanceKlass java/util/EnumMap
instanceKlass java/util/TreeMap
instanceKlass java/util/IdentityHashMap
instanceKlass java/util/WeakHashMap
instanceKlass java/util/Collections$EmptyMap
instanceKlass sun/util/PreHashedMap
instanceKlass java/util/HashMap
instanceKlass java/util/ImmutableCollections$AbstractImmutableMap
instanceKlass java/util/concurrent/ConcurrentHashMap
ciInstanceKlass java/util/AbstractMap 1 1 196 10 7 12 1 1 1 10 7 12 1 1 1 11 7 12 1 1 1 10 11 12 1 1 11 7 12 1 1 1 11 12 1 1 7 1 11 12 1 10 12 1 1 11 12 1 100 1 10 11 12 1 11 7 1 10 12 1 1 11 12 1 9 12 1 1 7 1 10 12 1 9 12 1 1 100 1 10 11 11 12 1 1 11 12 1 100 1 100 1 11 12 1 8 1 100 1 10 10 12 1 1 8 1 10 12 1 10 12 1 1 10 12 1 1 1 1 1 1 1 1 1 1 1 1 1 1 1 1 1 1 1 1 1 1 1 1 1 1 1 1 1 1 1 1 1 1 1 1 1 1 1 1 100 1 1 1 1 1 1 1 100 1 1 1 1 1 1 1 1 1 100 1 1 1 1 1 1 1 1 1 100 1 100 1 100 1 100 1 100 1 1 1 1 1 1
ciInstanceKlass java/util/concurrent/ConcurrentHashMap 1 1 1210 7 1 7 1 3 10 12 1 1 3 100 1 10 7 12 1 1 1 100 1 10 100 12 1 1 1 100 1 11 12 1 1 11 12 1 11 12 1 1 9 12 1 1 9 12 1 1 9 12 1 10 7 12 1 1 1 7 1 10 12 1 1 10 12 1 1 10 7 12 1 1 1 4 10 12 1 9 12 1 10 12 1 1 100 1 10 5 0 10 12 1 10 12 1 1 5 0 10 12 1 1 10 12 1 9 12 1 1 10 12 1 1 9 12 1 9 12 1 1 10 12 1 1 9 12 1 10 12 1 1 9 12 1 1 10 12 1 1 100 1 10 100 1 10 12 1 10 12 1 1 10 12 1 1 10 12 1 1 10 12 1 10 12 1 1 10 12 1 1 100 1 10 12 1 1 7 1 100 1 8 1 10 12 1 10 12 1 1 10 12 1 1 11 7 12 1 1 10 12 1 1 11 12 1 1 11 7 12 1 1 1 11 7 12 1 1 1 11 12 1 7 1 11 12 1 11 12 1 10 12 1 1 10 12 1 1 9 12 1 1 10 100 12 1 1 1 9 10 12 1 1 9 12 1 10 12 1 1 5 0 9 12 1 1 7 1 10 12 1 9 12 1 1 7 1 10 12 1 9 12 1 7 1 10 100 1 10 10 12 1 1 8 1 10 12 1 10 12 1 1 11 100 1 10 12 1 10 100 12 1 1 1 8 1 10 100 12 1 1 1 8 1 10 12 1 8 1 10 12 1 10 12 1 1 10 100 12 1 1 10 12 1 10 12 1 10 12 1 9 12 1 9 10 12 1 9 12 1 1 11 100 12 1 1 1 11 7 12 1 1 1 100 1 10 12 11 100 12 1 1 10 11 7 12 1 10 12 1 100 1 10 12 1 100 1 10 10 9 7 12 1 1 1 10 12 3 10 100 12 1 1 9 12 1 10 12 1 1 9 12 1 1 9 12 1 10 12 1 1 10 100 12 1 1 9 12 1 9 7 12 1 1 10 12 1 1 10 12 1 3 9 12 1 9 12 1 10 12 1 1 7 1 9 3 9 12 1 100 1 10 12 1 9 12 1 10 12 1 9 12 1 10 12 1 9 12 1 10 100 12 1 1 1 100 10 12 1 100 1 5 0 10 100 12 1 1 100 1 10 12 1 1 10 12 1 10 12 1 100 1 10 12 1 10 100 1 100 1 10 10 12 1 10 100 1 10 12 1 10 100 1 10 12 1 10 100 1 10 12 1 1 100 1 10 12 1 10 10 12 1 100 1 10 12 1 10 10 12 1 100 1 10 12 1 10 100 1 10 12 1 10 100 1 10 12 1 10 100 1 10 12 1 10 100 1 10 12 1 10 100 1 10 12 1 10 100 1 10 12 1 10 100 1 10 12 1 10 100 1 10 10 100 1 10 10 100 1 10 10 100 1 10 12 1 10 100 1 10 12 1 10 100 1 10 12 1 10 100 1 10 12 1 10 100 1 10 12 1 10 100 1 10 10 100 1 10 10 100 1 10 10 100 1 10 12 1 10 100 1 10 12 1 10 100 1 10 12 1 10 100 1 10 12 1 10 100 1 10 12 1 10 10 12 1 10 7 12 1 1 1 10 12 1 7 1 7 1 10 12 1 9 12 1 1 9 12 1 1 10 12 1 1 8 10 12 1 1 8 8 8 8 7 10 12 1 1 10 12 1 100 1 8 1 10 7 1 100 1 100 1 1 1 5 0 1 1 3 1 3 1 1 1 1 3 1 3 1 3 1 1 1 1 1 3 1 3 1 3 1 1 1 1 1 1 1 1 1 1 1 1 1 1 1 1 1 1 1 1 1 1 1 1 1 100 1 1 1 1 1 1 1 1 1 1 1 1 1 1 1 1 1 1 1 1 1 1 1 1 1 1 1 1 1 1 1 1 1 1 1 1 1 1 1 1 1 1 1 1 1 1 1 1 1 1 1 1 1 1 1 1 1 1 1 1 1 1 1 1 1 1 1 1 1 1 1 1 1 1 1 1 1 1 1 1 1 1 1 1 100 1 1 1 1 1 1 1 1 1 1 1 100 1 1 1 1 1 1 1 1 1 1 1 1 1 1 1 1 1 1 1 1 1 1 1 1 1 1 1 1 1 1 1 1 1 1 1 1 1 1 1 1 1 1 1 1 1 1 1 1 1 1 1 1 1 1 1 1 1 1 1 1 1 1 1 1 1 1 1 1 1 1 1 1 1 1 1 1 1 1 1 1 1 1 1 1 1 1 1 1 1 1 1 1 1 1 1 1 1 1 1 1 1 1 1 1 1 1 1 1 1 1 1 1 1 1 1 1 1 1 1 1 1 1 1 1 1 1 1 1 1 1 1 1 1 1 1 1 1 1 1 1 1 1 1 1 1 1 1 1 1 1 1 1 1 1 1 1 1 1 1 1 1 1 1 1 1 1 1 1 1 1 1 1 1 1 1 1 1 1 1 1 1 1 1 1 1 1 1 1 1 1 1 1 1 1 1 1 1 1 1 1 1 1 1 1 1 1 1 1 1 1 1 1 1 1 1 1 1 1 1 1 1 1 1 100 1 100 1 100 1 100 1 100 1 100 1 100 1 100 1 100 1 1 1 1 1 1 1 1 1 1 1 1 1 1 1 1 1 1 1 1 1 1 1 1 1 1 1 1 1 1 1 1 1 1 1 1 1 1 1 1 1 1 1 1 1 1 1 1 1 1 1 1 1 1 1 1 1 1
staticfield java/util/concurrent/ConcurrentHashMap NCPU I 8
staticfield java/util/concurrent/ConcurrentHashMap serialPersistentFields [Ljava/io/ObjectStreamField; 3 [Ljava/io/ObjectStreamField;
staticfield java/util/concurrent/ConcurrentHashMap U Ljdk/internal/misc/Unsafe; jdk/internal/misc/Unsafe
staticfield java/util/concurrent/ConcurrentHashMap SIZECTL J 20
staticfield java/util/concurrent/ConcurrentHashMap TRANSFERINDEX J 32
staticfield java/util/concurrent/ConcurrentHashMap BASECOUNT J 24
staticfield java/util/concurrent/ConcurrentHashMap CELLSBUSY J 36
staticfield java/util/concurrent/ConcurrentHashMap CELLVALUE J 144
staticfield java/util/concurrent/ConcurrentHashMap ABASE I 16
staticfield java/util/concurrent/ConcurrentHashMap ASHIFT I 2
ciInstanceKlass java/lang/Iterable 1 1 62 10 7 12 1 1 1 11 7 12 1 1 1 11 7 12 1 1 1 11 12 1 1 11 7 12 1 1 1 10 100 12 1 1 1 100 1 1 1 1 1 1 1 1 1 1 1 1 1 1 1 1 1 1 1 1 1 1 1 1 1 1
ciInstanceKlass java/util/Collection 1 1 115 11 7 12 1 1 1 7 1 11 7 12 1 1 1 10 100 12 1 1 1 11 12 1 1 11 100 12 1 1 1 11 12 1 1 11 100 12 1 1 1 11 12 1 1 10 100 12 1 1 1 11 12 1 10 7 12 1 1 1 100 1 100 1 1 1 1 1 1 1 1 1 1 1 1 1 1 1 1 1 1 1 1 1 1 1 1 1 1 1 1 1 1 1 1 1 1 1 1 1 1 1 1 1 1 1 1 1 1 1 1 1 1 1 1
ciInstanceKlass java/util/SequencedCollection 1 1 109 100 1 10 12 1 1 11 100 12 1 1 1 11 100 12 1 1 1 11 12 1 1 11 12 1 100 1 100 1 1 1 1 1 1 1 1 1 1 1 1 1 1 1 1 1 1 1 1 1 1 1 1 1 1 1 1 1 100 1 8 1 1 12 10 1 1 1 8 1 1 1 8 1 1 1 8 1 1 1 8 1 1 8 1 1 1 8 1 1 8 1 1 1 8 1 1 8 1 1 1 8 1 1 8 1 1 8 1
ciInstanceKlass java/util/List 1 1 251 10 100 12 1 1 1 11 100 12 1 1 1 11 100 12 1 1 1 11 12 1 1 11 100 12 1 1 11 12 1 1 11 12 1 1 10 100 12 1 1 1 100 1 100 1 10 12 1 1 100 1 10 100 12 1 1 1 11 12 1 1 11 12 1 11 12 1 100 1 10 12 1 11 12 1 1 11 12 1 1 11 12 1 10 100 12 1 1 1 9 7 12 1 1 1 7 1 10 12 10 12 1 7 1 10 12 1 1 10 12 1 10 12 1 1 11 12 1 1 100 1 1 1 1 1 1 1 1 1 1 1 1 1 1 1 1 1 1 1 1 1 1 1 1 1 1 1 1 1 1 1 1 1 1 1 1 1 1 1 1 1 1 1 1 100 1 100 1 1 1 1 1 1 1 1 1 1 1 1 1 1 1 1 1 1 1 1 1 1 1 1 1 1 1 1 1 1 1 1 1 1 1 1 1 1 1 1 1 1 1 1 1 1 1 1 1 1 1 1 1 1 1 1 1 1 1 1 1 1 1 1 1 1 1 1 1 1 1 1 1 1 1 1 100 1 1 100 1 1 1
ciInstanceKlass java/util/RandomAccess 1 0 7 100 1 100 1 1 1
instanceKlass org/jetbrains/kotlin/it/unimi/dsi/fastutil/bytes/AbstractByteCollection
instanceKlass org/jetbrains/kotlin/it/unimi/dsi/fastutil/ints/AbstractIntCollection
instanceKlass org/jetbrains/kotlin/com/google/common/collect/ImmutableCollection
instanceKlass org/jetbrains/kotlin/it/unimi/dsi/fastutil/objects/AbstractObjectCollection
instanceKlass org/jetbrains/kotlin/com/intellij/util/containers/UnsafeWeakList
instanceKlass java/util/AbstractQueue
instanceKlass org/jetbrains/kotlin/it/unimi/dsi/fastutil/objects/AbstractReferenceCollection
instanceKlass org/jetbrains/kotlin/com/google/common/collect/Multimaps$Entries
instanceKlass java/util/IdentityHashMap$Values
instanceKlass org/jetbrains/kotlin/com/google/common/collect/AbstractMapBasedMultimap$WrappedCollection
instanceKlass org/jetbrains/kotlin/com/intellij/util/containers/ImmutableList
instanceKlass java/util/HashMap$Values
instanceKlass java/util/LinkedHashMap$LinkedValues
instanceKlass java/util/ArrayDeque
instanceKlass java/util/AbstractSet
instanceKlass java/util/ImmutableCollections$AbstractImmutableCollection
instanceKlass java/util/AbstractList
ciInstanceKlass java/util/AbstractCollection 1 1 160 10 7 12 1 1 1 10 7 12 1 1 1 10 12 1 1 11 7 12 1 1 1 11 12 1 1 10 12 1 1 10 100 12 1 1 1 10 12 1 1 10 12 1 1 10 7 12 1 1 10 7 12 1 1 1 7 1 10 100 12 1 1 1 10 100 12 1 1 1 100 1 10 11 12 1 11 7 1 10 12 1 10 12 1 10 7 12 1 1 1 11 8 1 7 1 10 10 12 1 1 8 1 10 12 1 10 12 1 1 1 1 1 1 1 1 1 1 1 1 1 1 1 1 1 1 1 1 1 1 1 1 1 1 1 1 1 1 1 1 1 1 1 1 1 1 1 1 1 1 1 1 1 1 1 1 1 1 1 1
instanceKlass org/jetbrains/kotlin/com/intellij/lang/impl/PsiBuilderImpl$1
instanceKlass java/util/Collections$CopiesList
instanceKlass org/jetbrains/kotlin/types/expressions/PatternMatchingTypingVisitor$inferTypeForWhenExpression$resolvedCall$1
instanceKlass org/jetbrains/kotlin/com/intellij/psi/stubs/StubList$1
instanceKlass org/jetbrains/kotlin/com/intellij/psi/stubs/StubList
instanceKlass kotlin/collections/AbstractMutableList
instanceKlass org/jetbrains/kotlin/com/google/common/collect/Lists$AbstractListWrapper
instanceKlass org/jetbrains/kotlin/com/google/common/collect/Lists$Partition
instanceKlass org/jetbrains/kotlin/com/google/common/collect/Lists$TransformingRandomAccessList
instanceKlass org/jetbrains/kotlin/com/intellij/lang/impl/PsiBuilderImpl$RelativeTokenTypesView
instanceKlass java/util/AbstractSequentialList
instanceKlass org/jetbrains/kotlin/protobuf/UnmodifiableLazyStringList
instanceKlass org/jetbrains/kotlin/protobuf/LazyStringArrayList
instanceKlass org/jetbrains/kotlin/com/intellij/util/containers/ContainerUtilRt$EmptyList
instanceKlass java/util/ArrayList$SubList
instanceKlass org/jetbrains/kotlin/com/intellij/util/containers/DisposableWrapperList
instanceKlass org/jetbrains/kotlin/com/intellij/util/SmartList
instanceKlass java/util/AbstractList$SubList
instanceKlass java/util/Vector
instanceKlass java/util/Collections$SingletonList
instanceKlass org/jetbrains/kotlin/utils/SmartList
instanceKlass java/util/Arrays$ArrayList
instanceKlass java/util/Collections$EmptyList
instanceKlass java/util/ArrayList
ciInstanceKlass java/util/AbstractList 1 1 218 10 7 12 1 1 1 9 7 12 1 1 1 10 12 1 1 10 12 1 1 100 1 10 10 12 1 1 11 7 12 1 1 1 11 12 1 1 11 12 1 10 7 12 1 1 1 10 12 1 11 12 1 11 12 1 11 12 1 10 12 1 1 10 12 1 1 11 100 12 1 1 1 11 100 1 11 7 1 10 12 1 7 1 10 12 1 10 12 1 1 7 1 7 1 10 12 1 7 1 10 100 1 100 1 10 8 1 10 12 1 1 10 12 1 10 12 1 1 10 12 1 8 1 100 1 8 1 8 1 8 1 10 7 1 11 10 10 12 1 11 12 1 10 12 1 1 8 1 8 1 1 1 1 1 1 1 1 1 1 1 1 1 1 1 1 1 1 1 1 1 1 1 1 1 1 1 1 1 1 1 1 1 1 1 1 1 1 1 1 1 1 1 1 1 1 1 1 1 1 1 1 1 1 1 1 1 1 100 1 100 1 1 1 1 1 1 1
instanceKlass org/jetbrains/kotlin/com/intellij/util/containers/NotNullList
instanceKlass org/jetbrains/kotlin/com/intellij/util/containers/Stack
instanceKlass org/jetbrains/kotlin/config/MavenComparableVersion$ListItem
ciInstanceKlass java/util/ArrayList 1 1 509 10 7 12 1 1 1 7 1 9 7 12 1 1 1 9 12 1 100 1 100 1 10 8 1 10 12 1 1 10 12 1 10 12 1 1 10 12 1 9 12 1 11 7 12 1 1 1 9 12 1 1 11 12 1 1 7 10 7 12 1 1 1 9 12 1 10 12 1 10 12 1 1 10 7 12 1 1 1 10 7 12 1 1 1 10 12 1 1 10 12 1 1 10 12 1 1 10 12 1 10 12 1 1 100 1 100 1 10 12 1 10 10 7 12 1 1 1 10 7 12 1 1 10 12 1 100 1 10 10 12 10 12 1 1 10 12 1 1 10 12 1 10 12 10 12 1 1 7 1 10 12 1 1 10 12 1 1 10 12 1 100 1 10 11 12 1 1 11 100 12 1 1 1 11 12 1 10 12 1 10 12 1 10 12 1 1 100 1 10 12 1 1 10 10 12 1 1 10 12 1 8 1 8 1 8 1 8 1 10 12 1 1 10 12 1 1 11 12 1 100 1 10 100 12 1 1 10 12 1 10 12 1 1 10 100 12 1 1 10 12 1 10 100 12 1 1 1 11 100 12 1 1 1 10 12 1 100 1 8 1 10 7 1 10 12 1 7 1 10 12 1 10 12 1 1 7 1 10 12 1 10 12 1 1 11 7 12 1 1 7 1 10 12 1 10 12 1 1 11 7 12 1 1 10 12 1 1 10 12 1 1 10 12 1 1 10 12 1 1 11 100 12 1 1 10 12 1 1 100 1 100 1 100 1 1 1 1 5 0 1 3 1 1 1 1 1 1 1 1 1 1 1 1 1 1 1 1 1 1 1 1 1 1 1 1 1 1 1 1 1 1 1 1 1 1 1 1 1 1 1 1 1 1 1 1 1 1 1 1 1 1 1 1 1 1 1 1 1 1 1 1 1 1 1 1 1 1 1 1 1 1 1 1 1 1 1 1 1 1 1 1 1 1 1 1 1 1 1 1 1 1 1 1 1 1 1 1 1 1 1 1 1 1 1 1 100 1 1 1 1 100 1 1 1 1 1 1 1 1 1 1 1 1 1 1 1 1 1 1 1 1 1 1 1 1 1 1 1 1 1 100 1 1 1 1 1 1 1 1 1 1 1 1 1 1 1 1 1 1 100 1 100 1 1 1 1 1 1
staticfield java/util/ArrayList EMPTY_ELEMENTDATA [Ljava/lang/Object; 0 [Ljava/lang/Object;
staticfield java/util/ArrayList DEFAULTCAPACITY_EMPTY_ELEMENTDATA [Ljava/lang/Object; 0 [Ljava/lang/Object;
ciInstanceKlass java/lang/StackTraceElement 0 0 235 10 100 12 1 1 1 10 100 12 1 1 9 12 1 1 9 12 1 1 9 12 1 9 12 1 8 1 10 100 12 1 1 1 100 1 9 12 1 8 1 9 12 1 9 12 1 9 12 1 1 10 12 1 1 10 12 1 8 1 10 100 12 1 1 1 100 1 10 12 1 10 12 1 1 10 12 1 10 12 1 1 10 12 1 10 12 1 10 10 12 1 8 1 10 12 1 10 12 1 1 10 12 1 1 10 12 1 10 12 1 10 12 1 9 12 1 1 10 100 12 1 1 1 10 12 1 1 100 1 10 12 1 1 10 100 12 1 1 10 100 12 1 1 1 10 100 12 1 1 10 100 12 1 1 10 10 12 1 1 10 12 1 1 10 12 1 1 10 12 1 100 1 1 1 1 1 1 1 3 1 3 1 1 5 0 1 1 1 1 1 1 1 1 1 1 1 1 1 1 1 1 1 1 1 1 1 1 1 1 1 1 1 1 1 100 1 100 1 1 1 1 1 1 1 100 1 1 1 1 1 1 1 1 1
instanceKlass java/nio/CharBuffer
instanceKlass java/nio/IntBuffer
instanceKlass java/nio/LongBuffer
instanceKlass java/nio/ByteBuffer
ciInstanceKlass java/nio/Buffer 1 1 256 100 1 10 7 12 1 1 1 9 7 12 1 1 1 9 12 1 9 12 1 1 9 12 1 9 12 1 1 10 12 1 1 10 12 1 1 10 12 100 1 100 1 10 8 1 10 12 1 1 10 12 1 8 1 8 1 10 12 1 1 10 12 1 8 1 9 12 1 1 100 1 8 1 10 12 1 8 1 8 1 9 12 10 12 1 8 1 8 1 8 1 10 12 1 8 1 8 1 8 1 100 1 10 100 1 10 100 1 10 9 12 1 1 10 7 12 1 1 1 100 1 10 12 1 1 10 12 1 10 100 12 1 1 10 7 12 1 1 1 10 7 12 1 1 1 9 12 1 1 10 7 12 1 1 1 9 12 1 1 7 1 10 10 12 1 1 7 1 10 10 7 12 1 1 1 1 1 3 1 1 1 1 1 1 1 1 1 1 1 1 1 1 100 1 1 1 1 1 1 1 100 1 1 1 1 1 1 1 1 1 1 1 1 1 1 1 1 1 1 1 1 1 1 1 1 1 1 1 1 1 1 1 1 1 1 1 1 1 1 1 100 1 100 1 100 1 100 1 100 1 100 1 100 1 1
staticfield java/nio/Buffer UNSAFE Ljdk/internal/misc/Unsafe; jdk/internal/misc/Unsafe
staticfield java/nio/Buffer SCOPED_MEMORY_ACCESS Ljdk/internal/misc/ScopedMemoryAccess; jdk/internal/misc/ScopedMemoryAccess
staticfield java/nio/Buffer IOOBE_FORMATTER Ljava/util/function/BiFunction; jdk/internal/util/Preconditions$4
staticfield java/nio/Buffer $assertionsDisabled Z 1
ciInstanceKlass java/lang/StackWalker 0 0 271 9 100 12 1 1 1 100 1 10 100 12 1 1 1 10 12 1 1 10 100 12 1 1 1 10 12 1 1 10 12 1 11 100 12 1 1 1 10 12 1 1 10 12 1 1 10 12 1 1 100 1 8 1 10 12 1 10 12 1 10 12 1 10 100 12 1 1 9 12 1 1 9 12 1 1 9 12 1 1 9 12 1 1 10 12 1 1 9 12 1 1 9 12 1 1 9 12 1 1 10 100 12 1 1 1 11 12 1 1 100 1 8 1 10 10 100 12 1 1 9 12 1 1 10 12 1 1 10 100 12 1 1 1 10 100 12 1 1 1 18 12 1 1 100 1 8 1 10 8 1 10 12 1 1 10 100 12 1 1 1 10 12 1 1 9 100 12 1 1 11 100 12 1 1 1 10 12 1 1 1 1 1 1 1 1 1 1 1 1 1 1 1 1 1 1 1 1 1 1 1 1 1 1 1 1 1 1 1 1 1 1 1 1 1 1 1 1 1 1 1 1 1 1 1 1 1 1 1 1 1 1 1 1 1 1 1 1 1 1 1 1 1 1 100 1 1 16 15 10 12 16 1 15 10 100 12 1 1 1 1 1 1 1 1 1 100 1 100 1 1
ciInstanceKlass java/lang/StackStreamFactory$AbstractStackWalker 1 0 375 100 1 100 1 3 10 100 12 1 1 1 10 100 12 1 1 10 100 12 1 1 1 9 12 1 1 10 12 1 1 9 12 1 1 9 12 1 1 9 12 1 1 9 12 1 10 100 12 1 1 1 10 12 1 1 10 100 12 1 1 9 12 1 1 9 12 1 1 10 12 1 1 9 100 12 1 1 1 10 12 1 1 10 12 1 9 12 1 1 10 100 12 1 1 1 10 12 1 1 9 12 1 1 9 100 12 1 1 1 100 1 10 8 1 10 12 1 1 10 12 1 8 1 10 12 1 1 10 100 12 1 1 1 100 1 8 1 10 12 1 8 1 10 12 10 100 12 1 1 9 12 1 8 1 5 0 8 1 8 1 9 12 1 1 10 12 1 1 18 12 1 1 10 100 12 1 1 1 10 12 1 1 10 12 1 10 12 1 9 12 1 10 12 1 10 12 1 10 12 1 10 12 1 10 12 1 10 12 1 1 8 1 10 12 1 10 12 1 10 12 1 10 12 1 1 8 1 10 12 1 1 10 12 1 1 10 12 1 1 10 12 1 10 12 1 10 100 12 1 1 1 10 12 1 10 12 1 9 12 1 8 1 10 12 1 10 12 1 10 12 1 1 10 12 1 10 12 1 10 12 1 1 10 12 1 10 12 1 10 12 1 10 12 1 10 12 1 10 12 1 1 10 12 1 1 10 12 1 8 1 1 1 1 1 1 1 1 1 1 1 1 1 100 1 1 1 1 1 1 1 100 1 1 1 1 100 1 1 1 1 1 1 1 1 1 1 1 1 1 1 1 1 1 1 1 16 15 15 10 100 12 1 1 1 1 1 1 1 1 100 1 100 1 1
ciInstanceKlass java/lang/StackWalker$StackFrame 0 0 41 100 1 10 12 1 1 100 1 100 1 1 1 1 1 1 1 1 1 1 1 1 1 1 1 1 1 1 1 1 1 1 1 1 1 1 1 100 1 1 1
instanceKlass java/lang/LiveStackFrameInfo
ciInstanceKlass java/lang/StackFrameInfo 0 0 142 10 100 12 1 1 1 9 100 12 1 1 1 9 100 1 9 12 1 1 11 100 12 1 1 1 9 12 1 1 11 12 1 1 10 12 1 1 10 100 12 1 1 1 10 12 1 11 12 1 11 12 1 1 11 12 1 10 12 1 1 9 12 1 1 10 12 1 1 10 100 12 1 1 10 12 1 1 11 12 1 1 9 12 1 1 10 100 1 10 12 1 9 12 1 1 10 12 1 1 100 1 8 1 10 12 1 10 100 12 1 1 1 100 1 1 1 1 1 1 1 1 1 1 1 1 1 1 1 1 1 1 100 1 1 100 1 1 1 1 1 1
ciInstanceKlass java/lang/LiveStackFrame 0 0 135 100 1 10 100 12 1 1 1 11 100 12 1 1 1 11 12 1 10 100 12 1 1 1 100 1 8 1 10 12 1 1 10 100 12 1 1 1 9 100 12 1 1 1 10 100 12 1 1 1 10 100 12 1 1 1 11 12 1 10 12 1 100 1 100 1 1 1 1 1 1 1 1 1 1 1 1 1 1 1 1 1 1 1 1 1 1 1 1 1 1 1 1 100 1 1 1 1 1 1 1 100 1 8 1 1 12 10 1 1 1 8 1 1 1 8 1 1 1 8 1 1 1 8 1 1 1 8 1 1 8 1 1 8 1
ciInstanceKlass java/lang/LiveStackFrameInfo 0 0 97 10 100 12 1 1 1 9 100 12 1 1 1 9 12 1 9 12 1 9 12 1 9 12 1 1 100 1 10 12 1 1 10 12 1 8 1 10 12 1 1 8 1 8 1 8 1 10 100 1 10 12 1 100 1 10 12 1 100 1 100 1 1 1 3 1 3 1 1 1 1 1 1 1 1 1 1 1 1 1 1 1 1 1 1 1 1 1 1 1 1 1 1 1 100 1 1
instanceKlass java/util/concurrent/locks/AbstractQueuedSynchronizer
ciInstanceKlass java/util/concurrent/locks/AbstractOwnableSynchronizer 1 1 32 10 7 12 1 1 1 9 7 12 1 1 1 100 1 1 1 1 5 0 1 1 1 1 1 1 1 1 1 1 1 1
ciInstanceKlass java/lang/Boolean 1 1 152 10 7 12 1 1 1 9 7 12 1 1 1 10 12 1 1 10 12 1 8 1 10 7 12 1 1 9 12 1 1 9 12 1 10 12 1 1 10 12 1 1 10 12 1 1 10 7 12 1 1 1 100 1 100 1 10 12 1 1 9 100 12 1 1 9 12 10 100 12 1 1 1 10 12 1 1 8 1 10 7 12 1 1 1 9 12 1 1 100 1 100 1 100 1 1 1 1 1 1 5 0 1 1 1 1 1 1 1 1 1 1 3 1 1 1 1 1 1 1 1 1 1 1 1 1 1 1 1 1 1 100 1 1 1 1 1 1 1 1 1 1 100 1 1 1 1 1 1 1 1 1
staticfield java/lang/Boolean TRUE Ljava/lang/Boolean; java/lang/Boolean
staticfield java/lang/Boolean FALSE Ljava/lang/Boolean; java/lang/Boolean
staticfield java/lang/Boolean TYPE Ljava/lang/Class; java/lang/Class
ciInstanceKlass java/lang/Character 1 1 604 7 1 100 1 100 1 9 12 1 1 8 1 9 12 1 1 100 1 9 12 1 1 10 100 12 1 1 1 10 100 12 1 1 1 10 100 12 1 1 1 10 7 12 1 1 1 9 7 12 1 1 1 10 12 1 10 12 1 1 10 12 1 1 10 100 12 1 1 10 12 1 1 3 3 3 3 3 10 12 1 1 10 12 1 3 11 7 12 1 1 1 11 12 1 1 10 12 1 1 10 12 1 1 100 1 10 10 12 1 3 10 12 1 1 10 12 1 10 12 1 1 100 1 8 1 10 12 1 1 10 12 1 10 12 1 10 12 1 10 100 12 1 1 1 10 12 1 10 12 1 10 12 1 1 10 12 1 10 7 12 1 1 10 10 12 1 10 10 12 1 10 12 1 1 10 12 1 10 10 12 1 10 12 1 10 12 1 10 12 1 10 12 1 10 12 1 10 12 1 10 12 10 10 12 10 10 12 1 10 10 12 1 10 10 12 1 10 10 12 1 10 12 1 10 12 1 10 12 1 10 12 1 10 12 1 10 12 1 10 10 12 1 10 10 12 1 10 10 12 1 1 10 10 12 1 10 5 0 10 12 1 10 12 1 10 10 12 1 10 10 12 1 1 10 10 12 1 10 10 12 1 9 12 1 1 100 1 10 10 12 1 10 12 1 1 3 10 100 12 1 1 1 10 12 1 10 100 12 1 1 100 1 10 10 12 1 1 10 12 1 1 10 12 1 1 8 1 10 12 1 9 100 12 1 1 1 10 12 1 10 10 12 1 10 12 1 1 10 12 1 10 10 12 1 1 10 10 12 1 1 100 1 8 1 10 12 1 1 10 7 12 1 1 1 8 1 10 12 1 1 9 12 1 1 100 1 100 1 100 1 1 1 1 3 1 3 1 3 1 3 1 1 1 1 1 3 1 1 3 1 3 1 3 1 3 1 3 1 3 1 3 1 3 1 3 1 3 1 3 1 3 1 3 1 3 1 3 1 3 1 3 1 3 1 3 1 3 1 3 1 3 1 3 1 3 1 3 1 3 1 3 1 3 1 1 1 1 1 1 1 1 1 1 1 1 1 1 1 1 1 1 1 3 1 1 1 1 1 1 1 3 1 1 3 1 1 1 1 1 3 1 1 5 0 1 1 1 1 1 1 1 1 1 1 1 1 1 1 1 1 1 1 1 1 1 1 1 1 1 1 1 1 1 1 1 1 1 1 1 1 1 1 1 1 1 1 1 1 1 1 1 1 1 1 1 1 1 1 1 1 1 1 1 1 1 1 1 1 1 1 1 1 1 1 1 1 1 1 1 1 1 1 1 1 1 1 1 1 1 1 1 1 1 1 100 1 100 1 1 1 1 1 1
staticfield java/lang/Character TYPE Ljava/lang/Class; java/lang/Class
staticfield java/lang/Character $assertionsDisabled Z 1
instanceKlass java/math/BigInteger
instanceKlass java/util/concurrent/atomic/AtomicLong
instanceKlass java/util/concurrent/atomic/AtomicInteger
instanceKlass java/lang/Long
instanceKlass java/lang/Integer
instanceKlass java/lang/Short
instanceKlass java/lang/Byte
instanceKlass java/lang/Double
instanceKlass java/lang/Float
ciInstanceKlass java/lang/Number 1 1 37 10 7 12 1 1 1 10 100 12 1 1 1 100 1 1 1 1 5 0 1 1 1 1 1 1 1 1 1 1 1 1 1 1 1 1 1
ciInstanceKlass java/lang/Float 1 1 279 7 1 100 1 10 100 12 1 1 1 10 100 12 1 1 1 4 100 1 10 12 1 1 10 12 1 1 8 1 8 1 10 100 12 1 1 1 10 12 1 1 10 12 1 1 10 7 1 4 10 7 12 1 1 9 12 1 1 10 12 1 1 10 12 1 10 10 12 1 1 10 12 1 10 12 1 3 3 100 1 4 4 4 3 10 12 1 1 9 12 1 1 100 1 10 3 3 4 4 10 12 1 3 3 3 10 12 1 1 10 12 1 1 10 12 1 10 100 12 1 1 1 10 12 1 1 10 12 1 1 10 7 12 1 1 1 8 1 10 12 1 1 9 12 1 1 100 1 100 1 100 1 1 1 1 4 1 4 1 1 1 4 1 1 3 1 3 1 3 1 3 1 3 1 1 1 1 5 0 1 1 1 1 1 1 1 1 1 1 100 1 1 1 1 1 1 1 1 1 1 1 1 1 3 1 1 1 1 1 1 1 1 1 1 1 1 1 1 1 1 1 1 1 1 1 1 1 1 1 1 1 1 1 1 1 1 1 1 1 1 1 1 1 1 1 1 1 1 1 1 1 1 1 1 1 1 1 1 1 1 1 1 1 1 1 100 1 1 1 1 1 1 1 100 1 100 1 1
staticfield java/lang/Float TYPE Ljava/lang/Class; java/lang/Class
staticfield java/lang/Float $assertionsDisabled Z 1
ciInstanceKlass java/lang/Double 1 1 290 7 1 100 1 10 100 12 1 1 1 10 12 1 1 10 100 1 10 12 1 1 10 7 12 1 1 1 6 0 8 1 10 12 1 1 8 1 10 12 1 1 8 1 6 0 10 12 1 1 100 1 5 0 5 0 8 1 8 1 10 100 12 1 1 1 10 100 12 1 1 1 8 1 10 12 1 1 8 1 8 1 8 1 10 12 1 1 10 12 1 10 12 1 1 10 12 1 10 12 1 10 12 1 1 10 12 1 10 7 1 6 0 10 7 12 1 1 9 12 1 1 10 12 1 10 12 1 10 12 1 10 12 1 10 12 1 5 0 10 12 1 1 10 12 1 10 12 1 10 100 12 1 1 1 10 12 1 1 10 12 1 1 8 1 10 7 12 1 1 1 9 12 1 1 100 1 100 1 100 1 1 1 6 0 1 6 0 1 6 0 1 1 1 6 0 1 1 3 1 3 1 3 1 3 1 3 1 1 1 1 5 0 1 1 1 1 1 1 1 1 1 1 1 1 1 1 1 1 100 1 1 1 1 1 1 1 1 1 1 1 1 3 1 1 1 1 1 1 1 1 1 1 1 1 1 1 1 1 1 1 1 1 1 1 1 1 1 1 1 1 1 1 1 1 1 1 100 1 1 1 1 1 1 1 100 1 100 1 1
staticfield java/lang/Double TYPE Ljava/lang/Class; java/lang/Class
ciInstanceKlass java/lang/Byte 1 1 213 7 1 100 1 10 100 12 1 1 1 9 12 1 1 8 1 9 12 1 1 100 1 10 12 1 1 10 12 1 1 10 100 12 1 1 1 10 100 12 1 1 1 9 100 12 1 1 1 10 12 1 1 100 1 100 1 10 12 1 1 8 1 10 12 1 1 8 1 10 12 1 10 12 1 10 12 1 10 12 1 1 10 12 1 10 12 1 10 12 1 1 10 8 1 8 1 10 7 1 9 12 1 1 10 12 1 1 10 12 1 1 10 12 1 1 10 12 1 5 0 10 12 1 1 8 1 10 7 12 1 1 1 9 12 1 1 100 1 100 1 1 1 3 1 3 1 1 1 1 3 1 3 1 1 5 0 1 1 1 1 1 1 1 1 1 1 1 1 1 1 1 1 1 1 1 1 1 1 1 1 1 1 1 1 1 1 1 1 1 1 1 1 1 1 1 1 1 1 1 1 1 1 1 1 1 1 1 1 1 1 1 1
staticfield java/lang/Byte TYPE Ljava/lang/Class; java/lang/Class
ciInstanceKlass java/lang/Short 1 1 222 7 1 100 1 100 1 10 100 12 1 1 1 10 12 1 1 100 1 100 1 10 12 1 1 8 1 10 12 1 1 8 1 10 12 1 10 12 1 10 12 1 10 12 1 1 10 12 1 1 10 12 1 9 12 1 1 8 1 9 12 1 1 100 1 10 12 1 1 10 12 1 10 100 12 1 1 1 10 100 12 1 1 1 9 100 12 1 1 1 10 12 1 10 12 1 1 10 8 1 8 1 10 100 1 9 12 1 1 10 12 1 1 10 12 1 1 10 12 1 1 10 12 1 3 3 5 0 10 12 1 1 8 1 10 7 12 1 1 1 9 12 1 1 100 1 100 1 1 1 3 1 3 1 1 1 1 3 1 3 1 1 5 0 1 1 1 1 1 1 1 1 1 1 1 1 1 1 1 1 1 1 1 1 1 1 1 1 1 1 1 3 1 1 1 1 1 1 1 1 1 1 1 1 1 1 1 1 1 1 1 1 1 1 1 1 1 1 1 1 1 1
staticfield java/lang/Short TYPE Ljava/lang/Class; java/lang/Class
ciInstanceKlass java/lang/Integer 1 1 453 7 1 100 1 7 1 7 1 10 12 1 1 9 12 1 1 9 12 1 1 10 100 12 1 1 1 10 12 1 1 10 100 12 1 1 1 10 10 12 1 1 10 100 12 1 1 1 10 12 1 10 12 1 1 10 7 12 1 1 1 10 12 1 1 10 12 1 1 10 12 1 10 12 1 10 12 1 1 10 10 12 1 9 12 1 1 9 12 1 100 1 8 1 10 12 1 100 1 10 12 1 8 1 10 12 1 1 10 12 1 8 1 10 12 1 8 1 10 12 1 1 3 10 12 1 1 3 10 12 1 1 10 12 1 1 10 7 12 1 1 1 11 7 1 10 12 1 1 11 10 12 1 1 8 1 10 12 1 1 8 1 100 1 10 12 1 1 10 12 1 1 5 0 8 1 10 12 1 10 12 1 10 12 1 10 12 1 1 7 1 9 12 1 1 9 12 1 1 10 12 1 10 7 1 9 12 1 10 12 1 10 12 1 10 12 1 1 10 7 12 1 1 1 100 1 100 1 10 12 1 1 10 12 1 1 8 1 8 1 10 12 1 1 8 1 8 1 8 1 8 1 8 1 8 1 10 12 1 10 12 1 5 0 3 3 3 3 10 12 1 10 12 1 3 10 12 1 10 100 12 1 1 1 10 12 1 1 10 12 1 1 8 1 10 7 12 1 1 1 9 12 1 1 100 1 100 1 100 1 1 1 1 3 1 1 1 3 1 3 1 1 5 0 1 1 1 1 1 1 1 1 1 100 1 1 1 1 1 1 1 1 1 1 1 1 1 1 1 1 1 1 1 1 1 1 1 1 1 1 1 1 1 1 1 1 1 1 1 1 1 1 1 1 3 1 1 1 1 1 1 1 1 1 1 1 1 1 1 1 1 100 1 1 1 1 1 1 1 1 1 1 1 1 1 1 1 1 1 1 1 1 1 1 1 1 1 1 1 1 1 1 1 1 1 1 1 1 1 1 1 1 1 1 1 1 1 1 100 1 1 1 1 1 1 1 1 1 100 1 100 1 1
staticfield java/lang/Integer TYPE Ljava/lang/Class; java/lang/Class
staticfield java/lang/Integer digits [C 36
staticfield java/lang/Integer DigitTens [B 100
staticfield java/lang/Integer DigitOnes [B 100
ciInstanceKlass java/lang/Long 1 1 524 7 1 100 1 7 1 7 1 10 12 1 1 9 12 1 1 9 7 12 1 1 1 10 100 12 1 1 1 10 12 1 1 10 100 12 1 1 1 10 10 12 10 12 1 10 12 1 10 12 1 5 0 5 0 100 1 10 12 1 1 10 12 1 1 10 12 1 10 12 1 10 12 1 10 12 1 1 10 100 12 1 1 10 12 1 10 12 1 1 10 12 1 1 10 12 1 1 10 12 1 1 10 100 12 1 1 1 10 12 1 1 10 12 1 10 12 1 10 12 1 10 12 1 1 10 10 12 1 5 0 5 0 9 12 1 1 9 12 1 5 0 100 1 8 1 10 12 1 8 1 10 12 1 8 1 8 1 10 12 1 1 5 0 10 12 1 1 5 0 10 12 1 1 10 12 1 1 10 100 12 1 1 1 11 100 1 10 12 1 1 11 10 12 1 1 8 1 10 12 1 1 8 1 100 1 10 12 1 1 10 12 1 8 1 8 1 11 12 1 1 10 12 1 10 12 1 10 12 1 5 0 5 0 9 7 12 1 1 1 10 12 1 10 12 1 1 8 1 8 1 10 12 1 1 8 1 8 1 8 1 8 1 8 1 8 1 10 12 1 10 7 1 9 12 1 1 10 12 1 10 12 1 1 10 12 1 1 10 100 12 1 1 1 100 1 100 1 10 12 1 1 10 12 1 1 5 0 10 12 1 10 12 1 5 0 5 0 5 0 10 12 1 1 10 12 1 5 0 5 0 10 12 1 10 12 1 10 100 12 1 1 1 10 12 1 1 10 12 1 1 8 1 10 7 12 1 1 1 9 12 1 1 100 1 100 1 100 1 1 1 1 5 0 1 1 1 1 3 1 3 1 5 0 1 1 1 1 1 1 1 1 1 100 1 1 1 1 1 1 1 1 1 1 1 1 1 1 1 1 1 1 1 1 1 1 1 1 1 1 1 1 1 1 1 1 1 1 1 1 1 1 1 1 1 1 1 1 1 1 1 1 1 1 1 1 1 1 1 3 1 1 1 1 1 1 1 1 1 1 1 1 1 1 1 100 1 1 1 1 1 1 1 1 1 1 1 1 1 1 1 1 1 1 1 1 1 1 1 1 1 1 1 1 1 1 1 1 1 1 1 1 1 1 1 1 1 1 1 100 1 1 1 1 1 1 1 1 1 100 1 100 1 1
staticfield java/lang/Long TYPE Ljava/lang/Class; java/lang/Class
ciInstanceKlass java/util/Iterator 1 1 53 100 1 8 1 10 12 1 1 10 100 12 1 1 1 11 100 12 1 1 1 11 12 1 1 11 100 12 1 1 1 100 1 1 1 1 1 1 1 1 1 1 1 1 1 1 1 1 1 1 1 1 1
ciInstanceKlass java/lang/reflect/RecordComponent 0 0 196 10 100 12 1 1 1 9 100 12 1 1 1 9 12 1 1 9 12 1 10 12 1 1 10 12 1 1 10 100 12 1 1 1 10 12 1 1 9 12 1 1 10 12 1 1 10 12 1 1 10 12 1 10 100 12 1 1 10 100 12 1 1 9 12 1 1 10 100 12 1 1 1 11 100 12 1 1 1 10 9 100 12 1 1 1 10 100 12 1 1 1 9 12 1 1 10 100 12 1 1 1 10 12 1 1 11 100 12 1 1 10 100 12 1 1 100 1 9 12 1 9 12 1 1 9 12 1 10 100 12 1 1 1 10 12 1 1 10 12 1 1 100 1 10 10 12 1 10 12 1 1 8 1 10 12 1 10 12 1 9 12 1 100 1 1 1 1 1 1 1 1 1 1 1 1 1 1 1 1 1 1 1 1 1 1 100 1 1 1 1 1 1 100 1 1
ciInstanceKlass jdk/internal/vm/vector/VectorSupport 0 0 573 100 1 10 100 12 1 1 1 9 12 1 1 10 12 1 1 100 1 10 12 1 11 100 12 1 1 1 11 100 12 1 1 1 11 100 12 1 1 11 100 12 1 1 11 100 12 1 1 1 11 100 12 1 1 11 100 12 1 1 11 100 12 1 1 11 100 12 1 1 11 100 12 1 1 11 100 12 1 1 11 100 12 1 1 1 11 100 12 1 1 11 100 12 1 1 1 11 100 12 1 1 1 11 100 12 1 1 11 100 12 1 1 1 11 100 12 1 1 100 1 10 12 1 1 11 100 12 1 1 11 100 12 1 1 11 100 12 1 1 11 100 12 1 1 11 100 12 1 1 11 100 12 1 1 9 12 1 1 10 100 12 1 1 11 100 12 1 1 10 12 1 1 10 100 12 1 1 1 10 12 1 10 12 1 1 10 12 1 1 1 1 1 3 1 3 1 3 1 3 1 3 1 3 1 3 1 3 1 3 1 3 1 3 1 3 1 3 1 3 1 3 1 3 1 3 1 3 1 3 1 3 1 3 1 3 1 3 1 3 1 3 1 3 1 3 1 3 1 3 1 3 1 3 1 3 1 3 1 3 1 3 1 3 1 3 1 3 1 3 1 3 1 3 1 3 1 3 1 3 1 3 1 3 1 3 1 3 1 3 1 3 1 3 1 3 1 3 1 1 1 1 1 1 1 1 1 1 1 1 1 1 1 1 1 1 1 1 1 1 1 1 1 1 1 1 1 1 1 1 1 1 1 1 1 1 1 1 1 1 1 1 1 1 1 1 1 1 1 1 1 1 1 1 1 1 1 1 1 1 1 1 1 1 1 1 1 1 1 1 1 1 1 1 1 1 1 1 1 1 1 1 1 1 1 1 1 1 1 1 1 1 1 1 1 1 1 1 1 1 1 1 1 1 1 1 1 1 1 1 1 1 1 1 1 1 1 1 1 1 1 1 1 1 1 1 1 1 1 1 1 1 1 1 1 1 1 1 1 1 1 1 1 1 1 1 1 1 1 1 1 1 1 1 1 1 1 1 1 1 1 1 1 1 1 1 1 1 1 1 1 1 1 1 1 1 1 1 1 1 1 1 1 1 1 1 1 1 1 1 1 1 1 1 1 1 1 1 1 1 1 1 1 1 1 1 1 1 1 1 1 1 1 1 1 1 1 1 1 1 1 1 1 1 1 1 1 1 1 1 1 1 1 100 1 100 1 100 1 100 1 100 1 1 1 1 1 1 1 1 1 1 1 1 1 1 1 1 1 1 1 1 1 1 1 1 1 1 1 1 1 1 1
instanceKlass jdk/internal/vm/vector/VectorSupport$VectorShuffle
instanceKlass jdk/internal/vm/vector/VectorSupport$VectorMask
instanceKlass jdk/internal/vm/vector/VectorSupport$Vector
ciInstanceKlass jdk/internal/vm/vector/VectorSupport$VectorPayload 0 0 32 10 100 12 1 1 1 9 100 12 1 1 1 10 100 12 1 1 1 1 1 1 1 1 1 1 1 1 1 1 1 1
ciInstanceKlass jdk/internal/vm/vector/VectorSupport$Vector 0 0 28 10 100 12 1 1 1 100 1 1 1 1 1 1 1 1 1 1 1 1 1 1 1 100 1 1 1 1
ciInstanceKlass jdk/internal/vm/vector/VectorSupport$VectorMask 0 0 28 10 100 12 1 1 1 100 1 1 1 1 1 1 1 1 1 1 1 1 1 1 1 100 1 1 1 1
ciInstanceKlass jdk/internal/vm/vector/VectorSupport$VectorShuffle 0 0 28 10 100 12 1 1 1 100 1 1 1 1 1 1 1 1 1 1 1 1 1 1 1 100 1 1 1 1
ciInstanceKlass jdk/internal/vm/FillerObject 0 0 16 10 100 12 1 1 1 100 1 1 1 1 1 1 1 1
instanceKlass kotlin/KotlinNullPointerException
ciInstanceKlass java/lang/NullPointerException 1 1 52 10 100 12 1 1 1 10 12 1 9 100 12 1 1 1 10 12 1 1 9 12 1 1 10 12 1 1 10 12 1 1 1 1 5 0 1 1 1 1 1 1 1 1 100 1 100 1 100 1 1 1
ciInstanceKlass java/lang/ArithmeticException 1 1 26 10 100 12 1 1 1 10 12 1 100 1 1 1 1 5 0 1 1 1 1 1 1 1 1 1
instanceKlass java/lang/ProcessEnvironment
instanceKlass java/util/LinkedHashMap
ciInstanceKlass java/util/HashMap 1 1 629 10 7 12 1 1 1 100 1 10 12 1 1 100 1 10 7 12 1 1 1 100 1 11 12 1 1 11 12 1 11 12 1 1 10 7 12 1 1 1 7 1 3 10 7 12 1 1 1 100 1 100 1 10 8 1 10 12 1 1 10 12 1 10 12 1 1 10 12 1 10 7 12 1 1 1 8 1 10 12 1 9 12 1 1 10 12 1 9 12 1 1 4 10 12 1 10 12 1 1 11 7 12 1 1 9 12 1 1 10 7 12 1 1 1 6 0 10 12 1 1 11 12 1 1 11 7 12 1 1 1 11 7 12 1 1 1 11 12 1 1 7 1 11 12 1 11 12 1 10 12 1 10 12 1 1 9 12 10 12 1 1 9 7 12 1 1 1 9 12 9 12 1 10 12 1 1 9 12 1 7 1 10 12 1 1 10 12 1 1 10 12 1 1 10 12 1 1 10 12 1 1 9 12 1 10 12 1 1 3 4 10 12 1 1 10 12 1 1 9 12 1 1 9 10 12 1 1 10 12 1 1 10 12 1 1 10 12 1 9 12 1 1 7 1 10 12 1 10 12 1 10 7 12 1 1 1 7 1 9 12 1 1 7 1 10 9 12 7 1 10 100 1 10 11 7 12 1 1 1 100 1 10 11 7 12 1 1 11 100 12 1 1 1 10 12 1 100 1 100 1 10 12 1 10 12 1 10 12 1 10 100 12 1 1 10 12 1 1 10 12 1 1 10 100 12 1 1 1 8 10 100 12 1 1 1 100 1 10 4 4 10 12 1 1 10 100 12 1 1 1 10 12 1 8 1 6 0 10 100 12 1 1 1 100 1 11 100 12 1 1 1 10 12 1 10 12 1 10 10 12 1 1 6 0 8 1 10 12 1 10 12 100 1 100 1 1 1 1 5 0 1 3 1 1 1 3 1 3 1 3 1 1 1 1 1 1 1 1 1 1 1 1 1 1 1 1 1 1 1 1 1 1 100 1 1 1 1 1 1 1 1 1 1 1 1 1 1 1 1 1 1 1 1 1 1 1 1 1 1 1 1 1 1 1 1 1 100 1 1 1 1 1 1 1 1 1 1 1 1 1 1 1 1 1 1 1 1 1 1 1 1 1 1 1 1 1 1 1 1 1 1 1 1 1 1 1 1 1 1 1 1 1 1 1 1 1 1 1 100 1 1 1 1 1 1 1 1 1 1 1 1 1 1 1 1 1 1 1 1 1 1 1 1 1 1 1 1 1 1 1 1 1 1 1 1 1 1 1 1 1 1 1 1 1 1 1 1 100 1 1 1 1 1 1 1 1 100 1 1 1 1 1 1 1 1 1 1 1 1 1 1 1 1 1 1 100 1 100 1 100 1 100 1 100 1 100 1 100 1 100 1 1 1 1 1 1 1 1 1 1 1 1 1 1 1 1 1 1
ciInstanceKlass java/util/Map$Entry 1 0 178 18 12 1 1 100 1 100 1 18 10 100 12 1 1 1 18 12 1 18 100 1 11 7 12 1 1 1 11 12 1 11 7 12 1 1 1 10 100 12 1 1 1 10 100 12 1 1 1 8 1 10 12 1 1 8 1 8 1 8 1 10 12 1 10 12 1 8 10 100 1 10 12 1 8 10 12 1 8 1 10 12 1 8 10 12 1 8 1 10 12 1 1 8 1 100 1 8 1 10 12 1 1 11 12 100 1 11 12 1 1 1 1 1 1 1 1 1 1 1 1 1 1 1 1 1 1 1 1 1 1 1 1 1 1 1 1 1 1 1 1 1 1 1 1 1 1 1 16 15 11 12 16 3 3 15 11 12 15 11 12 15 11 12 15 10 100 12 1 1 1 1 1 100 1 100 1 1
instanceKlass java/util/LinkedHashMap$Entry
ciInstanceKlass java/util/HashMap$Node 1 1 95 10 7 12 1 1 1 9 7 12 1 1 1 9 12 1 1 9 12 1 9 12 1 1 100 1 10 10 12 1 1 8 1 10 12 1 10 12 1 1 10 100 12 1 1 1 100 1 11 12 1 1 10 12 1 1 11 12 1 1 1 1 1 1 1 1 1 1 1 1 1 1 1 1 1 1 1 1 1 1 1 1 1 1 1 1 1 1 100 1 1 1 100 1 1
instanceKlass java/util/HashMap$TreeNode
ciInstanceKlass java/util/LinkedHashMap$Entry 1 1 41 10 7 12 1 1 1 100 1 1 1 1 1 1 1 1 1 1 1 1 1 1 1 1 1 1 1 1 1 1 1 1 1 1 100 1 1 100 1 1 1
ciInstanceKlass java/util/HashMap$TreeNode 0 0 250 100 1 10 100 12 1 1 1 9 100 12 1 1 1 9 12 1 1 9 12 1 9 12 1 1 9 12 1 1 10 12 1 1 100 1 10 12 1 9 12 1 9 12 1 9 12 1 1 10 100 12 1 1 1 10 12 1 1 10 12 1 1 10 12 1 1 10 12 1 1 10 12 1 1 10 100 12 1 1 1 10 100 12 1 1 1 10 100 12 1 1 1 9 12 1 10 12 1 1 10 12 1 1 10 12 1 1 10 12 1 1 9 100 1 10 12 1 1 10 12 1 1 10 12 1 10 12 1 1 10 12 1 10 12 1 10 12 1 1 1 1 1 1 1 1 1 1 1 1 1 1 1 1 1 1 1 1 1 1 1 1 1 1 100 1 1 1 1 1 1 1 1 1 1 1 1 1 1 1 1 1 1 1 1 1 1 1 1 1 1 1 1 1 1 1 1 1 1 1 1 1 1 1 1 1 1 1 1 1 1 1 1 1 1 1 1 1 1 1 1 1 1 1 1 1 1 1 1 1 1 1 1 1 1 1 1 1 1 1 1 1 1 1 1 100 1 1 1 1
ciInstanceKlass java/util/Collections 1 1 933 10 7 12 1 1 1 11 7 12 1 1 1 7 1 11 12 1 1 7 1 10 12 1 1 10 12 1 11 12 1 1 100 1 11 12 1 1 11 12 1 1 10 12 1 11 100 12 1 1 11 12 1 1 11 12 1 10 12 1 10 12 1 10 12 11 100 12 1 1 1 10 12 1 1 11 12 1 11 12 1 1 9 12 1 1 100 1 10 10 12 1 1 10 12 1 11 100 12 1 1 1 11 12 1 1 10 12 1 11 12 1 100 1 8 1 10 12 1 11 7 12 1 1 1 11 7 1 11 12 1 1 10 12 1 1 10 12 1 10 12 1 1 10 12 1 11 12 1 1 10 12 1 1 10 12 1 1 10 12 1 1 11 12 1 1 7 1 10 12 1 11 100 1 100 1 10 12 1 11 7 1 7 1 10 12 1 11 100 1 100 1 10 12 1 11 100 1 100 1 10 12 1 11 100 1 100 1 10 12 1 11 7 1 11 7 1 10 12 10 11 7 1 7 1 10 12 1 11 100 1 100 1 10 11 100 1 100 1 10 12 1 11 100 1 100 1 10 12 1 100 1 10 10 12 1 7 1 10 10 12 1 100 1 10 100 1 10 7 1 10 100 1 10 10 12 1 10 7 1 10 100 1 10 100 1 10 100 1 10 12 1 10 100 12 1 1 1 100 1 100 1 10 12 1 100 1 10 12 1 100 1 10 12 1 100 1 10 12 1 100 1 10 12 1 100 1 10 100 1 10 12 1 100 1 10 12 1 100 1 10 12 1 9 7 12 1 1 1 9 100 12 1 1 9 7 12 1 1 1 9 12 1 1 9 12 1 1 9 12 1 1 9 12 1 1 9 12 1 1 7 1 10 12 7 1 10 100 1 10 7 1 10 7 1 10 12 1 100 1 100 1 10 8 1 10 12 1 1 10 12 1 10 12 1 1 10 7 1 10 12 1 9 100 12 1 1 1 9 100 12 1 1 1 100 1 9 12 1 1 10 12 7 1 10 100 1 10 11 100 12 1 1 11 12 1 10 12 1 11 11 12 1 11 11 12 1 8 1 7 1 10 11 100 1 10 12 1 100 1 10 100 12 1 1 1 100 1 10 12 1 7 1 10 7 1 10 7 1 10 1 1 1 3 1 3 1 3 1 3 1 3 1 3 1 3 1 3 1 1 1 1 1 1 1 1 1 1 1 1 1 1 1 1 1 1 1 1 1 1 1 1 1 1 1 1 1 1 1 1 1 1 1 1 1 1 1 1 1 1 1 1 1 1 1 1 1 1 1 1 1 1 1 1 1 1 1 1 1 1 1 1 1 1 1 1 1 1 1 1 1 1 1 1 1 1 1 1 1 1 1 1 1 1 1 1 1 1 1 1 1 1 1 1 1 1 1 1 1 1 1 1 1 1 1 1 1 1 1 1 1 1 1 1 1 1 1 1 1 1 1 1 1 1 1 1 1 1 1 1 1 1 1 1 1 1 1 1 1 1 1 1 1 1 1 1 1 1 1 1 1 1 1 1 1 1 1 1 1 1 1 1 1 1 1 1 1 1 1 1 1 1 1 1 1 1 1 1 1 1 1 1 1 1 1 1 1 1 1 1 1 1 1 1 1 1 1 1 1 1 1 1 1 1 1 1 1 1 1 1 1 1 1 1 1 1 1 1 1 1 1 1 1 1 1 1 1 1 1 1 1 1 1 1 1 1 1 1 1 1 1 1 1 1 1 1 1 1 1 1 1 1 1 1 1 1 1 1 1 1 1 1 1 1 1 1 1 1 1 1 1 1 1 1 1 1 1 1 1 1 1 1 1 1 1 1 1 1 1 1 1 1 1 1 1 1 1 1 1 1 1 1 1 1 1 1 1 1 1 1 1 1 1 1 1 1 1 1 1 1 1 1 1 1 1 1 1 1 1 1 100 1 100 1 100 1 100 1 100 1 100 1 100 1 100 1 100 1 100 1 100 1 100 1 100 1 1 1 1 1 1 1 1 1 1 1 1 1 1 1 1 1 1 1 1 1 1 1 1 1 1 1 1 1 1 1 1 1 1 1 1 1 1 1 1 1 1 100 1 1 1 1 1 1 1 1 1 1 1 1 1 1 1
staticfield java/util/Collections EMPTY_SET Ljava/util/Set; java/util/Collections$EmptySet
staticfield java/util/Collections EMPTY_LIST Ljava/util/List; java/util/Collections$EmptyList
staticfield java/util/Collections EMPTY_MAP Ljava/util/Map; java/util/Collections$EmptyMap
instanceKlass org/jetbrains/kotlin/backend/common/BackendException
instanceKlass org/jetbrains/kotlin/ir/types/impl/ReturnTypeIsNotInitializedException
instanceKlass org/jetbrains/kotlin/descriptors/InvalidModuleException
ciInstanceKlass java/lang/IllegalStateException 0 0 35 10 100 12 1 1 1 10 12 1 10 12 1 10 12 1 100 1 1 1 1 5 0 1 1 1 1 1 1 1 1 1 1 1 1
instanceKlass java/util/ArrayList$ListItr
ciInstanceKlass java/util/ArrayList$Itr 1 1 104 9 7 12 1 1 1 10 7 12 1 1 1 9 12 1 1 9 7 12 1 1 9 12 1 9 12 1 9 12 1 10 12 1 100 1 10 9 12 1 1 100 1 10 100 1 10 10 12 1 1 100 1 10 100 12 1 1 1 10 12 1 1 11 100 12 1 1 1 100 1 1 1 1 1 1 1 1 1 1 1 1 1 1 1 1 100 1 1 1 1 1 1 1 1 1 1 1 1 1 1 1 1 1
ciInstanceKlass java/util/NoSuchElementException 0 0 34 10 100 12 1 1 1 10 12 1 10 12 1 10 12 1 100 1 1 1 1 5 0 1 1 1 1 1 1 1 1 1 1 1
ciInstanceKlass java/util/Collections$SingletonList 1 1 131 10 7 12 1 1 1 9 7 12 1 1 1 10 7 12 1 1 1 10 12 1 1 100 1 100 1 10 8 1 10 12 1 1 10 12 1 8 1 10 12 1 1 10 12 1 11 100 12 1 1 1 100 1 10 10 12 1 1 10 7 12 1 1 1 100 1 100 1 1 1 1 5 0 1 1 1 1 1 1 1 1 1 1 1 1 1 1 1 1 1 1 1 1 1 1 1 1 1 1 1 1 1 1 1 1 1 1 1 1 1 1 1 1 1 1 1 1 1 1 1 1 1 1 1 1 1 1 1 1 1
ciInstanceKlass java/util/Collections$1 1 1 67 9 7 12 1 1 1 10 7 12 1 1 1 9 12 1 1 100 1 10 100 1 10 10 100 12 1 1 1 11 100 12 1 1 1 100 1 1 1 1 1 1 1 1 1 1 1 1 1 1 1 1 1 1 1 1 1 1 1 1 100 1 12 1 1 1 1
ciInstanceKlass java/util/ConcurrentModificationException 0 0 34 10 100 12 1 1 1 10 12 1 10 12 1 10 12 1 100 1 1 1 1 5 0 1 1 1 1 1 1 1 1 1 1 1
ciInstanceKlass kotlin/collections/EmptyList 1 1 194 1 7 1 7 1 7 1 100 1 100 1 100 1 1 12 10 1 1 1 1 1 1 1 12 11 1 1 1 1 1 1 1 1 8 1 1 1 1 8 1 7 1 1 12 10 1 1 1 1 8 1 7 11 1 1 1 1 100 1 100 10 1 8 1 1 12 10 1 12 10 1 12 10 12 10 1 12 10 1 1 1 1 1 1 1 1 7 1 1 12 9 1 7 1 1 1 100 1 1 8 1 1 1 8 1 8 1 1 1 1 12 9 1 1 100 1 8 10 1 1 1 1 1 1 1 1 1 1 1 12 10 1 7 12 10 12 10 1 12 10 12 10 1 1 1 1 1 1 8 1 7 1 12 10 1 1 1 12 10 1 10 1 1 5 0 1 1 3 3 3 1 1 3 1 1 1 1 1 1 1 1 1 1 1 1 1 1 1 1 1 1 1 1
staticfield kotlin/collections/EmptyList INSTANCE Lkotlin/collections/EmptyList; kotlin/collections/EmptyList
ciInstanceKlass kotlin/Lazy 1 0 31 1 100 1 1 100 1 1 1 1 1 1 1 3 3 3 1 1 3 1 1 1 1 1 1 1 1 1 1 1 1
ciInstanceKlass org/jetbrains/kotlin/name/FqName 1 1 171 1 7 1 7 1 1 1 1 1 1 1 1 1 1 1 1 12 10 1 8 1 7 1 1 12 10 1 1 12 10 1 1 1 1 12 10 1 7 1 12 10 12 9 1 1 1 1 12 9 1 1 12 10 1 100 1 1 1 1 12 10 1 10 1 100 1 8 10 12 10 12 10 1 1 1 12 10 12 10 1 1 1 1 12 10 1 100 1 12 10 1 1 1 12 10 1 100 1 1 12 10 1 1 1 12 10 1 1 12 10 1 12 10 1 1 12 10 1 1 1 1 1 12 10 1 1 8 12 9 1 8 1 8 1 100 8 8 8 8 8 8 8 8 8 8 8 8 8 8 8 8 8 1 1 12 10 1 100 10 1 100 1 1 1 1 1 1 1 1 1
staticfield org/jetbrains/kotlin/name/FqName ROOT Lorg/jetbrains/kotlin/name/FqName; org/jetbrains/kotlin/name/FqName
ciInstanceKlass kotlin/reflect/KProperty 1 0 52 1 100 1 1 100 1 100 1 1 1 1 1 1 1 1 1 3 3 3 1 1 3 1 1 1 1 1 1 1 1 1 1 1 1 1 1 1 1 1 100 1 100 1 1 100 1 1 1 1 1 1
ciInstanceKlass kotlin/properties/ReadOnlyProperty 1 0 34 1 100 1 1 100 1 1 1 1 1 1 3 3 3 1 1 3 1 1 1 1 1 1 1 1 1 1 1 1 1 1 1 1
ciInstanceKlass kotlin/Unit 1 1 41 1 7 1 7 1 1 12 10 1 1 1 1 1 1 8 1 10 1 12 9 1 1 3 3 3 1 1 3 1 1 1 1 1 1 1 1 1 1 1 1
staticfield kotlin/Unit INSTANCE Lkotlin/Unit; kotlin/Unit
ciInstanceKlass org/jetbrains/kotlin/ir/IrElement 1 0 50 1 100 1 100 1 1 1 3 3 3 1 1 3 1 1 1 1 1 1 1 1 1 1 1 1 1 1 1 1 1 1 1 1 1 1 1 1 1 1 1 1 1 1 1 1 1 1 1 1
ciInstanceKlass org/jetbrains/kotlin/ir/IrStatement 1 0 24 1 100 1 100 1 100 1 1 1 3 3 3 1 1 3 1 1 1 1 1 1 1 1
ciInstanceKlass org/jetbrains/kotlin/ir/declarations/IrAnnotationContainer 1 0 30 1 100 1 100 1 1 1 3 3 3 1 1 3 1 1 1 1 1 1 1 1 1 1 1 1 1 1 1 1
ciInstanceKlass org/jetbrains/kotlin/ir/declarations/IrMutableAnnotationContainer 1 0 37 1 100 1 100 1 100 1 1 1 3 3 3 1 1 3 1 1 1 1 1 1 1 1 1 1 1 1 1 1 1 1 1 1 1 1 1
ciInstanceKlass org/jetbrains/kotlin/ir/declarations/IrSymbolOwner 1 0 30 1 100 1 100 1 100 1 1 1 3 3 3 1 1 3 1 1 1 1 1 1 1 1 1 1 1 1 1 1
ciInstanceKlass org/jetbrains/kotlin/ir/declarations/IrDeclaration 1 0 59 1 100 1 100 1 100 1 100 1 100 1 1 1 3 3 3 1 1 3 1 1 1 1 1 1 1 1 1 1 1 1 1 1 1 1 1 1 1 1 1 1 1 1 1 1 1 1 1 1 1 100 1 1 1 1 1 1 1
ciInstanceKlass org/jetbrains/kotlin/ir/declarations/IrAttributeContainer 1 0 36 1 100 1 100 1 100 1 1 1 3 3 3 1 1 3 1 1 1 1 1 1 1 1 1 1 1 1 1 1 1 1 1 1 1 1
ciInstanceKlass org/jetbrains/kotlin/ir/declarations/IrDeclarationWithName 1 0 33 1 100 1 100 1 100 1 1 1 3 3 3 1 1 3 1 1 1 1 1 1 1 1 1 1 1 1 1 1 1 1 1
instanceKlass org/jetbrains/kotlin/ir/declarations/lazy/IrLazyProperty
instanceKlass org/jetbrains/kotlin/ir/declarations/impl/IrPropertyImpl
ciInstanceKlass org/jetbrains/kotlin/ir/declarations/IrProperty 1 1 154 1 7 1 1 7 1 100 1 100 1 100 1 100 1 100 1 1 1 3 3 3 1 1 3 1 1 1 1 1 1 1 1 1 1 1 1 1 1 1 1 1 1 1 1 1 1 1 1 1 1 1 1 1 1 1 1 1 1 1 1 1 1 1 1 1 1 1 1 1 1 1 1 1 1 1 1 1 1 1 1 1 1 1 1 1 1 1 1 1 12 10 1 1 1 1 1 8 1 7 1 1 12 10 1 7 1 1 12 11 1 1 12 10 1 7 12 10 12 10 1 7 10 12 10 1 8 1 1 12 10 1 100 1 100 1 100 12 10 10 12 10 12 10 1 1 1 1 1 1 1 1 1 1
instanceKlass org/jetbrains/kotlin/ir/declarations/IrConstructor
instanceKlass org/jetbrains/kotlin/ir/declarations/IrSimpleFunction
ciInstanceKlass org/jetbrains/kotlin/ir/declarations/IrFunction 1 1 211 1 7 1 7 1 100 1 100 1 100 1 100 1 100 1 100 1 100 1 100 1 1 1 3 3 3 1 1 3 1 1 1 1 1 1 1 1 1 1 1 1 1 1 1 1 1 1 1 1 1 1 1 1 1 1 1 1 1 1 1 1 1 1 1 1 1 1 1 1 1 1 1 1 1 1 1 1 1 1 1 1 1 1 1 1 1 1 1 1 1 1 1 1 1 1 1 1 1 1 1 1 1 1 1 1 12 10 1 1 1 1 1 1 1 8 1 7 1 1 12 10 1 12 10 1 7 1 1 12 11 1 7 1 12 11 1 1 12 11 1 7 1 1 12 10 12 10 1 7 10 12 10 12 10 12 10 1 7 10 1 1 1 1 1 1 1 1 1 1 1 8 1 7 1 1 12 10 1 12 10 1 1 12 10 1 100 1 100 12 10 12 10 12 10 1 12 10 12 10 1 1 1 1 1 1 1 1 1 1 1
ciInstanceKlass kotlin/SafePublicationLazyImpl 1 1 133 1 7 1 1 7 1 100 1 100 1 1 1 1 1 8 1 7 1 1 12 10 1 12 10 1 12 9 1 7 1 1 12 9 1 1 12 9 1 12 9 1 1 1 1 1 1 7 1 12 11 1 1 12 9 1 7 1 1 12 10 1 1 1 1 1 1 1 12 10 12 10 1 100 1 1 12 10 1 8 1 1 100 1 12 10 1 1 7 1 12 10 1 1 12 9 8 1 1 12 10 1 1 1 1 1 3 3 3 1 1 3 1 1 1 1 1 1 1 1 1 1 1 1 1 1 1 1 1 1 1 1 1
staticfield kotlin/SafePublicationLazyImpl Companion Lkotlin/SafePublicationLazyImpl$Companion; kotlin/SafePublicationLazyImpl$Companion
staticfield kotlin/SafePublicationLazyImpl valueUpdater Ljava/util/concurrent/atomic/AtomicReferenceFieldUpdater; java/util/concurrent/atomic/AtomicReferenceFieldUpdater$AtomicReferenceFieldUpdaterImpl
ciInstanceKlass sun/reflect/generics/reflectiveObjects/ParameterizedTypeImpl 1 1 178 10 7 12 1 1 1 9 7 12 1 1 1 9 12 1 1 10 7 12 1 1 1 9 12 1 1 10 12 1 10 12 1 1 100 1 8 1 10 12 1 1 10 100 12 1 1 1 10 100 12 1 1 1 10 12 1 10 12 1 10 7 12 1 1 7 1 11 12 1 1 11 12 1 10 7 12 1 1 1 11 12 1 1 10 7 12 1 1 10 12 1 1 10 12 1 100 1 10 11 100 12 1 1 10 12 1 1 8 1 10 12 1 8 1 10 12 1 1 10 12 1 100 1 8 1 8 1 8 1 10 12 1 10 12 1 1 10 12 1 10 10 12 1 1 1 1 1 1 1 1 1 1 1 1 1 1 1 100 1 1 1 1 1 1 1 1 1 1 1 1 1 1 1 1 1 1 1
ciInstanceKlass kotlin/_Assertions 1 1 55 1 7 1 7 1 1 12 10 1 1 1 1 1 10 1 12 9 1 1 12 10 1 7 1 1 12 10 1 1 12 9 1 1 1 1 3 3 3 1 1 3 1 1 1 1 1 1 1 1 1 1 1 1 1
staticfield kotlin/_Assertions INSTANCE Lkotlin/_Assertions; kotlin/_Assertions
staticfield kotlin/_Assertions ENABLED Z 0
ciInstanceKlass org/jetbrains/kotlin/types/model/KotlinTypeMarker 1 0 22 1 100 1 100 1 1 1 3 3 3 1 1 3 1 1 1 1 1 1 1 1
ciInstanceKlass org/jetbrains/kotlin/descriptors/Named 1 0 11 1 100 1 100 1 1 1 1 1 1
ciInstanceKlass org/jetbrains/kotlin/descriptors/ValidateableDescriptor 1 1 14 1 100 1 100 1 1 1 1 1 1 1 1 1
ciInstanceKlass org/jetbrains/kotlin/descriptors/annotations/Annotated 1 0 28 1 100 1 100 1 1 1 3 3 3 1 1 3 1 1 1 1 1 1 1 1 1 1 1 1 1 1
ciInstanceKlass org/jetbrains/kotlin/mpp/DeclarationSymbolMarker 1 0 22 1 100 1 100 1 1 1 3 3 3 1 1 3 1 1 1 1 1 1 1 1
ciInstanceKlass org/jetbrains/kotlin/descriptors/DeclarationDescriptor 1 0 42 1 100 1 100 1 100 1 100 1 100 1 100 1 1 1 1 1 1 1 1 1 1 1 1 1 1 1 1 100 1 8 1 1 12 10 1 1 1 8 1 1
ciInstanceKlass org/jetbrains/kotlin/descriptors/DeclarationDescriptorWithSource 1 1 49 1 100 1 100 1 100 1 1 1 1 1 1 1 12 11 1 1 1 1 1 1 1 1 100 1 8 1 1 12 10 1 1 1 8 1 1 1 8 1 1 1 8 1 1 1 8 1 1
ciInstanceKlass org/jetbrains/kotlin/descriptors/DeclarationDescriptorNonRoot 1 0 43 1 100 1 100 1 100 1 1 1 1 1 1 1 100 1 8 1 1 12 10 1 1 1 8 1 1 1 8 1 1 1 8 1 1 1 8 1 1 1 8 1 1
instanceKlass org/jetbrains/kotlin/types/WrappedType
instanceKlass org/jetbrains/kotlin/types/UnwrappedType
ciInstanceKlass org/jetbrains/kotlin/types/KotlinType 1 1 130 1 7 1 7 1 100 1 100 1 1 1 3 3 3 1 1 3 1 1 1 1 1 1 1 1 1 1 1 1 1 1 1 1 1 1 1 1 1 1 1 1 1 1 1 1 1 1 1 1 1 1 1 1 1 1 1 1 1 1 1 1 1 1 1 12 10 1 1 1 12 10 1 7 1 12 10 1 1 1 1 1 7 1 1 12 10 12 10 12 10 12 10 12 10 1 12 9 12 10 1 1 1 1 7 1 1 12 9 12 10 1 1 12 10 1 1 10 1 1 1 1 1 1 1 1 1 1 1 1
ciInstanceKlass org/jetbrains/kotlin/types/model/SimpleTypeMarker 1 0 24 1 100 1 100 1 100 1 1 1 3 3 3 1 1 3 1 1 1 1 1 1 1 1
ciInstanceKlass org/jetbrains/kotlin/types/model/TypeArgumentListMarker 1 0 22 1 100 1 100 1 1 1 3 3 3 1 1 3 1 1 1 1 1 1 1 1
instanceKlass org/jetbrains/kotlin/resolve/calls/inference/CapturedType
instanceKlass org/jetbrains/kotlin/types/checker/NewCapturedType
instanceKlass org/jetbrains/kotlin/types/AbstractStubType
instanceKlass org/jetbrains/kotlin/types/SimpleTypeImpl
instanceKlass org/jetbrains/kotlin/types/DelegatingSimpleType
instanceKlass org/jetbrains/kotlin/types/error/ErrorType
ciInstanceKlass org/jetbrains/kotlin/types/SimpleType 1 1 162 1 7 1 7 1 100 1 100 1 1 1 3 3 3 1 1 3 1 1 1 1 1 1 1 1 1 1 1 1 1 1 1 1 1 1 1 1 1 12 10 1 1 1 1 1 1 1 1 7 12 10 1 1 12 10 1 7 1 1 12 11 1 7 1 1 12 11 1 1 12 11 1 100 1 100 1 8 1 100 1 1 12 9 1 1 12 10 1 8 1 100 1 1 12 10 1 1 12 10 1 12 10 1 1 12 10 1 7 1 12 11 1 100 1 100 1 8 1 100 1 8 1 8 1 100 1 1 12 10 1 12 10 1 8 1 12 10 12 10 1 8 1 7 1 1 12 10 1 1 1 1 1 1 1 1 1 1 1 1 1 1
instanceKlass org/jetbrains/kotlin/descriptors/impl/FieldDescriptorImpl
instanceKlass org/jetbrains/kotlin/descriptors/impl/DeclarationDescriptorImpl
ciInstanceKlass org/jetbrains/kotlin/descriptors/annotations/AnnotatedImpl 1 1 61 1 7 1 7 1 100 1 1 1 1 1 1 1 1 12 10 1 12 10 12 9 1 1 1 1 1 100 1 8 1 8 1 100 1 100 8 8 8 8 1 1 12 10 1 100 1 12 10 1 100 10 1 100 1 1 1 1 1 1 1
instanceKlass org/jetbrains/kotlin/descriptors/impl/AbstractReceiverParameterDescriptor
instanceKlass org/jetbrains/kotlin/descriptors/impl/LazyPackageViewDescriptorImpl
instanceKlass org/jetbrains/kotlin/descriptors/impl/DeclarationDescriptorNonRootImpl
instanceKlass org/jetbrains/kotlin/descriptors/impl/ModuleDescriptorImpl
ciInstanceKlass org/jetbrains/kotlin/descriptors/impl/DeclarationDescriptorImpl 1 1 162 1 7 1 7 1 100 1 1 1 1 1 1 1 1 12 10 1 12 10 12 9 1 1 1 1 1 1 1 100 1 1 1 1 1 1 1 12 10 1 1 1 1 1 1 12 10 1 7 1 7 1 12 10 1 7 1 1 12 9 1 12 10 1 1 12 10 1 8 1 7 1 1 12 10 1 7 1 12 10 1 8 1 7 1 1 12 10 1 7 1 1 12 10 1 8 12 10 1 100 1 8 12 11 1 12 10 1 1 1 1 1 8 1 8 1 100 8 8 8 8 8 8 8 8 1 1 12 10 1 100 1 12 10 1 100 10 1 100 1 1 1 1 1 1 1 1 1 1 100 1 8 1 1 12 10 1 1 1 8 1 1
ciInstanceKlass org/jetbrains/kotlin/descriptors/annotations/Annotations 1 1 75 1 7 1 1 100 1 100 1 100 1 1 1 3 3 3 1 1 3 1 1 1 1 1 1 1 1 1 1 1 1 1 1 1 1 7 1 100 1 1 1 1 1 1 1 1 1 1 1 1 1 1 1 12 9 12 9 1 1 1 1 1 1 1 1 1 100 1 8 1 1 12 10 1 1
staticfield org/jetbrains/kotlin/descriptors/annotations/Annotations Companion Lorg/jetbrains/kotlin/descriptors/annotations/Annotations$Companion; org/jetbrains/kotlin/descriptors/annotations/Annotations$Companion
ciInstanceKlass org/jetbrains/kotlin/descriptors/annotations/Annotations$Companion 1 1 77 1 7 1 7 1 1 1 3 3 3 1 1 3 1 1 1 1 1 1 1 1 1 1 1 1 1 1 1 7 1 1 7 1 1 1 12 10 1 12 9 1 1 8 1 7 1 1 12 10 1 7 1 1 12 11 1 7 1 12 10 1 1 10 12 9 10 1 1 1 1 1 1 1 1 1 1
staticfield org/jetbrains/kotlin/descriptors/annotations/Annotations$Companion $$INSTANCE Lorg/jetbrains/kotlin/descriptors/annotations/Annotations$Companion; org/jetbrains/kotlin/descriptors/annotations/Annotations$Companion
staticfield org/jetbrains/kotlin/descriptors/annotations/Annotations$Companion EMPTY Lorg/jetbrains/kotlin/descriptors/annotations/Annotations; org/jetbrains/kotlin/descriptors/annotations/Annotations$Companion$EMPTY$1
ciInstanceKlass org/jetbrains/kotlin/descriptors/annotations/Annotations$Companion$EMPTY$1 1 1 96 1 7 1 7 1 100 1 1 100 1 1 3 3 3 1 1 3 1 1 1 1 1 1 1 1 1 1 1 1 1 1 1 7 1 1 1 12 10 1 1 1 1 1 1 8 1 7 1 1 12 10 1 1 1 7 1 1 12 10 1 7 12 11 1 1 8 1 1 1 12 10 1 1 1 1 1 1 12 10 1 12 10 1 100 1 1 1 1 1 1 1 1 1 1 1
instanceKlass org/jetbrains/kotlin/ir/descriptors/IrBuiltinOperatorDescriptorBase
instanceKlass org/jetbrains/kotlin/descriptors/impl/AbstractTypeAliasDescriptor
instanceKlass org/jetbrains/kotlin/descriptors/impl/PropertyAccessorDescriptorImpl
instanceKlass org/jetbrains/kotlin/descriptors/impl/AbstractTypeParameterDescriptor
instanceKlass org/jetbrains/kotlin/descriptors/impl/VariableDescriptorImpl
instanceKlass org/jetbrains/kotlin/descriptors/impl/FunctionDescriptorImpl
instanceKlass org/jetbrains/kotlin/descriptors/impl/PackageFragmentDescriptorImpl
ciInstanceKlass org/jetbrains/kotlin/descriptors/impl/DeclarationDescriptorNonRootImpl 1 1 102 1 7 1 7 1 100 1 1 1 1 1 1 1 1 1 1 12 10 1 12 10 12 9 12 9 1 1 1 1 1 1 1 1 1 12 10 1 7 1 1 100 1 1 1 100 1 1 12 11 12 10 1 8 1 8 1 100 1 100 1 100 8 8 8 8 8 8 8 8 8 1 1 12 10 1 100 1 12 10 1 100 10 1 100 1 1 1 1 1 1 1 1 100 1 8 1 1 12 10 1 1
ciInstanceKlass org/jetbrains/kotlin/descriptors/DeclarationDescriptorWithVisibility 1 0 42 1 100 1 100 1 100 1 1 1 1 1 1 1 100 1 8 1 1 12 10 1 1 1 8 1 1 1 8 1 1 1 8 1 1 8 1 1 1 8 1 1
ciInstanceKlass org/jetbrains/kotlin/descriptors/MemberDescriptor 1 0 55 1 100 1 100 1 100 1 100 1 1 1 1 1 1 1 1 1 1 1 1 1 100 1 8 1 1 12 10 1 1 1 8 1 1 1 8 1 1 1 8 1 1 1 8 1 1 1 8 1 1 1 8 1 1
ciInstanceKlass org/jetbrains/kotlin/descriptors/Substitutable 1 0 34 1 100 1 1 100 1 1 1 3 3 3 1 1 3 1 1 1 1 1 1 1 1 1 1 1 1 1 1 1 1 1 1 1
ciInstanceKlass org/jetbrains/kotlin/mpp/CallableSymbolMarker 1 0 24 1 100 1 100 1 100 1 1 1 3 3 3 1 1 3 1 1 1 1 1 1 1 1
ciInstanceKlass org/jetbrains/kotlin/descriptors/CallableDescriptor 1 1 95 1 100 1 1 100 1 100 1 100 1 100 1 100 1 1 100 1 1 1 1 1 1 1 1 1 1 1 1 1 1 1 1 1 1 1 1 1 1 1 1 1 1 1 1 12 11 1 1 1 1 1 1 1 1 1 1 1 100 1 8 1 1 12 10 1 1 1 8 1 1 1 8 1 1 1 8 1 1 1 8 1 1 1 8 1 1 1 8 1 1 1 8 1 1
ciInstanceKlass org/jetbrains/kotlin/descriptors/ValueDescriptor 1 0 89 1 100 1 100 1 100 1 1 1 1 1 1 1 1 1 100 1 8 1 1 12 10 1 1 1 8 1 1 1 8 1 1 1 8 1 1 1 8 1 1 8 1 1 8 1 1 1 8 1 1 8 1 1 1 8 1 1 1 8 1 1 8 1 1 1 8 1 1 1 8 1 1 1 8 1 1 1 8 1 1 1 8 1 1 1 8 1 1
ciInstanceKlass org/jetbrains/kotlin/descriptors/ParameterDescriptor 1 1 100 1 100 1 100 1 100 1 1 1 1 1 12 11 1 1 1 1 1 1 1 1 1 1 100 1 8 1 1 12 10 1 1 1 8 1 1 1 8 1 1 1 8 1 1 1 8 1 1 1 8 1 1 1 8 1 1 1 8 1 1 1 8 1 1 1 8 1 1 1 8 1 1 8 1 1 1 8 1 1 1 8 1 1 8 1 1 8 1 1 8 1 1 1 8 1 1 1 8 1
ciInstanceKlass org/jetbrains/kotlin/descriptors/CallableMemberDescriptor 1 1 130 1 100 1 100 1 100 1 100 1 1 100 1 1 100 1 1 1 1 1 1 1 1 1 1 1 1 1 1 1 1 1 1 12 11 1 1 1 1 1 1 1 1 1 1 1 1 1 100 1 8 1 1 12 10 1 1 1 8 1 1 1 8 1 1 1 8 1 1 1 8 1 1 8 1 1 8 1 1 8 1 1 1 8 1 1 8 1 1 1 8 1 1 1 8 1 1 1 8 1 1 1 8 1 1 1 8 1 1 1 8 1 1 1 8 1 1 1 8 1 1 8 1 1 1 8 1 1 8 1
ciInstanceKlass org/jetbrains/kotlin/mpp/FunctionSymbolMarker 1 0 24 1 100 1 100 1 100 1 1 1 3 3 3 1 1 3 1 1 1 1 1 1 1 1
ciInstanceKlass org/jetbrains/kotlin/descriptors/FunctionDescriptor 1 1 150 1 100 1 100 1 100 1 100 1 1 100 1 1 100 1 1 100 1 1 1 1 1 1 1 1 1 1 1 1 1 1 1 1 1 1 1 1 1 1 1 1 1 1 12 11 1 1 1 12 11 1 12 11 1 1 1 12 11 1 1 1 1 1 1 1 1 1 100 1 8 1 1 12 10 1 1 1 8 1 1 1 8 1 1 1 8 1 1 1 8 1 1 1 8 1 1 1 8 1 1 1 8 1 1 1 8 1 1 1 8 1 1 1 8 1 1 1 8 1 1 1 8 1 1 8 1 1 8 1 1 8 1 1 1 8 1 1 8 1 1 8 1 1 1 8 1 1 8 1
ciInstanceKlass org/jetbrains/kotlin/types/TypeUtils 1 1 780 1 7 1 7 1 1 100 1 7 1 1 100 1 100 1 100 1 7 1 7 1 1 100 1 100 1 1 1 1 1 1 1 1 1 1 1 12 10 1 1 1 1 1 1 12 10 12 9 12 9 1 1 1 1 1 7 1 1 12 10 12 9 1 7 10 1 1 1 1 12 10 1 1 1 12 10 1 7 1 12 10 1 1 1 1 12 10 12 10 1 1 1 1 12 10 1 7 1 12 11 1 1 12 11 1 12 10 1 7 1 1 12 11 1 7 1 1 12 11 1 7 1 7 1 12 11 1 1 12 11 1 1 12 11 1 1 12 9 1 12 11 1 7 1 12 10 1 1 12 10 12 10 1 1 12 9 1 12 9 1 1 1 1 1 1 1 1 1 1 1 1 1 1 1 1 1 12 11 1 1 12 11 1 7 1 12 11 1 1 12 11 1 1 12 11 1 1 12 10 1 1 1 1 1 7 1 1 12 10 1 7 1 1 12 9 1 7 1 1 12 10 1 1 12 10 1 100 1 7 1 100 1 7 1 12 11 1 12 10 1 1 1 1 1 1 1 1 1 1 1 1 12 10 1 12 9 1 1 12 10 1 7 1 1 12 10 1 1 7 12 10 1 7 1 1 12 11 1 12 10 1 12 11 1 7 1 1 12 10 1 1 1 1 1 7 1 1 12 10 1 1 12 11 1 7 11 11 1 1 12 10 1 1 1 1 1 1 1 1 1 12 9 1 1 12 10 12 10 1 1 1 1 1 12 10 1 7 1 1 12 11 12 10 1 1 1 1 1 1 1 7 10 1 1 7 1 12 10 1 1 12 10 1 7 1 12 10 12 10 1 7 1 12 10 1 12 10 1 12 10 1 7 1 1 12 10 1 7 1 1 12 11 1 7 1 1 1 1 1 12 10 1 1 12 11 1 7 1 1 1 1 1 1 1 10 1 1 12 10 1 12 10 1 1 1 1 1 11 1 100 1 100 10 1 8 1 1 12 10 1 12 10 1 8 10 1 12 10 1 100 1 1 12 10 1 100 11 1 100 1 1 12 11 1 12 10 11 1 1 1 1 1 1 12 9 12 11 1 1 1 1 1 10 1 12 10 1 1 1 1 12 11 1 1 10 1 12 10 1 1 1 12 10 1 1 1 12 10 1 1 12 11 1 7 1 12 10 1 7 10 1 12 10 10 1 12 10 1 7 1 12 10 10 1 1 1 1 1 1 1 1 1 1 1 1 1 7 1 12 10 1 1 7 1 1 12 10 1 7 1 1 12 9 1 100 1 1 12 10 1 1 1 1 1 100 10 1 12 10 12 9 1 100 1 8 1 8 1 12 10 1 1 1 1 12 11 1 1 12 11 1 100 1 12 10 1 12 10 1 12 10 1 1 12 9 1 1 12 10 1 12 9 1 1 1 1 1 1 1 1 1 1 100 1 100 1 1 12 10 1 1 12 10 1 100 10 1 1 1 1 1 1 1 7 12 10 12 10 1 1 1 1 7 1 12 10 1 1 12 10 11 1 1 1 1 1 12 10 1 1 12 11 1 1 1 1 7 1 12 10 12 9 1 12 9 12 9 8 10 8 1 8 1 8 1 100 8 8 8 8 8 8 8 8 8 8 8 8 8 8 8 8 8 8 8 8 8 8 8 8 8 8 8 8 8 8 8 8 8 8 8 8 8 8 8 8 8 8 8 8 8 8 8 8 8 8 8 8 8 8 1 1 12 10 1 100 10 1 100 1 1 1 1 1 1 1 1 1 1
staticfield org/jetbrains/kotlin/types/TypeUtils DONT_CARE Lorg/jetbrains/kotlin/types/SimpleType; org/jetbrains/kotlin/types/error/ErrorType
staticfield org/jetbrains/kotlin/types/TypeUtils CANNOT_INFER_FUNCTION_PARAM_TYPE Lorg/jetbrains/kotlin/types/SimpleType; org/jetbrains/kotlin/types/error/ErrorType
staticfield org/jetbrains/kotlin/types/TypeUtils NO_EXPECTED_TYPE Lorg/jetbrains/kotlin/types/SimpleType; org/jetbrains/kotlin/types/TypeUtils$SpecialType
staticfield org/jetbrains/kotlin/types/TypeUtils UNIT_EXPECTED_TYPE Lorg/jetbrains/kotlin/types/SimpleType; org/jetbrains/kotlin/types/TypeUtils$SpecialType
staticfield org/jetbrains/kotlin/types/TypeUtils $assertionsDisabled Z 1
ciInstanceKlass org/jetbrains/kotlin/types/TypeUtils$SpecialType 1 1 96 1 7 1 7 1 1 100 1 1 1 1 1 1 12 10 12 9 1 1 1 1 1 1 100 12 10 1 1 1 1 12 10 1 1 1 1 1 1 1 1 1 100 1 1 1 1 1 1 1 1 1 1 12 10 1 1 12 10 1 12 10 1 1 8 1 8 1 100 1 100 8 8 8 8 8 8 8 8 1 1 12 10 1 100 10 1 100 1 1 1 1 1 1 1 1
ciInstanceKlass org/jetbrains/kotlin/types/model/TypeArgumentMarker 1 0 22 1 100 1 100 1 1 1 3 3 3 1 1 3 1 1 1 1 1 1 1 1
ciInstanceKlass org/jetbrains/kotlin/types/TypeProjection 1 0 23 1 100 1 100 1 100 1 1 1 1 1 1 1 1 1 1 1 1 1 1 1 1
ciInstanceKlass org/jetbrains/kotlin/descriptors/VariableDescriptor 1 1 110 1 100 1 100 1 100 1 1 1 1 1 1 1 1 1 1 1 1 1 1 1 12 11 1 1 1 1 1 1 1 1 1 1 100 1 8 1 1 12 10 1 1 1 8 1 1 1 8 1 1 1 8 1 1 1 8 1 1 1 8 1 1 1 8 1 1 1 8 1 1 1 8 1 1 1 8 1 1 8 1 1 1 8 1 1 1 8 1 1 8 1 1 8 1 1 1 8 1 1 8 1 1 1 8 1 1 1 8 1
instanceKlass org/jetbrains/kotlin/ir/descriptors/IrLocalDelegatedPropertyDelegateDescriptorImpl
instanceKlass org/jetbrains/kotlin/ir/descriptors/IrBuiltinValueParameterDescriptorImpl
instanceKlass org/jetbrains/kotlin/resolve/TypeResolver$resolveTypeElement$1$resolveParametersOfFunctionType$ParameterOfFunctionTypeDescriptor
instanceKlass org/jetbrains/kotlin/descriptors/impl/ValueParameterDescriptorImpl
instanceKlass org/jetbrains/kotlin/descriptors/impl/VariableDescriptorWithInitializerImpl
ciInstanceKlass org/jetbrains/kotlin/descriptors/impl/VariableDescriptorImpl 1 1 193 1 7 1 7 1 7 1 1 100 1 100 1 1 1 1 1 1 1 1 1 1 1 12 10 1 12 10 12 9 1 1 1 1 1 1 1 1 1 1 1 1 1 100 1 1 12 9 1 100 1 1 12 10 1 100 1 12 10 1 1 1 12 10 1 1 1 1 7 1 12 10 1 100 1 1 1 1 1 1 1 1 12 10 1 100 1 1 1 1 1 1 1 1 12 10 1 1 1 1 1 1 1 12 10 1 1 1 1 7 1 12 10 1 8 1 8 1 100 1 100 1 100 8 8 8 8 8 8 8 8 8 8 8 8 8 1 1 12 10 1 100 1 12 10 1 100 10 1 100 1 1 1 1 1 1 1 1 1 1 1 100 1 8 1 1 12 10 1 1 1 8 1 1 1 8 1 1 8 1 1 1 8 1 1 1 8 1 1 1 8 1 1
staticfield org/jetbrains/kotlin/descriptors/impl/VariableDescriptorImpl $assertionsDisabled Z 1
instanceKlass org/jetbrains/kotlin/util/AttributeArrayOwner
ciInstanceKlass org/jetbrains/kotlin/util/AbstractArrayMapOwner 1 1 110 1 7 1 1 7 1 100 1 100 1 1 1 3 3 3 1 1 3 1 1 1 1 1 1 1 1 1 1 1 1 1 1 1 1 1 1 1 1 1 1 1 1 1 1 1 1 1 1 1 1 100 1 12 10 1 1 1 1 1 1 8 1 7 1 1 12 10 8 1 7 1 1 12 11 1 1 12 10 12 10 1 1 1 12 10 1 7 12 10 1 1 1 12 10 1 1 12 10 1 1 1 1 1 1 1 1 1 1 1
instanceKlass org/jetbrains/kotlin/types/TypeAttributes
ciInstanceKlass org/jetbrains/kotlin/util/AttributeArrayOwner 1 1 164 1 7 1 1 7 1 1 1 3 3 3 1 1 3 1 1 1 1 1 1 1 1 1 1 1 1 1 1 1 1 1 1 1 1 1 1 1 1 100 1 100 1 1 1 1 1 8 1 7 1 1 12 10 12 10 12 9 1 1 1 7 1 1 12 9 1 8 1 12 10 1 7 12 10 1 8 8 1 1 12 10 1 7 1 1 12 10 1 1 12 10 1 100 1 7 1 12 10 1 8 1 12 10 10 1 1 12 10 1 1 12 10 1 1 1 1 1 1 1 1 8 1 12 10 1 1 12 10 1 8 1 1 12 10 10 1 1 12 10 1 100 1 1 12 10 1 12 10 1 12 10 1 1 1 1 1 1 1 1 1 1 1 1
ciInstanceKlass org/jetbrains/kotlin/types/TypeAttributes 1 1 245 1 7 1 1 7 1 7 1 100 1 1 1 3 3 3 1 1 3 1 1 1 1 1 1 1 1 1 1 1 1 1 1 1 1 1 1 1 1 1 1 1 1 1 1 1 1 1 1 1 1 7 1 1 1 1 1 1 12 10 1 7 1 1 12 11 1 7 1 1 12 11 1 1 12 11 1 7 1 1 12 10 1 1 12 10 1 1 1 1 7 1 1 12 10 12 10 1 8 1 7 1 1 12 10 1 12 10 1 7 10 12 9 1 1 12 10 1 7 11 1 7 1 1 12 10 1 1 12 10 1 7 1 1 12 10 1 12 10 1 7 1 1 12 10 1 1 12 10 1 1 1 1 1 1 1 1 1 1 1 12 10 1 1 12 10 1 1 1 1 8 1 1 12 10 1 1 1 12 10 12 10 1 1 12 10 1 12 10 1 11 1 1 12 10 1 100 1 12 11 1 12 11 1 12 10 1 1 1 1 1 1 1 1 1 1 1 1 7 1 1 12 9 1 1 1 1 1 12 10 1 1 12 10 1 1 1 1 1 1 1 1 1 1 1
staticfield org/jetbrains/kotlin/types/TypeAttributes Companion Lorg/jetbrains/kotlin/types/TypeAttributes$Companion; org/jetbrains/kotlin/types/TypeAttributes$Companion
staticfield org/jetbrains/kotlin/types/TypeAttributes Empty Lorg/jetbrains/kotlin/types/TypeAttributes; org/jetbrains/kotlin/types/TypeAttributes
instanceKlass org/jetbrains/kotlin/util/OneElementArrayMap
instanceKlass org/jetbrains/kotlin/util/EmptyArrayMap
ciInstanceKlass org/jetbrains/kotlin/util/ArrayMap 1 1 72 1 7 1 1 7 1 100 1 100 1 1 1 3 3 3 1 1 3 1 1 1 1 1 1 1 1 1 1 1 1 1 1 1 1 1 1 1 1 1 1 12 10 1 1 1 1 1 1 1 1 1 1 1 100 1 8 1 12 10 1 10 1 1 1 1 1 1 1 1 1 1
ciInstanceKlass org/jetbrains/kotlin/util/EmptyArrayMap 1 1 82 1 7 1 7 1 1 1 3 3 3 1 1 3 1 1 1 1 1 1 1 1 1 1 1 1 1 1 1 1 1 1 7 1 1 1 1 12 10 1 1 8 1 100 1 1 12 10 1 100 12 10 1 1 1 1 1 1 10 1 7 1 1 100 12 10 1 1 12 10 1 10 12 9 1 1 1 1 1 1 1 1
staticfield org/jetbrains/kotlin/util/EmptyArrayMap INSTANCE Lorg/jetbrains/kotlin/util/EmptyArrayMap; org/jetbrains/kotlin/util/EmptyArrayMap
ciInstanceKlass org/jetbrains/kotlin/types/SimpleTypeImpl 1 1 184 1 7 1 7 1 1 1 3 3 3 1 1 3 1 1 1 1 1 1 1 1 1 1 1 1 1 1 1 1 1 1 1 1 1 1 1 1 1 1 1 1 1 1 1 1 1 1 1 1 1 1 1 1 1 7 1 7 1 1 1 1 1 1 1 1 1 8 1 7 1 1 12 10 8 8 8 12 10 12 9 12 9 12 9 12 9 12 9 12 10 1 7 1 7 1 100 1 100 10 1 8 1 1 12 10 1 12 10 1 12 10 12 10 1 1 12 10 1 12 10 1 1 1 1 12 9 1 12 10 1 8 1 12 10 1 7 1 12 10 1 12 10 1 7 1 12 10 1 7 10 1 8 1 100 1 1 12 11 1 12 10 1 7 1 12 10 1 12 10 1 1 100 1 1 1 1 1 1 1 1 1 1 1
ciInstanceKlass org/jetbrains/kotlin/types/model/AnnotationMarker 1 0 22 1 100 1 100 1 1 1 3 3 3 1 1 3 1 1 1 1 1 1 1 1
ciInstanceKlass org/jetbrains/kotlin/descriptors/annotations/AnnotationDescriptor 1 0 51 1 100 1 100 1 100 1 1 1 3 3 3 1 1 3 1 1 1 1 1 1 1 1 1 1 1 1 1 1 1 1 1 1 1 1 1 1 1 1 1 100 1 1 1 1 1 1 1 1 1
ciInstanceKlass org/jetbrains/kotlin/mpp/ValueParameterSymbolMarker 1 0 24 1 100 1 100 1 100 1 1 1 3 3 3 1 1 3 1 1 1 1 1 1 1 1
ciInstanceKlass org/jetbrains/kotlin/descriptors/ValueParameterDescriptor 1 0 161 1 100 1 100 1 100 1 100 1 100 1 1 1 3 3 3 1 1 3 1 1 1 1 1 1 1 1 1 1 1 1 1 1 1 1 1 1 1 1 1 1 1 1 1 1 1 1 1 1 1 1 1 1 100 1 1 1 1 1 1 1 1 1 1 1 1 1 1 1 1 100 1 8 1 1 12 10 1 1 1 8 1 1 1 8 1 1 1 8 1 1 1 8 1 1 1 8 1 1 1 8 1 1 1 8 1 1 1 8 1 1 1 8 1 1 1 8 1 1 1 8 1 1 1 8 1 1 8 1 1 8 1 1 8 1 1 1 8 1 1 8 1 1 8 1 1 8 1 1 8 1 1 1 8 1 1 1 8 1 1
ciInstanceKlass androidx/compose/compiler/plugins/kotlin/k1/AnnotationUtilsKt 1 1 308 1 7 1 100 1 1 1 3 3 3 1 3 1 3 1 1 1 1 1 1 1 1 1 1 1 1 1 1 1 1 1 1 1 1 1 1 1 1 1 1 1 1 1 1 7 1 100 1 100 1 1 7 1 7 1 1 1 1 12 10 1 7 1 1 12 10 12 10 1 12 9 1 7 1 1 12 10 1 7 1 7 1 1 12 10 1 1 12 10 1 7 1 1 12 10 1 1 1 1 7 1 1 12 10 10 1 1 12 10 1 1 12 10 1 1 12 10 1 12 10 1 12 10 1 7 1 1 12 9 1 1 12 10 1 1 12 11 1 1 1 7 11 1 12 10 1 1 12 10 1 1 1 1 7 1 1 12 10 1 12 10 1 7 1 1 12 11 1 7 1 12 11 1 1 12 11 1 12 10 1 1 12 11 1 7 1 7 1 1 1 1 1 1 1 1 1 1 1 1 1 1 1 1 1 1 1 12 10 1 1 12 11 1 12 10 1 7 1 1 12 10 1 1 12 11 1 1 12 10 1 7 1 1 12 11 1 7 1 12 10 1 7 1 1 12 10 12 10 1 100 1 1 12 10 1 12 10 1 12 10 1 1 1 1 12 10 1 12 10 1 8 1 1 12 10 1 100 1 1 12 10 1 12 10 1 1 1 7 1 1 12 9 1 12 9 1 1 1 1 1 1 1 1 1 1 1 1
ciInstanceKlass androidx/compose/compiler/plugins/kotlin/ComposeFqNames 1 1 272 1 7 1 7 1 1 1 3 3 3 1 1 3 1 1 1 1 1 1 1 1 1 1 1 1 1 1 1 1 1 1 1 1 1 1 1 1 1 1 1 1 1 1 1 1 1 1 1 1 1 1 1 1 1 1 1 1 1 1 1 1 1 1 1 1 1 1 1 1 1 1 1 1 1 1 1 1 1 1 1 1 1 1 1 1 1 1 1 1 1 1 1 12 10 1 1 1 7 1 8 1 7 1 1 12 10 15 1 12 18 1 12 10 1 8 18 1 8 18 12 10 12 9 12 9 12 9 12 9 12 9 12 9 12 9 12 9 12 9 12 9 12 9 12 9 12 9 12 9 12 9 12 9 12 9 12 9 12 9 12 9 12 9 12 9 12 9 12 9 12 9 12 9 12 9 12 9 12 9 1 10 12 9 1 7 1 12 10 1 7 1 12 9 1 12 10 1 7 1 12 10 12 10 8 1 8 1 8 1 7 1 1 12 10 12 10 1 8 12 10 1 8 1 8 12 10 12 10 12 10 8 8 8 8 12 10 1 7 1 12 9 1 12 10 1 7 10 1 8 12 10 12 10 12 10 8 8 8 8 12 10 12 10 1 1 1 1 1 1 1 1
staticfield androidx/compose/compiler/plugins/kotlin/ComposeFqNames INSTANCE Landroidx/compose/compiler/plugins/kotlin/ComposeFqNames; androidx/compose/compiler/plugins/kotlin/ComposeFqNames
staticfield androidx/compose/compiler/plugins/kotlin/ComposeFqNames InternalPackage Lorg/jetbrains/kotlin/name/FqName; org/jetbrains/kotlin/name/FqName
staticfield androidx/compose/compiler/plugins/kotlin/ComposeFqNames Composable Lorg/jetbrains/kotlin/name/FqName; org/jetbrains/kotlin/name/FqName
staticfield androidx/compose/compiler/plugins/kotlin/ComposeFqNames ComposableTarget Lorg/jetbrains/kotlin/name/FqName; org/jetbrains/kotlin/name/FqName
staticfield androidx/compose/compiler/plugins/kotlin/ComposeFqNames ComposableTargetMarker Lorg/jetbrains/kotlin/name/FqName; org/jetbrains/kotlin/name/FqName
staticfield androidx/compose/compiler/plugins/kotlin/ComposeFqNames ComposableTargetMarkerDescription Ljava/lang/String; "description"
staticfield androidx/compose/compiler/plugins/kotlin/ComposeFqNames ComposableTargetApplierArgument Lorg/jetbrains/kotlin/name/Name; org/jetbrains/kotlin/name/Name
staticfield androidx/compose/compiler/plugins/kotlin/ComposeFqNames ComposableOpenTarget Lorg/jetbrains/kotlin/name/FqName; org/jetbrains/kotlin/name/FqName
staticfield androidx/compose/compiler/plugins/kotlin/ComposeFqNames ComposableOpenTargetIndexArgument Lorg/jetbrains/kotlin/name/Name; org/jetbrains/kotlin/name/Name
staticfield androidx/compose/compiler/plugins/kotlin/ComposeFqNames ComposableInferredTarget Lorg/jetbrains/kotlin/name/FqName; org/jetbrains/kotlin/name/FqName
staticfield androidx/compose/compiler/plugins/kotlin/ComposeFqNames ComposableInferredTargetSchemeArgument Lorg/jetbrains/kotlin/name/Name; org/jetbrains/kotlin/name/Name
staticfield androidx/compose/compiler/plugins/kotlin/ComposeFqNames CurrentComposerIntrinsic Lorg/jetbrains/kotlin/name/FqName; org/jetbrains/kotlin/name/FqName
staticfield androidx/compose/compiler/plugins/kotlin/ComposeFqNames getCurrentComposerFullName Lorg/jetbrains/kotlin/name/FqName; org/jetbrains/kotlin/name/FqName
staticfield androidx/compose/compiler/plugins/kotlin/ComposeFqNames DisallowComposableCalls Lorg/jetbrains/kotlin/name/FqName; org/jetbrains/kotlin/name/FqName
staticfield androidx/compose/compiler/plugins/kotlin/ComposeFqNames ReadOnlyComposable Lorg/jetbrains/kotlin/name/FqName; org/jetbrains/kotlin/name/FqName
staticfield androidx/compose/compiler/plugins/kotlin/ComposeFqNames ExplicitGroupsComposable Lorg/jetbrains/kotlin/name/FqName; org/jetbrains/kotlin/name/FqName
staticfield androidx/compose/compiler/plugins/kotlin/ComposeFqNames NonRestartableComposable Lorg/jetbrains/kotlin/name/FqName; org/jetbrains/kotlin/name/FqName
staticfield androidx/compose/compiler/plugins/kotlin/ComposeFqNames NonSkippableComposable Lorg/jetbrains/kotlin/name/FqName; org/jetbrains/kotlin/name/FqName
staticfield androidx/compose/compiler/plugins/kotlin/ComposeFqNames DontMemoize Lorg/jetbrains/kotlin/name/FqName; org/jetbrains/kotlin/name/FqName
staticfield androidx/compose/compiler/plugins/kotlin/ComposeFqNames composableLambdaType Lorg/jetbrains/kotlin/name/FqName; org/jetbrains/kotlin/name/FqName
staticfield androidx/compose/compiler/plugins/kotlin/ComposeFqNames composableLambda Lorg/jetbrains/kotlin/name/FqName; org/jetbrains/kotlin/name/FqName
staticfield androidx/compose/compiler/plugins/kotlin/ComposeFqNames composableLambdaFullName Lorg/jetbrains/kotlin/name/FqName; org/jetbrains/kotlin/name/FqName
staticfield androidx/compose/compiler/plugins/kotlin/ComposeFqNames remember Lorg/jetbrains/kotlin/name/FqName; org/jetbrains/kotlin/name/FqName
staticfield androidx/compose/compiler/plugins/kotlin/ComposeFqNames cache Lorg/jetbrains/kotlin/name/FqName; org/jetbrains/kotlin/name/FqName
staticfield androidx/compose/compiler/plugins/kotlin/ComposeFqNames key Lorg/jetbrains/kotlin/name/FqName; org/jetbrains/kotlin/name/FqName
staticfield androidx/compose/compiler/plugins/kotlin/ComposeFqNames StableMarker Lorg/jetbrains/kotlin/name/FqName; org/jetbrains/kotlin/name/FqName
staticfield androidx/compose/compiler/plugins/kotlin/ComposeFqNames Stable Lorg/jetbrains/kotlin/name/FqName; org/jetbrains/kotlin/name/FqName
staticfield androidx/compose/compiler/plugins/kotlin/ComposeFqNames Immutable Lorg/jetbrains/kotlin/name/FqName; org/jetbrains/kotlin/name/FqName
staticfield androidx/compose/compiler/plugins/kotlin/ComposeFqNames Composer Lorg/jetbrains/kotlin/name/FqName; org/jetbrains/kotlin/name/FqName
staticfield androidx/compose/compiler/plugins/kotlin/ComposeFqNames StabilityInferred Lorg/jetbrains/kotlin/name/FqName; org/jetbrains/kotlin/name/FqName
instanceKlass org/jetbrains/kotlin/descriptors/impl/LocalVariableAccessorDescriptor
instanceKlass org/jetbrains/kotlin/types/error/ErrorFunctionDescriptor
instanceKlass org/jetbrains/kotlin/descriptors/impl/FunctionExpressionDescriptor
instanceKlass org/jetbrains/kotlin/codegen/AccessorForCompanionObjectInstanceFieldDescriptor
instanceKlass org/jetbrains/kotlin/builtins/functions/FunctionInvokeDescriptor
instanceKlass org/jetbrains/kotlin/serialization/deserialization/descriptors/DeserializedSimpleFunctionDescriptor
instanceKlass org/jetbrains/kotlin/load/java/descriptors/JavaMethodDescriptor
instanceKlass org/jetbrains/kotlin/descriptors/impl/AnonymousFunctionDescriptor
ciInstanceKlass org/jetbrains/kotlin/descriptors/impl/SimpleFunctionDescriptorImpl 1 1 208 1 7 1 7 1 7 1 1 100 1 100 1 1 100 1 100 1 1 100 1 100 1 1 100 1 1 1 1 1 1 12 10 1 12 10 1 1 1 1 1 1 1 1 1 1 1 1 1 1 1 1 12 10 1 1 1 1 1 1 1 100 1 1 12 10 1 12 10 1 1 1 1 1 1 1 1 1 1 1 1 1 1 1 1 1 1 1 1 12 10 1 7 1 1 12 11 1 7 1 12 10 1 1 12 9 1 1 1 1 1 12 10 1 1 1 100 1 100 1 100 1 1 12 10 1 100 1 1 1 1 1 1 12 10 1 1 1 1 1 12 10 12 10 12 10 12 10 1 10 1 1 1 1 1 1 8 1 8 1 100 1 100 1 100 8 8 8 8 8 8 8 8 8 8 8 8 8 8 8 8 8 8 1 1 12 10 1 100 1 12 10 1 100 10 1 100 1 1 1 1 1 1 1 1 1 1 1
instanceKlass org/jetbrains/kotlin/descriptors/impl/ValueParameterDescriptorImpl$WithDestructuringDeclaration
ciInstanceKlass org/jetbrains/kotlin/descriptors/impl/ValueParameterDescriptorImpl 1 1 323 1 7 1 7 1 7 1 1 1 3 3 3 1 1 3 1 1 1 1 1 1 1 1 1 1 1 1 1 1 1 1 1 1 1 1 1 1 1 1 1 1 1 1 1 1 1 1 1 1 1 1 1 1 1 1 1 1 1 1 1 1 1 1 1 1 1 1 1 1 1 1 1 1 7 1 7 1 1 100 1 1 7 1 100 1 1 1 1 1 1 8 1 7 1 1 12 10 8 8 8 8 1 7 1 12 10 12 9 12 9 12 9 12 9 12 9 12 9 1 1 1 12 10 1 8 1 12 10 1 7 12 10 1 8 1 1 12 11 1 12 10 1 12 11 1 8 1 100 1 12 10 1 100 1 12 10 1 8 1 100 1 1 12 11 1 1 1 8 8 1 1 12 10 1 8 1 12 10 1 12 10 1 8 12 10 12 10 12 10 12 10 1 7 1 12 9 8 12 10 1 1 7 1 12 9 8 1 1 12 11 1 8 1 7 1 7 1 7 1 1 12 10 1 12 10 1 7 1 1 12 11 1 7 1 12 11 1 1 12 11 1 1 12 11 12 10 1 7 1 1 12 11 1 1 12 11 1 1 1 1 1 1 1 1 1 1 1 1 12 10 1 1 1 1 12 9 12 10 1 1 1 1 12 10 1 1 1 10 1 100 1 1 100 1 1 7 1 12 10 1 1 100 1 12 10 1 100 1 1 12 10 1 1 1 1 1 1 1 1 1 1 1
staticfield org/jetbrains/kotlin/descriptors/impl/ValueParameterDescriptorImpl Companion Lorg/jetbrains/kotlin/descriptors/impl/ValueParameterDescriptorImpl$Companion; org/jetbrains/kotlin/descriptors/impl/ValueParameterDescriptorImpl$Companion
ciInstanceKlass org/jetbrains/kotlin/descriptors/impl/AnonymousFunctionDescriptor 1 1 104 1 7 1 7 1 1 100 1 100 1 1 1 1 1 1 1 1 12 10 1 7 1 1 12 9 1 12 10 1 1 1 1 1 1 1 1 1 1 1 1 12 10 12 9 1 1 1 1 1 1 1 100 1 100 1 100 1 100 1 1 12 10 1 100 1 1 1 1 1 8 1 100 1 100 1 100 8 8 8 8 8 8 8 8 8 8 1 1 12 10 1 100 1 12 10 1 1 1 1 1 1 1 1
ciInstanceKlass org/jetbrains/kotlin/serialization/deserialization/descriptors/DeserializedClassDescriptor 1 1 1000 1 7 1 7 1 100 1 1 1 3 3 3 1 1 3 1 1 1 1 1 1 1 1 1 1 1 1 1 1 1 1 1 1 1 1 1 1 1 1 1 1 1 1 1 1 1 1 1 1 1 1 1 1 1 1 1 1 1 1 1 1 1 1 1 1 1 1 1 1 1 1 1 1 1 1 1 1 1 1 1 1 1 1 1 1 1 1 1 1 1 1 1 1 1 1 1 1 1 1 1 1 1 1 1 1 1 1 1 1 1 1 1 1 1 1 1 1 1 1 1 1 1 1 1 1 1 1 1 1 1 1 1 1 1 1 1 1 1 7 1 7 1 1 7 1 7 1 7 1 100 1 1 7 1 1 7 1 1 7 1 1 100 1 1 100 1 1 100 1 1 7 1 1 7 1 7 1 1 7 1 1 7 1 7 1 7 1 7 1 7 1 7 1 1 7 1 100 1 7 1 7 1 7 1 7 1 7 1 7 1 7 1 7 1 7 1 7 1 7 1 7 1 1 1 1 1 1 1 1 1 8 1 7 1 1 12 10 8 8 8 8 1 7 1 1 12 10 1 1 12 10 1 7 1 1 12 10 1 7 1 1 12 10 1 12 10 12 9 12 9 12 9 12 9 1 7 1 1 12 9 1 1 12 9 1 12 10 1 1 12 10 1 12 10 12 9 1 12 9 1 7 1 1 12 10 12 9 1 12 9 1 1 12 10 12 9 1 7 1 12 10 1 8 1 12 10 1 7 1 1 12 10 1 8 1 12 10 1 12 9 1 1 12 10 1 8 1 1 12 10 1 1 12 10 12 9 1 7 1 12 9 1 1 12 9 1 12 10 1 8 1 7 1 1 12 10 1 1 12 10 1 7 1 1 12 10 1 7 1 1 12 11 1 1 12 10 1 1 12 10 1 7 1 7 1 12 10 1 7 1 12 9 12 9 1 12 10 12 9 1 12 9 1 1 12 10 1 7 1 1 12 11 1 12 10 1 7 1 12 10 12 9 10 12 9 1 12 10 12 9 10 1 7 1 7 1 1 12 11 12 9 10 1 1 12 11 12 9 10 12 9 10 12 9 10 12 9 1 1 12 10 1 12 10 1 100 1 7 12 9 1 12 10 1 12 9 1 12 9 1 12 10 1 7 10 1 12 10 12 9 1 1 1 1 1 12 10 1 1 12 9 1 7 1 12 10 1 12 10 1 1 7 1 1 1 1 12 9 1 12 9 1 12 9 1 7 1 1 12 10 1 12 9 1 12 9 1 12 9 1 12 10 8 1 1 1 12 9 1 1 12 10 1 12 9 1 7 1 1 12 10 1 1 12 10 1 7 1 7 1 1 12 10 1 7 1 12 10 1 8 1 7 1 1 12 11 1 7 1 12 11 1 1 12 11 1 12 9 10 1 100 1 1 12 10 1 7 1 1 12 10 1 1 1 1 1 1 1 1 1 1 1 1 1 1 1 7 1 12 11 1 1 12 10 1 7 12 10 1 7 1 1 12 10 1 1 12 10 1 1 12 10 1 7 1 12 11 1 1 7 1 12 10 1 1 12 11 1 7 1 1 12 10 1 12 10 1 12 10 1 1 1 1 1 1 1 1 1 1 1 1 1 1 1 7 11 1 1 7 1 1 12 10 1 1 12 10 1 7 1 1 12 10 1 100 1 1 12 10 1 100 1 12 10 1 100 1 12 10 1 1 1 1 1 1 12 10 1 12 10 1 1 12 10 12 10 1 7 1 1 12 9 1 7 1 1 12 10 1 1 8 1 1 12 10 1 7 1 12 11 1 1 100 1 12 9 1 12 10 1 12 10 1 12 11 1 100 1 12 10 1 1 12 10 1 100 1 12 9 1 1 12 10 1 1 1 1 1 1 1 1 1 1 1 1 1 1 1 1 1 1 100 12 10 12 10 10 10 1 7 1 1 12 10 1 100 1 100 10 1 8 1 1 12 10 1 12 10 1 12 10 10 1 12 10 1 12 11 1 8 1 1 12 10 1 100 12 11 1 8 1 12 10 1 8 1 100 1 7 1 100 1 100 1 12 10 1 1 1 1 1 12 10 1 7 1 12 11 1 1 12 11 1 1 1 1 1 1 1 8 12 10 1 8 8 1 100 1 8 10 1 1 1 12 10 1 1 12 10 1 100 1 1 12 11 12 10 1 12 10 1 1 1 1 1 1 1 1 1 1 1 12 10 1 1 12 10 1 1 12 10 1 12 10 1 1 12 10 1 1 1 1 1 1 1 1 1 1 1
ciInstanceKlass org/jetbrains/kotlin/resolve/lazy/descriptors/LazyClassDescriptor 1 1 1460 1 7 1 7 1 7 1 100 1 1 7 1 1 100 1 7 1 100 1 7 1 7 1 7 1 1 7 1 7 1 1 7 1 7 1 1 7 1 7 1 100 1 100 1 1 1 1 1 1 1 1 1 1 1 1 1 1 1 1 1 1 1 1 1 1 1 1 1 1 1 1 1 1 1 1 1 1 1 1 1 1 1 1 1 1 1 1 1 1 1 1 1 1 1 1 1 1 1 1 1 1 1 1 1 12 10 1 7 1 1 12 11 1 7 1 1 12 11 1 7 1 1 12 10 1 12 10 12 9 12 9 1 1 12 11 1 7 1 1 12 11 12 9 1 1 12 10 12 9 1 1 12 11 12 9 1 7 1 12 9 1 7 1 12 10 1 100 1 7 1 1 12 9 1 100 12 9 1 12 10 12 9 1 7 1 12 10 12 9 1 1 12 11 1 12 10 1 16 1 1 12 10 15 16 1 7 1 1 12 10 15 1 1 12 18 1 1 12 11 12 9 1 7 1 12 9 1 7 1 1 12 9 1 12 9 1 1 12 10 15 1 12 18 1 7 1 1 12 10 1 7 1 12 9 1 12 9 1 7 1 1 12 10 1 100 12 9 1 7 1 1 12 9 1 1 12 10 1 1 12 10 12 9 1 12 9 12 9 1 12 9 12 9 1 7 1 1 12 10 12 9 1 12 10 1 7 12 11 12 9 1 12 10 12 9 1 12 10 12 9 1 7 1 12 10 1 7 1 1 12 10 1 7 1 7 1 1 12 10 1 7 1 1 12 11 1 12 10 1 12 11 1 7 1 1 12 11 1 1 12 11 1 12 10 1 12 10 12 9 1 12 9 1 1 12 10 1 12 11 12 9 10 1 1 12 10 15 16 1 12 18 1 1 12 11 12 9 1 16 1 1 12 10 15 1 16 1 12 18 1 1 12 11 12 9 1 1 12 10 15 16 18 1 1 12 11 12 9 1 7 1 1 12 11 1 1 12 10 15 16 18 1 12 10 12 9 1 1 12 10 15 16 1 12 18 12 9 1 1 12 10 15 1 12 18 12 9 1 7 1 1 12 9 1 7 1 1 12 11 1 1 12 10 15 1 16 1 12 18 12 9 1 1 12 10 15 1 12 18 12 9 1 7 1 1 12 9 1 7 1 1 12 11 1 12 9 1 7 1 1 12 10 1 1 1 1 1 1 1 1 1 1 1 1 1 1 1 1 1 1 1 1 12 10 1 1 12 11 1 12 10 1 12 10 1 1 1 1 12 10 1 100 1 8 1 7 1 1 12 10 1 1 12 9 1 7 1 1 12 9 1 12 10 1 1 1 1 12 9 1 1 12 11 1 7 1 1 12 11 1 1 12 10 15 1 16 1 12 18 1 1 12 10 1 1 1 12 10 1 1 1 1 12 11 1 7 1 1 12 11 1 12 11 1 7 1 1 12 11 1 7 1 12 10 1 7 12 11 1 12 10 1 12 10 1 12 10 1 12 10 1 1 7 11 1 1 1 12 10 1 1 12 10 1 1 12 10 15 16 1 12 18 1 7 1 1 12 10 1 1 1 1 7 12 10 1 7 1 1 1 12 10 1 1 1 1 7 11 1 1 1 1 12 11 1 100 1 1 12 11 1 12 10 1 1 1 1 1 12 10 1 12 11 1 1 12 10 15 1 16 1 12 18 1 12 10 1 1 1 12 10 1 1 12 10 1 7 1 1 12 10 12 9 1 100 10 1 7 1 7 1 1 12 9 1 1 12 11 1 1 12 11 12 10 1 100 10 1 8 1 1 12 10 1 12 10 1 1 12 10 1 12 10 1 1 1 1 1 12 11 1 7 1 1 12 11 1 100 1 1 12 10 1 12 9 1 12 9 1 12 9 1 12 10 1 12 10 1 1 1 1 7 1 1 12 10 1 1 12 10 1 12 10 1 12 10 12 10 12 10 1 1 1 1 1 1 1 1 1 1 100 1 100 1 12 9 1 1 12 11 1 100 1 1 12 11 1 7 1 12 10 1 12 10 1 12 11 1 100 1 12 9 1 100 10 1 1 12 10 1 12 11 1 100 11 1 1 12 11 1 100 1 1 12 11 1 1 12 11 1 1 12 10 15 16 1 1 12 18 1 7 1 12 11 1 7 1 1 12 10 1 1 12 11 1 100 1 1 12 10 1 1 1 1 1 1 1 1 1 1 1 1 12 11 12 11 12 11 1 100 1 1 12 11 1 12 10 1 7 1 1 12 11 11 1 1 1 1 1 1 1 1 1 100 1 8 1 12 10 1 8 1 8 1 8 1 100 1 8 10 10 1 1 12 10 12 10 1 7 12 10 10 1 12 10 12 10 1 12 10 12 10 1 12 10 12 10 12 10 1 12 10 12 10 10 1 1 12 10 12 10 1 12 10 12 10 12 10 12 10 1 12 10 1 12 11 1 12 11 1 1 12 11 1 7 1 12 11 1 12 11 1 100 1 12 11 12 10 1 1 1 1 1 1 1 1 12 10 1 7 1 12 10 1 1 12 10 1 1 12 11 1 7 1 1 12 10 12 9 1 12 10 1 1 1 100 1 12 10 1 1 1 7 1 1 12 10 1 12 11 1 12 9 1 7 1 1 12 10 1 12 10 1 1 1 10 10 1 7 1 1 12 11 16 1 1 12 10 15 1 16 1 12 18 1 1 12 11 16 1 7 1 12 10 15 1 16 1 1 12 18 1 12 11 1 12 9 1 100 1 12 10 1 100 12 10 1 1 12 10 1 12 9 1 1 1 1 1 1 1 1 1 1 12 10 1 100 1 1 12 11 1 100 1 1 12 10 1 12 10 1 100 1 100 1 1 12 10 1 100 1 1 12 10 1 1 1 1 1 1 1 1 12 9 1 1 12 11 1 7 1 1 12 10 12 10 1 12 11 1 7 1 12 10 1 1 12 11 1 100 12 9 1 100 1 1 12 9 1 100 1 1 12 10 1 1 12 11 1 12 9 1 12 9 1 12 9 10 1 12 9 12 10 1 100 10 10 1 100 1 12 10 11 1 1 1 1 1 1 1 1 1 1 1 1 12 10 1 1 12 11 1 1 12 10 1 1 1 100 1 1 12 10 1 8 1 7 1 1 12 10 1 1 1 1 1 7 1 12 10 12 10 15 16 18 1 8 1 8 1 100 1 100 8 8 8 8 8 8 8 8 8 8 8 8 8 8 8 8 8 8 8 8 8 8 8 8 8 8 8 8 8 8 8 8 8 8 8 8 1 1 12 10 1 100 10 1 100 1 1 1 1 1 1 1 1 1 1 1
staticfield org/jetbrains/kotlin/resolve/lazy/descriptors/LazyClassDescriptor VALID_SUPERTYPE Lkotlin/jvm/functions/Function1; org/jetbrains/kotlin/resolve/lazy/descriptors/LazyClassDescriptor$$Lambda+0x000000010057b140
staticfield org/jetbrains/kotlin/resolve/lazy/descriptors/LazyClassDescriptor $assertionsDisabled Z 1
ciInstanceKlass org/jetbrains/kotlin/load/java/lazy/descriptors/LazyJavaClassDescriptor 1 1 700 1 7 1 7 1 7 1 1 1 3 3 3 1 1 3 1 1 1 1 1 1 1 1 1 1 1 1 1 1 1 1 1 1 1 1 1 1 1 1 1 1 1 1 1 1 1 1 1 1 1 1 1 1 1 1 1 1 1 1 1 1 1 1 1 1 1 1 1 1 1 1 1 1 1 1 1 1 1 1 1 1 1 1 1 1 1 1 1 1 1 1 1 1 1 1 1 1 1 1 1 1 1 1 1 1 1 1 1 1 1 7 1 7 1 7 1 7 1 7 1 7 1 7 1 7 1 7 1 1 1 1 1 1 1 1 1 1 8 1 7 1 1 12 10 8 8 1 7 1 1 12 10 1 7 1 1 12 11 1 1 12 10 1 7 1 1 12 10 1 7 1 7 1 1 12 11 1 7 1 12 10 12 9 12 9 12 9 1 7 1 7 1 7 1 1 12 10 12 9 1 1 12 10 1 7 1 7 1 1 12 11 1 1 12 11 1 7 1 12 9 1 100 1 12 10 1 8 1 1 12 10 1 12 10 1 12 10 1 100 1 12 10 1 12 10 1 7 1 7 1 1 12 10 12 9 1 1 12 11 1 7 1 12 9 1 12 11 1 12 9 1 12 11 1 12 9 1 12 9 12 9 1 12 9 1 12 9 1 12 11 1 12 11 1 12 11 1 1 12 10 12 9 1 12 11 12 9 1 12 11 1 12 11 12 9 10 12 9 1 7 1 12 10 12 9 1 12 9 1 1 12 10 1 7 1 1 12 11 10 1 7 1 1 12 10 12 9 1 7 1 7 1 12 10 12 9 1 7 1 12 10 12 9 1 7 1 7 1 1 12 10 12 9 10 1 7 1 1 12 11 12 9 1 1 1 1 12 10 1 1 7 1 1 12 11 1 7 1 1 12 11 1 1 7 1 12 9 1 1 12 10 1 100 1 12 9 1 12 10 1 7 1 1 12 10 1 100 1 1 7 1 8 1 1 12 10 1 1 1 1 12 10 1 8 12 10 1 1 1 12 10 1 7 1 12 11 1 1 1 1 12 10 1 7 1 1 12 11 1 1 12 11 1 7 1 1 12 11 1 7 1 12 11 1 12 11 1 7 11 1 12 11 1 12 11 12 9 11 1 7 1 12 10 1 7 1 1 12 11 1 7 11 11 1 12 10 1 7 1 12 10 1 1 12 11 12 10 1 1 1 1 1 1 1 1 1 1 1 1 12 10 1 12 10 10 1 1 12 9 1 100 1 1 12 9 1 100 1 1 12 10 1 12 11 1 100 10 1 100 1 100 1 1 12 10 1 100 1 100 1 1 12 10 1 12 11 1 100 10 1 100 1 100 1 1 12 10 1 12 10 1 1 1 1 1 1 1 1 1 1 1 1 1 1 1 1 1 1 1 1 1 1 8 1 100 1 100 1 1 12 10 1 8 1 1 12 10 1 1 12 10 1 1 12 10 1 8 1 12 10 12 10 12 10 1 1 1 1 1 1 1 1 1 12 10 12 9 1 7 1 8 1 8 1 8 1 8 1 8 1 8 8 1 7 1 1 12 10 1 1 1 1 1 1 1 1 1 1 1
staticfield org/jetbrains/kotlin/load/java/lazy/descriptors/LazyJavaClassDescriptor Companion Lorg/jetbrains/kotlin/load/java/lazy/descriptors/LazyJavaClassDescriptor$Companion; org/jetbrains/kotlin/load/java/lazy/descriptors/LazyJavaClassDescriptor$Companion
staticfield org/jetbrains/kotlin/load/java/lazy/descriptors/LazyJavaClassDescriptor PUBLIC_METHOD_NAMES_IN_OBJECT Ljava/util/Set; java/util/LinkedHashSet
ciInstanceKlass org/jetbrains/kotlin/descriptors/impl/LazyClassReceiverParameterDescriptor 1 1 119 1 7 1 7 1 1 7 1 7 1 1 1 1 1 1 1 1 1 1 12 10 1 12 9 1 1 12 10 1 12 10 12 9 1 7 1 12 10 12 9 1 1 1 1 1 1 1 100 1 1 1 100 1 12 10 1 1 1 1 1 100 10 1 8 1 1 12 10 1 1 12 11 1 12 10 1 8 12 10 1 8 1 8 1 100 1 100 1 100 8 8 8 8 8 8 8 1 1 12 10 1 100 1 12 10 1 100 10 1 100 1 1 1 1 1 1 1 1
ciInstanceKlass org/jetbrains/kotlin/descriptors/annotations/CompositeAnnotations 1 1 176 1 7 1 7 1 7 1 1 1 3 3 3 1 1 3 1 1 1 1 1 1 1 1 1 1 1 1 1 1 1 1 1 1 1 1 1 1 1 7 1 7 1 1 1 1 1 8 1 7 1 1 12 10 1 12 10 12 9 1 1 7 1 1 12 10 12 10 1 1 1 7 1 7 12 11 1 12 11 1 7 1 12 11 1 1 12 11 11 1 1 1 1 1 1 1 1 1 8 1 7 1 1 12 10 1 7 11 1 100 12 11 1 1 1 1 1 1 1 12 10 1 7 1 7 1 1 12 10 1 1 12 10 1 100 1 1 1 7 10 12 11 1 1 12 10 1 7 1 1 1 1 1 1 1 1 1 1 1 1 12 9 1 12 10 1 1 1 1 1 1 1 1 1 1 1
ciInstanceKlass org/jetbrains/kotlin/descriptors/impl/PropertyGetterDescriptorImpl 1 1 183 1 7 1 7 1 100 1 1 100 1 100 1 1 1 1 1 1 1 1 1 1 1 12 10 1 7 1 12 10 1 8 1 1 12 10 1 7 1 1 12 11 1 12 10 1 8 1 1 12 10 1 7 1 1 12 10 1 12 10 12 9 1 1 1 1 1 1 1 1 1 1 1 1 1 1 1 1 1 1 1 1 1 1 12 10 1 1 12 11 1 100 12 9 1 1 1 1 12 10 1 100 1 1 1 1 7 1 12 10 1 100 1 1 1 1 1 100 1 1 12 11 1 1 1 1 1 1 1 1 1 12 10 1 1 1 1 1 1 8 1 8 1 100 1 100 1 100 8 8 8 8 8 8 8 8 8 8 8 1 1 12 10 1 100 1 12 10 1 100 10 1 100 1 1 1 1 1 1 1 1 1 1
instanceKlass org/jetbrains/kotlin/types/StarProjectionImpl
instanceKlass org/jetbrains/kotlin/types/TypeProjectionImpl
ciInstanceKlass org/jetbrains/kotlin/types/TypeProjectionBase 1 1 82 1 7 1 7 1 100 1 1 1 12 10 1 1 1 1 1 1 12 10 1 8 1 1 12 10 1 7 1 1 12 9 1 1 12 10 12 10 1 100 10 1 1 12 10 1 8 1 12 10 10 1 1 11 11 11 1 7 12 10 1 1 1 1 1 1 12 10 1 7 1 1 12 10 10 1 1 1 1 1 1 1
ciInstanceKlass org/jetbrains/kotlin/types/TypeProjectionImpl 1 1 98 1 7 1 7 1 1 1 1 1 1 1 1 1 1 12 10 1 12 10 12 9 12 9 1 1 1 1 7 1 12 9 12 10 1 1 1 1 1 1 1 100 1 1 1 1 1 1 100 1 1 12 10 1 1 1 12 10 1 8 1 8 1 100 1 100 1 100 8 8 8 8 8 8 8 8 8 1 1 12 10 1 100 1 12 10 1 100 10 1 100 1 1 1 1 1 1 1
ciInstanceKlass org/jetbrains/kotlin/types/NullableSimpleType 1 1 54 1 100 1 7 1 1 1 3 3 3 1 1 3 1 1 1 1 1 1 1 1 1 1 1 1 1 1 1 8 1 7 1 1 12 10 12 10 1 1 1 10 1 12 10 1 100 1 1 1 1 1 1 1
ciInstanceKlass org/jetbrains/kotlin/types/AnnotationsTypeAttributeKt 1 1 136 1 7 1 100 1 1 1 3 3 3 1 3 1 3 1 1 1 1 1 1 1 1 1 1 1 1 1 1 1 1 1 1 1 7 1 7 1 1 7 1 7 1 1 1 1 1 1 8 1 7 1 1 12 10 12 9 12 9 1 7 1 1 12 11 1 7 1 12 10 1 12 10 1 12 9 1 12 10 1 1 1 1 7 1 7 8 1 7 1 1 12 10 8 1 8 1 1 12 10 1 7 1 1 12 10 1 12 9 1 1 12 10 1 1 12 10 1 8 1 12 10 1 1 1 1 1 1 1 1 1 1 1 1 1 1
staticfield org/jetbrains/kotlin/types/AnnotationsTypeAttributeKt $$delegatedProperties [Lkotlin/reflect/KProperty; 1 [Lkotlin/reflect/KProperty;
staticfield org/jetbrains/kotlin/types/AnnotationsTypeAttributeKt annotationsAttribute$delegate Lkotlin/properties/ReadOnlyProperty; org/jetbrains/kotlin/util/NullableArrayMapAccessor
instanceKlass org/jetbrains/kotlin/types/AnnotationsTypeAttribute
ciInstanceKlass org/jetbrains/kotlin/types/TypeAttribute 1 1 54 1 100 1 1 7 1 100 1 1 1 3 3 3 1 1 3 1 1 1 1 1 1 1 1 1 1 1 1 1 1 1 1 1 1 1 1 1 12 10 1 1 1 1 1 1 1 1 1 1 1 1 1 1
ciInstanceKlass org/jetbrains/kotlin/types/AnnotationsTypeAttribute 1 1 101 1 7 1 1 7 1 1 1 3 3 3 1 1 3 1 1 1 1 1 1 1 1 1 1 1 1 1 1 1 1 1 1 1 1 1 1 1 1 1 8 1 7 1 1 12 10 1 12 10 12 9 1 1 1 1 1 12 10 1 7 1 1 12 10 12 10 1 1 1 7 1 1 12 10 1 1 1 1 100 12 10 1 12 10 12 10 12 10 1 12 10 1 1 1 1 1 1 1 1 1
instanceKlass org/jetbrains/kotlin/util/NullableArrayMapAccessor
ciInstanceKlass org/jetbrains/kotlin/util/AbstractArrayMapOwner$AbstractArrayMapAccessor 1 1 72 1 7 1 1 7 1 1 1 3 3 3 1 1 3 1 1 1 1 1 1 1 1 1 1 1 1 1 1 1 1 1 1 7 1 1 1 1 12 10 12 9 1 1 1 1 8 1 7 1 1 12 10 1 1 12 10 1 7 1 1 12 10 1 1 1 1 1 1 1 1 1
ciInstanceKlass org/jetbrains/kotlin/util/NullableArrayMapAccessor 1 1 72 1 7 1 1 7 1 100 1 1 1 3 3 3 1 1 3 1 1 1 1 1 1 1 1 1 1 1 1 1 1 1 1 1 1 1 1 7 1 1 12 10 1 1 1 1 1 8 1 7 1 1 12 10 8 1 1 12 10 1 12 10 1 1 1 1 1 1 1 1 1 1
ciInstanceKlass org/jetbrains/kotlin/descriptors/impl/ValueParameterDescriptorImpl$WithDestructuringDeclaration 1 1 145 1 7 1 7 1 1 1 3 3 3 1 1 3 1 1 1 1 1 1 1 1 1 1 1 1 1 1 1 1 1 1 1 1 1 1 1 1 1 1 1 1 1 1 1 1 1 1 1 1 1 1 100 1 1 1 1 8 1 7 1 1 12 10 8 8 8 8 8 1 12 10 1 7 1 1 12 10 12 9 1 1 1 1 1 1 7 1 1 12 11 1 7 1 8 8 1 1 12 10 1 8 1 12 10 1 1 12 10 1 8 1 12 10 12 10 12 10 1 12 10 1 100 1 12 9 8 1 12 10 1 100 12 10 1 100 1 1 1 1 1 1 1 1 1
ciInstanceKlass org/jetbrains/kotlin/load/java/descriptors/JavaMethodDescriptor 1 1 343 1 7 1 7 1 100 1 1 7 1 1 7 1 7 1 100 1 100 1 1 7 1 100 1 1 100 1 100 1 1 7 1 100 1 1 1 1 1 1 1 1 1 1 1 1 1 1 1 1 1 12 10 1 12 10 12 9 12 9 1 1 1 1 1 1 1 1 1 1 1 1 1 1 1 1 1 12 9 12 10 1 1 1 12 10 1 7 1 1 12 9 1 1 12 10 1 7 1 1 12 10 1 1 12 10 1 1 1 1 1 1 1 1 1 1 1 1 1 1 1 1 1 1 1 1 1 1 12 9 1 100 1 100 1 12 10 1 8 1 1 12 10 1 12 10 1 1 12 10 1 12 10 1 12 9 1 1 12 9 1 1 1 1 12 10 1 1 1 7 1 100 1 100 1 1 12 10 1 100 12 10 12 10 12 10 1 1 1 1 1 1 1 1 1 12 10 1 7 1 1 12 10 1 100 1 100 1 100 1 12 9 1 1 12 10 1 100 1 1 12 10 1 100 1 1 12 10 1 1 12 11 1 1 12 11 1 1 12 11 1 12 11 1 12 11 1 1 12 11 1 8 1 1 12 10 1 12 10 1 1 12 10 1 1 1 1 1 1 1 1 1 1 1 12 10 1 12 10 1 1 7 1 12 10 10 12 9 10 12 9 1 8 1 8 1 100 1 100 1 100 8 8 8 8 8 8 8 8 8 8 8 8 8 8 8 8 8 8 1 1 12 10 1 100 1 12 10 1 100 10 1 100 1 1 1 1 1 1 1 1 1 1
staticfield org/jetbrains/kotlin/load/java/descriptors/JavaMethodDescriptor ORIGINAL_VALUE_PARAMETER_FOR_EXTENSION_RECEIVER Lorg/jetbrains/kotlin/descriptors/CallableDescriptor$UserDataKey; org/jetbrains/kotlin/load/java/descriptors/JavaMethodDescriptor$1
staticfield org/jetbrains/kotlin/load/java/descriptors/JavaMethodDescriptor HAS_ERASED_VALUE_PARAMETERS Lorg/jetbrains/kotlin/descriptors/CallableDescriptor$UserDataKey; org/jetbrains/kotlin/load/java/descriptors/JavaMethodDescriptor$2
staticfield org/jetbrains/kotlin/load/java/descriptors/JavaMethodDescriptor $assertionsDisabled Z 1
ciInstanceKlass org/jetbrains/kotlin/types/FlexibleTypeImpl 1 1 265 1 7 1 7 1 100 1 1 1 3 3 3 1 1 3 1 1 1 1 1 1 1 1 1 1 1 1 1 1 1 1 1 1 1 1 1 1 1 1 1 1 1 1 1 1 1 1 1 1 1 1 1 1 1 1 1 1 7 1 1 1 1 1 1 8 1 7 1 1 12 10 8 12 10 1 1 12 9 12 9 1 12 10 1 7 1 100 1 1 12 10 1 100 1 12 9 1 100 12 10 1 8 1 1 12 10 1 12 10 1 12 10 1 100 1 12 10 1 12 10 1 8 1 1 12 10 1 8 1 8 1 100 1 1 12 9 1 1 12 11 1 8 1 8 1 1 1 1 1 12 10 1 7 1 1 12 10 1 7 1 1 12 11 1 7 1 8 1 1 12 10 1 100 1 12 10 1 7 1 1 12 10 1 100 10 1 7 1 1 12 10 1 1 8 1 12 10 1 8 8 1 100 1 12 11 1 12 10 1 100 1 1 12 10 1 8 1 100 1 1 12 10 1 1 12 10 1 1 1 8 1 100 1 100 1 1 12 10 1 8 1 12 10 10 1 12 10 1 1 1 12 10 12 9 1 1 1 1 1 1 1 1 1 1
staticfield org/jetbrains/kotlin/types/FlexibleTypeImpl Companion Lorg/jetbrains/kotlin/types/FlexibleTypeImpl$Companion; org/jetbrains/kotlin/types/FlexibleTypeImpl$Companion
ciInstanceKlass org/jetbrains/kotlin/util/OneElementArrayMap 1 1 93 1 7 1 1 7 1 1 1 3 3 3 1 1 3 1 1 1 1 1 1 1 1 1 1 1 1 1 1 1 1 1 1 1 1 1 1 1 1 1 7 1 1 1 1 1 8 1 7 1 1 12 10 1 12 10 12 9 12 9 1 1 1 1 100 1 12 10 1 1 1 100 1 1 12 10 1 1 1 12 10 1 7 1 1 1 1 1 1 1 1 1 1
ciInstanceKlass org/jetbrains/kotlin/types/StarProjectionImpl 1 1 118 1 7 1 7 1 1 1 3 3 3 1 1 3 1 1 1 1 1 1 1 1 1 1 1 1 1 1 1 1 1 1 1 1 1 1 1 1 1 1 1 7 1 1 8 1 7 1 1 12 10 1 12 10 12 9 1 7 1 1 12 9 1 12 10 1 7 1 7 1 1 12 10 12 9 1 1 1 1 7 1 12 9 1 7 1 1 12 11 1 7 12 10 1 1 8 1 100 1 8 1 100 1 8 1 12 10 1 1 1 1 1 1 1 1 1 1 1
ciInstanceKlass org/jetbrains/kotlin/load/java/descriptors/JavaClassConstructorDescriptor 1 1 301 1 7 1 7 1 100 1 1 7 1 100 1 1 100 1 100 1 1 100 1 100 1 1 1 1 1 1 1 1 1 1 1 1 12 10 1 12 10 12 9 12 9 1 1 1 1 1 1 1 1 1 1 1 1 1 1 1 12 9 12 10 1 12 9 1 100 1 100 1 12 10 1 8 1 1 12 10 1 12 10 1 1 12 10 1 12 10 1 7 1 12 10 1 1 1 1 12 10 1 8 1 1 1 1 12 9 1 100 1 8 1 8 1 8 1 12 10 1 8 1 100 1 100 1 100 1 7 1 1 12 10 12 10 12 10 12 10 12 10 1 1 1 1 1 1 12 9 1 1 1 1 1 1 12 10 1 1 12 10 1 1 12 10 1 1 12 10 12 10 1 12 9 1 12 10 1 100 1 1 12 10 1 100 1 100 1 100 1 100 1 1 12 10 1 7 1 1 12 10 1 12 10 1 12 10 1 7 1 1 12 10 1 1 12 10 1 1 12 10 1 1 12 10 1 1 12 10 1 12 10 1 1 12 10 1 1 1 1 1 1 1 1 1 1 1 1 1 1 1 12 10 1 1 7 1 12 10 1 8 1 8 1 100 1 100 1 100 8 8 8 8 8 8 8 8 8 8 8 8 8 8 1 1 12 10 1 100 10 1 100 1 1 1 1 1 1 1 1 1 1
staticfield org/jetbrains/kotlin/load/java/descriptors/JavaClassConstructorDescriptor $assertionsDisabled Z 1
ciInstanceKlass org/jetbrains/kotlin/descriptors/impl/ReceiverParameterDescriptorImpl 1 1 132 1 7 1 7 1 1 1 1 1 1 1 1 1 1 1 1 12 10 1 7 1 1 12 9 1 12 10 1 1 1 1 1 12 10 12 9 12 9 1 1 1 1 7 1 1 1 100 1 1 1 1 12 10 12 10 1 1 1 12 9 1 1 12 11 1 100 1 1 12 10 1 100 1 12 10 1 1 12 11 1 1 1 1 7 1 1 12 10 1 8 1 8 1 100 1 100 1 100 8 8 8 8 8 8 8 8 8 8 8 8 1 1 12 10 1 100 1 12 10 1 100 10 1 100 1 1 1 1 1 1 1
staticfield org/jetbrains/kotlin/descriptors/impl/ReceiverParameterDescriptorImpl $assertionsDisabled Z 1
instanceKlass org/jetbrains/kotlin/ir/declarations/lazy/IrLazyField
instanceKlass org/jetbrains/kotlin/ir/declarations/impl/IrFieldImpl
ciInstanceKlass org/jetbrains/kotlin/ir/declarations/IrField 1 1 127 1 7 1 7 1 100 1 100 1 100 1 100 1 1 1 3 3 3 1 1 3 1 1 1 1 1 1 1 1 1 1 1 1 1 1 1 1 1 1 1 1 1 1 1 1 1 1 1 1 1 1 1 1 1 1 1 1 1 1 1 1 1 1 1 1 1 1 1 1 1 1 1 1 1 1 1 1 1 1 1 12 10 1 1 1 1 1 8 1 7 1 1 12 10 1 7 1 1 12 11 1 1 12 10 1 7 12 10 1 8 1 1 12 10 12 10 1 1 1 1 1 1 1 1 1 1
ciInstanceKlass org/jetbrains/kotlin/ir/symbols/IrSymbol 1 0 56 1 100 1 100 1 100 1 1 1 3 3 3 1 1 3 1 1 1 1 1 1 1 1 1 1 1 1 1 1 1 1 1 1 1 1 1 1 1 1 1 1 1 1 1 1 1 100 1 1 1 1 1 1 1 1
ciInstanceKlass org/jetbrains/kotlin/ir/symbols/IrBindableSymbol 1 0 51 1 100 1 1 100 1 100 1 1 1 3 3 3 1 1 3 1 1 1 1 1 1 1 1 1 1 1 1 1 1 1 1 1 1 1 1 1 1 100 1 1 1 1 1 1 1 1 1 1 1
ciInstanceKlass org/jetbrains/kotlin/ir/util/IrUtilsKt 1 1 2925 1 7 1 100 1 1 1 3 3 3 1 3 1 3 1 1 1 1 1 1 1 1 1 1 1 1 1 1 1 1 1 1 1 1 1 1 1 1 1 1 1 1 1 1 1 1 1 1 1 1 1 1 1 1 1 1 1 1 1 1 1 1 1 1 1 1 1 1 1 1 1 1 1 1 1 1 1 1 1 1 1 1 1 1 1 1 1 1 1 1 1 1 1 1 1 1 1 1 1 1 1 1 1 1 1 1 1 1 1 1 1 1 1 1 1 1 1 1 1 1 1 1 1 1 1 1 1 1 1 1 1 1 1 1 1 1 1 1 1 1 1 1 1 1 1 1 1 1 1 1 1 1 1 1 1 1 1 1 1 1 1 1 1 1 1 1 1 1 1 1 1 1 1 1 1 1 1 1 1 1 1 1 1 1 1 1 1 1 1 1 1 1 1 1 1 1 1 1 1 1 1 1 1 1 1 1 1 1 1 1 1 1 1 1 1 1 1 1 1 1 1 1 1 1 1 1 1 1 1 1 1 1 1 1 1 1 1 1 1 1 1 1 1 1 1 1 1 1 1 1 1 1 1 1 1 1 1 1 1 1 1 1 1 1 1 1 1 1 1 1 1 1 1 1 1 1 1 1 1 1 1 1 1 1 1 1 1 1 1 1 1 1 1 1 1 1 1 1 1 1 1 1 1 1 1 1 1 1 1 1 1 1 1 1 1 1 1 1 1 1 1 1 1 1 1 1 1 1 1 1 1 1 1 1 1 1 1 1 1 1 1 1 1 1 1 1 1 1 1 1 1 1 1 1 1 1 1 1 1 1 1 1 1 1 100 1 100 1 1 100 1 100 1 1 100 1 7 1 1 7 1 1 7 1 1 100 1 1 7 1 1 100 1 1 100 1 1 7 1 1 100 1 100 1 1 100 1 1 100 1 1 100 1 100 1 1 7 1 1 100 1 7 1 1 7 1 100 1 7 1 100 1 1 100 1 100 1 100 1 100 1 100 1 100 1 1 100 1 1 100 1 100 1 1 1 1 1 1 8 1 7 1 1 12 10 1 7 1 1 12 10 1 7 1 100 1 1 12 10 1 100 1 1 12 11 1 8 1 12 10 1 100 1 1 12 10 1 7 1 1 12 11 1 12 10 1 100 1 12 10 1 1 12 11 1 7 1 12 10 1 12 11 1 1 12 11 1 8 1 12 10 1 7 1 1 12 11 1 7 1 1 12 11 1 1 12 11 1 100 1 1 12 11 1 12 10 1 1 1 1 1 1 1 1 1 1 1 1 1 1 1 1 1 1 1 100 10 1 7 1 1 12 11 10 1 7 1 12 10 1 7 1 12 10 10 12 10 10 1 12 10 1 8 10 1 1 1 1 1 1 100 10 1 100 1 1 12 10 1 7 1 1 12 9 1 7 10 1 8 1 1 12 10 1 7 1 100 1 1 12 10 1 12 10 1 1 12 10 1 100 12 10 1 1 12 10 1 100 11 1 100 10 1 12 10 1 12 10 1 1 1 8 1 7 1 12 10 1 1 1 1 1 1 1 1 1 1 12 10 1 7 1 12 10 1 1 1 1 1 1 1 1 1 1 1 8 1 7 1 1 12 11 1 1 12 10 1 100 1 12 10 1 1 12 10 1 1 1 1 1 1 1 7 1 1 12 10 1 1 12 9 1 1 12 10 1 1 12 9 1 12 10 1 100 1 1 12 10 1 1 1 1 12 9 1 100 1 12 10 1 1 8 8 1 1 12 10 1 12 10 1 8 8 1 100 1 12 10 1 100 1 1 12 10 1 100 1 12 10 1 12 10 1 100 1 1 12 9 1 12 10 1 1 8 1 100 1 1 12 10 1 7 1 12 9 1 1 1 12 11 10 1 7 1 1 12 10 1 1 12 10 1 1 1 1 1 1 1 12 10 1 7 10 1 8 1 1 12 10 1 12 10 1 12 10 1 7 1 1 12 10 1 1 100 1 12 10 1 12 10 12 10 1 12 10 1 1 12 10 1 7 1 12 9 1 100 1 1 12 10 1 12 9 1 1 1 1 1 7 1 12 10 1 1 12 10 1 7 1 12 9 1 7 1 7 1 12 10 1 8 1 1 1 1 1 12 10 1 100 12 10 1 12 10 1 7 1 1 12 10 1 7 1 12 11 1 1 1 1 1 12 10 1 12 9 1 12 10 1 1 7 1 12 9 1 12 10 1 100 11 1 7 10 1 1 1 1 1 1 1 1 12 9 1 1 100 1 12 9 1 1 12 10 1 12 9 1 7 12 10 1 1 1 1 1 1 10 1 100 1 12 10 1 8 1 1 1 1 1 1 7 11 1 7 1 12 9 1 1 1 8 1 7 1 1 12 10 1 12 10 1 1 12 10 1 1 12 11 1 12 10 1 1 1 12 10 1 12 11 1 1 12 10 1 12 10 12 10 1 1 1 1 1 7 12 10 1 100 1 7 1 12 10 1 1 12 10 1 100 1 8 1 8 1 1 12 10 1 8 1 7 1 1 8 1 100 10 1 100 1 1 12 10 1 1 1 1 1 12 10 1 100 1 100 1 1 12 10 12 10 12 10 1 1 1 1 12 10 1 7 1 1 12 9 1 1 12 9 1 1 12 9 1 1 12 9 1 1 12 9 1 1 12 9 1 12 10 10 1 7 1 12 9 1 12 10 1 12 10 1 1 7 1 1 12 11 12 10 11 1 7 1 1 12 10 1 7 1 7 1 1 12 10 1 11 1 8 1 100 1 12 10 1 1 1 12 10 1 1 8 1 8 1 7 1 12 10 1 7 11 1 1 1 7 1 12 11 12 10 1 1 1 1 1 12 10 1 1 1 8 1 12 10 1 1 1 12 9 12 10 1 12 9 1 12 10 1 12 10 1 100 1 12 10 1 100 11 1 100 10 1 8 1 100 1 12 10 1 1 1 1 1 10 1 1 10 1 8 1 10 10 1 12 10 12 10 1 1 1 1 100 1 12 10 12 10 1 1 1 1 1 100 1 12 11 1 12 10 1 12 10 1 1 8 8 1 1 12 10 12 11 1 12 10 1 1 1 1 1 16 1 1 12 10 15 16 1 100 1 1 12 10 15 1 1 12 18 1 12 9 1 1 12 10 1 8 1 1 8 1 7 1 7 1 1 12 11 1 7 1 1 12 10 1 7 1 100 1 7 1 1 12 10 1 7 1 1 12 10 1 100 1 8 10 1 1 8 1 7 1 1 12 10 1 7 1 1 12 10 1 8 1 1 8 8 1 100 10 10 10 1 12 10 1 12 10 1 12 10 1 12 10 1 12 10 1 1 1 1 1 1 1 12 10 1 8 10 1 12 10 1 1 12 10 1 100 10 1 12 10 1 1 1 1 1 1 1 8 1 100 1 1 12 10 1 12 10 1 1 1 1 8 10 1 1 1 1 1 1 1 100 1 12 10 1 8 1 100 1 8 10 1 12 10 1 1 1 1 12 10 10 1 1 12 10 1 1 1 12 10 10 1 12 10 12 10 1 12 10 11 1 7 1 1 12 10 1 100 10 1 12 10 1 8 10 1 100 1 1 12 10 11 1 7 1 12 11 1 7 1 1 12 10 1 12 10 1 1 12 11 1 1 12 10 1 100 10 10 1 1 12 10 1 12 10 1 1 1 1 1 1 1 1 1 1 1 1 1 1 12 10 1 1 11 1 12 9 1 12 9 1 12 9 1 1 12 9 12 10 1 1 100 1 12 10 1 1 12 9 1 12 9 1 1 100 1 1 12 11 1 10 1 1 100 1 100 1 1 100 1 12 10 1 100 1 12 11 1 100 11 1 12 9 1 1 12 10 1 8 1 1 12 10 1 100 1 12 10 1 100 10 1 12 10 1 100 10 10 1 12 10 1 12 10 1 1 10 10 10 1 12 10 1 1 100 1 100 12 10 1 12 10 12 10 1 100 10 10 1 12 10 1 7 10 10 10 10 10 10 10 10 12 10 1 1 1 10 1 1 8 1 100 1 100 10 1 100 1 100 1 12 10 1 7 1 1 12 11 10 1 8 1 1 1 8 10 1 7 10 10 1 12 10 10 1 12 10 1 7 1 1 12 10 1 1 12 10 1 1 12 10 1 1 12 10 12 10 1 1 12 10 1 7 1 1 12 10 11 1 1 12 10 11 1 1 12 10 1 1 12 10 1 1 12 10 1 100 10 1 12 10 1 100 10 10 1 12 10 10 1 100 1 12 9 1 100 1 12 10 1 12 10 1 1 12 10 1 1 12 10 1 1 1 1 1 1 1 1 1 1 1 1 1 1 1 1 1 1 1 1 1 1 1 1 1 1 1 1 1 1 1 12 10 12 10 1 12 10 1 10 1 100 1 12 9 10 10 12 10 1 1 1 10 1 1 7 1 1 1 8 8 1 7 1 12 10 10 10 1 7 1 1 12 10 1 12 11 1 7 1 12 10 1 1 12 11 10 1 1 12 10 1 7 1 12 10 1 1 1 1 1 1 1 1 10 10 10 10 1 8 12 10 1 12 10 1 12 10 12 10 12 10 12 10 12 10 1 8 1 7 10 1 1 12 10 10 1 1 12 10 10 1 12 10 11 1 1 12 10 1 1 1 1 1 1 1 1 1 10 10 12 10 1 1 8 8 1 1 12 10 1 12 10 1 1 12 10 1 12 10 1 1 1 1 12 10 1 1 12 10 1 7 1 1 12 10 10 1 1 1 1 1 1 1 1 1 8 1 1 12 10 12 10 1 1 12 10 12 10 1 1 8 11 1 1 12 10 1 12 11 1 1 12 10 1 12 10 1 12 10 1 12 10 1 1 1 1 1 1 1 1 1 1 1 1 12 10 1 1 8 1 12 10 1 10 10 1 12 10 1 1 1 1 1 1 1 1 1 100 1 12 10 1 100 1 100 1 1 12 10 1 100 1 100 1 12 10 1 100 1 100 1 12 10 1 100 1 1 12 11 1 100 1 8 10 1 1 1 1 1 1 1 1 1 1 1 1 1 1 1 1 1 8 1 1 1 1 1 1 1 1 1 1 1 11 12 10 1 12 11 1 1 8 8 1 12 10 1 1 12 10 1 1 1 1 1 12 10 1 8 1 12 10 1 8 1 1 12 10 1 8 1 1 12 10 1 12 10 1 8 1 8 1 1 1 1 1 1 1 1 1 12 10 1 1 1 12 10 1 1 1 1 1 12 10 1 1 1 12 10 11 1 100 1 7 1 1 12 10 10 1 12 10 1 100 1 7 11 1 1 12 11 1 7 1 1 12 10 1 100 1 100 10 1 1 1 1 1 1 8 12 10 1 1 8 1 7 1 12 9 1 1 12 10 1 1 1 1 12 10 1 1 12 10 1 12 10 1 1 8 1 7 10 1 1 12 10 1 12 10 1 8 10 1 1 12 10 12 10 10 1 1 1 1 1 1 1 1 1 1 1 1 1 8 1 100 1 100 1 12 10 10 1 100 1 12 9 1 12 9 1 12 9 1 1 12 10 1 12 10 1 1 1 1 12 10 1 12 10 1 1 1 1 1 1 1 1 1 10 10 10 1 12 9 1 1 1 1 1 12 10 12 10 1 1 12 10 10 12 10 1 1 1 1 1 8 8 1 7 1 7 10 1 7 1 12 10 1 1 12 10 1 100 12 10 1 1 1 1 12 10 1 1 8 8 8 8 8 8 1 12 10 1 12 10 1 12 10 1 100 1 12 10 12 10 1 12 10 1 100 1 100 1 12 10 1 1 12 10 1 1 12 11 10 1 12 10 10 1 1 12 10 10 10 1 12 10 10 1 12 9 1 12 9 1 12 10 1 12 10 1 12 10 1 12 9 12 10 10 1 12 10 10 1 12 11 1 1 12 10 1 1 12 10 1 100 1 1 12 10 1 1 1 1 1 1 1 1 1 1 1 1 1 1 10 10 12 10 12 10 1 8 8 1 100 1 100 1 1 12 10 1 1 1 100 10 1 1 1 1 12 10 1 8 1 12 9 1 1 12 10 1 100 1 12 10 1 12 10 1 12 11 1 100 1 8 10 11 10 1 1 1 1 1 1 1 1 1 1 1 1 1 1 1 1 1 1 1 1 1 11 11 1 8 12 10 1 1 12 10 1 1 1 1 1 1 12 10 1 1 8 1 1 1 1 8 8 1 1 12 10 1 12 10 1 1 12 10 1 1 1 100 1 1 1 1 1 1 12 10 1 12 10 1 12 10 1 1 1 8 1 1 1 100 1 12 10 1 1 1 1 8 8 1 100 1 12 10 1 8 1 1 1 1 1 12 9 1 1 12 10 1 1 12 10 1 12 10 1 1 12 10 1 100 1 1 12 9 1 12 10 1 1 12 10 1 100 1 1 12 10 1 1 12 10 1 1 12 10 1 1 12 10 1 1 12 10 1 1 12 10 1 1 12 10 1 1 12 10 1 1 12 10 1 1 12 10 1 1 12 10 1 1 12 10 1 1 12 10 1 1 12 10 1 100 1 12 9 10 1 12 10 1 1 12 10 1 1 8 12 10 1 100 1 8 10 1 1 1 12 10 1 1 1 1 1 1 1 1 1 1 1 1 1 1 1 1 1 1 1 1 1 1 1
instanceKlass org/jetbrains/kotlin/ir/symbols/impl/IrBindableSymbolBase
ciInstanceKlass org/jetbrains/kotlin/ir/symbols/impl/IrSymbolBase 1 1 124 1 7 1 1 7 1 100 1 1 1 3 3 3 1 1 3 1 1 1 1 1 1 1 1 1 1 1 1 1 1 1 1 1 1 1 1 1 1 1 1 1 12 10 12 9 1 1 1 1 1 12 10 1 8 1 7 1 1 12 10 1 7 1 7 1 1 12 10 1 8 1 100 1 1 1 12 10 1 100 1 100 1 1 12 10 1 100 10 1 8 1 1 12 10 1 1 12 10 1 100 1 12 10 1 8 1 12 10 12 10 10 1 100 1 1 1 1 1 1 1 1 1 1
instanceKlass org/jetbrains/kotlin/ir/symbols/impl/IrTypeAliasSymbolImpl
instanceKlass org/jetbrains/kotlin/ir/symbols/impl/IrAnonymousInitializerSymbolImpl
instanceKlass org/jetbrains/kotlin/ir/symbols/impl/IrEnumEntrySymbolImpl
instanceKlass org/jetbrains/kotlin/ir/symbols/impl/IrLocalDelegatedPropertySymbolImpl
instanceKlass org/jetbrains/kotlin/ir/symbols/impl/IrVariableSymbolImpl
instanceKlass org/jetbrains/kotlin/ir/symbols/impl/IrFieldSymbolImpl
instanceKlass org/jetbrains/kotlin/ir/symbols/impl/IrPropertySymbolImpl
instanceKlass org/jetbrains/kotlin/ir/symbols/impl/IrFileSymbolImpl
instanceKlass org/jetbrains/kotlin/ir/symbols/impl/IrTypeParameterSymbolImpl
instanceKlass org/jetbrains/kotlin/ir/symbols/impl/IrSimpleFunctionSymbolImpl
instanceKlass org/jetbrains/kotlin/ir/symbols/impl/IrExternalPackageFragmentSymbolImpl
instanceKlass org/jetbrains/kotlin/ir/symbols/impl/IrConstructorSymbolImpl
instanceKlass org/jetbrains/kotlin/ir/symbols/impl/IrValueParameterSymbolImpl
instanceKlass org/jetbrains/kotlin/ir/symbols/impl/IrClassSymbolImpl
ciInstanceKlass org/jetbrains/kotlin/ir/symbols/impl/IrBindableSymbolBase 1 1 179 1 7 1 1 7 1 100 1 1 1 3 3 3 1 1 3 1 1 1 1 1 1 1 1 1 1 1 1 1 1 1 1 1 1 1 1 1 1 1 1 1 1 1 1 1 1 1 1 1 1 1 12 10 1 12 10 1 7 1 7 1 1 12 9 1 100 1 12 10 1 8 1 1 12 10 1 12 10 1 8 1 7 1 1 12 10 1 1 12 11 1 1 12 10 1 100 12 10 1 12 11 1 8 1 8 1 1 1 1 1 1 7 1 12 11 1 1 12 10 1 1 12 9 1 100 1 100 1 1 12 10 1 100 1 12 10 1 8 12 10 10 1 12 10 1 100 1 8 1 1 12 10 1 8 1 8 1 100 1 100 1 1 12 10 1 100 12 9 1 1 1 1 1 1 1 1 1 1
instanceKlass org/jetbrains/kotlin/ir/declarations/lazy/IrLazyClass
instanceKlass org/jetbrains/kotlin/ir/declarations/impl/IrClassImpl
ciInstanceKlass org/jetbrains/kotlin/ir/declarations/IrClass 1 1 221 1 7 1 7 1 100 1 100 1 100 1 100 1 100 1 100 1 1 1 3 3 3 1 1 3 1 1 1 1 1 1 1 1 1 1 1 1 1 1 1 1 1 1 1 1 1 1 1 1 1 1 1 1 1 1 1 1 1 1 1 1 1 1 1 1 1 1 1 1 1 1 1 1 1 1 1 1 1 1 1 1 1 1 1 1 1 1 1 1 1 1 1 1 1 1 1 1 1 1 1 1 1 1 1 1 1 1 1 1 1 1 1 1 1 1 1 1 12 10 1 1 1 1 1 1 1 1 1 1 1 8 1 7 1 1 12 10 1 7 1 1 12 11 1 1 1 12 10 1 7 1 1 12 11 1 7 1 12 11 1 1 12 11 1 100 12 10 1 12 10 1 7 11 12 10 1 7 10 1 1 1 1 1 1 1 1 1 1 1 8 1 7 1 1 12 10 1 12 10 1 1 12 10 1 1 12 10 12 10 1 1 1 1 1 1 1 1 1 1 1
instanceKlass org/jetbrains/kotlin/backend/jvm/JvmFileFacadeClass
ciInstanceKlass org/jetbrains/kotlin/ir/declarations/impl/IrClassImpl 1 1 316 1 7 1 7 1 1 1 3 3 3 1 1 3 1 1 1 1 1 1 1 1 1 1 1 1 1 1 1 1 1 1 1 1 1 1 1 1 1 1 1 1 1 1 1 1 1 1 1 1 1 1 1 1 1 1 1 1 1 1 1 1 1 1 1 1 1 1 1 1 1 1 1 1 1 1 1 1 1 1 1 1 1 1 1 1 1 1 1 1 1 1 1 1 1 1 1 1 1 1 1 1 1 1 1 1 1 1 1 1 1 1 1 1 1 1 1 1 1 1 1 1 1 1 1 1 1 1 1 1 1 1 1 1 1 1 1 1 1 1 1 1 1 1 1 1 1 1 1 1 1 1 1 1 1 1 1 8 1 7 1 1 12 10 8 8 8 8 8 8 8 12 10 12 9 12 9 12 9 12 9 12 9 12 9 12 9 12 9 12 9 12 9 12 9 12 9 12 9 12 9 12 9 12 9 12 9 1 7 1 7 1 1 12 11 1 7 1 12 10 12 9 1 7 10 1 7 12 9 12 9 12 9 1 7 12 9 12 9 1 1 3 1 100 1 12 9 8 1 12 10 3 1 7 1 1 12 9 1 7 12 10 1 8 12 9 1 100 8 1 1 12 10 1 1 1 12 11 1 7 1 12 9 1 1 1 1 1 1 12 9 1 12 9 12 9 1 1 1 1 7 1 12 10 1 7 1 1 1 1 1 1 1 1 1 1
ciInstanceKlass org/jetbrains/kotlin/ir/symbols/IrValueSymbol 1 0 42 1 100 1 100 1 100 1 1 1 3 3 3 1 1 3 1 1 1 1 1 1 1 1 1 1 1 1 1 1 1 1 1 1 1 100 1 1 1 1 1 1
ciInstanceKlass org/jetbrains/kotlin/ir/symbols/IrValueParameterSymbol 1 0 34 1 100 1 1 100 1 100 1 100 1 100 1 1 1 3 3 3 1 1 3 1 1 1 1 1 1 1 1 1 1 1 1 1
ciInstanceKlass org/jetbrains/kotlin/ir/symbols/impl/IrValueParameterSymbolImpl 1 1 64 1 7 1 1 7 1 100 1 1 1 3 3 3 1 1 3 1 1 1 1 1 1 1 1 1 1 1 1 1 1 7 1 12 10 1 1 12 10 1 12 10 1 1 1 12 10 1 7 1 1 1 12 10 1 7 1 1 1 1 1 1 1 1
ciInstanceKlass org/jetbrains/kotlin/ir/declarations/IrValueDeclaration 1 0 53 1 100 1 100 1 100 1 100 1 1 1 3 3 3 1 1 3 1 1 1 1 1 1 1 1 1 1 1 1 1 1 1 1 1 1 1 1 1 1 1 1 1 1 1 100 1 1 1 1 1 1 1
instanceKlass org/jetbrains/kotlin/ir/declarations/lazy/IrLazyValueParameter
instanceKlass org/jetbrains/kotlin/ir/declarations/impl/IrValueParameterImpl
ciInstanceKlass org/jetbrains/kotlin/ir/declarations/IrValueParameter 1 1 132 1 7 1 7 1 100 1 1 1 3 3 3 1 1 3 1 1 1 1 1 1 1 1 1 1 1 1 1 1 1 1 1 1 1 1 1 1 1 1 1 1 1 1 1 1 1 1 1 1 1 1 1 1 1 1 1 1 1 1 1 1 1 1 1 1 1 1 1 1 1 1 1 1 1 12 10 1 1 1 1 1 8 1 7 1 1 12 10 1 7 1 1 12 11 1 1 8 12 10 1 8 1 12 10 1 12 10 1 7 10 1 1 12 10 12 10 1 12 10 1 7 1 1 1 1 1 1 1 1 1 1
ciInstanceKlass org/jetbrains/kotlin/ir/declarations/impl/IrValueParameterImpl 1 1 212 1 7 1 7 1 1 1 3 3 3 1 1 3 1 1 1 1 1 1 1 1 1 1 1 1 1 1 1 1 1 1 1 1 1 1 1 1 1 1 1 1 1 1 1 1 1 1 1 1 1 1 1 1 1 1 1 1 1 1 1 1 1 1 1 1 1 1 1 1 1 1 1 1 1 1 1 1 1 1 1 1 1 1 1 1 1 1 1 1 1 1 1 1 1 1 1 1 1 1 8 1 7 1 1 12 10 8 8 8 8 12 10 12 9 12 9 12 9 12 9 12 9 12 9 12 9 12 9 12 9 12 9 12 9 12 9 12 9 12 10 1 7 1 7 1 1 12 11 1 7 1 12 10 12 9 1 1 1 100 1 1 12 9 1 100 12 10 1 8 1 12 11 1 7 1 12 9 1 100 8 1 1 12 10 1 1 12 9 1 1 7 1 1 7 1 12 10 1 7 1 100 1 1 1 1 1 1 1 1 1 1
ciInstanceKlass org/jetbrains/kotlin/ir/declarations/impl/IrConstructorImpl 1 1 278 1 7 1 7 1 1 1 3 3 3 1 1 3 1 1 1 1 1 1 1 1 1 1 1 1 1 1 1 1 1 1 1 1 1 1 1 1 1 1 1 1 1 1 1 1 1 1 1 1 1 1 1 1 1 1 1 1 1 1 1 1 1 1 1 1 1 1 1 1 1 1 1 1 1 1 1 1 1 1 1 1 1 1 1 1 1 1 1 1 1 1 1 1 1 1 1 1 1 1 1 1 1 1 1 1 1 1 1 1 1 1 1 1 1 1 1 1 1 1 1 1 1 1 1 1 1 1 1 1 1 1 1 1 8 1 7 1 1 12 10 8 8 8 8 8 12 10 12 9 12 9 12 9 12 9 12 9 12 9 12 9 12 9 12 9 12 9 12 9 12 9 12 10 1 7 1 7 1 1 12 11 1 7 1 12 10 12 9 12 9 12 9 12 9 1 1 1 100 1 1 12 9 1 100 12 10 1 8 12 9 1 100 8 1 1 12 10 1 1 1 7 1 12 9 1 100 1 100 1 12 10 1 1 12 9 12 9 12 9 1 1 12 9 12 9 1 12 11 1 7 1 1 1 7 1 1 7 1 1 100 12 10 1 7 1 1 7 1 1 1 1 1 1 1 1 1 1
ciInstanceKlass org/jetbrains/kotlin/ir/descriptors/IrBuiltinsPackageFragmentDescriptorImpl 1 1 161 1 7 1 7 1 100 1 1 1 3 3 3 1 1 3 1 1 1 1 1 1 1 1 1 1 1 1 1 1 1 1 1 1 1 1 1 1 1 1 1 1 1 1 1 1 1 1 1 1 1 1 1 1 1 1 1 1 1 7 1 7 1 1 100 1 100 1 1 1 8 1 7 1 1 12 10 8 1 12 10 12 9 12 9 12 10 1 7 1 12 10 1 8 1 12 10 12 9 1 12 9 1 12 10 12 9 1 1 1 1 12 9 1 1 7 1 1 100 1 12 9 8 1 8 1 100 1 1 12 11 1 1 1 1 1 1 1 12 10 1 12 10 10 1 12 10 1 7 12 10 1 1 1 1 1 1 1 1 1 1
instanceKlass org/jetbrains/kotlin/ir/descriptors/IrBasedPropertyDescriptor
instanceKlass org/jetbrains/kotlin/ir/descriptors/IrBasedFieldDescriptor
instanceKlass org/jetbrains/kotlin/ir/descriptors/IrBasedTypeParameterDescriptor
instanceKlass org/jetbrains/kotlin/ir/descriptors/IrBasedCallableDescriptor
instanceKlass org/jetbrains/kotlin/ir/descriptors/IrBasedClassDescriptor
ciInstanceKlass org/jetbrains/kotlin/ir/descriptors/IrBasedDeclarationDescriptor 1 1 708 1 7 1 1 7 1 100 1 1 1 3 3 3 1 1 3 1 1 1 1 1 1 1 1 1 1 1 1 1 1 1 1 1 1 1 1 1 1 1 1 1 1 1 1 1 1 1 1 1 1 1 1 1 7 1 100 1 100 1 100 1 1 100 1 1 100 1 1 100 1 1 100 1 1 100 1 1 100 1 1 100 1 1 100 1 1 100 1 1 1 1 1 8 1 7 1 1 12 10 1 12 10 12 9 1 12 10 1 7 1 7 1 1 12 10 12 9 1 1 1 7 1 1 12 11 1 7 1 1 100 1 1 12 10 1 100 1 12 11 1 100 1 100 1 1 12 10 1 100 1 12 10 1 100 1 1 12 11 1 100 1 1 12 9 1 1 12 10 1 1 12 10 1 100 1 1 12 10 1 100 1 1 12 10 1 100 1 1 12 10 1 1 12 10 1 12 10 1 100 1 1 12 10 1 100 1 1 12 9 1 100 10 1 8 1 1 12 10 1 100 1 100 1 1 12 10 1 12 10 1 100 1 12 10 1 1 12 10 1 100 12 10 1 100 1 1 12 10 1 100 1 100 1 100 1 1 12 11 1 12 10 1 1 12 11 1 100 1 100 1 1 12 11 1 12 11 1 100 1 1 12 10 1 12 10 1 1 12 10 1 100 1 1 12 10 1 1 12 11 1 100 1 100 1 1 12 10 10 1 100 1 12 10 1 100 1 1 12 10 1 1 12 10 1 100 1 1 12 10 1 100 10 1 100 1 12 10 1 12 10 1 12 10 1 1 12 11 1 1 1 1 1 1 1 1 1 1 1 1 1 1 1 1 1 1 1 1 1 1 1 1 1 1 1 1 1 1 1 1 1 100 1 1 12 10 1 12 9 1 100 10 1 100 1 12 9 1 100 10 1 8 12 10 1 100 1 12 10 1 12 10 1 12 9 1 100 1 8 1 100 1 1 12 10 1 12 10 1 12 9 1 100 1 8 1 100 1 1 12 10 1 12 10 1 12 9 1 100 1 8 1 100 1 1 12 10 1 12 10 1 12 9 1 100 1 8 1 100 1 12 10 10 1 12 9 1 100 1 8 1 100 1 1 12 10 1 12 10 1 12 9 1 100 1 8 1 100 1 12 10 1 12 9 1 100 1 8 1 100 1 1 12 10 1 12 10 1 12 9 1 100 1 8 1 100 1 1 12 10 1 12 10 1 100 10 1 100 1 12 10 1 100 1 100 1 100 1 12 10 1 8 10 10 1 100 1 12 9 1 100 1 12 10 1 100 1 100 1 12 10 1 100 1 12 11 1 7 1 1 12 10 1 100 1 100 1 1 12 10 1 100 10 1 12 10 1 100 1 100 1 12 10 1 1 12 10 1 100 11 1 8 1 12 10 1 100 12 10 1 12 10 1 8 1 1 1 1 1 1 8 1 100 1 1 12 10 1 100 1 1 12 11 1 12 10 1 1 1 1 12 10 1 12 10 1 1 12 10 1 100 1 12 10 1 8 1 100 1 12 10 1 1 1 1 1 1 1 1 1 1 1 1 1 1 1 1 100 1 8 1 1 12 10 1 1 1 8 1 1 1 8 1 1 1 8 1 1
ciInstanceKlass org/jetbrains/kotlin/ir/descriptors/IrBasedClassDescriptor 1 1 497 1 7 1 1 7 1 7 1 1 1 3 3 3 1 1 3 1 1 1 1 1 1 1 1 1 1 1 1 1 1 1 1 1 1 1 1 1 1 1 1 1 1 1 1 1 1 1 1 1 1 1 1 1 1 1 1 1 1 1 1 1 1 1 1 1 1 1 1 1 1 1 1 1 1 1 1 1 1 1 1 1 1 1 1 1 1 1 1 1 1 1 1 1 1 1 1 1 1 1 1 1 1 7 1 7 1 100 1 100 1 100 1 100 1 1 1 8 1 7 1 1 12 10 1 7 1 12 10 1 12 10 1 7 1 7 1 1 12 10 12 9 1 12 10 12 9 1 1 1 1 12 10 1 7 12 10 1 1 8 1 12 9 1 1 8 1 1 12 10 1 1 1 12 10 1 7 1 1 12 11 1 100 1 12 10 1 7 1 100 1 12 10 1 1 12 11 1 7 1 12 11 1 1 12 11 1 100 1 1 12 10 1 100 1 12 11 1 100 1 1 12 11 1 7 1 7 1 1 12 11 1 12 10 1 100 1 1 12 10 1 7 1 1 12 10 1 1 1 1 1 1 1 1 1 1 1 1 1 1 1 1 1 1 1 1 100 1 12 11 1 100 12 10 1 12 10 1 12 10 1 1 1 12 10 1 12 10 1 1 1 1 1 12 10 12 10 1 100 1 1 12 10 12 10 12 10 1 1 1 12 10 1 12 10 1 100 1 100 1 8 1 12 10 1 100 1 1 8 1 100 1 100 10 1 8 1 1 12 10 1 1 12 10 1 12 10 1 10 1 12 10 1 100 1 1 1 1 1 1 1 1 1 1 1 1 12 10 1 100 1 12 10 1 1 1 1 1 8 1 1 12 10 10 1 100 1 100 1 1 12 10 12 10 1 8 1 100 1 8 10 1 100 1 1 100 1 1 12 10 1 12 9 1 100 1 1 12 10 1 1 12 10 12 10 12 10 12 10 1 1 12 10 1 100 1 1 12 11 1 1 1 12 10 1 1 12 10 1 12 10 12 10 12 10 12 10 1 12 10 1 12 10 1 100 12 10 1 1 100 1 1 100 1 1 7 1 12 10 1 100 1 1 12 10 1 1 1 1 1 1 1 1 1 1 1 1
ciInstanceKlass org/jetbrains/kotlin/ir/descriptors/IrSimpleBuiltinOperatorDescriptorImpl 1 1 159 1 7 1 7 1 100 1 1 1 3 3 3 1 1 3 1 1 1 1 1 1 1 1 1 1 1 1 1 1 1 1 1 1 1 1 1 1 1 1 1 1 1 1 1 1 1 1 8 1 7 1 1 12 10 8 8 1 12 10 12 9 1 7 1 12 10 1 7 12 9 1 1 8 1 1 12 11 1 1 1 1 1 1 12 10 1 1 12 10 1 7 1 7 1 1 12 10 1 12 10 1 7 1 1 12 11 1 7 1 7 1 1 12 11 1 1 12 11 1 7 1 12 11 11 1 1 12 10 1 1 1 1 1 1 1 1 1 1 1 1 1 1 12 10 1 7 10 1 1 1 1 1 1 1 1 1 1 1
ciInstanceKlass org/jetbrains/kotlin/ir/descriptors/IrBuiltinValueParameterDescriptorImpl 1 1 214 1 7 1 7 1 100 1 1 1 3 3 3 1 1 3 1 1 1 1 1 1 1 1 1 1 1 1 1 1 1 1 1 1 1 1 1 1 1 1 1 1 1 1 1 1 1 1 1 1 1 1 1 1 1 1 1 1 1 1 1 1 1 1 1 1 1 1 1 7 1 7 1 1 100 1 1 1 1 8 1 7 1 1 12 10 8 8 1 7 1 12 9 1 1 12 10 1 7 1 1 12 9 1 12 10 12 9 12 9 1 1 1 1 100 1 1 1 100 1 1 12 10 1 100 1 1 1 1 1 1 100 1 12 9 8 1 12 10 1 8 8 1 100 12 10 1 8 1 8 1 100 1 1 12 11 1 1 1 1 12 10 1 1 12 10 12 10 1 12 10 1 100 12 10 1 100 10 1 1 12 10 1 12 10 1 12 10 1 100 1 1 100 1 100 1 1 100 1 12 10 1 1 100 1 1 1 1 1 1 1 1 1 1
ciInstanceKlass org/jetbrains/kotlin/ir/declarations/impl/IrFunctionImpl 1 1 344 1 7 1 7 1 1 1 3 3 3 1 1 3 1 1 1 1 1 1 1 1 1 1 1 1 1 1 1 1 1 1 1 1 1 1 1 1 1 1 1 1 1 1 1 1 1 1 1 1 1 1 1 1 1 1 1 1 1 1 1 1 1 1 1 1 1 1 1 1 1 1 1 1 1 1 1 1 1 1 1 1 1 1 1 1 1 1 1 1 1 1 1 1 1 1 1 1 1 1 1 1 1 1 1 1 1 1 1 1 1 1 1 1 1 1 1 1 1 1 1 1 1 1 1 1 1 1 1 1 1 1 1 1 1 1 1 1 1 1 1 1 1 1 1 1 1 1 1 1 1 1 1 1 1 1 1 1 100 1 100 1 1 1 1 1 1 1 1 1 1 1 8 1 7 1 1 12 10 8 8 8 8 8 8 12 10 12 9 12 9 12 9 12 9 12 9 12 9 12 9 12 9 12 9 12 9 12 9 12 9 12 9 12 9 12 9 12 9 12 9 12 10 1 7 1 7 1 1 12 11 1 7 1 12 10 12 9 12 9 12 9 12 9 12 9 1 7 12 9 1 1 3 1 1 12 9 1 1 12 10 3 3 1 100 1 12 9 1 100 12 10 1 8 12 11 1 12 9 1 100 8 1 1 12 10 1 1 1 7 1 12 9 1 100 1 100 1 12 10 1 1 12 9 12 9 1 1 12 9 12 9 12 9 1 1 12 9 12 9 1 1 7 1 1 7 1 1 100 1 10 1 7 1 1 1 1 1 1 1 1 1 1 1
ciInstanceKlass org/jetbrains/kotlin/ir/expressions/IrVarargElement 1 0 24 1 100 1 100 1 100 1 1 1 3 3 3 1 1 3 1 1 1 1 1 1 1 1
instanceKlass org/jetbrains/kotlin/ir/expressions/IrErrorExpression
instanceKlass org/jetbrains/kotlin/ir/expressions/IrBreakContinue
instanceKlass org/jetbrains/kotlin/ir/expressions/IrTry
instanceKlass org/jetbrains/kotlin/ir/expressions/IrLoop
instanceKlass org/jetbrains/kotlin/ir/expressions/IrStringConcatenation
instanceKlass org/jetbrains/kotlin/ir/expressions/IrVararg
instanceKlass org/jetbrains/kotlin/ir/expressions/IrFunctionExpression
instanceKlass org/jetbrains/kotlin/ir/expressions/IrThrow
instanceKlass org/jetbrains/kotlin/ir/expressions/IrWhen
instanceKlass org/jetbrains/kotlin/ir/expressions/IrTypeOperatorCall
instanceKlass org/jetbrains/kotlin/ir/expressions/IrConst
instanceKlass org/jetbrains/kotlin/ir/expressions/IrContainerExpression
instanceKlass org/jetbrains/kotlin/ir/expressions/IrReturn
instanceKlass org/jetbrains/kotlin/ir/expressions/IrInstanceInitializerCall
instanceKlass org/jetbrains/kotlin/ir/expressions/IrDeclarationReference
ciInstanceKlass org/jetbrains/kotlin/ir/expressions/IrExpression 1 1 95 1 7 1 7 1 100 1 7 1 100 1 1 1 3 3 3 1 1 3 1 1 1 1 1 1 1 1 1 1 1 1 1 1 1 1 1 1 1 1 1 1 1 1 1 1 1 1 1 1 1 1 1 12 10 12 9 1 1 8 1 7 1 1 12 10 12 9 1 8 1 7 1 1 12 10 1 8 1 12 10 1 1 12 10 1 7 1 1 1 1 1 1 1 1
ciInstanceKlass org/jetbrains/kotlin/ir/descriptors/IrBasedDescriptorsKt 1 1 700 1 7 1 100 1 1 1 3 3 3 1 3 1 3 1 1 1 1 1 1 1 1 1 1 1 1 1 1 1 1 1 1 1 1 1 1 1 1 1 1 1 1 1 1 1 1 1 1 1 1 1 1 1 1 1 1 1 1 1 1 1 1 1 1 1 1 1 1 1 1 1 1 1 1 1 1 1 7 1 100 1 1 100 1 100 1 100 1 100 1 1 100 1 100 1 1 1 1 8 1 7 1 1 12 10 1 7 1 12 10 1 7 1 7 1 7 1 12 10 1 7 1 12 10 1 7 1 12 10 1 7 1 12 10 1 7 1 12 10 1 7 1 7 1 1 12 10 1 7 1 12 10 1 7 1 12 10 1 7 1 12 10 1 100 1 12 10 1 100 1 12 10 1 100 1 12 10 1 100 1 8 1 1 12 10 1 1 12 10 1 1 1 12 10 1 7 1 12 10 1 7 1 7 10 1 100 1 12 10 1 7 1 12 10 1 100 1 12 10 1 1 7 1 1 12 10 1 7 1 12 10 1 7 1 12 10 1 100 10 10 1 1 7 1 12 10 1 7 12 10 1 7 1 7 12 10 1 8 1 7 1 12 10 1 100 1 12 10 1 7 1 12 10 1 100 1 12 10 1 1 12 10 1 1 12 9 1 1 12 10 1 100 1 12 10 1 7 10 1 100 1 12 10 1 1 12 11 1 1 12 10 1 100 1 1 12 11 1 100 1 8 1 12 10 1 7 12 10 1 1 12 11 1 7 1 1 12 11 1 12 10 12 11 1 12 10 1 1 1 1 1 1 1 1 1 1 1 100 1 1 12 10 1 1 12 10 1 100 1 1 12 10 1 12 10 1 100 1 1 12 10 1 100 1 1 12 9 1 12 9 1 100 1 1 12 10 1 1 12 10 1 100 1 100 1 100 1 100 1 1 12 10 1 100 1 1 12 10 1 100 1 8 1 100 10 1 100 1 12 10 1 8 1 1 12 10 1 100 1 1 12 10 10 1 100 1 8 1 12 10 1 8 12 10 1 1 1 1 1 1 12 10 1 1 7 1 12 10 1 100 1 1 12 11 1 1 12 10 1 100 1 100 1 12 10 1 100 1 100 1 100 1 12 11 1 12 10 1 1 12 11 1 100 1 100 1 100 1 1 12 11 1 1 12 11 1 100 1 12 10 1 100 1 100 1 100 1 1 12 11 1 1 12 11 1 12 10 1 100 1 100 1 100 1 1 12 11 1 100 1 12 11 1 1 12 11 1 8 1 12 10 1 12 10 1 100 10 1 1 12 11 1 100 1 1 12 10 11 1 8 1 100 1 1 12 10 1 100 1 8 11 1 100 1 12 10 1 8 1 12 10 1 8 1 1 12 10 1 8 1 100 1 12 9 1 100 1 1 12 10 1 8 1 12 9 1 12 10 1 100 1 12 10 1 100 1 12 9 1 100 1 12 9 1 1 12 10 1 100 1 1 12 10 1 1 1 1 1 1 1 1 1 1 1 1 1 1 1 1 1 1 1 12 11 1 12 11 1 11 11 11 11 1 100 10 1 12 10 1 1 1 1 1 1 1 1 1 1 1
instanceKlass org/jetbrains/kotlin/ir/declarations/lazy/IrLazyTypeParameter
instanceKlass org/jetbrains/kotlin/ir/declarations/impl/IrTypeParameterImpl
ciInstanceKlass org/jetbrains/kotlin/ir/declarations/IrTypeParameter 1 1 112 1 7 1 7 1 100 1 1 1 3 3 3 1 1 3 1 1 1 1 1 1 1 1 1 1 1 1 1 1 1 1 1 1 1 1 1 1 1 1 1 1 1 1 1 1 1 1 1 1 1 1 1 1 1 1 1 1 1 1 1 1 1 1 1 1 1 12 10 1 1 1 1 1 1 8 1 7 1 1 12 10 1 7 1 1 12 11 1 1 8 12 10 1 8 1 12 10 1 12 10 1 7 1 1 1 1 1 1 1 1 1
instanceKlass org/jetbrains/kotlin/ir/declarations/impl/IrVariableImpl
ciInstanceKlass org/jetbrains/kotlin/ir/declarations/IrVariable 1 1 108 1 7 1 7 1 100 1 1 1 3 3 3 1 1 3 1 1 1 1 1 1 1 1 1 1 1 1 1 1 1 1 1 1 1 1 1 1 1 1 1 1 1 1 1 1 1 1 1 1 1 1 1 1 1 1 1 1 1 1 1 1 12 10 1 1 1 1 1 8 1 7 1 1 12 10 1 7 1 1 12 11 1 1 12 10 1 7 12 10 1 8 1 1 12 10 12 10 1 1 1 1 1 1 1 1 1 1
instanceKlass org/jetbrains/kotlin/ir/declarations/impl/IrLocalDelegatedPropertyImpl
ciInstanceKlass org/jetbrains/kotlin/ir/declarations/IrLocalDelegatedProperty 1 1 146 1 7 1 7 1 100 1 100 1 100 1 1 1 3 3 3 1 1 3 1 1 1 1 1 1 1 1 1 1 1 1 1 1 1 1 1 1 1 1 1 1 1 1 1 1 1 1 1 1 1 1 1 1 1 1 1 1 1 1 1 1 1 1 1 1 1 1 1 1 1 1 1 1 1 1 1 1 1 12 10 1 1 1 1 1 8 1 7 1 1 12 10 1 7 1 1 12 11 1 1 12 10 1 7 12 10 12 10 1 7 10 12 10 1 8 1 1 12 10 1 8 1 12 10 12 10 10 1 8 12 10 1 100 12 10 1 1 1 1 1 1 1 1 1 1
ciInstanceKlass org/jetbrains/kotlin/ir/descriptors/IrBasedClassConstructorDescriptor 1 1 389 1 7 1 1 7 1 100 1 1 1 3 3 3 1 1 3 1 1 1 1 1 1 1 1 1 1 1 1 1 1 1 1 1 1 1 1 1 1 1 1 1 1 1 1 1 1 1 1 1 1 1 1 1 1 1 1 1 1 1 1 1 1 1 1 1 1 1 1 1 1 1 1 1 1 1 1 1 1 1 1 1 1 1 1 1 1 1 1 1 1 1 1 100 1 100 1 1 100 1 100 1 1 100 1 1 100 1 100 1 1 8 1 7 1 1 12 10 1 7 1 12 10 1 1 1 1 12 10 1 7 1 1 12 10 1 8 1 12 10 1 7 1 7 1 1 12 10 1 1 1 12 10 12 10 1 100 1 12 10 1 8 1 7 1 12 11 1 100 1 100 1 1 1 1 1 1 1 7 1 12 10 12 10 1 7 10 1 7 1 7 1 1 12 10 1 7 1 1 12 11 1 12 10 1 1 12 11 1 7 1 1 12 11 1 1 12 11 1 100 1 12 10 1 1 12 11 1 7 1 7 1 1 12 10 1 1 1 1 1 1 1 1 1 1 1 1 1 1 8 1 8 1 100 1 100 1 12 10 1 8 1 1 12 10 1 1 12 10 1 12 10 1 8 8 8 8 1 100 10 1 1 1 100 1 12 9 1 1 8 1 1 12 9 1 12 10 1 1 10 1 1 12 10 12 10 1 1 12 10 1 1 12 10 12 10 12 10 1 12 10 1 1 1 1 12 10 1 100 1 100 1 1 12 11 1 1 1 1 1 100 1 100 1 12 10 1 1 1 1 1 100 1 1 100 1 12 10 1 1 1 100 1 1 12 10 1 1 1 1 1 1 1 12 10 1 12 10 1 1 1 1 1 1 1 1 1 1 1
ciInstanceKlass org/jetbrains/kotlin/ir/visitors/IrElementVisitor 1 0 375 1 100 1 1 100 1 1 1 3 3 3 1 1 3 1 1 1 1 1 1 1 1 1 1 1 1 1 1 1 1 1 1 1 1 1 1 1 1 1 1 1 1 1 1 1 1 1 1 1 1 1 1 1 1 1 1 1 1 1 1 1 1 1 1 1 1 1 1 1 1 1 1 1 1 1 1 1 1 1 1 1 1 1 1 1 1 1 1 1 1 1 1 1 1 1 1 1 1 1 1 1 1 1 1 1 1 1 1 1 1 1 1 1 1 1 1 1 1 1 1 1 1 1 1 1 1 1 1 1 1 1 1 1 1 1 1 1 1 1 1 1 1 1 1 1 1 1 1 1 1 1 1 1 1 1 1 1 1 1 1 1 1 1 1 1 1 1 1 1 1 1 1 1 1 1 1 1 1 1 1 1 1 1 1 1 1 1 1 1 1 1 1 1 1 1 1 1 1 1 1 1 1 1 1 1 1 1 1 1 1 1 1 1 1 1 1 1 1 1 1 1 1 1 1 1 1 1 1 1 1 1 1 1 1 1 1 1 1 1 1 1 1 1 1 1 1 1 1 1 1 1 1 1 1 1 1 1 1 1 1 1 1 1 1 1 1 1 1 1 1 1 1 1 1 1 1 1 1 1 1 1 1 1 100 1 1 1 1 1 1 1 1 1 1 1 1 1 1 1 1 1 1 1 1 1 1 1 1 1 1 1 1 1 1 1 1 1 1 1 1 1 1 1 1 1 1 1 1 1 1 1 1 1 1 1 1 1 1 1 1 1 1 1 1 1 1 1 1 1 1 1 1 1 1 1 1 1 1 1 1 1 1 1 1 1 1 1 1 1 1 1 1 1 1
ciInstanceKlass org/jetbrains/kotlin/ir/visitors/IrElementVisitorVoid 1 0 382 1 100 1 100 1 100 1 1 1 3 3 3 1 1 3 1 1 1 1 1 1 1 1 1 1 1 1 1 1 1 1 1 1 1 1 1 1 1 1 1 1 1 1 1 1 1 1 1 1 1 1 1 1 1 1 1 1 1 1 1 1 1 1 1 1 1 1 1 1 1 1 1 1 1 1 1 1 1 1 1 1 1 1 1 1 1 1 1 1 1 1 1 1 1 1 1 1 1 1 1 1 1 1 1 1 1 1 1 1 1 1 1 1 1 1 1 1 1 1 1 1 1 1 1 1 1 1 1 1 1 1 1 1 1 1 1 1 1 1 1 1 1 1 1 1 1 1 1 1 1 1 1 1 1 1 1 1 1 1 1 1 1 1 1 1 1 1 1 1 1 1 1 1 1 1 1 1 1 1 1 1 1 1 1 1 1 1 1 1 1 1 1 1 1 1 1 1 1 1 1 100 1 1 1 1 1 1 1 1 1 1 1 1 1 1 1 1 1 1 1 1 1 1 1 1 1 1 1 1 1 1 1 1 1 1 1 1 1 1 1 1 1 1 1 1 1 1 1 1 1 1 1 1 1 1 1 1 1 1 1 1 1 1 1 1 1 1 1 1 1 1 1 1 1 1 1 1 1 1 1 1 1 1 1 1 1 1 1 1 1 1 1 1 1 1 1 1 1 1 1 1 1 1 1 1 1 1 1 1 1 1 1 1 1 1 1 1 1 1 1 1 1 1 1 1 1 1 1 1 1 1 1 1 1 1 1 1 1 1 1 1 1 1 1 1 1 1 1 1 1 1 1 1 1 1 1 1 1 1 1 1 1 1 1 1 1 1 1 1 1 1 1 1 1 1 1 1 1 1 1 1
instanceKlass org/jetbrains/kotlin/ir/util/IdSignature$CommonSignature
instanceKlass org/jetbrains/kotlin/ir/util/IdSignature$CompositeSignature
ciInstanceKlass org/jetbrains/kotlin/ir/util/IdSignature 1 1 141 1 7 1 7 1 1 1 3 3 3 1 1 3 1 1 1 1 1 1 1 1 1 1 1 1 1 1 1 1 1 1 1 1 1 1 1 1 1 1 1 1 1 1 1 1 1 1 1 1 1 1 1 1 1 1 1 1 1 100 1 100 1 100 1 100 1 100 1 100 1 100 1 100 1 100 1 100 1 12 10 1 1 1 1 1 1 1 1 1 1 1 1 1 1 1 1 1 1 1 1 100 1 1 12 10 1 1 8 1 100 1 1 12 10 1 12 10 1 1 12 10 1 12 10 12 10 1 10 1 1 1 1 1 1 1 1 1 1 1 1
ciInstanceKlass org/jetbrains/kotlin/ir/visitors/IrVisitorsKt 1 1 56 1 100 1 100 1 1 1 3 3 3 1 3 1 3 1 1 1 1 1 1 1 1 1 1 1 1 1 8 1 7 1 1 12 10 8 1 7 1 7 1 1 12 11 1 1 1 12 11 1 1 1 1 1 1 1
ciInstanceKlass org/jetbrains/kotlin/ir/visitors/IrElementVisitorVoid$DefaultImpls 1 1 685 1 100 1 100 1 1 1 3 3 3 1 3 1 3 1 7 1 1 1 1 1 1 8 1 7 1 1 12 10 1 12 11 1 1 1 1 1 1 1 1 1 8 1 12 11 1 1 1 7 1 1 1 12 11 1 1 1 7 1 1 1 12 11 1 1 1 1 1 12 11 1 1 1 1 1 12 11 1 1 1 1 1 12 11 1 1 1 1 1 12 11 1 1 1 7 1 1 1 12 11 1 1 1 1 1 12 11 1 1 1 1 1 12 11 1 1 1 1 1 12 11 1 1 1 1 1 12 11 1 1 1 1 1 12 11 1 1 1 1 1 12 11 1 1 1 1 1 12 11 1 1 1 1 1 12 11 1 1 1 1 1 12 11 1 1 1 1 1 12 11 1 1 1 1 1 12 11 1 1 1 7 1 1 1 12 11 1 1 1 1 1 8 1 12 11 1 1 1 1 1 8 1 12 11 1 1 1 1 1 12 11 1 1 1 7 1 1 1 12 11 1 1 1 1 1 12 11 1 1 1 7 1 1 1 1 12 11 1 1 1 1 7 1 1 1 12 11 1 1 1 7 1 1 1 12 11 1 1 1 7 1 1 1 12 11 1 1 1 1 1 12 11 1 1 1 7 1 1 1 12 11 1 1 1 1 1 12 11 1 1 1 1 1 12 11 1 1 1 1 1 12 11 1 1 1 7 1 1 1 12 11 1 1 1 1 1 12 11 1 1 1 1 1 8 1 12 11 1 1 1 1 1 12 11 1 1 1 7 1 1 1 12 11 1 1 1 1 1 12 11 1 1 1 1 1 1 12 11 1 1 1 1 1 1 12 11 1 1 1 7 1 1 1 12 11 1 1 1 1 1 12 11 1 1 1 1 1 12 11 1 1 1 1 1 1 12 11 1 1 1 1 1 1 12 11 1 1 1 1 1 12 11 1 1 1 100 1 1 1 12 11 1 1 1 1 1 12 11 1 1 1 1 1 12 11 1 1 1 1 1 12 11 1 1 1 1 1 12 11 1 1 1 100 1 1 1 12 11 1 1 1 1 1 12 11 1 1 1 1 1 12 11 1 1 1 1 1 12 11 1 1 1 100 1 1 1 12 11 1 1 1 1 1 12 11 1 1 1 7 1 1 1 12 11 1 1 1 1 1 12 11 1 1 1 1 1 12 11 1 1 1 1 1 12 11 1 1 1 1 1 8 1 12 11 1 1 1 1 1 12 11 1 1 1 7 1 1 1 12 11 1 1 1 1 1 12 11 1 1 1 1 1 12 11 1 1 1 1 1 12 11 1 1 1 1 1 12 11 1 1 1 1 1 12 11 1 1 1 1 1 8 1 12 11 1 1 1 1 1 8 1 12 11 1 1 1 1 1 12 11 1 1 1 1 1 12 11 1 1 1 1 1 12 11 1 1 1 7 1 1 1 12 11 1 1 1 1 1 12 11 1 1 1 1 1 8 1 12 11 1 1 1 1 1 12 11 1 1 1 1 1 8 1 12 11 1 1 1 1 1 12 11 1 1 1 7 1 1 1 1 1 1 1 1
instanceKlass org/jetbrains/kotlin/ir/expressions/IrSyntheticBody
instanceKlass org/jetbrains/kotlin/ir/expressions/IrExpressionBody
instanceKlass org/jetbrains/kotlin/ir/expressions/IrBlockBody
ciInstanceKlass org/jetbrains/kotlin/ir/expressions/IrBody 1 1 66 1 7 1 7 1 7 1 1 1 3 3 3 1 1 3 1 1 1 1 1 1 1 1 1 1 1 1 1 1 1 12 10 1 1 1 8 1 7 1 1 12 10 1 7 1 1 12 10 1 8 1 12 10 1 1 12 10 1 1 1 1 1 1 1 1
ciInstanceKlass org/jetbrains/kotlin/ir/expressions/impl/IrGetValueImpl 1 1 103 1 7 1 7 1 1 1 3 3 3 1 1 3 1 1 1 1 1 1 1 1 1 1 1 1 1 1 1 1 1 1 1 1 1 1 1 1 1 1 1 1 1 1 1 1 1 1 1 1 8 1 7 1 1 12 10 8 1 12 10 12 9 12 9 12 9 12 9 12 9 1 1 12 10 1 8 1 7 1 1 12 11 1 7 12 11 1 12 10 1 12 10 1 100 1 1 1 1 1 1 1 1
ciInstanceKlass org/jetbrains/kotlin/ir/expressions/impl/IrGetFieldImpl 1 1 107 1 7 1 7 1 1 1 3 3 3 1 1 3 1 1 1 1 1 1 1 1 1 1 1 1 1 1 1 1 1 1 1 1 1 1 1 1 1 1 1 1 1 1 1 1 1 1 1 1 1 1 1 1 1 1 1 1 8 1 7 1 1 12 10 8 1 12 10 12 9 12 9 12 9 12 9 12 9 12 9 1 1 12 10 1 8 1 1 12 10 1 12 10 1 12 10 1 7 1 1 1 1 1 1 1 1
ciInstanceKlass org/jetbrains/kotlin/ir/declarations/impl/IrPropertyImpl 1 1 283 1 7 1 7 1 1 1 3 3 3 1 1 3 1 1 1 1 1 1 1 1 1 1 1 1 1 1 1 1 1 1 1 1 1 1 1 1 1 1 1 1 1 1 1 1 1 1 1 1 1 1 1 1 1 1 1 1 1 1 1 1 1 1 1 1 1 1 1 1 1 1 1 1 1 1 1 1 1 1 1 1 1 1 1 1 1 1 1 1 1 1 1 1 1 1 1 1 1 1 1 1 1 1 1 1 1 1 1 1 1 1 1 1 1 1 1 1 1 1 1 1 1 1 1 1 1 1 1 1 1 1 1 100 1 100 1 1 1 1 1 1 1 1 1 8 1 7 1 1 12 10 8 8 8 8 8 12 10 12 9 12 9 12 9 12 9 12 9 12 9 12 9 12 9 12 9 12 9 12 9 12 9 12 9 12 9 12 9 12 9 12 10 1 7 1 7 1 1 12 11 1 7 1 12 10 12 9 12 9 1 7 12 9 1 1 1 1 12 9 1 1 12 10 3 1 100 1 12 9 1 100 12 10 1 8 1 12 11 1 7 1 12 9 1 100 8 1 1 12 10 1 1 12 9 12 9 12 9 1 1 12 9 12 9 1 1 7 12 10 1 7 1 1 1 1 1 1 1 1 1 1 1
ciInstanceKlass org/jetbrains/kotlin/ir/declarations/impl/IrFieldImpl 1 1 217 1 7 1 7 1 1 1 3 3 3 1 1 3 1 1 1 1 1 1 1 1 1 1 1 1 1 1 1 1 1 1 1 1 1 1 1 1 1 1 1 1 1 1 1 1 1 1 1 1 1 1 1 1 1 1 1 1 1 1 1 1 1 1 1 1 1 1 1 1 1 1 1 1 1 1 1 1 1 1 1 1 1 1 1 1 1 1 1 1 1 1 1 1 1 1 1 1 1 1 1 1 1 1 1 1 1 1 1 1 8 1 7 1 1 12 10 8 8 8 8 8 12 10 12 9 12 9 12 9 12 9 12 9 12 9 12 9 12 9 12 9 12 9 12 9 12 10 1 7 1 7 1 1 12 11 1 7 1 12 10 12 9 1 1 1 100 1 1 12 9 1 100 12 10 1 8 12 9 1 100 8 1 1 12 10 1 1 1 12 11 1 7 1 12 9 12 9 12 9 1 1 7 12 10 1 7 1 1 1 1 1 1 1 1 1 1
instanceKlass org/jetbrains/kotlin/ir/expressions/IrSetValue
instanceKlass org/jetbrains/kotlin/ir/expressions/IrGetValue
ciInstanceKlass org/jetbrains/kotlin/ir/expressions/IrValueAccessExpression 1 1 46 1 100 1 7 1 1 1 3 3 3 1 1 3 1 1 1 1 1 1 1 1 1 1 1 1 1 1 1 1 1 1 1 1 12 10 1 1 1 1 1 1 1 1 1 1
ciInstanceKlass org/jetbrains/kotlin/ir/symbols/impl/IrVariableSymbolImpl 1 1 64 1 7 1 1 7 1 100 1 1 1 3 3 3 1 1 3 1 1 1 1 1 1 1 1 1 1 1 1 1 1 7 1 12 10 1 1 12 10 1 12 10 1 1 1 12 10 1 7 1 1 1 12 10 1 7 1 1 1 1 1 1 1 1
ciInstanceKlass org/jetbrains/kotlin/ir/declarations/impl/IrVariableImpl 1 1 212 1 7 1 7 1 1 1 3 3 3 1 1 3 1 1 1 1 1 1 1 1 1 1 1 1 1 1 1 1 1 1 1 1 1 1 1 1 1 1 1 1 1 1 1 1 1 1 1 1 1 1 1 1 1 1 1 1 1 1 1 1 1 1 1 1 1 1 1 1 1 1 1 1 1 1 1 1 1 1 1 1 1 1 1 1 1 1 1 1 1 1 1 1 1 8 1 7 1 1 12 10 8 8 8 12 10 12 9 12 9 12 9 12 9 12 9 12 9 12 9 12 9 12 9 1 7 1 12 10 12 9 12 10 1 7 1 7 1 1 12 11 1 1 8 12 9 1 100 1 100 10 1 8 1 1 12 10 1 12 10 1 1 12 10 1 12 10 1 100 8 1 1 1 12 11 1 7 1 12 9 1 100 1 8 1 100 10 10 1 1 7 1 1 7 1 12 10 1 7 1 100 1 1 1 1 1 1 1 1 1 1
ciInstanceKlass org/jetbrains/kotlin/ir/descriptors/IrBasedTypeParameterDescriptor 0 0 269 1 100 1 1 100 1 100 1 1 1 3 3 3 1 1 3 1 1 1 1 1 1 1 1 1 1 1 1 1 1 1 1 1 1 1 1 1 1 1 1 1 1 1 1 1 1 1 1 1 1 1 1 1 1 1 1 1 1 1 1 1 1 1 1 1 1 1 1 1 100 1 100 1 100 1 1 8 1 100 1 1 12 10 1 100 1 12 10 1 12 10 1 100 1 100 1 1 12 10 12 9 10 12 9 1 1 1 1 12 10 1 100 12 10 1 12 10 1 12 10 1 1 1 12 10 1 100 1 100 1 100 1 1 12 11 1 12 10 1 1 12 11 1 100 1 12 11 1 1 12 11 1 100 1 1 12 10 1 1 12 11 1 100 1 100 1 1 12 10 1 1 1 1 1 1 1 1 1 1 1 1 1 1 100 1 12 11 1 100 12 10 1 1 1 100 1 12 9 12 10 1 100 12 10 1 1 100 1 12 9 1 1 1 1 12 10 1 100 1 1 12 11 1 1 1 1 100 1 12 10 12 10 1 1 12 10 1 8 1 1 12 10 1 12 10 10 1 12 10 1 1 100 1 1 100 1 100 1 1 1 1 1 1 1 1 1 1 1
instanceKlass org/jetbrains/kotlin/ir/util/PatchDeclarationParentsVisitor
ciInstanceKlass org/jetbrains/kotlin/ir/util/DeclarationParentsVisitor 1 1 1198 1 7 1 7 1 7 1 1 1 3 3 3 1 1 3 1 1 1 1 1 1 1 1 1 1 1 1 1 1 1 1 1 1 1 1 1 1 1 1 1 7 1 1 1 1 12 10 1 7 10 12 9 1 1 1 8 1 7 1 1 12 10 1 7 1 1 12 10 1 8 1 1 12 10 1 12 10 1 1 12 10 1 1 7 1 12 10 1 8 1 12 10 1 7 1 12 10 1 12 10 1 1 1 12 10 1 1 1 1 12 10 1 1 12 10 1 1 1 12 10 1 1 1 12 10 1 1 1 12 10 1 1 1 12 10 1 1 1 12 10 1 1 1 12 10 1 1 1 12 10 1 1 1 12 10 1 1 1 12 10 1 1 1 12 10 1 1 1 12 10 1 1 1 12 10 1 1 1 12 10 1 1 1 12 10 1 1 1 12 10 1 1 1 12 10 1 1 1 12 10 1 1 1 12 10 1 1 1 12 10 1 1 1 12 10 1 1 1 12 10 1 1 1 12 10 1 1 1 12 10 1 1 1 12 10 1 1 1 12 10 1 1 1 12 10 1 1 1 12 10 1 1 1 12 10 1 1 1 12 10 1 1 1 12 10 1 1 1 12 10 1 1 1 12 10 1 1 1 12 10 1 1 1 12 10 1 1 1 12 10 1 1 1 12 10 1 1 1 12 10 1 1 1 1 12 10 1 1 1 12 10 1 1 1 1 12 10 1 1 1 12 10 1 1 1 12 10 1 1 1 12 10 1 1 1 12 10 1 1 1 12 10 1 1 1 12 10 1 1 1 1 12 10 1 1 1 1 12 10 1 1 1 12 10 1 1 1 12 10 1 1 1 12 10 1 1 1 12 10 1 1 1 12 10 1 1 1 12 10 1 1 1 12 10 1 1 1 12 10 1 1 1 12 10 1 1 1 12 10 1 1 1 12 10 1 1 1 12 10 1 1 1 12 10 1 1 1 12 10 1 1 1 12 10 1 1 1 12 10 1 1 1 12 10 1 1 1 12 10 1 1 1 12 10 1 1 1 12 10 1 1 1 12 10 1 1 1 1 12 10 1 1 1 12 10 1 1 1 12 10 1 1 1 12 10 1 1 1 12 10 1 1 1 12 10 1 1 1 12 10 1 1 1 1 12 10 1 1 1 1 12 10 1 1 1 12 10 1 1 1 12 10 1 1 1 12 10 1 1 1 12 10 1 1 1 12 10 1 1 1 12 10 1 1 1 12 10 1 1 1 12 10 1 1 1 1 12 10 1 1 1 1 12 10 1 1 1 12 10 1 1 1 12 10 1 1 1 12 10 1 1 1 12 10 1 1 1 12 10 1 1 1 12 10 1 1 1 12 10 1 1 1 12 10 1 1 1 12 10 1 1 1 12 10 1 1 1 12 10 1 1 1 12 10 1 1 1 12 10 1 1 1 12 10 1 1 1 12 10 1 1 1 12 10 1 1 1 12 10 1 1 1 12 10 1 1 1 12 10 1 1 1 12 10 1 1 1 12 10 1 1 1 12 10 1 1 1 12 10 1 1 1 12 10 1 1 1 12 10 1 1 1 12 10 1 1 1 12 10 1 1 1 12 10 1 1 1 12 10 1 1 1 12 10 1 1 1 12 10 1 1 1 12 10 1 1 1 12 10 1 1 1 12 10 1 1 1 12 10 1 1 1 1 12 10 1 1 1 12 10 1 1 1 12 10 1 1 1 12 10 1 1 1 12 10 1 1 1 12 10 1 1 1 12 10 1 1 1 12 10 1 1 1 12 10 1 1 1 12 10 1 1 1 12 10 1 1 1 12 10 1 1 1 12 10 1 1 1 12 10 1 1 1 12 10 1 1 1 12 10 1 1 1 1 12 10 1 1 1 12 10 1 1 1 1 12 10 1 1 1 12 10 1 1 1 12 10 1 1 1 12 10 1 1 1 12 10 1 1 1 12 10 1 1 1 12 10 1 1 1 12 10 1 1 1 12 10 1 1 1 12 10 1 1 1 12 10 1 1 1 12 10 1 1 1 1 12 10 1 1 1 12 10 1 1 1 12 10 1 1 1 12 10 1 1 1 1 12 10 1 1 1 12 10 1 1 1 12 10 1 1 100 12 10 1 7 1 1 12 9 1 1 12 10 1 12 10 1 12 10 1 12 10 1 12 10 1 12 10 1 12 10 1 12 10 1 12 10 1 12 10 1 12 10 1 12 10 1 12 10 1 12 10 1 12 10 1 12 10 1 12 10 1 12 10 1 12 10 1 12 10 1 12 10 1 12 10 1 12 10 1 12 10 1 12 10 1 12 10 1 12 10 1 12 10 1 12 10 1 12 10 1 12 10 1 12 10 1 12 10 1 12 10 1 12 10 1 12 10 1 12 10 1 12 10 1 12 10 1 12 10 1 12 10 1 12 10 1 12 10 1 12 10 1 12 10 1 12 10 1 12 10 1 12 10 1 12 10 1 12 10 1 12 10 1 12 10 1 12 10 1 12 10 1 12 10 1 12 10 1 12 10 1 12 10 1 12 10 1 12 10 1 12 10 1 12 10 1 12 10 1 12 10 1 12 10 1 12 10 1 12 10 1 12 10 1 12 10 1 12 10 1 12 10 1 12 10 1 12 10 1 12 10 1 12 10 1 12 10 1 12 10 1 12 10 1 12 10 1 12 10 1 12 10 1 12 10 1 1 1 1 1 1 1 1 1 1
ciInstanceKlass org/jetbrains/kotlin/ir/util/PatchDeclarationParentsVisitor 1 1 66 1 7 1 7 1 1 1 3 3 3 1 1 3 1 1 1 1 1 1 1 1 1 1 1 1 1 1 1 1 12 10 1 1 8 1 7 1 1 12 10 10 1 1 12 10 1 7 1 1 12 10 1 8 8 1 7 1 12 11 1 1 1 1 1 1
ciInstanceKlass org/jetbrains/kotlin/psi2ir/generators/IrSyntheticDeclarationGenerator 1 1 1375 1 7 1 7 1 7 1 1 1 3 3 3 1 1 3 1 1 1 1 1 1 1 1 1 1 1 1 1 1 1 1 1 1 1 1 1 1 1 1 1 1 1 1 1 1 1 1 1 1 1 1 7 1 1 1 8 1 7 1 1 12 10 1 12 10 1 7 12 10 12 9 1 7 1 1 12 10 12 9 1 1 1 100 1 7 8 1 7 1 7 1 1 12 10 1 100 1 1 12 10 1 100 1 1 12 10 1 100 1 8 1 1 12 11 1 100 1 1 12 10 1 100 1 12 11 1 100 11 1 100 1 1 12 10 1 1 1 1 1 1 8 1 8 1 1 1 7 10 1 7 1 7 1 1 12 11 1 7 1 1 12 10 1 8 1 12 10 1 1 12 11 1 1 12 11 1 8 1 1 12 11 1 1 12 11 1 1 1 1 1 1 1 7 1 1 12 10 1 7 1 7 1 1 12 10 1 12 10 1 7 1 1 12 11 1 7 1 1 12 11 1 1 12 11 1 7 1 1 12 11 11 12 10 12 10 1 12 11 1 7 1 1 12 10 1 7 1 7 1 1 12 11 1 7 1 1 12 9 1 12 10 1 1 1 1 1 1 1 1 1 1 1 1 1 1 1 1 1 1 1 1 1 1 8 12 10 1 1 1 12 10 1 1 1 1 12 10 1 1 12 10 1 1 1 12 10 1 1 1 12 10 1 1 1 12 10 1 1 1 12 10 1 1 1 12 10 1 1 1 1 12 10 1 1 1 12 10 1 1 1 12 10 1 1 1 12 10 1 1 1 1 12 10 1 1 1 12 10 1 1 1 1 12 10 1 1 1 12 10 1 1 1 12 10 1 1 1 1 12 10 1 1 1 1 12 10 1 1 1 12 10 1 1 1 1 12 10 1 1 1 12 10 1 1 1 12 10 1 1 1 12 10 1 1 1 12 10 1 1 1 1 12 10 1 1 1 1 12 10 1 1 1 12 10 1 1 1 12 10 1 1 1 12 10 1 1 1 12 10 1 1 1 12 10 1 1 1 12 10 1 1 1 12 10 1 1 1 12 10 1 1 1 12 10 1 1 1 12 10 1 1 1 12 10 1 1 1 12 10 1 1 1 12 10 1 1 1 12 10 1 1 1 12 10 1 1 1 12 10 1 1 1 12 10 1 1 1 12 10 1 1 1 12 10 1 1 1 12 10 1 1 1 12 10 1 1 1 12 10 1 1 1 12 10 1 1 1 1 12 10 1 1 1 12 10 1 1 1 12 10 1 1 1 12 10 1 1 1 12 10 1 1 1 12 10 1 1 1 12 10 1 1 1 12 10 1 1 1 12 10 1 1 1 12 10 1 1 1 12 10 1 1 1 12 10 1 1 1 12 10 1 1 1 12 10 1 1 1 12 10 1 1 1 12 10 1 1 1 12 10 1 1 1 12 10 1 1 1 12 10 1 1 1 12 10 1 1 1 12 10 1 1 1 12 10 1 1 1 12 10 1 1 1 12 10 1 1 1 12 10 1 1 1 12 10 1 1 1 12 10 1 1 1 12 10 1 1 1 12 10 1 1 12 10 1 1 12 10 1 1 1 12 10 1 1 1 12 10 1 1 1 12 10 1 1 1 12 10 1 1 1 12 10 1 1 1 12 10 1 1 1 12 10 1 1 1 12 10 1 1 1 12 10 1 1 1 12 10 1 1 1 12 10 1 1 1 12 10 1 1 1 12 10 1 1 1 12 10 1 1 1 12 10 1 1 1 12 10 1 1 1 12 10 1 1 1 12 10 1 1 1 12 10 1 1 1 12 10 1 1 1 12 10 1 1 1 12 10 1 1 1 12 10 1 1 1 12 10 1 1 1 12 10 1 1 1 12 10 1 1 1 1 12 10 1 1 1 1 12 10 1 1 1 12 10 1 1 1 12 10 1 1 1 12 10 1 1 1 12 10 1 1 1 12 10 1 1 1 12 10 1 1 1 12 10 1 1 1 12 10 1 1 1 12 10 1 1 1 12 10 1 1 1 12 10 1 1 1 12 10 1 1 1 12 10 1 1 1 12 10 1 1 1 12 10 1 1 1 12 10 1 1 1 12 10 1 1 1 12 10 1 1 1 12 10 1 1 1 12 10 1 1 1 12 10 1 1 1 12 10 1 1 1 12 10 1 1 1 1 12 10 1 1 1 12 10 1 1 1 12 10 1 1 1 12 10 1 1 1 12 10 1 1 1 12 10 1 1 1 12 10 1 1 1 12 10 1 1 1 12 10 1 1 1 12 10 1 1 1 12 10 1 1 1 12 10 1 1 1 1 12 10 1 1 1 12 10 1 1 1 12 10 1 1 1 12 10 1 1 1 12 10 1 1 1 12 10 1 1 1 12 10 1 1 1 12 10 1 1 1 12 10 1 1 1 12 10 1 1 1 12 10 1 1 1 12 10 1 1 1 12 10 1 1 1 12 10 1 1 1 12 10 1 1 1 12 10 1 1 1 12 10 1 1 1 12 10 1 1 1 12 10 1 1 100 12 10 1 12 10 1 12 10 1 12 10 1 12 10 1 12 10 1 12 10 1 12 10 1 12 10 1 12 10 1 12 10 1 12 10 1 12 10 1 12 10 1 12 10 1 12 10 1 12 10 1 12 10 1 12 10 1 12 10 1 12 10 1 12 10 1 12 10 1 12 10 1 12 10 1 12 10 1 12 10 1 12 10 1 12 10 1 12 10 1 12 10 1 12 10 1 12 10 1 12 10 1 12 10 1 12 10 1 12 10 1 12 10 1 12 10 1 12 10 1 12 10 1 12 10 1 12 10 1 12 10 1 12 10 1 12 10 1 12 10 1 12 10 1 12 10 1 12 10 1 12 10 1 12 10 1 12 10 1 12 10 1 12 10 1 12 10 1 12 10 1 12 10 1 12 10 1 12 10 1 12 10 1 12 10 1 12 10 1 12 10 1 12 10 1 12 10 1 12 10 1 12 10 1 12 10 1 12 10 1 12 10 1 12 10 1 12 10 1 12 10 1 12 10 1 12 10 1 12 10 1 12 10 1 12 10 1 12 10 1 12 10 1 12 10 1 12 10 1 1 1 1 1 1 1 1 1 1 1
instanceKlass org/jetbrains/kotlin/ir/declarations/impl/IrAnonymousInitializerImpl
ciInstanceKlass org/jetbrains/kotlin/ir/declarations/IrAnonymousInitializer 1 1 104 1 7 1 7 1 1 1 3 3 3 1 1 3 1 1 1 1 1 1 1 1 1 1 1 1 1 1 1 1 1 1 1 1 1 1 1 1 1 1 1 1 1 1 1 1 1 1 1 1 1 1 1 1 1 12 10 1 1 1 1 8 1 7 1 1 12 10 1 7 1 1 12 11 1 1 12 10 1 7 12 10 1 8 1 1 12 10 1 8 1 12 10 12 10 1 1 1 1 1 1 1 1 1
ciInstanceKlass org/jetbrains/kotlin/ir/descriptors/IrBasedVariableDescriptor 1 1 182 1 7 1 1 7 1 100 1 1 1 3 3 3 1 1 3 1 1 1 1 1 1 1 1 1 1 1 1 1 1 1 1 1 1 1 1 1 1 1 1 1 1 1 1 1 1 1 1 1 1 1 1 1 1 1 1 8 1 7 1 1 12 10 1 7 1 12 10 1 1 1 1 12 10 1 7 1 1 12 10 1 8 1 12 10 1 7 1 1 12 10 1 1 12 10 1 1 12 10 12 10 1 12 10 1 12 10 12 10 1 12 10 1 1 1 8 1 100 1 100 1 12 10 1 8 1 1 12 10 1 1 12 10 1 12 10 1 1 1 8 1 1 8 1 1 12 10 1 100 1 1 12 11 1 1 1 1 12 10 1 100 1 7 1 1 100 1 1 12 10 1 100 1 1 1 1 1 1 1 1 1
instanceKlass org/jetbrains/kotlin/ir/expressions/impl/IrExpressionBodyImpl
ciInstanceKlass org/jetbrains/kotlin/ir/expressions/IrExpressionBody 1 1 102 1 7 1 7 1 1 1 3 3 3 1 1 3 1 1 1 1 1 1 1 1 1 1 1 1 1 1 1 1 1 1 1 1 1 1 1 1 1 1 1 1 1 1 1 1 1 1 12 10 1 1 1 8 1 7 1 1 12 10 1 7 1 1 12 11 1 1 8 12 10 1 8 1 12 10 1 12 10 1 7 10 1 1 12 10 12 10 1 12 10 1 1 7 1 1 1 1 1 1 1 1
ciInstanceKlass org/jetbrains/kotlin/ir/expressions/impl/IrExpressionBodyImpl 1 1 82 1 7 1 7 1 1 1 3 3 3 1 1 3 1 1 1 1 1 1 1 1 1 1 1 1 1 1 1 1 1 1 1 1 1 1 1 1 1 1 8 1 7 1 1 12 10 1 12 10 12 9 12 9 12 9 1 1 8 1 100 12 10 12 10 12 10 1 7 1 1 12 9 1 7 1 1 1 1 1 1 1
instanceKlass org/jetbrains/kotlin/ir/declarations/lazy/IrLazyEnumEntryImpl
instanceKlass org/jetbrains/kotlin/ir/declarations/impl/IrEnumEntryImpl
ciInstanceKlass org/jetbrains/kotlin/ir/declarations/IrEnumEntry 1 1 122 1 7 1 7 1 100 1 1 1 3 3 3 1 1 3 1 1 1 1 1 1 1 1 1 1 1 1 1 1 1 1 1 1 1 1 1 1 1 1 1 1 1 1 1 1 1 1 1 1 1 1 1 1 1 1 1 1 1 1 12 10 1 1 1 1 1 8 1 7 1 1 12 10 1 7 1 1 12 11 1 1 12 10 1 7 12 10 12 10 1 100 10 1 8 1 1 12 10 1 100 1 100 12 10 1 12 10 1 100 12 10 1 1 1 1 1 1 1 1 1 1
instanceKlass org/jetbrains/kotlin/ir/declarations/lazy/IrLazyTypeAlias
ciInstanceKlass org/jetbrains/kotlin/ir/declarations/IrTypeAlias 1 1 144 1 100 1 7 1 100 1 100 1 100 1 1 1 3 3 3 1 1 3 1 1 1 1 1 1 1 1 1 1 1 1 1 1 1 1 1 1 1 1 1 1 1 1 1 1 1 1 1 1 1 1 1 1 1 1 1 1 1 1 1 1 1 1 1 1 1 12 10 1 1 1 1 8 1 100 1 1 12 10 1 100 1 1 12 11 1 1 1 1 12 10 1 100 1 1 12 11 1 100 1 100 1 12 11 1 1 12 11 1 100 12 10 1 1 1 1 1 1 1 1 1 8 1 100 1 1 12 10 1 1 12 10 1 1 1 1 1 1 1 1 1 1 1
ciInstanceKlass org/jetbrains/kotlin/ir/util/SymbolRemapper 1 0 96 1 100 1 100 1 1 1 3 3 3 1 1 3 1 1 1 1 1 1 1 1 1 1 1 1 1 1 1 1 1 1 1 1 1 1 1 1 1 1 1 1 1 1 1 1 1 1 1 1 1 1 1 1 1 1 1 1 1 1 1 1 1 1 1 1 1 1 1 1 100 1 1 1 1 1 1 1 1 1 1 1 1 1 1 1 1 1 1 1 1 1 1 1 1 1
instanceKlass androidx/compose/compiler/plugins/kotlin/lower/ComposableSymbolRemapper
ciInstanceKlass org/jetbrains/kotlin/ir/util/DeepCopySymbolRemapper 1 1 1678 1 7 1 7 1 100 1 7 1 1 1 3 3 3 1 1 3 1 1 1 1 1 1 1 1 1 1 1 1 1 1 1 1 1 1 1 1 1 1 1 1 1 1 1 1 1 1 1 1 1 1 1 1 1 1 1 1 1 1 1 1 1 1 1 1 1 1 1 1 1 1 1 1 1 1 1 1 1 1 1 1 1 1 1 1 1 1 1 1 1 1 1 1 1 1 1 1 1 1 1 1 1 1 1 1 1 1 1 1 1 1 1 1 1 1 1 1 1 1 1 1 1 1 1 1 1 1 1 1 1 1 1 1 1 1 1 1 1 1 1 1 1 1 1 1 1 1 1 1 1 1 1 1 1 1 1 1 1 1 1 1 1 1 1 1 1 1 7 1 1 1 1 1 1 1 1 1 1 1 1 1 1 1 1 1 1 8 1 7 1 1 12 10 1 12 10 12 9 1 7 10 12 9 12 9 12 9 12 9 12 9 12 9 12 9 12 9 12 9 12 9 12 9 12 9 12 9 12 9 12 9 1 1 1 7 1 1 12 9 1 7 12 10 1 1 1 1 1 1 1 1 1 1 1 1 1 1 1 1 8 1 7 1 1 12 10 1 8 1 7 1 8 8 8 1 7 1 1 12 11 8 1 1 12 10 1 7 1 100 1 1 12 11 1 7 1 1 12 11 1 1 1 1 1 8 1 100 1 8 1 12 10 1 100 1 7 1 7 1 7 1 1 12 11 1 7 1 1 12 11 1 12 10 1 1 1 1 1 1 1 8 1 100 1 7 1 100 11 1 100 1 1 12 11 1 12 10 1 1 1 8 1 100 1 7 1 7 1 12 11 1 7 1 1 12 11 1 12 10 1 1 1 8 1 100 1 7 1 7 1 12 11 1 12 11 10 1 1 1 8 1 100 1 100 1 100 1 12 11 1 1 12 11 1 12 10 1 1 1 8 1 100 1 7 1 7 11 1 7 1 1 12 11 1 12 10 1 1 1 8 1 100 1 7 1 7 11 1 12 11 10 1 1 1 8 1 100 1 7 1 7 11 1 1 12 11 1 12 10 1 1 1 8 1 100 1 7 1 7 11 1 12 11 10 1 1 1 8 1 100 1 7 1 7 11 1 7 1 1 12 11 1 12 10 1 1 1 8 1 100 1 7 1 7 1 12 11 1 7 1 1 12 11 1 12 10 1 1 1 8 1 100 1 7 1 7 11 1 7 1 1 12 11 1 12 10 1 1 1 8 1 100 1 7 1 7 11 1 7 1 1 12 11 1 12 10 1 1 1 8 1 100 1 7 1 100 11 1 100 1 1 12 11 1 12 10 1 1 1 7 1 8 1 100 1 100 1 100 1 12 10 1 1 1 1 12 11 1 100 1 100 10 1 8 1 1 12 10 1 12 10 1 1 12 10 10 1 1 1 1 1 8 12 10 1 1 1 1 1 1 1 1 1 1 1 1 1 12 10 1 1 1 1 7 1 100 10 1 1 7 1 1 1 7 1 1 12 10 1 1 1 1 12 10 1 1 12 10 1 1 12 10 1 1 12 10 1 1 12 10 1 1 12 10 1 1 12 10 1 1 12 10 1 1 12 10 1 1 12 10 1 1 12 10 1 1 12 10 1 1 12 10 1 1 12 10 1 1 12 10 1 1 12 10 1 1 1 12 10 1 1 1 12 10 1 1 1 12 10 1 1 1 12 10 1 1 1 12 10 1 1 1 12 10 1 1 1 12 10 1 1 1 12 10 1 1 1 12 10 1 1 1 12 10 1 1 1 12 10 1 1 1 12 10 1 1 1 12 10 1 1 1 12 10 1 1 1 12 10 1 1 1 1 12 10 1 1 1 12 10 1 1 1 12 10 1 1 1 12 10 1 1 1 12 10 1 1 1 12 10 1 1 1 12 10 1 1 1 1 12 10 1 1 1 1 12 10 1 1 1 12 10 1 1 1 12 10 1 1 1 12 10 1 1 1 12 10 1 1 1 12 10 1 1 1 12 10 1 1 1 12 10 1 1 1 12 10 1 1 1 12 10 1 1 1 12 10 1 1 1 12 10 1 1 1 12 10 1 1 1 12 10 1 1 1 12 10 1 1 1 12 10 1 1 1 12 10 1 1 1 12 10 1 1 1 12 10 1 1 1 12 10 1 1 1 1 12 10 1 1 1 12 10 1 1 1 12 10 1 1 1 12 10 1 1 1 12 10 1 1 1 1 12 10 1 1 1 1 12 10 1 1 1 12 10 1 1 1 12 10 1 1 1 12 10 1 1 1 12 10 1 1 1 12 10 1 1 1 12 10 1 1 1 12 10 1 1 1 12 10 1 1 1 1 12 10 1 1 1 1 12 10 1 1 1 12 10 1 1 1 12 10 1 1 1 12 10 1 1 1 12 10 1 1 1 12 10 1 1 1 12 10 1 1 1 12 10 1 1 1 12 10 1 1 1 12 10 1 1 1 12 10 1 1 1 12 10 1 1 1 12 10 1 1 1 12 10 1 1 1 12 10 1 1 1 12 10 1 1 1 12 10 1 1 1 12 10 1 1 1 12 10 1 1 1 12 10 1 1 1 12 10 1 1 1 12 10 1 1 1 12 10 1 1 1 12 10 1 1 1 12 10 1 1 1 12 10 1 1 1 12 10 1 1 1 12 10 1 1 1 12 10 1 1 1 12 10 1 1 1 12 10 1 1 1 12 10 1 1 1 12 10 1 1 1 12 10 1 1 1 12 10 1 1 1 12 10 1 1 1 1 12 10 1 1 1 12 10 1 1 1 12 10 1 1 1 12 10 1 1 1 12 10 1 1 1 12 10 1 1 1 12 10 1 1 1 12 10 1 1 1 12 10 1 1 1 12 10 1 1 1 12 10 1 1 1 12 10 1 1 1 12 10 1 1 1 12 10 1 1 1 12 10 1 1 1 12 10 1 1 1 1 12 10 1 1 1 12 10 1 1 1 1 12 10 1 1 1 12 10 1 1 1 12 10 1 1 1 12 10 1 1 1 12 10 1 1 1 12 10 1 1 1 12 10 1 1 1 12 10 1 1 1 12 10 1 1 1 12 10 1 1 1 12 10 1 1 1 12 10 1 1 1 1 12 10 1 1 1 12 10 1 1 1 12 10 1 1 1 12 10 1 1 1 1 12 10 1 1 1 12 10 1 1 1 12 10 12 10 1 1 100 12 10 1 7 1 12 9 1 1 12 10 1 12 10 1 12 10 1 12 10 1 12 10 1 12 10 1 12 10 1 12 10 1 12 10 1 12 10 1 12 10 1 12 10 1 12 10 1 12 10 1 12 10 1 12 10 1 12 10 1 12 10 1 12 10 1 12 10 1 12 10 1 12 10 1 12 10 1 12 10 1 12 10 1 12 10 1 12 10 1 12 10 1 12 10 1 12 10 1 12 10 1 12 10 1 12 10 1 12 10 1 12 10 1 12 10 1 12 10 1 12 10 1 12 10 1 12 10 1 12 10 1 12 10 1 12 10 1 12 10 1 12 10 1 12 10 1 12 10 1 12 10 1 12 10 1 12 10 1 12 10 1 12 10 1 12 10 1 12 10 1 12 10 1 12 10 1 12 10 1 12 10 1 12 10 1 12 10 1 12 10 1 12 10 1 12 10 1 12 10 1 12 10 1 12 10 1 12 10 1 12 10 1 12 10 1 12 10 1 12 10 1 12 10 1 12 10 1 12 10 1 12 10 1 12 10 1 12 10 1 12 10 1 12 10 1 12 10 1 12 10 1 12 10 1 1 1 1 1 1 1 1 1 1 1
ciInstanceKlass org/jetbrains/kotlin/ir/util/DescriptorsRemapper 1 0 70 1 100 1 100 1 1 1 3 3 3 1 1 3 1 1 1 1 1 1 1 1 1 1 1 1 1 1 1 1 1 1 1 1 1 1 1 1 1 1 1 1 1 1 1 1 1 1 100 1 100 1 1 1 1 1 1 1 1 1 1 1 1 1 1 1 1 1 1 1
ciInstanceKlass org/jetbrains/kotlin/ir/declarations/lazy/IrLazyValueParameter 1 1 325 1 7 1 7 1 100 1 1 1 3 3 3 1 1 3 1 1 1 1 1 1 1 1 1 1 1 1 1 1 1 1 1 1 1 1 1 1 1 1 1 1 1 1 1 1 1 1 1 1 1 1 1 1 1 1 1 1 1 1 1 1 1 1 1 1 1 1 1 1 1 1 1 1 1 1 1 1 1 1 1 1 1 1 1 1 1 1 1 1 1 1 1 1 1 1 1 1 1 1 1 1 1 1 1 1 1 7 1 1 7 1 7 1 1 1 1 1 1 1 1 8 1 7 1 1 12 10 8 8 8 8 8 8 1 12 10 12 9 12 9 12 9 12 9 12 9 12 9 12 9 12 9 12 9 12 9 12 9 12 9 12 9 1 1 12 10 12 9 12 10 1 7 1 1 12 10 1 12 10 1 7 1 7 1 1 12 10 12 9 1 12 10 12 9 12 10 1 7 1 7 1 1 12 11 1 8 12 9 1 100 8 1 1 12 10 12 9 1 12 9 1 7 1 1 12 11 1 7 1 1 1 12 11 1 1 7 1 1 1 12 10 1 1 1 12 10 1 1 1 1 12 10 1 1 1 1 12 10 1 1 12 10 1 1 12 10 1 1 7 1 1 100 1 12 10 1 100 1 1 7 1 1 100 1 1 7 1 7 1 7 1 1 12 10 1 7 8 1 8 1 12 10 1 7 1 1 12 10 8 1 8 8 1 8 1 1 1 1 1 1 1 1 1 1
staticfield org/jetbrains/kotlin/ir/declarations/lazy/IrLazyValueParameter $$delegatedProperties [Lkotlin/reflect/KProperty; 3 [Lkotlin/reflect/KProperty;
ciInstanceKlass androidx/compose/compiler/plugins/kotlin/lower/ComposableSymbolRemapper 1 1 38 1 100 1 7 1 1 1 3 3 3 1 1 3 1 1 1 1 1 1 1 1 7 1 12 10 1 7 1 12 10 1 1 1 1 1 1 1
ciInstanceKlass androidx/compose/compiler/plugins/kotlin/lower/ComposableSymbolRemapper$1 1 1 218 1 7 1 7 1 100 1 1 100 1 1 12 1 1 3 3 3 1 1 3 1 1 1 1 1 1 1 1 1 1 1 1 1 1 1 1 1 1 1 1 1 1 7 1 10 1 1 1 1 1 1 12 10 1 7 1 1 1 1 1 12 10 1 7 1 1 1 12 10 1 7 1 1 1 12 10 1 7 1 1 7 1 1 12 11 1 7 1 7 1 1 12 11 1 1 12 11 1 7 1 12 11 1 1 12 11 1 7 1 1 12 11 1 12 10 1 1 1 1 1 1 1 1 11 1 12 11 1 7 1 11 1 1 12 11 1 100 1 1 11 1 1 7 1 12 10 1 12 10 1 7 11 1 1 1 1 1 1 12 10 1 1 12 10 1 1 1 12 10 1 1 1 1 12 10 1 1 12 10 1 1 1 12 10 1 1 12 10 1 1 1 12 10 1 1 1 1 12 10 1 1 1 1 12 10 1 1 1 1 1 1 1 1 1 1 1 1
ciInstanceKlass org/jetbrains/kotlin/ir/declarations/IrScript 0 0 228 1 100 1 100 1 100 1 100 1 100 1 100 1 1 1 3 3 3 1 1 3 1 1 1 1 1 1 1 1 1 1 1 1 1 1 1 1 1 1 1 1 1 1 1 1 1 1 1 1 1 1 1 1 1 1 1 1 1 1 1 1 1 1 1 1 1 1 1 1 1 1 1 1 1 1 1 1 1 1 1 1 1 1 1 1 1 1 1 1 1 1 1 1 1 1 1 1 1 1 1 1 1 1 1 1 1 1 1 12 10 1 1 1 1 1 1 1 1 1 1 1 1 8 1 100 1 1 12 10 1 100 1 1 12 11 1 1 1 12 10 1 100 1 1 12 11 1 100 1 1 12 11 1 1 12 11 1 100 12 11 12 10 1 100 10 12 10 1 100 10 12 10 12 10 12 10 1 1 1 1 1 1 1 1 1 1 1 1 8 1 100 1 1 12 10 1 1 12 10 1 100 1 100 12 10 1 1 12 10 12 10 12 10 12 10 12 10 1 1 1 1 1 1 1 1 1 1
ciInstanceKlass org/jetbrains/kotlin/ir/util/NullDescriptorsRemapper 1 1 103 1 7 1 7 1 100 1 1 1 3 3 3 1 1 3 1 1 1 1 1 1 1 1 1 1 1 1 1 1 1 1 1 1 1 1 1 1 1 1 1 7 1 1 1 1 12 10 1 1 1 8 1 7 1 1 12 10 1 1 1 1 1 1 1 1 1 12 10 1 1 1 1 12 10 1 1 12 10 1 1 1 12 10 1 1 1 1 12 10 1 1 10 12 9 1 1 1 1 1 1 1 1
staticfield org/jetbrains/kotlin/ir/util/NullDescriptorsRemapper INSTANCE Lorg/jetbrains/kotlin/ir/util/NullDescriptorsRemapper; org/jetbrains/kotlin/ir/util/NullDescriptorsRemapper
instanceKlass org/jetbrains/kotlin/ir/descriptors/IrBasedPropertyAccessorDescriptor
ciInstanceKlass org/jetbrains/kotlin/ir/descriptors/IrBasedSimpleFunctionDescriptor 1 1 384 1 7 1 1 7 1 100 1 100 1 1 1 3 3 3 1 1 3 1 1 1 1 1 1 1 1 1 1 1 1 1 1 1 1 1 1 1 1 1 1 1 1 1 1 1 1 1 1 1 1 1 1 1 1 1 1 1 1 1 1 1 1 1 1 1 1 1 1 1 1 1 1 1 1 1 1 1 1 1 1 1 1 1 1 1 1 1 1 1 1 1 1 1 1 1 1 100 1 100 1 1 100 1 100 1 1 100 1 1 100 1 100 1 100 1 100 1 1 1 8 1 7 1 1 12 10 1 7 1 12 10 1 1 1 1 1 12 10 1 100 1 12 10 1 100 1 100 1 100 1 1 12 11 1 12 10 1 1 12 11 1 100 1 1 12 11 1 1 12 11 1 100 1 12 11 1 100 1 1 12 10 1 1 12 11 1 100 1 100 1 1 12 10 1 1 1 1 1 1 1 1 1 1 1 1 1 1 12 10 1 12 10 1 12 10 1 1 12 10 1 1 12 10 1 1 1 12 10 1 1 12 10 1 8 1 12 10 1 100 1 12 11 1 100 1 100 1 1 1 1 12 10 1 100 1 12 10 1 1 12 10 12 10 12 10 12 10 12 10 12 10 1 1 8 8 1 100 1 100 1 12 10 1 8 1 1 12 10 1 1 12 10 1 12 10 1 1 8 1 8 1 1 1 12 10 1 1 12 9 1 1 12 10 12 9 1 12 9 1 1 1 1 1 1 1 1 12 10 1 100 1 1 12 11 1 1 1 12 10 1 12 10 1 1 1 7 1 1 100 1 1 100 1 12 10 1 1 100 1 1 12 10 1 1 1 1 1 1 1 1 12 10 1 1 1 1 1 1 1 1 1 1 1
ciInstanceKlass org/jetbrains/kotlin/ir/descriptors/IrBasedValueParameterDescriptor 1 1 246 1 100 1 1 7 1 100 1 1 1 3 3 3 1 1 3 1 1 1 1 1 1 1 1 1 1 1 1 1 1 1 1 1 1 1 1 1 1 1 1 1 1 1 1 1 1 1 1 1 1 1 1 1 1 1 1 1 1 1 1 1 1 1 1 1 1 1 1 1 1 1 1 100 1 1 1 8 1 7 1 1 12 10 1 7 1 12 10 1 1 1 12 10 1 100 12 10 12 10 12 10 1 1 12 10 1 1 12 10 1 100 1 100 1 1 1 12 10 1 8 1 12 10 1 100 1 100 1 1 12 10 12 10 1 12 10 1 1 12 10 1 1 1 1 8 8 1 8 1 100 1 100 12 10 1 8 1 1 12 10 1 1 12 10 1 12 10 1 1 1 1 100 1 1 12 10 1 100 1 1 1 1 8 1 100 1 8 10 1 1 12 10 1 100 1 1 12 11 1 1 1 1 1 12 10 1 12 10 1 100 1 1 100 1 12 10 1 12 10 1 1 100 1 1 100 1 1 12 10 1 100 1 1 100 1 1 1 1 1 1 1 1 1 1 1
ciInstanceKlass org/jetbrains/kotlin/ir/descriptors/IrBasedReceiverParameterDescriptor 1 1 172 1 100 1 1 7 1 100 1 1 1 3 3 3 1 1 3 1 1 1 1 1 1 1 1 1 1 1 1 1 1 1 1 1 1 1 1 1 1 1 1 1 1 1 1 1 1 1 1 1 1 1 1 1 1 8 1 7 1 1 12 10 1 7 1 12 10 1 1 1 8 1 100 1 100 1 12 10 1 8 1 1 12 10 1 1 12 10 1 12 10 1 1 1 12 10 1 100 1 12 10 1 1 12 10 1 12 10 1 8 1 1 1 100 1 1 12 10 1 100 1 1 8 8 1 1 1 1 12 10 1 100 1 1 12 11 1 1 1 1 12 10 1 1 12 10 1 100 1 1 100 1 1 100 1 1 100 1 1 12 10 1 100 1 1 1 1 1 1 1 1 1
ciInstanceKlass org/jetbrains/kotlin/ir/descriptors/IrBasedFieldDescriptor 1 1 362 1 7 1 1 7 1 100 1 1 1 3 3 3 1 1 3 1 1 1 1 1 1 1 1 1 1 1 1 1 1 1 1 1 1 1 1 1 1 1 1 1 1 1 1 1 1 1 1 1 1 1 1 1 1 1 1 1 1 1 1 1 1 1 1 1 1 1 1 1 1 1 1 1 1 1 1 1 1 1 1 1 1 1 1 1 1 1 1 1 1 1 1 1 1 1 1 1 1 1 1 1 1 1 1 1 1 1 1 1 100 1 100 1 1 100 1 100 1 1 100 1 1 1 8 1 7 1 1 12 10 1 7 1 12 10 1 1 1 1 12 10 1 100 1 12 10 1 100 1 12 9 1 12 9 1 1 8 1 8 1 100 1 100 1 12 10 1 8 1 1 12 10 1 1 12 10 1 12 10 1 1 1 12 9 1 12 10 1 1 100 1 12 9 1 1 1 100 10 1 100 1 100 1 1 1 1 1 1 1 1 1 1 100 1 12 10 1 12 10 1 1 8 1 100 1 8 10 1 1 12 10 1 1 12 10 1 1 12 10 1 100 1 1 12 10 1 100 1 1 12 10 1 100 1 1 12 10 1 100 1 8 1 12 10 1 100 1 1 12 10 1 100 1 12 11 1 100 1 12 10 1 100 1 12 10 1 100 12 10 1 1 8 12 10 1 1 12 10 1 100 1 1 12 11 1 1 1 1 1 1 12 10 1 100 12 11 1 1 12 11 1 100 12 11 1 100 1 1 1 100 1 12 10 1 1 1 7 1 1 100 1 1 12 10 1 100 1 1 100 12 10 1 1 1 1 1 1 1 1 1 1
ciInstanceKlass org/jetbrains/kotlin/ir/descriptors/IrBasedPropertyDescriptor 1 1 375 1 7 1 1 7 1 100 1 100 1 1 1 3 3 3 1 1 3 1 1 1 1 1 1 1 1 1 1 1 1 1 1 1 1 1 1 1 1 1 1 1 1 1 1 1 1 1 1 1 1 1 1 1 1 1 1 1 1 1 1 1 1 1 1 1 1 1 1 1 1 1 1 1 1 1 1 1 1 1 1 1 1 1 1 1 1 1 1 1 1 1 1 1 1 1 1 1 1 1 1 1 1 1 1 1 1 1 1 1 1 1 1 1 1 1 1 100 1 100 1 1 100 1 100 1 1 100 1 1 1 1 8 1 7 1 1 12 10 1 7 1 12 10 1 7 12 10 12 9 1 1 1 1 12 10 12 10 1 1 8 1 8 1 100 1 100 1 12 10 1 8 1 1 12 10 1 1 12 10 1 12 10 1 1 1 12 9 1 12 10 1 1 100 1 12 9 1 1 1 100 10 1 100 1 100 1 1 1 1 1 1 1 1 100 12 10 12 10 1 100 1 1 12 10 1 1 100 12 11 1 12 10 1 12 10 1 12 10 1 100 1 1 12 10 1 100 1 100 1 100 1 12 10 1 8 1 100 1 8 10 1 12 10 1 12 10 1 100 1 12 10 1 100 12 10 1 100 1 1 12 10 1 1 12 10 12 10 12 10 1 1 12 10 1 12 10 1 100 1 100 12 10 1 12 10 12 10 1 1 8 12 10 1 1 100 1 1 12 11 1 1 1 1 1 12 10 1 12 11 1 1 12 11 1 100 12 11 1 100 1 100 1 1 1 100 1 12 10 1 1 1 7 1 1 100 1 1 12 10 1 100 1 1 100 1 1 1 1 1 1 1 1 1 1
ciMethod java/lang/Object <init> ()V 1024 0 8601240 0 80
ciMethod java/lang/Object getClass ()Ljava/lang/Class; 256 0 128 0 -1
ciMethod java/lang/Object hashCode ()I 256 0 128 0 -1
ciMethod java/lang/Object equals (Ljava/lang/Object;)Z 530 0 389575 0 88
ciMethod java/lang/Object toString ()Ljava/lang/String; 2 0 1 0 -1
ciMethod java/lang/Class getSimpleName ()Ljava/lang/String; 4136 0 8784 0 -1
ciMethod java/util/Map put (Ljava/lang/Object;Ljava/lang/Object;)Ljava/lang/Object; 0 0 1 0 -1
ciMethod java/lang/StringBuilder <init> ()V 8 0 313451 0 -1
ciMethod java/lang/StringBuilder append (Ljava/lang/Object;)Ljava/lang/StringBuilder; 14 0 73931 0 -1
ciMethod java/lang/StringBuilder append (Ljava/lang/String;)Ljava/lang/StringBuilder; 10 0 757449 0 -1
ciMethod java/lang/StringBuilder toString ()Ljava/lang/String; 10 0 323444 0 -1
ciMethod java/lang/Iterable iterator ()Ljava/util/Iterator; 0 0 1 0 -1
ciMethod java/util/Collection isEmpty ()Z 0 0 1 0 -1
ciMethod java/util/ArrayList iterator ()Ljava/util/Iterator; 512 0 145007 0 200
ciMethod java/util/Iterator hasNext ()Z 0 0 1 0 -1
ciMethod java/util/Iterator next ()Ljava/lang/Object; 0 0 1 0 -1
ciMethod java/util/HashMap hash (Ljava/lang/Object;)I 824 0 86348 0 0
ciMethod java/util/HashMap put (Ljava/lang/Object;Ljava/lang/Object;)Ljava/lang/Object; 1024 0 35422 0 2144
ciMethod java/util/HashMap putVal (ILjava/lang/Object;Ljava/lang/Object;ZZ)Ljava/lang/Object; 554 26 24473 0 1904
ciMethod java/util/HashMap resize ()[Ljava/util/HashMap$Node; 82 274 1313 0 2752
ciMethod java/util/HashMap treeifyBin ([Ljava/util/HashMap$Node;I)V 0 0 1 0 0
ciMethod java/util/HashMap newNode (ILjava/lang/Object;Ljava/lang/Object;Ljava/util/HashMap$Node;)Ljava/util/HashMap$Node; 572 0 7602 0 224
ciMethod java/util/HashMap replacementTreeNode (Ljava/util/HashMap$Node;Ljava/util/HashMap$Node;)Ljava/util/HashMap$TreeNode; 0 0 1 0 -1
ciMethod java/util/HashMap afterNodeAccess (Ljava/util/HashMap$Node;)V 22 0 1095 0 80
ciMethod java/util/HashMap afterNodeInsertion (Z)V 658 0 1365 0 80
ciMethod java/util/HashMap$Node <init> (ILjava/lang/Object;Ljava/lang/Object;Ljava/util/HashMap$Node;)V 1024 0 21960 0 0
ciMethod java/util/HashMap$TreeNode treeify ([Ljava/util/HashMap$Node;)V 0 0 1 0 -1
ciMethod java/util/HashMap$TreeNode putTreeVal (Ljava/util/HashMap;[Ljava/util/HashMap$Node;ILjava/lang/Object;Ljava/lang/Object;)Ljava/util/HashMap$TreeNode; 0 0 1 0 -1
ciMethod java/util/HashMap$TreeNode split (Ljava/util/HashMap;[Ljava/util/HashMap$Node;II)V 0 0 1 0 -1
ciMethodData java/lang/Object <init> ()V 2 8600731 orig 80 0 0 0 0 0 0 0 0 0 0 0 0 0 0 0 0 0 0 0 0 0 0 0 0 0 0 0 0 0 0 0 0 0 0 0 0 0 0 0 0 0 0 0 0 0 0 0 0 0 0 0 0 0 0 0 0 0 0 0 0 0 0 0 0 0 0 0 0 0 0 0 0 0 0 0 0 0 0 0 0 data 4 0x0 0x9 0x1 0x0 oops 0 methods 0
ciMethod java/util/Collections singletonIterator (Ljava/lang/Object;)Ljava/util/Iterator; 816 0 16022 0 0
ciMethodData java/util/HashMap hash (Ljava/lang/Object;)I 2 85936 orig 80 1 0 0 0 2 0 0 0 0 0 0 0 251 127 0 0 0 0 0 0 0 0 0 0 0 0 0 0 0 0 0 0 0 0 0 0 0 0 0 4 0 0 0 0 0 0 0 0 0 0 0 0 0 0 0 0 0 0 0 0 0 0 0 0 0 0 0 0 0 0 0 0 0 0 0 0 0 0 0 0 data 23 0x8000000600010007 0x14fa6 0x38 0xe 0x50003 0xe 0x50 0x90005 0x105d2 0x0 0x198ab05dcc8 0x484d 0x198ab05f538 0x187 0x0 0x0 0x0 0x0 0x0 0x0 0x9 0x1 0xffffffffffffffff oops 2 10 java/lang/String 12 java/lang/Module methods 0
ciMethodData java/util/HashMap putVal (ILjava/lang/Object;Ljava/lang/Object;ZZ)Ljava/lang/Object; 2 24196 orig 80 2 0 0 0 3 0 0 0 0 0 0 0 251 127 0 0 0 0 0 0 5 0 0 0 0 0 0 0 0 0 0 0 0 0 0 0 0 0 0 9 0 0 0 0 0 0 0 0 0 0 0 0 0 0 0 0 0 0 0 0 0 0 0 0 0 0 0 0 0 0 0 0 0 0 0 0 0 0 0 0 data 198 0x70007 0x1994 0x40 0x44f0 0x100007 0x44f0 0x58 0x0 0x140005 0x1994 0x0 0x0 0x0 0x0 0x0 0x2c0007 0x18c4 0xa8 0x45c0 0x380005 0x30 0x0 0x198b0e899e0 0x163c 0x198ad682c50 0x2f54 0x3b0004 0x0 0x0 0x198ac4d95a0 0x166c 0x198ad682d00 0x2f54 0x3c0003 0x45c0 0x410 0x450007 0x138d 0xd0 0x537 0x510007 0x3c4 0x98 0x173 0x550007 0x0 0x90 0x173 0x80000004005b0005 0xe 0x0 0x198ab05dcc8 0x165 0x198b1b98fb8 0x5 0x80000006005e0007 0x8 0x38 0x172 0x650003 0x536 0x2a8 0x6a0004 0xffffffffffffec6b 0x0 0x198ac4d95a0 0x6e 0x198ad682d00 0x12 0x6d0007 0x1395 0xa8 0x0 0x720004 0x0 0x0 0x0 0x0 0x0 0x0 0x7b0005 0x0 0x0 0x0 0x0 0x0 0x0 0x800003 0x0 0x1c8 0x8e0007 0x588 0xc8 0x121b 0x980005 0x22 0x0 0x198b0e899e0 0x747 0x198ad682c50 0xab2 0x8000000600a20007 0x121b 0x158 0x1 0xa90005 0x1 0x0 0x0 0x0 0x0 0x0 0xac0003 0x1 0x100 0xb50007 0x409 0xd0 0x17f 0x8000000600c10007 0xfa 0xc8 0x88 0xc50007 0x0 0x90 0x88 0xcb0005 0x2 0x0 0x198ab05dcc8 0x84 0x198ad682db0 0x2 0x8000000600ce0007 0x5 0x38 0x86 0xd10003 0x86 0x30 0xdb0003 0x40e 0xfffffffffffffe68 0xe00007 0x121c 0x98 0x6b6 0xec0007 0x6b6 0x40 0x0 0xf10007 0x0 0x20 0x0 0xfd0005 0x0 0x0 0x198b0e899e0 0x37e 0x198ad682c50 0x338 0x11c0007 0x571b 0x58 0xc1 0x1200005 0xc1 0x0 0x0 0x0 0x0 0x0 0x1270005 0x52 0x0 0x198b0e899e0 0x1d84 0x198ad682c50 0x3a06 0x0 0x0 0x0 0x0 0x0 0x0 0x0 0x0 0x0 0x9 0x6 0x0 0x0 0x0 0x0 0x0 0x0 oops 16 22 java/util/HashMap 24 java/util/LinkedHashMap 29 java/util/HashMap$Node 31 java/util/LinkedHashMap$Entry 51 java/lang/String 53 org/jetbrains/kotlin/name/FqName 65 java/util/HashMap$Node 67 java/util/LinkedHashMap$Entry 97 java/util/HashMap 99 java/util/LinkedHashMap 130 java/lang/String 132 sun/reflect/generics/reflectiveObjects/ParameterizedTypeImpl 159 java/util/HashMap 161 java/util/LinkedHashMap 177 java/util/HashMap 179 java/util/LinkedHashMap methods 0
ciMethodData java/util/HashMap resize ()[Ljava/util/HashMap$Node; 2 1272 orig 80 0 0 0 0 0 0 0 0 0 0 0 0 0 0 0 0 0 0 0 0 0 0 0 0 0 0 0 0 0 0 0 0 0 0 0 0 0 0 0 0 0 0 0 0 0 0 0 0 0 0 0 0 0 0 0 0 0 0 0 0 0 0 0 0 0 0 0 0 0 0 0 0 0 0 0 0 0 0 0 0 data 171 0x60007 0xe9 0x38 0x40f 0xa0003 0x40f 0x18 0x190007 0x40f 0x98 0xe9 0x1f0007 0xe9 0x20 0x0 0x320007 0x0 0x90 0xe9 0x380007 0x18 0x70 0xd1 0x400003 0xd1 0x50 0x440007 0x201 0x38 0x20e 0x4a0003 0x20e 0x18 0x570007 0x2d2 0x78 0x226 0x680007 0x0 0x58 0x226 0x700007 0x0 0x38 0x226 0x760003 0x226 0x18 0x910007 0x40f 0x378 0xe9 0x9a0007 0xe9 0x358 0x957f 0xa40007 0x463b 0x320 0x4f44 0xab0104 0x0 0x0 0x0 0x0 0x0 0x0 0xb10007 0x1a5f 0x70 0x34e5 0xc20004 0x0 0x0 0x198ac4d95a0 0x341f 0x198ad682d00 0xc6 0xc30003 0x34e5 0x270 0xc80004 0xffffffffffffe5a1 0x0 0x198ac4d95a0 0x70 0x0 0x0 0xcb0007 0x1a5f 0xa8 0x0 0xd00004 0x0 0x0 0x0 0x0 0x0 0x0 0xd90005 0x0 0x0 0x0 0x0 0x0 0x0 0xdc0003 0x0 0x190 0xf90007 0x1e4c 0x70 0x1dd3 0xfe0007 0x931 0x38 0x14a2 0x1050003 0x14a2 0x18 0x1130003 0x1dd3 0x50 0x1180007 0x984 0x38 0x14c8 0x11f0003 0x14c8 0x18 0x1320007 0x21c0 0xffffffffffffff58 0x1a5f 0x1370007 0x5bd 0x58 0x14a2 0x1460004 0x0 0x0 0x198ac4d95a0 0x144d 0x198ad682d00 0x55 0x1490007 0x597 0x58 0x14c8 0x15a0004 0x0 0x0 0x198ac4d95a0 0x147d 0x198ad682d00 0x4b 0x15e0003 0x957f 0xfffffffffffffcc0 0x0 0x0 0x0 0x0 0x0 0x0 0x0 0x0 0x0 0x9 0x1 0x0 oops 7 74 java/util/HashMap$Node 76 java/util/LinkedHashMap$Entry 84 java/util/HashMap$Node 141 java/util/HashMap$Node 143 java/util/LinkedHashMap$Entry 152 java/util/HashMap$Node 154 java/util/LinkedHashMap$Entry methods 0
ciMethodData java/util/HashMap newNode (ILjava/lang/Object;Ljava/lang/Object;Ljava/util/HashMap$Node;)Ljava/util/HashMap$Node; 2 7316 orig 80 0 0 0 0 0 0 0 0 0 0 0 0 0 0 0 0 0 0 0 0 0 0 0 0 0 0 0 0 0 0 0 0 0 0 0 0 0 0 0 0 0 0 0 0 0 0 0 0 0 0 0 0 0 0 0 0 0 0 0 0 0 0 0 0 0 0 0 0 0 0 0 0 0 0 0 0 0 0 0 0 data 11 0x90002 0x1c94 0x0 0x0 0x9 0x5 0x0 0x0 0x0 0x0 0x0 oops 0 methods 0
ciMethodData java/util/HashMap treeifyBin ([Ljava/util/HashMap$Node;I)V 1 1 orig 80 0 0 0 0 0 0 0 0 0 0 0 0 0 0 0 0 0 0 0 0 0 0 0 0 0 0 0 0 0 0 0 0 0 0 0 0 0 0 0 0 0 0 0 0 0 0 0 0 0 0 0 0 0 0 0 0 0 0 0 0 0 0 0 0 0 0 0 0 0 0 0 0 0 0 0 0 0 0 0 0 data 69 0x10007 0x0 0x40 0x1 0xa0007 0x0 0x70 0x1 0xe0005 0x1 0x0 0x0 0x0 0x0 0x0 0x120003 0x1 0x158 0x220007 0x0 0x140 0x0 0x2f0005 0x0 0x0 0x0 0x0 0x0 0x0 0x360007 0x0 0x38 0x0 0x3d0003 0x0 0x18 0x5a0007 0x0 0xffffffffffffff90 0x0 0x630004 0x0 0x0 0x0 0x0 0x0 0x0 0x640007 0x0 0x58 0x0 0x6a0005 0x0 0x0 0x0 0x0 0x0 0x0 0x0 0x0 0x0 0x0 0x0 0x0 0x9 0x3 0xffffffffffffffff 0xffffffffffffffff 0x0 oops 0 methods 0
ciMethodData java/util/HashMap afterNodeAccess (Ljava/util/HashMap$Node;)V 2 1084 orig 80 0 0 0 0 0 0 0 0 0 0 0 0 0 0 0 0 0 0 0 0 0 0 0 0 0 0 0 0 0 0 0 0 0 0 0 0 0 0 0 0 0 0 0 0 0 0 0 0 0 0 0 0 0 0 0 0 0 0 0 0 0 0 0 0 0 0 0 0 0 0 0 0 0 0 0 0 0 0 0 0 data 5 0x0 0x9 0x2 0x0 0x0 oops 0 methods 0
ciMethodData java/util/HashMap afterNodeInsertion (Z)V 2 1036 orig 80 0 0 0 0 0 0 0 0 0 0 0 0 0 0 0 0 0 0 0 0 0 0 0 0 0 0 0 0 0 0 0 0 0 0 0 0 0 0 0 0 0 0 0 0 0 0 0 0 0 0 0 0 0 0 0 0 0 0 0 0 0 0 0 0 0 0 0 0 0 0 0 0 0 0 0 0 0 0 0 0 data 5 0x0 0x9 0x2 0x0 0x0 oops 0 methods 0
ciMethodData java/util/HashMap$Node <init> (ILjava/lang/Object;Ljava/lang/Object;Ljava/util/HashMap$Node;)V 2 21448 orig 80 0 0 0 0 0 0 0 0 0 0 0 0 0 0 0 0 0 0 0 0 0 0 0 0 0 0 0 0 0 0 0 0 0 0 0 0 0 0 0 0 0 0 0 0 0 0 0 0 0 0 0 0 0 0 0 0 0 0 0 0 0 0 0 0 0 0 0 0 0 0 0 0 0 0 0 0 0 0 0 0 data 13 0x10002 0x53c9 0x0 0x0 0x0 0x0 0x9 0x5 0xe 0x0 0x0 0x0 0x0 oops 0 methods 0
ciMethodData java/util/HashMap put (Ljava/lang/Object;Ljava/lang/Object;)Ljava/lang/Object; 2 34910 orig 80 4 0 0 0 0 0 0 0 0 0 0 0 0 0 0 0 0 0 0 0 0 0 0 0 0 0 0 0 0 0 0 0 0 0 0 0 0 0 0 0 0 0 0 0 0 0 0 0 0 0 0 0 0 0 0 0 0 0 0 0 0 0 0 0 0 0 0 0 0 0 0 0 0 0 0 0 0 0 0 0 data 20 0x20002 0x885f 0x90005 0x8860 0x0 0x0 0x0 0x0 0x0 0x0 0x0 0x0 0x0 0x0 0x0 0x9 0x3 0xffffffffffffffff 0xffffffffffffffff 0xffffffffffffffff oops 0 methods 0
ciMethod java/lang/IllegalStateException <init> (Ljava/lang/String;)V 0 0 1 0 -1
ciMethod kotlin/jvm/internal/Intrinsics checkNotNull (Ljava/lang/Object;Ljava/lang/String;)V 780 0 1068336 0 104
ciMethod kotlin/jvm/internal/Intrinsics throwJavaNpe (Ljava/lang/String;)V 0 0 1 0 -1
ciMethod kotlin/jvm/internal/Intrinsics checkNotNullParameter (Ljava/lang/Object;Ljava/lang/String;)V 590 0 40643247 0 104
ciMethod kotlin/jvm/internal/Intrinsics throwParameterIsNullNPE (Ljava/lang/String;)V 0 0 1 0 -1
ciMethod kotlin/jvm/internal/Intrinsics areEqual (Ljava/lang/Object;Ljava/lang/Object;)Z 530 0 2266435 0 496
ciMethod java/util/ArrayList$Itr <init> (Ljava/util/ArrayList;)V 512 0 156156 0 0
ciMethod java/util/ArrayList$Itr hasNext ()Z 772 0 945107 0 120
ciMethod java/util/ArrayList$Itr next ()Ljava/lang/Object; 546 0 5619 0 256
ciMethod java/util/ArrayList$Itr checkForComodification ()V 546 0 21390 0 120
ciMethod java/util/Collections$SingletonList iterator ()Ljava/util/Iterator; 770 0 5507 0 184
ciMethod java/util/Collections$1 <init> (Ljava/lang/Object;)V 828 0 16022 0 0
ciMethod java/util/Collections$1 hasNext ()Z 472 0 236 0 0
ciMethod java/util/Collections$1 next ()Ljava/lang/Object; 936 0 7527 0 112
ciMethod kotlin/Lazy getValue ()Ljava/lang/Object; 0 0 1 0 -1
ciMethodData kotlin/jvm/internal/Intrinsics checkNotNullParameter (Ljava/lang/Object;Ljava/lang/String;)V 2 40643130 orig 80 0 0 0 0 0 0 0 0 0 0 0 0 251 127 0 0 0 0 0 0 0 0 0 0 0 0 0 0 0 0 0 0 0 0 0 0 0 0 0 0 0 0 0 0 0 0 0 0 0 0 0 0 0 0 0 0 0 0 0 0 0 0 0 0 0 0 0 0 0 0 0 0 0 0 0 0 0 0 0 0 data 16 0x10007 0x26c2a3a 0x30 0x0 0x50002 0x0 0x0 0x0 0x0 0x0 0x0 0x0 0x9 0x2 0x0 0x0 oops 0 methods 0
ciMethodData kotlin/jvm/internal/Intrinsics checkNotNull (Ljava/lang/Object;Ljava/lang/String;)V 2 1067948 orig 80 0 0 0 0 0 0 0 0 0 0 0 0 251 127 0 0 0 0 0 0 0 0 0 0 0 0 0 0 0 0 0 0 0 0 0 0 0 0 0 0 0 0 0 0 0 0 0 0 0 0 0 0 0 0 0 0 0 0 0 0 0 0 0 0 0 0 0 0 0 0 0 0 0 0 0 0 0 0 0 0 data 16 0x10007 0x104bac 0x30 0x0 0x50002 0x0 0x0 0x0 0x0 0x0 0x0 0x0 0x9 0x2 0x0 0xffffffffffffffff oops 0 methods 0
ciMethodData kotlin/jvm/internal/Intrinsics areEqual (Ljava/lang/Object;Ljava/lang/Object;)Z 2 2266224 orig 80 0 0 0 0 0 0 0 0 0 0 0 0 251 127 0 0 0 0 0 0 0 0 0 0 0 0 0 0 0 0 0 0 0 0 0 0 0 0 0 0 0 0 0 0 0 0 0 0 0 0 0 0 0 0 0 0 0 0 0 0 0 0 0 0 0 0 0 0 0 0 0 0 0 0 0 0 0 0 0 0 data 31 0x10007 0x1fe0d7 0x70 0x2b399 0x50007 0x2a002 0x38 0x1397 0x90003 0x1397 0x68 0xd0003 0x2a002 0x50 0x120005 0x19e8ec 0x0 0x198ab05dcc8 0x5b93e 0x198ab05dd58 0x3ead 0x0 0x0 0x0 0x0 0x0 0x0 0x9 0x2 0xffffffffffffffff 0xffffffffffffffff oops 2 17 java/lang/String 19 java/lang/Class methods 0
ciMethodData java/lang/Object equals (Ljava/lang/Object;)Z 2 389310 orig 80 0 0 0 0 0 0 0 0 0 0 0 0 251 127 0 0 0 0 0 0 0 0 0 0 0 0 0 0 0 0 0 0 0 0 0 0 0 0 0 0 0 0 0 0 0 0 0 0 0 0 0 0 0 0 0 0 0 0 0 0 0 0 0 0 0 0 0 0 0 0 0 0 0 0 0 0 0 0 0 0 data 17 0x20007 0x4805c 0x38 0x17062 0x60003 0x17062 0x18 0x0 0x0 0x0 0x0 0x0 0x0 0x9 0x2 0x0 0x0 oops 0 methods 0
ciMethodData java/util/ArrayList$Itr next ()Ljava/lang/Object; 2 5346 orig 80 0 0 0 0 0 0 0 0 0 0 0 0 251 127 0 0 0 0 0 0 0 0 0 0 0 0 0 0 0 0 0 0 0 0 0 0 0 0 0 0 0 0 0 0 0 0 0 0 0 0 0 0 0 0 0 0 0 0 0 0 0 0 0 0 0 0 0 0 0 0 0 0 0 0 0 0 0 0 0 0 data 28 0x10005 0x14e2 0x0 0x0 0x0 0x0 0x0 0x110007 0x14e2 0x30 0x0 0x180002 0x0 0x270007 0x14e2 0x30 0x0 0x2e0002 0x0 0x0 0x0 0x0 0x0 0x0 0x0 0x9 0x1 0x6 oops 0 methods 0
ciMethodData java/util/ArrayList$Itr checkForComodification ()V 2 21117 orig 80 0 0 0 0 0 0 0 0 0 0 0 0 0 0 0 0 0 0 0 0 0 0 0 0 0 0 0 0 0 0 0 0 0 0 0 0 0 0 0 0 0 0 0 0 0 0 0 0 0 0 0 0 0 0 0 0 0 0 0 0 0 0 0 0 0 0 0 0 0 0 0 0 0 0 0 0 0 0 0 0 data 13 0xb0007 0x527d 0x30 0x0 0x120002 0x0 0x0 0x0 0x0 0x0 0x9 0x1 0x0 oops 0 methods 0
ciMethodData java/util/ArrayList iterator ()Ljava/util/Iterator; 2 144751 orig 80 0 0 0 0 0 0 0 0 0 0 0 0 251 127 0 0 0 0 0 0 0 0 0 0 0 0 0 0 0 0 0 0 0 0 0 0 0 0 0 0 0 0 0 0 0 0 0 0 0 0 0 0 0 0 0 0 0 0 0 0 0 0 0 0 0 0 0 0 0 0 0 0 0 0 0 0 0 0 0 0 data 8 0x50002 0x2356f 0x0 0x0 0x0 0x9 0x1 0x0 oops 0 methods 0
ciMethodData java/util/ArrayList$Itr <init> (Ljava/util/ArrayList;)V 2 155900 orig 80 0 0 0 0 0 0 0 0 0 0 0 0 0 0 0 0 0 0 0 0 0 0 0 0 0 0 0 0 0 0 0 0 0 0 0 0 0 0 0 0 0 0 0 0 0 0 0 0 0 0 0 0 0 0 0 0 0 0 0 0 0 0 0 0 0 0 0 0 0 0 0 0 0 0 0 0 0 0 0 0 data 10 0x60002 0x260fc 0x0 0x0 0x0 0x0 0x9 0x2 0xc 0x0 oops 0 methods 0
ciMethodData java/util/ArrayList$Itr hasNext ()Z 2 944721 orig 80 0 0 0 0 0 0 0 0 0 0 0 0 251 127 0 0 0 0 0 0 0 0 0 0 0 0 0 0 0 0 0 0 0 0 0 0 0 0 0 0 0 0 0 0 0 0 0 0 0 0 0 0 0 0 0 0 0 0 0 0 0 0 0 0 0 0 0 0 0 0 0 0 0 0 0 0 0 0 0 0 data 14 0xb0007 0x15cb5 0x38 0xd0d9c 0xf0003 0xd0d9c 0x18 0x0 0x0 0x0 0x0 0x9 0x1 0x0 oops 0 methods 0
ciMethod kotlin/properties/ReadOnlyProperty getValue (Ljava/lang/Object;Lkotlin/reflect/KProperty;)Ljava/lang/Object; 0 0 1 0 -1
ciMethod org/jetbrains/kotlin/ir/IrElement accept (Lorg/jetbrains/kotlin/ir/visitors/IrElementVisitor;Ljava/lang/Object;)Ljava/lang/Object; 0 0 1 0 -1
ciMethod org/jetbrains/kotlin/ir/IrElement acceptChildren (Lorg/jetbrains/kotlin/ir/visitors/IrElementVisitor;Ljava/lang/Object;)V 0 0 1 0 -1
ciMethod org/jetbrains/kotlin/ir/declarations/IrSymbolOwner getSymbol ()Lorg/jetbrains/kotlin/ir/symbols/IrSymbol; 0 0 1 0 -1
ciMethod org/jetbrains/kotlin/descriptors/DeclarationDescriptor getOriginal ()Lorg/jetbrains/kotlin/descriptors/DeclarationDescriptor; 0 0 1 0 -1
ciMethod org/jetbrains/kotlin/descriptors/DeclarationDescriptor getContainingDeclaration ()Lorg/jetbrains/kotlin/descriptors/DeclarationDescriptor; 0 0 1 0 -1
ciMethod org/jetbrains/kotlin/types/KotlinType getArguments ()Ljava/util/List; 0 0 1 0 -1
ciMethod org/jetbrains/kotlin/types/KotlinType getAttributes ()Lorg/jetbrains/kotlin/types/TypeAttributes; 0 0 1 0 -1
ciMethod org/jetbrains/kotlin/types/KotlinType getAnnotations ()Lorg/jetbrains/kotlin/descriptors/annotations/Annotations; 516 0 189732 0 272
ciMethod org/jetbrains/kotlin/descriptors/annotations/Annotations findAnnotation (Lorg/jetbrains/kotlin/name/FqName;)Lorg/jetbrains/kotlin/descriptors/annotations/AnnotationDescriptor; 0 0 1 0 -1
ciMethod org/jetbrains/kotlin/descriptors/annotations/Annotations$Companion getEMPTY ()Lorg/jetbrains/kotlin/descriptors/annotations/Annotations; 512 0 94732 0 88
ciMethod org/jetbrains/kotlin/descriptors/annotations/Annotations$Companion$EMPTY$1 findAnnotation (Lorg/jetbrains/kotlin/name/FqName;)Ljava/lang/Void; 774 0 7592 0 0
ciMethod org/jetbrains/kotlin/descriptors/annotations/Annotations$Companion$EMPTY$1 findAnnotation (Lorg/jetbrains/kotlin/name/FqName;)Lorg/jetbrains/kotlin/descriptors/annotations/AnnotationDescriptor; 774 0 7592 0 104
ciMethod org/jetbrains/kotlin/descriptors/impl/DeclarationDescriptorNonRootImpl getContainingDeclaration ()Lorg/jetbrains/kotlin/descriptors/DeclarationDescriptor; 4098 0 56585 0 104
ciMethod org/jetbrains/kotlin/descriptors/impl/DeclarationDescriptorNonRootImpl $$$reportNull$$$0 (I)V 0 0 1 0 -1
ciMethod org/jetbrains/kotlin/descriptors/ParameterDescriptor getType ()Lorg/jetbrains/kotlin/types/KotlinType; 0 0 1 0 -1
ciMethod org/jetbrains/kotlin/descriptors/ParameterDescriptor getContainingDeclaration ()Lorg/jetbrains/kotlin/descriptors/DeclarationDescriptor; 0 0 1 0 -1
ciMethod org/jetbrains/kotlin/descriptors/FunctionDescriptor getReturnType ()Lorg/jetbrains/kotlin/types/KotlinType; 0 0 1 0 -1
ciMethod org/jetbrains/kotlin/descriptors/FunctionDescriptor getValueParameters ()Ljava/util/List; 0 0 1 0 -1
ciMethod org/jetbrains/kotlin/types/TypeProjection getType ()Lorg/jetbrains/kotlin/types/KotlinType; 0 0 1 0 -1
ciMethod org/jetbrains/kotlin/descriptors/impl/VariableDescriptorImpl getType ()Lorg/jetbrains/kotlin/types/KotlinType; 736 0 111140 0 104
ciMethod org/jetbrains/kotlin/descriptors/impl/VariableDescriptorImpl $$$reportNull$$$0 (I)V 0 0 1 0 -1
ciMethod org/jetbrains/kotlin/util/AttributeArrayOwner getArrayMap ()Lorg/jetbrains/kotlin/util/ArrayMap; 256 0 128 0 0
ciMethod org/jetbrains/kotlin/util/AbstractArrayMapOwner getArrayMap ()Lorg/jetbrains/kotlin/util/ArrayMap; 0 0 1 0 -1
ciMethod org/jetbrains/kotlin/util/ArrayMap get (I)Ljava/lang/Object; 0 0 1 0 -1
ciMethodData java/util/Collections singletonIterator (Ljava/lang/Object;)Ljava/util/Iterator; 2 15614 orig 80 0 0 0 0 0 0 0 0 0 0 0 0 251 127 0 0 0 0 0 0 0 0 0 0 0 0 0 0 0 0 0 0 0 0 0 0 0 0 0 0 0 0 0 0 0 0 0 0 0 0 0 0 0 0 0 0 0 0 0 0 0 0 0 0 0 0 0 0 0 0 0 0 0 0 0 0 0 0 0 0 data 8 0x50002 0x3cfe 0x0 0x0 0x0 0x9 0x1 0x0 oops 0 methods 0
ciMethodData java/util/Collections$1 <init> (Ljava/lang/Object;)V 2 15608 orig 80 0 0 0 0 0 0 0 0 0 0 0 0 0 0 0 0 0 0 0 0 0 0 0 0 0 0 0 0 0 0 0 0 0 0 0 0 0 0 0 0 0 0 0 0 0 0 0 0 0 0 0 0 0 0 0 0 0 0 0 0 0 0 0 0 0 0 0 0 0 0 0 0 0 0 0 0 0 0 0 0 data 10 0x60002 0x3cf8 0x0 0x0 0x0 0x0 0x9 0x2 0x6 0x0 oops 0 methods 0
ciMethodData java/util/Collections$1 next ()Ljava/lang/Object; 2 7059 orig 80 0 0 0 0 0 0 0 0 0 0 0 0 251 127 0 0 0 0 0 0 0 0 0 0 0 0 0 0 0 0 0 0 0 0 0 0 0 0 0 0 0 0 0 0 0 0 0 0 0 0 0 0 0 0 0 0 0 0 0 0 0 0 0 0 0 0 0 0 0 0 0 0 0 0 0 0 0 0 0 0 data 13 0x40007 0x0 0x20 0x1b93 0x150002 0x0 0x0 0x0 0x0 0x0 0x9 0x1 0x6 oops 0 methods 0
ciMethodData java/util/Collections$SingletonList iterator ()Ljava/util/Iterator; 2 5122 orig 80 0 0 0 0 0 0 0 0 0 0 0 0 251 127 0 0 0 0 0 0 0 0 0 0 0 0 0 0 0 0 0 0 0 0 0 0 0 0 0 0 0 0 0 0 0 0 0 0 0 0 0 0 0 0 0 0 0 0 0 0 0 0 0 0 0 0 0 0 0 0 0 0 0 0 0 0 0 0 0 0 data 11 0x40002 0x1402 0x0 0x0 0x0 0x0 0x0 0x0 0x9 0x1 0x0 oops 0 methods 0
ciMethod org/jetbrains/kotlin/descriptors/ValueParameterDescriptor getContainingDeclaration ()Lorg/jetbrains/kotlin/descriptors/CallableDescriptor; 0 0 1 0 -1
ciMethod org/jetbrains/kotlin/descriptors/ValueParameterDescriptor getType ()Lorg/jetbrains/kotlin/types/KotlinType; 0 0 1 0 -1
ciMethod org/jetbrains/kotlin/descriptors/impl/ValueParameterDescriptorImpl getContainingDeclaration ()Lorg/jetbrains/kotlin/descriptors/CallableDescriptor; 38 0 18913 0 208
ciMethod org/jetbrains/kotlin/types/TypeProjectionImpl getType ()Lorg/jetbrains/kotlin/types/KotlinType; 120 0 5306 0 104
ciMethod org/jetbrains/kotlin/types/TypeProjectionImpl $$$reportNull$$$0 (I)V 0 0 1 0 -1
ciMethod org/jetbrains/kotlin/types/AnnotationsTypeAttributeKt getAnnotationsAttribute (Lorg/jetbrains/kotlin/types/TypeAttributes;)Lorg/jetbrains/kotlin/types/AnnotationsTypeAttribute; 516 0 75675 0 0
ciMethod org/jetbrains/kotlin/types/AnnotationsTypeAttributeKt getAnnotations (Lorg/jetbrains/kotlin/types/TypeAttributes;)Lorg/jetbrains/kotlin/descriptors/annotations/Annotations; 516 0 69163 0 272
ciMethod org/jetbrains/kotlin/types/AnnotationsTypeAttribute getAnnotations ()Lorg/jetbrains/kotlin/descriptors/annotations/Annotations; 6 0 3 0 0
ciMethod org/jetbrains/kotlin/util/NullableArrayMapAccessor getValue (Lorg/jetbrains/kotlin/util/AbstractArrayMapOwner;Lkotlin/reflect/KProperty;)Ljava/lang/Object; 516 0 75675 0 0
ciMethod org/jetbrains/kotlin/util/NullableArrayMapAccessor getValue (Ljava/lang/Object;Lkotlin/reflect/KProperty;)Ljava/lang/Object; 516 0 75675 0 0
ciMethod org/jetbrains/kotlin/util/AbstractArrayMapOwner$AbstractArrayMapAccessor extractValue (Lorg/jetbrains/kotlin/util/AbstractArrayMapOwner;)Ljava/lang/Object; 516 0 75675 0 0
ciMethodData org/jetbrains/kotlin/descriptors/impl/DeclarationDescriptorNonRootImpl getContainingDeclaration ()Lorg/jetbrains/kotlin/descriptors/DeclarationDescriptor; 2 54536 orig 80 0 0 0 0 0 0 0 0 0 0 0 0 251 127 0 0 0 0 0 0 0 0 0 0 0 0 0 0 0 0 0 0 0 0 0 0 0 0 0 0 0 0 0 0 0 0 0 0 0 0 0 0 0 0 0 0 0 0 0 0 0 0 0 0 0 0 0 0 0 0 0 0 0 0 0 0 0 0 0 0 data 15 0x50007 0xd508 0x30 0x0 0x90002 0x0 0x0 0x0 0x0 0x0 0x0 0x0 0x9 0x1 0x0 oops 0 methods 0
ciMethodData org/jetbrains/kotlin/descriptors/annotations/Annotations$Companion getEMPTY ()Lorg/jetbrains/kotlin/descriptors/annotations/Annotations; 2 94476 orig 80 0 0 0 0 0 0 0 0 0 0 0 0 251 127 0 0 0 0 0 0 0 0 0 0 0 0 0 0 0 0 0 0 0 0 0 0 0 0 0 0 0 0 0 0 0 0 0 0 0 0 0 0 0 0 0 0 0 0 0 0 0 0 0 0 0 0 0 0 0 0 0 0 0 0 0 0 0 0 0 0 data 5 0x0 0x0 0x9 0x1 0x0 oops 0 methods 0
ciMethodData org/jetbrains/kotlin/types/TypeProjectionImpl getType ()Lorg/jetbrains/kotlin/types/KotlinType; 2 5246 orig 80 0 0 0 0 0 0 0 0 0 0 0 0 0 0 0 0 0 0 0 0 0 0 0 0 0 0 0 0 0 0 0 0 0 0 0 0 0 0 0 0 0 0 0 0 0 0 0 0 0 0 0 0 0 0 0 0 0 0 0 0 0 0 0 0 0 0 0 0 0 0 0 0 0 0 0 0 0 0 0 0 data 15 0x50007 0x147e 0x30 0x0 0x90002 0x0 0x0 0x0 0x0 0x0 0x0 0x0 0x9 0x1 0x0 oops 0 methods 0
ciMethodData org/jetbrains/kotlin/descriptors/impl/VariableDescriptorImpl getType ()Lorg/jetbrains/kotlin/types/KotlinType; 2 110772 orig 80 0 0 0 0 0 0 0 0 0 0 0 0 0 0 0 0 0 0 0 0 0 0 0 0 0 0 0 0 0 0 0 0 0 0 0 0 0 0 0 0 0 0 0 0 0 0 0 0 0 0 0 0 0 0 0 0 0 0 0 0 0 0 0 0 0 0 0 0 0 0 0 0 0 0 0 0 0 0 0 0 data 15 0x50007 0x1b0b4 0x30 0x0 0x90002 0x0 0x0 0x0 0x0 0x0 0x0 0x0 0x9 0x1 0x0 oops 0 methods 0
ciMethodData org/jetbrains/kotlin/types/AnnotationsTypeAttributeKt getAnnotations (Lorg/jetbrains/kotlin/types/TypeAttributes;)Lorg/jetbrains/kotlin/descriptors/annotations/Annotations; 2 68905 orig 80 0 0 0 0 0 0 0 0 0 0 0 0 0 0 0 0 0 0 0 0 0 0 0 0 0 0 0 0 0 0 0 0 0 0 0 0 0 0 0 0 0 0 0 0 0 0 0 0 0 0 0 0 0 0 0 0 0 0 0 0 0 0 0 0 0 0 0 0 0 0 0 0 0 0 0 0 0 0 0 0 data 35 0x30002 0x10d29 0x70002 0x10d29 0xb0007 0xe1d9 0x78 0x2b50 0xe0005 0x2b50 0x0 0x0 0x0 0x0 0x0 0x120007 0x2b50 0x58 0x0 0x190005 0xe1d9 0x0 0x0 0x0 0x0 0x0 0x0 0x0 0x0 0x0 0x0 0x0 0x9 0x1 0xffffffffffffffff oops 0 methods 0
ciMethodData org/jetbrains/kotlin/types/AnnotationsTypeAttributeKt getAnnotationsAttribute (Lorg/jetbrains/kotlin/types/TypeAttributes;)Lorg/jetbrains/kotlin/types/AnnotationsTypeAttribute; 2 75417 orig 80 0 0 0 0 0 0 0 0 0 0 0 0 0 0 0 0 0 0 0 0 0 0 0 0 0 0 0 0 0 0 0 0 0 0 0 0 0 0 0 0 0 0 0 0 0 0 0 0 0 0 0 0 0 0 0 0 0 0 0 0 0 0 0 0 0 0 0 0 0 0 0 0 0 0 0 0 0 0 0 0 data 25 0x30002 0x12699 0xf0005 0x0 0x0 0x198af31b590 0x12699 0x0 0x0 0x140104 0x0 0x0 0x198b1b9d648 0x318f 0x0 0x0 0x0 0x0 0x0 0x0 0x0 0x0 0x9 0x1 0xffffffffffffffff oops 2 5 org/jetbrains/kotlin/util/NullableArrayMapAccessor 12 org/jetbrains/kotlin/types/AnnotationsTypeAttribute methods 0
ciMethodData org/jetbrains/kotlin/util/NullableArrayMapAccessor getValue (Ljava/lang/Object;Lkotlin/reflect/KProperty;)Ljava/lang/Object; 2 75417 orig 80 0 0 0 0 0 0 0 0 0 0 0 0 0 0 0 0 0 0 0 0 0 0 0 0 0 0 0 0 0 0 0 0 0 0 0 0 0 0 0 0 0 0 0 0 0 0 0 0 0 0 0 0 0 0 0 0 0 0 0 0 0 0 0 0 0 0 0 0 0 0 0 0 0 0 0 0 0 0 0 0 data 25 0x20004 0x0 0x0 0x198b1b9c560 0x58 0x0 0x0 0x60005 0x12699 0x0 0x0 0x0 0x0 0x0 0x0 0x0 0x0 0x0 0x0 0x0 0x9 0x3 0x0 0x0 0x0 oops 1 3 org/jetbrains/kotlin/types/TypeAttributes methods 0
ciMethodData org/jetbrains/kotlin/util/NullableArrayMapAccessor getValue (Lorg/jetbrains/kotlin/util/AbstractArrayMapOwner;Lkotlin/reflect/KProperty;)Ljava/lang/Object; 2 75417 orig 80 0 0 0 0 0 0 0 0 0 0 0 0 0 0 0 0 0 0 0 0 0 0 0 0 0 0 0 0 0 0 0 0 0 0 0 0 0 0 0 0 0 0 0 0 0 0 0 0 0 0 0 0 0 0 0 0 0 0 0 0 0 0 0 0 0 0 0 0 0 0 0 0 0 0 0 0 0 0 0 0 data 22 0x30002 0x12699 0x90002 0x12699 0xe0005 0x12699 0x0 0x0 0x0 0x0 0x0 0x0 0x0 0x0 0x0 0x0 0x0 0x9 0x3 0x0 0x0 0x0 oops 0 methods 0
ciMethodData org/jetbrains/kotlin/util/AbstractArrayMapOwner$AbstractArrayMapAccessor extractValue (Lorg/jetbrains/kotlin/util/AbstractArrayMapOwner;)Ljava/lang/Object; 2 75417 orig 80 0 0 0 0 0 0 0 0 0 0 0 0 0 0 0 0 0 0 0 0 0 0 0 0 0 0 0 0 0 0 0 0 0 0 0 0 0 0 0 0 0 0 0 0 0 0 0 0 0 0 0 0 0 0 0 0 0 0 0 0 0 0 0 0 0 0 0 0 0 0 0 0 0 0 0 0 0 0 0 0 data 26 0x30002 0x12699 0x70005 0x12641 0x0 0x198b1b9c560 0x58 0x0 0x0 0xe0005 0x12c 0x0 0x198af31e5e8 0xf3de 0x198af31e698 0x318f 0x0 0x0 0x0 0x0 0x0 0x0 0x9 0x2 0x0 0x0 oops 3 5 org/jetbrains/kotlin/types/TypeAttributes 12 org/jetbrains/kotlin/util/EmptyArrayMap 14 org/jetbrains/kotlin/util/OneElementArrayMap methods 0
ciMethodData org/jetbrains/kotlin/types/KotlinType getAnnotations ()Lorg/jetbrains/kotlin/descriptors/annotations/Annotations; 2 189474 orig 80 0 0 0 0 0 0 0 0 0 0 0 0 251 127 0 0 0 0 0 0 0 0 0 0 0 0 0 0 0 0 0 0 0 0 0 0 0 0 0 0 0 0 0 0 0 0 0 0 0 0 0 0 0 0 0 0 0 0 0 0 0 0 0 0 0 0 0 0 0 0 0 0 0 0 0 0 0 0 0 0 data 18 0x10005 0x745f 0x0 0x198b1b996b0 0x2dc2 0x198adadd7d8 0x24201 0x40002 0x2e422 0x0 0x0 0x0 0x0 0x0 0x0 0x9 0x1 0xffffffffffffffff oops 2 3 org/jetbrains/kotlin/types/NullableSimpleType 5 org/jetbrains/kotlin/types/SimpleTypeImpl methods 0
ciMethod org/jetbrains/kotlin/types/StarProjectionImpl get_type ()Lorg/jetbrains/kotlin/types/KotlinType; 514 0 1335 0 0
ciMethod org/jetbrains/kotlin/types/StarProjectionImpl getType ()Lorg/jetbrains/kotlin/types/KotlinType; 514 0 1053 0 0
ciMethod androidx/compose/compiler/plugins/kotlin/k1/AnnotationUtilsKt hasComposableAnnotation (Lorg/jetbrains/kotlin/types/KotlinType;)Z 184 0 95867 0 472
ciMethod androidx/compose/compiler/plugins/kotlin/k1/AnnotationUtilsKt isSpecialType (Lorg/jetbrains/kotlin/types/KotlinType;)Z 276 0 101192 0 0
ciMethod androidx/compose/compiler/plugins/kotlin/ComposeFqNames getComposable ()Lorg/jetbrains/kotlin/name/FqName; 768 0 176678 0 88
ciMethodData androidx/compose/compiler/plugins/kotlin/ComposeFqNames getComposable ()Lorg/jetbrains/kotlin/name/FqName; 2 176462 orig 80 0 0 0 0 0 0 0 0 0 0 0 0 251 127 0 0 0 0 0 0 0 0 0 0 0 0 0 0 0 0 0 0 0 0 0 0 0 0 0 0 0 0 0 0 0 0 0 0 0 0 0 0 0 0 0 0 0 0 0 0 0 0 0 0 0 0 0 0 0 0 0 0 0 0 0 0 0 0 0 0 data 5 0x0 0x0 0x9 0x1 0x0 oops 0 methods 0
ciMethodData androidx/compose/compiler/plugins/kotlin/k1/AnnotationUtilsKt hasComposableAnnotation (Lorg/jetbrains/kotlin/types/KotlinType;)Z 2 95775 orig 80 0 0 0 0 0 0 0 0 0 0 0 0 0 0 0 0 0 0 0 0 0 0 0 0 0 0 0 0 0 0 0 0 0 0 0 0 0 0 0 0 0 0 0 0 0 0 0 0 0 0 0 0 0 0 0 0 0 0 0 0 0 0 0 0 0 0 0 0 0 0 0 0 0 0 0 0 0 0 0 0 data 43 0x10002 0x1761f 0x40007 0x0 0x100 0x1761f 0x80005 0x26a8 0x0 0x198adadd7d8 0x13d76 0x198b1b996b0 0x1201 0xe0005 0x1761f 0x0 0x0 0x0 0x0 0x0 0x110005 0x885 0x0 0x198b1b99760 0x160c2 0x198b1b99810 0xcd8 0x160007 0x17082 0x38 0x59d 0x1a0003 0x59d 0x18 0x0 0x0 0x0 0x0 0x0 0x0 0x9 0x1 0xffffffffffffffff oops 4 9 org/jetbrains/kotlin/types/SimpleTypeImpl 11 org/jetbrains/kotlin/types/NullableSimpleType 23 org/jetbrains/kotlin/descriptors/annotations/Annotations$Companion$EMPTY$1 25 org/jetbrains/kotlin/descriptors/annotations/CompositeAnnotations methods 0
ciMethodData androidx/compose/compiler/plugins/kotlin/k1/AnnotationUtilsKt isSpecialType (Lorg/jetbrains/kotlin/types/KotlinType;)Z 2 101054 orig 80 0 0 0 0 0 0 0 0 0 0 0 0 0 0 0 0 0 0 0 0 0 0 0 0 0 0 0 0 0 0 0 0 0 0 0 0 0 0 0 0 0 0 0 0 0 0 0 0 0 0 0 0 0 0 0 0 0 0 0 0 0 0 0 0 0 0 0 0 0 0 0 0 0 0 0 0 0 0 0 0 data 20 0x40007 0x0 0x40 0x18abe 0xb0007 0x18abe 0x38 0x0 0xf0003 0x0 0x18 0x0 0x0 0x0 0x0 0x0 0x0 0x9 0x1 0x0 oops 0 methods 0
ciMethodData org/jetbrains/kotlin/descriptors/annotations/Annotations$Companion$EMPTY$1 findAnnotation (Lorg/jetbrains/kotlin/name/FqName;)Ljava/lang/Void; 2 7205 orig 80 0 0 0 0 0 0 0 0 0 0 0 0 0 0 0 0 0 0 0 0 0 0 0 0 0 0 0 0 0 0 0 0 0 0 0 0 0 0 0 0 0 0 0 0 0 0 0 0 0 0 0 0 0 0 0 0 0 0 0 0 0 0 0 0 0 0 0 0 0 0 0 0 0 0 0 0 0 0 0 0 data 12 0x30002 0x1c25 0x0 0x0 0x0 0x0 0x0 0x0 0x9 0x2 0x0 0x0 oops 0 methods 0
ciMethodData org/jetbrains/kotlin/descriptors/annotations/Annotations$Companion$EMPTY$1 findAnnotation (Lorg/jetbrains/kotlin/name/FqName;)Lorg/jetbrains/kotlin/descriptors/annotations/AnnotationDescriptor; 2 7205 orig 80 0 0 0 0 0 0 0 0 0 0 0 0 251 127 0 0 0 0 0 0 0 0 0 0 0 0 0 0 0 0 0 0 0 0 0 0 0 0 0 0 0 0 0 0 0 0 0 0 0 0 0 0 0 0 0 0 0 0 0 0 0 0 0 0 0 0 0 0 0 0 0 0 0 0 0 0 0 0 0 0 data 24 0x20005 0x1c25 0x0 0x0 0x0 0x0 0x0 0x50004 0x0 0x0 0x0 0x0 0x0 0x0 0x0 0x0 0x0 0x0 0x0 0x0 0x9 0x2 0x0 0x0 oops 0 methods 0
ciMethodData org/jetbrains/kotlin/descriptors/impl/ValueParameterDescriptorImpl getContainingDeclaration ()Lorg/jetbrains/kotlin/descriptors/CallableDescriptor; 2 18894 orig 80 0 0 0 0 0 0 0 0 0 0 0 0 0 0 0 0 0 0 0 0 0 0 0 0 0 0 0 0 0 0 0 0 0 0 0 0 0 0 0 0 0 0 0 0 0 0 0 0 0 0 0 0 0 0 0 0 0 0 0 0 0 0 0 0 0 0 0 0 0 0 0 0 0 0 0 0 0 0 0 0 data 20 0x10002 0x49ce 0x70002 0x49ce 0xa0004 0x0 0x0 0x198ada1e378 0x1169 0x198b06e1398 0x56 0x0 0x0 0x0 0x0 0x0 0x0 0x9 0x1 0x0 oops 2 7 org/jetbrains/kotlin/load/java/descriptors/JavaMethodDescriptor 9 org/jetbrains/kotlin/load/java/descriptors/JavaClassConstructorDescriptor methods 0
ciMethodData org/jetbrains/kotlin/types/StarProjectionImpl getType ()Lorg/jetbrains/kotlin/types/KotlinType; 1 796 orig 80 0 0 0 0 0 0 0 0 0 0 0 0 251 127 0 0 0 0 0 0 0 0 0 0 0 0 0 0 0 0 0 0 0 0 0 0 0 0 0 0 0 0 0 0 0 0 0 0 0 0 0 0 0 0 0 0 0 0 0 0 0 0 0 0 0 0 0 0 0 0 0 0 0 0 0 0 0 0 0 0 data 7 0x10002 0x31c 0x0 0x0 0x9 0x1 0x0 oops 0 methods 0
ciMethodData org/jetbrains/kotlin/types/StarProjectionImpl get_type ()Lorg/jetbrains/kotlin/types/KotlinType; 2 1078 orig 80 0 0 0 0 0 0 0 0 0 0 0 0 0 0 0 0 0 0 0 0 0 0 0 0 0 0 0 0 0 0 0 0 0 0 0 0 0 0 0 0 0 0 0 0 0 0 0 0 0 0 0 0 0 0 0 0 0 0 0 0 0 0 0 0 0 0 0 0 0 0 0 0 0 0 0 0 0 0 0 0 data 23 0x60005 0x0 0x0 0x198ad5a1090 0x436 0x0 0x0 0xb0004 0x0 0x0 0x198b1b996b0 0x419 0x198adadd728 0x1d 0x0 0x0 0x0 0x0 0x0 0x0 0x9 0x1 0x0 oops 3 3 kotlin/SafePublicationLazyImpl 10 org/jetbrains/kotlin/types/NullableSimpleType 12 org/jetbrains/kotlin/types/FlexibleTypeImpl methods 0
ciMethod org/jetbrains/kotlin/ir/symbols/IrSymbol getOwner ()Lorg/jetbrains/kotlin/ir/declarations/IrSymbolOwner; 0 0 1 0 -1
ciMethod org/jetbrains/kotlin/ir/util/IrUtilsKt getParentAsClass (Lorg/jetbrains/kotlin/ir/declarations/IrDeclaration;)Lorg/jetbrains/kotlin/ir/declarations/IrClass; 1024 0 14534 0 -1
ciMethod org/jetbrains/kotlin/ir/symbols/impl/IrBindableSymbolBase <init> (Lorg/jetbrains/kotlin/descriptors/DeclarationDescriptor;)V 578 0 15218 0 1560
ciMethod org/jetbrains/kotlin/ir/symbols/impl/IrBindableSymbolBase isOriginalDescriptor (Lorg/jetbrains/kotlin/descriptors/DeclarationDescriptor;)Z 5876 0 8880 0 656
ciMethod org/jetbrains/kotlin/ir/symbols/impl/IrBindableSymbolBase getOwner ()Lorg/jetbrains/kotlin/ir/declarations/IrSymbolOwner; 772 0 15336 0 112
ciMethod org/jetbrains/kotlin/ir/symbols/impl/IrBindableSymbolBase getSignature ()Lorg/jetbrains/kotlin/ir/util/IdSignature; 108 0 222 0 -1
ciMethod org/jetbrains/kotlin/ir/symbols/impl/IrSymbolBase <init> (Lorg/jetbrains/kotlin/descriptors/DeclarationDescriptor;)V 602 0 15218 0 0
ciMethod org/jetbrains/kotlin/ir/symbols/impl/IrSymbolBase getDescriptor ()Lorg/jetbrains/kotlin/descriptors/DeclarationDescriptor; 826 0 28317 0 400
ciMethod org/jetbrains/kotlin/ir/symbols/IrValueSymbol getDescriptor ()Lorg/jetbrains/kotlin/descriptors/ValueDescriptor; 0 0 1 0 -1
ciMethod org/jetbrains/kotlin/ir/symbols/impl/IrValueParameterSymbolImpl <init> (Lorg/jetbrains/kotlin/descriptors/ParameterDescriptor;)V 1024 0 27565 0 0
ciMethod org/jetbrains/kotlin/ir/symbols/impl/IrValueParameterSymbolImpl getDescriptor ()Lorg/jetbrains/kotlin/descriptors/ValueDescriptor; 1024 0 36480 0 0
ciMethod org/jetbrains/kotlin/ir/declarations/impl/IrValueParameterImpl getSymbol ()Lorg/jetbrains/kotlin/ir/symbols/IrValueParameterSymbol; 278 0 139 0 0
ciMethod org/jetbrains/kotlin/ir/declarations/impl/IrValueParameterImpl getDefaultValue ()Lorg/jetbrains/kotlin/ir/expressions/IrExpressionBody; 2226 0 1113 0 0
ciMethod org/jetbrains/kotlin/ir/declarations/impl/IrValueParameterImpl getSymbol ()Lorg/jetbrains/kotlin/ir/symbols/IrSymbol; 6194 0 14417 0 128
ciMethod org/jetbrains/kotlin/ir/declarations/IrValueParameter getDefaultValue ()Lorg/jetbrains/kotlin/ir/expressions/IrExpressionBody; 0 0 1 0 -1
ciMethod org/jetbrains/kotlin/ir/declarations/IrValueParameter acceptChildren (Lorg/jetbrains/kotlin/ir/visitors/IrElementVisitor;Ljava/lang/Object;)V 1222 0 11797 0 0
ciMethod org/jetbrains/kotlin/ir/descriptors/IrBasedDescriptorsKt toIrBasedDescriptor (Lorg/jetbrains/kotlin/ir/declarations/IrDeclaration;)Lorg/jetbrains/kotlin/descriptors/DeclarationDescriptor; 4216 0 17720 0 3504
ciMethod org/jetbrains/kotlin/ir/descriptors/IrBasedDescriptorsKt toIrBasedDescriptor (Lorg/jetbrains/kotlin/ir/declarations/IrValueParameter;)Lorg/jetbrains/kotlin/descriptors/CallableDescriptor; 0 0 4554 0 -1
ciMethod org/jetbrains/kotlin/ir/descriptors/IrBasedDescriptorsKt toIrBasedDescriptor (Lorg/jetbrains/kotlin/ir/declarations/IrTypeParameter;)Lorg/jetbrains/kotlin/ir/descriptors/IrBasedTypeParameterDescriptor; 0 0 1 0 -1
ciMethod org/jetbrains/kotlin/ir/descriptors/IrBasedDescriptorsKt toIrBasedDescriptor (Lorg/jetbrains/kotlin/ir/declarations/IrVariable;)Lorg/jetbrains/kotlin/ir/descriptors/IrBasedVariableDescriptor; 4076 0 8008 0 -1
ciMethod org/jetbrains/kotlin/ir/descriptors/IrBasedDescriptorsKt toIrBasedDescriptor (Lorg/jetbrains/kotlin/ir/declarations/IrLocalDelegatedProperty;)Lorg/jetbrains/kotlin/ir/descriptors/IrBasedVariableDescriptorWithAccessor; 0 0 1 0 -1
ciMethod org/jetbrains/kotlin/ir/descriptors/IrBasedDescriptorsKt toIrBasedDescriptor (Lorg/jetbrains/kotlin/ir/declarations/IrFunction;)Lorg/jetbrains/kotlin/descriptors/FunctionDescriptor; 66 0 6745 0 -1
ciMethod org/jetbrains/kotlin/ir/descriptors/IrBasedDescriptorsKt toIrBasedDescriptor (Lorg/jetbrains/kotlin/ir/declarations/IrClass;)Lorg/jetbrains/kotlin/ir/descriptors/IrBasedClassDescriptor; 66 0 492 0 -1
ciMethod org/jetbrains/kotlin/ir/descriptors/IrBasedDescriptorsKt toIrBasedDescriptor (Lorg/jetbrains/kotlin/ir/declarations/IrEnumEntry;)Lorg/jetbrains/kotlin/ir/descriptors/IrBasedEnumEntryDescriptor; 0 0 1 0 -1
ciMethod org/jetbrains/kotlin/ir/descriptors/IrBasedDescriptorsKt toIrBasedDescriptor (Lorg/jetbrains/kotlin/ir/declarations/IrProperty;)Lorg/jetbrains/kotlin/ir/descriptors/IrBasedPropertyDescriptor; 0 0 140 0 -1
ciMethod org/jetbrains/kotlin/ir/descriptors/IrBasedDescriptorsKt toIrBasedDescriptor (Lorg/jetbrains/kotlin/ir/declarations/IrTypeAlias;)Lorg/jetbrains/kotlin/ir/descriptors/IrBasedTypeAliasDescriptor; 0 0 1 0 -1
ciMethod org/jetbrains/kotlin/ir/descriptors/IrBasedDescriptorsKt toIrBasedDescriptor (Lorg/jetbrains/kotlin/ir/declarations/IrField;)Lorg/jetbrains/kotlin/ir/descriptors/IrBasedFieldDescriptor; 0 0 494 0 -1
ciMethod org/jetbrains/kotlin/ir/descriptors/IrBasedDescriptorsKt toIrBasedDescriptor (Lorg/jetbrains/kotlin/ir/declarations/IrErrorDeclaration;)Lorg/jetbrains/kotlin/ir/descriptors/IrBasedErrorDescriptor; 0 0 1 0 -1
ciMethod org/jetbrains/kotlin/ir/descriptors/IrBasedDescriptorsKt toIrBasedDescriptor (Lorg/jetbrains/kotlin/ir/declarations/IrScript;)Lorg/jetbrains/kotlin/descriptors/DeclarationDescriptor; 0 0 1 0 -1
ciMethodData org/jetbrains/kotlin/ir/symbols/impl/IrBindableSymbolBase isOriginalDescriptor (Lorg/jetbrains/kotlin/descriptors/DeclarationDescriptor;)Z 2 5942 orig 80 1 0 0 0 0 0 0 0 0 0 0 0 251 127 0 0 0 0 0 0 0 0 0 6 0 0 0 0 0 0 0 0 0 0 0 0 0 0 0 0 0 0 0 0 0 0 0 0 0 0 0 0 0 0 0 0 0 0 0 0 0 0 0 0 0 0 0 0 0 0 0 0 0 0 0 0 0 0 0 0 data 64 0x10004 0xffffffffffffeb74 0x0 0x198b06dfb40 0x28 0x198b06dfbf0 0x8 0x40007 0x148c 0xf8 0x2aa 0x90004 0x0 0x0 0x198b06dfca0 0x22 0x198b0e89d50 0x288 0x80000007000c0005 0x6 0x0 0x198b06dfca0 0x22 0x198b0e89d50 0x288 0x110004 0x0 0x0 0x198b06dfb40 0x22 0x198b06dfd50 0x2b 0x140002 0x2b0 0x170007 0x2b0 0x88 0x0 0x1c0005 0x141b 0x0 0x198b06dfb40 0x5a 0x198b06dfbf0 0x17 0x210002 0x148c 0x240007 0x0 0x38 0x148c 0x280003 0x173c 0x18 0x0 0x0 0x0 0x0 0x0 0x0 0x9 0x2 0x0 0xffffffffffffffff oops 10 3 org/jetbrains/kotlin/ir/descriptors/IrSimpleBuiltinOperatorDescriptorImpl 5 org/jetbrains/kotlin/ir/descriptors/IrBuiltinsPackageFragmentDescriptorImpl 14 org/jetbrains/kotlin/ir/descriptors/IrBuiltinValueParameterDescriptorImpl 16 org/jetbrains/kotlin/descriptors/impl/ValueParameterDescriptorImpl 21 org/jetbrains/kotlin/ir/descriptors/IrBuiltinValueParameterDescriptorImpl 23 org/jetbrains/kotlin/descriptors/impl/ValueParameterDescriptorImpl 28 org/jetbrains/kotlin/ir/descriptors/IrSimpleBuiltinOperatorDescriptorImpl 30 org/jetbrains/kotlin/descriptors/impl/SimpleFunctionDescriptorImpl 41 org/jetbrains/kotlin/ir/descriptors/IrSimpleBuiltinOperatorDescriptorImpl 43 org/jetbrains/kotlin/ir/descriptors/IrBuiltinsPackageFragmentDescriptorImpl methods 0
ciMethod org/jetbrains/kotlin/ir/visitors/IrElementVisitor visitExpressionBody (Lorg/jetbrains/kotlin/ir/expressions/IrExpressionBody;Ljava/lang/Object;)Ljava/lang/Object; 0 0 1 0 -1
ciMethod org/jetbrains/kotlin/ir/visitors/IrElementVisitorVoid visitElement (Lorg/jetbrains/kotlin/ir/IrElement;)V 0 0 1 0 -1
ciMethod org/jetbrains/kotlin/ir/visitors/IrElementVisitorVoid visitBody (Lorg/jetbrains/kotlin/ir/expressions/IrBody;)V 0 0 1 0 -1
ciMethod org/jetbrains/kotlin/ir/visitors/IrElementVisitorVoid visitExpressionBody (Lorg/jetbrains/kotlin/ir/expressions/IrExpressionBody;)V 0 0 1 0 -1
ciMethod org/jetbrains/kotlin/ir/visitors/IrVisitorsKt acceptChildrenVoid (Lorg/jetbrains/kotlin/ir/IrElement;Lorg/jetbrains/kotlin/ir/visitors/IrElementVisitorVoid;)V 866 0 277610 0 264
ciMethod org/jetbrains/kotlin/ir/visitors/IrElementVisitorVoid$DefaultImpls visitBody (Lorg/jetbrains/kotlin/ir/visitors/IrElementVisitorVoid;Lorg/jetbrains/kotlin/ir/expressions/IrBody;)V 900 0 83255 0 136
ciMethod org/jetbrains/kotlin/ir/visitors/IrElementVisitorVoid$DefaultImpls visitExpressionBody (Lorg/jetbrains/kotlin/ir/visitors/IrElementVisitorVoid;Lorg/jetbrains/kotlin/ir/expressions/IrExpressionBody;Ljava/lang/Void;)V 1024 0 38863 0 136
ciMethod org/jetbrains/kotlin/ir/visitors/IrElementVisitorVoid$DefaultImpls visitExpressionBody (Lorg/jetbrains/kotlin/ir/visitors/IrElementVisitorVoid;Lorg/jetbrains/kotlin/ir/expressions/IrExpressionBody;)V 1024 0 38731 0 136
ciMethodData org/jetbrains/kotlin/ir/symbols/impl/IrSymbolBase <init> (Lorg/jetbrains/kotlin/descriptors/DeclarationDescriptor;)V 2 14917 orig 80 0 0 0 0 0 0 0 0 0 0 0 0 0 0 0 0 0 0 0 0 0 0 0 0 0 0 0 0 0 0 0 0 0 0 0 0 0 0 0 0 0 0 0 0 0 0 0 0 0 0 0 0 0 0 0 0 0 0 0 0 0 0 0 0 0 0 0 0 0 0 0 0 0 0 0 0 0 0 0 0 data 10 0x10002 0x3a45 0x0 0x0 0x0 0x0 0x9 0x2 0x6 0x0 oops 0 methods 0
ciMethodData org/jetbrains/kotlin/ir/symbols/impl/IrBindableSymbolBase <init> (Lorg/jetbrains/kotlin/descriptors/DeclarationDescriptor;)V 2 14929 orig 80 1 0 0 0 0 0 0 0 0 0 0 0 251 127 0 0 0 0 0 0 0 0 0 0 0 0 0 0 0 0 0 0 0 0 0 0 0 0 0 0 0 0 0 0 0 0 0 0 0 0 0 0 0 0 0 0 0 0 0 0 0 0 0 0 0 0 0 0 0 0 0 0 0 0 0 0 0 0 0 0 data 152 0x20002 0x3a51 0x70007 0x156 0x50 0x38fb 0xc0002 0x38fb 0xf0007 0x0 0x38 0x3900 0x130003 0x3a56 0x18 0x1b0007 0x3a56 0x1c0 0x0 0x1f0007 0x0 0x1a0 0x0 0x280002 0x0 0x2d0005 0x0 0x0 0x0 0x0 0x0 0x0 0x310005 0x0 0x0 0x0 0x0 0x0 0x0 0x360005 0x0 0x0 0x0 0x0 0x0 0x0 0x3b0002 0x0 0x3e0005 0x0 0x0 0x0 0x0 0x0 0x0 0x430005 0x0 0x0 0x0 0x0 0x0 0x0 0x460005 0x0 0x0 0x0 0x0 0x0 0x0 0x4f0002 0x0 0x540007 0x156 0x238 0x3900 0x580005 0x37bb 0x0 0x198af6659f8 0x103 0x198af665aa8 0x42 0x5f0007 0x0 0x50 0x3900 0x640002 0x3900 0x670007 0x0 0x38 0x3900 0x6b0003 0x3900 0x18 0x730007 0x3900 0x178 0x0 0x770007 0x0 0x158 0x0 0x810002 0x0 0x860005 0x0 0x0 0x0 0x0 0x0 0x0 0x8a0005 0x0 0x0 0x0 0x0 0x0 0x0 0x8f0005 0x0 0x0 0x0 0x0 0x0 0x0 0x930005 0x0 0x0 0x0 0x0 0x0 0x0 0x960005 0x0 0x0 0x0 0x0 0x0 0x0 0xa10002 0x0 0x0 0x0 0x0 0x0 0x0 0x0 0x9 0x2 0x0 0x0 oops 2 78 org/jetbrains/kotlin/resolve/lazy/descriptors/LazyClassDescriptor 80 org/jetbrains/kotlin/serialization/deserialization/descriptors/DeserializedClassDescriptor methods 0
ciMethodData org/jetbrains/kotlin/ir/symbols/impl/IrBindableSymbolBase getOwner ()Lorg/jetbrains/kotlin/ir/declarations/IrSymbolOwner; 2 14950 orig 80 0 0 0 0 0 0 0 0 0 0 0 0 251 127 0 0 0 0 0 0 0 0 0 0 0 0 0 0 0 0 0 0 0 0 0 0 0 0 0 0 0 0 0 0 0 0 0 0 0 0 0 0 0 0 0 0 0 0 0 0 0 0 0 0 0 0 0 0 0 0 0 0 0 0 0 0 0 0 0 0 data 73 0x50007 0x3a66 0x200 0x0 0x110002 0x0 0x150005 0x0 0x0 0x0 0x0 0x0 0x0 0x180005 0x0 0x0 0x0 0x0 0x0 0x0 0x1b0005 0x0 0x0 0x0 0x0 0x0 0x0 0x200005 0x0 0x0 0x0 0x0 0x0 0x0 0x240005 0x0 0x0 0x0 0x0 0x0 0x0 0x270005 0x0 0x0 0x0 0x0 0x0 0x0 0x2a0005 0x0 0x0 0x0 0x0 0x0 0x0 0x2d0005 0x0 0x0 0x0 0x0 0x0 0x0 0x300002 0x0 0x0 0x0 0x0 0x0 0x0 0x0 0x9 0x1 0x0 oops 0 methods 0
ciMethodData org/jetbrains/kotlin/ir/symbols/impl/IrBindableSymbolBase getSignature ()Lorg/jetbrains/kotlin/ir/util/IdSignature; 1 168 orig 80 0 0 0 0 0 0 0 0 0 0 0 0 0 0 0 0 0 0 0 0 0 0 0 0 0 0 0 0 0 0 0 0 0 0 0 0 0 0 0 0 0 0 0 0 0 0 0 0 0 0 0 0 0 0 0 0 0 0 0 0 0 0 0 0 0 0 0 0 0 0 0 0 0 0 0 0 0 0 0 0 data 4 0x0 0x9 0x1 0x0 oops 0 methods 0
ciMethodData org/jetbrains/kotlin/ir/symbols/impl/IrSymbolBase getDescriptor ()Lorg/jetbrains/kotlin/descriptors/DeclarationDescriptor; 2 27904 orig 80 1 0 0 0 0 0 0 0 0 0 0 0 251 127 0 0 0 0 0 0 5 0 0 0 0 0 0 0 0 0 0 0 0 0 0 0 0 0 0 0 0 0 0 0 0 0 0 0 0 0 0 0 0 0 0 0 0 0 0 0 0 0 0 0 0 0 0 0 0 0 0 0 0 0 0 0 0 0 0 0 data 33 0x50007 0x677b 0xc0 0x585 0xa0005 0x2e4 0x0 0x198ad988eb0 0x17a 0x198b0e89bf0 0x127 0x100002 0x585 0x8000000400130004 0x0 0x0 0x198ad988f60 0x17a 0x198ad989010 0x1c 0x160002 0x58a 0x1c0002 0x58a 0x0 0x0 0x0 0x0 0x0 0x0 0x9 0x1 0x0 oops 4 7 org/jetbrains/kotlin/ir/symbols/impl/IrVariableSymbolImpl 9 org/jetbrains/kotlin/ir/symbols/impl/IrValueParameterSymbolImpl 16 org/jetbrains/kotlin/ir/declarations/impl/IrVariableImpl 18 org/jetbrains/kotlin/ir/declarations/impl/IrFunctionImpl methods 0
ciMethodData org/jetbrains/kotlin/ir/descriptors/IrBasedDescriptorsKt toIrBasedDescriptor (Lorg/jetbrains/kotlin/ir/declarations/IrDeclaration;)Lorg/jetbrains/kotlin/descriptors/DeclarationDescriptor; 2 15612 orig 80 1 0 0 0 0 0 0 0 0 0 0 0 0 0 0 0 0 0 0 0 4 0 0 0 0 0 0 0 0 0 0 0 0 0 0 0 0 0 0 0 0 0 0 0 0 0 0 0 0 0 0 0 0 0 0 0 0 0 0 0 0 0 0 0 0 0 0 0 0 0 0 0 0 0 0 0 0 0 0 0 data 398 0x30002 0x3cfc 0x90004 0xffffffffffffccf6 0x0 0x198ad988f60 0x7f7 0x198b0e89a90 0x9f2 0xc0007 0x330a 0xb8 0x9f2 0x100004 0x0 0x0 0x198b0e89a90 0x9f2 0x0 0x0 0x130002 0x9f2 0x160004 0x0 0x0 0x198ad5a0950 0x522 0x198ad5a0a00 0x4d0 0x190003 0x9f2 0xb40 0x1d0004 0xffffffffffffccf6 0x0 0x198ad988f60 0x7f7 0x198ad5a0ab0 0x1c9 0x200007 0x330a 0xb8 0x0 0x240004 0x0 0x0 0x0 0x0 0x0 0x0 0x270002 0x0 0x2a0004 0x0 0x0 0x0 0x0 0x0 0x0 0x2d0003 0x0 0xa50 0x310004 0xffffffffffffec3e 0x0 0x198ad988f60 0x1f48 0x198ad5a0ab0 0x1c9 0x340007 0x13c2 0xb8 0x1f48 0x380004 0x0 0x0 0x198ad988f60 0x1f48 0x0 0x0 0x3b0002 0x1f48 0x3e0004 0x0 0x0 0x198ada18c78 0x7f7 0x0 0x0 0x410003 0x1f48 0x960 0x450004 0xffffffffffffec3e 0x0 0x198ad5a0ab0 0x1c9 0x198ad5a0b60 0x90 0x480007 0x13c2 0xb8 0x0 0x4c0004 0x0 0x0 0x0 0x0 0x0 0x0 0x4f0002 0x0 0x520004 0x0 0x0 0x0 0x0 0x0 0x0 0x550003 0x0 0x870 0x8000000400590004 0xfffffffffffffcfa 0x0 0x198ad989010 0x102f 0x198ad5a0c10 0xfb 0x5c0007 0x306 0xb8 0x10c0 0x600004 0x0 0x0 0x198ad989010 0x102f 0x198ad5a0b60 0x91 0x630002 0x10c0 0x660004 0x0 0x0 0x198ad20ce28 0xff0 0x198ad5a0cc0 0x91 0x690003 0x10c0 0x780 0x6d0004 0xfffffffffffffec5 0x0 0x198ad5a0c10 0xfb 0x198ad5a0ab0 0x1cb 0x700007 0x13b 0xb8 0x1cb 0x740004 0x0 0x0 0x198ad5a0ab0 0x1cb 0x0 0x0 0x770002 0x1cb 0x7a0004 0x0 0x0 0x198ada18280 0x1cb 0x0 0x0 0x7d0003 0x1cb 0x690 0x810004 0xfffffffffffffec5 0x0 0x198ad5a0c10 0xfb 0x198ad5a0d70 0x40 0x840007 0x13b 0x90 0x0 0x880002 0x0 0x8b0002 0x0 0x8e0004 0x0 0x0 0x0 0x0 0x0 0x0 0x910003 0x0 0x5c8 0x950004 0xfffffffffffffec5 0x0 0x198ad5a0c10 0xfb 0x198ad5a0d70 0x40 0x980007 0x13b 0xb8 0x0 0x9c0004 0x0 0x0 0x0 0x0 0x0 0x0 0x9f0002 0x0 0xa20004 0x0 0x0 0x0 0x0 0x0 0x0 0xa50003 0x0 0x4d8 0xa90004 0xffffffffffffff05 0x0 0x198ad5a0c10 0xfb 0x198ad5a0d70 0x40 0xac0007 0xfb 0xb8 0x40 0xb00004 0x0 0x0 0x198ad5a0d70 0x40 0x0 0x0 0xb30002 0x40 0xb60004 0x0 0x0 0x198ae9e6140 0x40 0x0 0x0 0xb90003 0x40 0x3e8 0xbd0004 0x0 0x0 0x198ad5a0c10 0xfb 0x0 0x0 0xc00007 0x0 0xb8 0xfb 0xc40004 0x0 0x0 0x198ad5a0c10 0xfb 0x0 0x0 0xc70002 0xfb 0xca0004 0x0 0x0 0x198ae9e5e48 0xfb 0x0 0x0 0xcd0003 0xfb 0x2f8 0xd10004 0x0 0x0 0x0 0x0 0x0 0x0 0xd40007 0x0 0xb8 0x0 0xd80004 0x0 0x0 0x0 0x0 0x0 0x0 0xdb0002 0x0 0xde0004 0x0 0x0 0x0 0x0 0x0 0x0 0xe10003 0x0 0x208 0xe50004 0x0 0x0 0x0 0x0 0x0 0x0 0xe80007 0x0 0xb8 0x0 0xec0004 0x0 0x0 0x0 0x0 0x0 0x0 0xef0002 0x0 0xf20004 0x0 0x0 0x0 0x0 0x0 0x0 0xf50003 0x0 0x118 0xf90004 0x0 0x0 0x0 0x0 0x0 0x0 0xfc0007 0x0 0x80 0x0 0x1000004 0x0 0x0 0x0 0x0 0x0 0x0 0x1030002 0x0 0x1060003 0x0 0x60 0x10f0005 0x0 0x0 0x0 0x0 0x0 0x0 0x1120002 0x0 0x0 0x0 0x0 0x0 0x0 0x0 0x9 0x1 0x0 oops 34 5 org/jetbrains/kotlin/ir/declarations/impl/IrVariableImpl 7 org/jetbrains/kotlin/ir/declarations/impl/IrValueParameterImpl 16 org/jetbrains/kotlin/ir/declarations/impl/IrValueParameterImpl 25 org/jetbrains/kotlin/ir/descriptors/IrBasedValueParameterDescriptor 27 org/jetbrains/kotlin/ir/descriptors/IrBasedReceiverParameterDescriptor 35 org/jetbrains/kotlin/ir/declarations/impl/IrVariableImpl 37 org/jetbrains/kotlin/ir/declarations/impl/IrClassImpl 65 org/jetbrains/kotlin/ir/declarations/impl/IrVariableImpl 67 org/jetbrains/kotlin/ir/declarations/impl/IrClassImpl 76 org/jetbrains/kotlin/ir/declarations/impl/IrVariableImpl 85 org/jetbrains/kotlin/ir/descriptors/IrBasedVariableDescriptor 95 org/jetbrains/kotlin/ir/declarations/impl/IrClassImpl 97 org/jetbrains/kotlin/ir/declarations/impl/IrConstructorImpl 125 org/jetbrains/kotlin/ir/declarations/impl/IrFunctionImpl 127 org/jetbrains/kotlin/ir/declarations/impl/IrFieldImpl 136 org/jetbrains/kotlin/ir/declarations/impl/IrFunctionImpl 138 org/jetbrains/kotlin/ir/declarations/impl/IrConstructorImpl 145 org/jetbrains/kotlin/ir/descriptors/IrBasedSimpleFunctionDescriptor 147 org/jetbrains/kotlin/ir/descriptors/IrBasedClassConstructorDescriptor 155 org/jetbrains/kotlin/ir/declarations/impl/IrFieldImpl 157 org/jetbrains/kotlin/ir/declarations/impl/IrClassImpl 166 org/jetbrains/kotlin/ir/declarations/impl/IrClassImpl 175 org/jetbrains/kotlin/ir/descriptors/IrBasedClassDescriptor 185 org/jetbrains/kotlin/ir/declarations/impl/IrFieldImpl 187 org/jetbrains/kotlin/ir/declarations/impl/IrPropertyImpl 210 org/jetbrains/kotlin/ir/declarations/impl/IrFieldImpl 212 org/jetbrains/kotlin/ir/declarations/impl/IrPropertyImpl 240 org/jetbrains/kotlin/ir/declarations/impl/IrFieldImpl 242 org/jetbrains/kotlin/ir/declarations/impl/IrPropertyImpl 251 org/jetbrains/kotlin/ir/declarations/impl/IrPropertyImpl 260 org/jetbrains/kotlin/ir/descriptors/IrBasedPropertyDescriptor 270 org/jetbrains/kotlin/ir/declarations/impl/IrFieldImpl 281 org/jetbrains/kotlin/ir/declarations/impl/IrFieldImpl 290 org/jetbrains/kotlin/ir/descriptors/IrBasedFieldDescriptor methods 0
ciMethodData org/jetbrains/kotlin/ir/symbols/impl/IrValueParameterSymbolImpl <init> (Lorg/jetbrains/kotlin/descriptors/ParameterDescriptor;)V 2 27053 orig 80 0 0 0 0 0 0 0 0 0 0 0 0 0 0 0 0 0 0 0 0 0 0 0 0 0 0 0 0 0 0 0 0 0 0 0 0 0 0 0 0 0 0 0 0 0 0 0 0 0 0 0 0 0 0 0 0 0 0 0 0 0 0 0 0 0 0 0 0 0 0 0 0 0 0 0 0 0 0 0 0 data 19 0x20104 0x0 0x0 0x198b0e89d50 0x25fd 0x198ad987868 0x27ba 0x50002 0x69ae 0x0 0x0 0x0 0x0 0x0 0x0 0x9 0x2 0x0 0x0 oops 2 3 org/jetbrains/kotlin/descriptors/impl/ValueParameterDescriptorImpl 5 org/jetbrains/kotlin/descriptors/impl/LazyClassReceiverParameterDescriptor methods 0
ciMethodData org/jetbrains/kotlin/ir/visitors/IrVisitorsKt acceptChildrenVoid (Lorg/jetbrains/kotlin/ir/IrElement;Lorg/jetbrains/kotlin/ir/visitors/IrElementVisitorVoid;)V 2 277201 orig 80 0 0 0 0 0 0 0 0 0 0 0 0 0 0 0 0 0 0 0 0 0 0 0 0 0 0 0 0 0 0 0 0 0 0 0 4 0 0 0 0 0 0 0 0 0 0 0 0 0 0 0 0 0 0 0 0 0 0 0 0 0 0 0 0 0 0 0 0 0 0 0 0 0 0 0 0 0 0 0 0 data 28 0x30002 0x43ad1 0x90002 0x43ad1 0xe0004 0x0 0x0 0x198ae789190 0x142 0x198ae789240 0x8e4 0x120005 0x2f37b 0x0 0x198b0e89a90 0xdb7e 0x198ad989010 0x6bdc 0x800000040012000d 0x198ae7893a0 0x0 0x0 0x0 0x0 0x9 0x2 0xffffffffffffffff 0xffffffffffffffff oops 4 7 org/jetbrains/kotlin/ir/util/PatchDeclarationParentsVisitor 9 org/jetbrains/kotlin/psi2ir/generators/IrSyntheticDeclarationGenerator 14 org/jetbrains/kotlin/ir/declarations/impl/IrValueParameterImpl 16 org/jetbrains/kotlin/ir/declarations/impl/IrFunctionImpl methods 1 19 org/jetbrains/kotlin/ir/util/DeclarationParentsVisitor visitValueAccess (Lorg/jetbrains/kotlin/ir/expressions/IrValueAccessExpression;)V
ciMethod org/jetbrains/kotlin/ir/util/DeclarationParentsVisitor visitValueAccess (Lorg/jetbrains/kotlin/ir/expressions/IrValueAccessExpression;)V 904 0 18638 0 -1
ciMethodData org/jetbrains/kotlin/ir/declarations/IrValueParameter acceptChildren (Lorg/jetbrains/kotlin/ir/visitors/IrElementVisitor;Ljava/lang/Object;)V 2 11285 orig 80 2 0 0 0 0 0 0 0 0 0 0 0 0 0 0 0 0 0 0 0 4 0 0 0 0 0 0 0 0 0 0 0 0 0 0 0 0 0 0 0 0 0 0 0 0 0 0 0 0 0 0 0 0 0 0 0 0 0 0 0 0 0 0 0 0 0 0 0 0 0 0 0 0 0 0 0 0 0 0 0 data 34 0x30002 0x2c16 0x8000000400070005 0x1fec 0x0 0x198b0e89a90 0xc25 0x198b0e89b40 0x9 0xb0007 0x2b0e 0x70 0x10c 0x100005 0x0 0x0 0x198af657c40 0xdf 0x0 0x0 0x140003 0x10c 0x18 0x0 0x0 0x0 0x0 0x0 0x0 0x9 0x3 0x0 0x0 0x0 oops 3 5 org/jetbrains/kotlin/ir/declarations/impl/IrValueParameterImpl 7 org/jetbrains/kotlin/ir/declarations/lazy/IrLazyValueParameter 16 org/jetbrains/kotlin/ir/expressions/impl/IrExpressionBodyImpl methods 0
ciMethodData org/jetbrains/kotlin/ir/symbols/impl/IrValueParameterSymbolImpl getDescriptor ()Lorg/jetbrains/kotlin/descriptors/ValueDescriptor; 2 35968 orig 80 0 0 0 0 0 0 0 0 0 0 0 0 0 0 0 0 0 0 0 0 0 0 0 0 0 0 0 0 0 0 0 0 0 0 0 0 0 0 0 0 0 0 0 0 0 0 0 0 0 0 0 0 0 0 0 0 0 0 0 0 0 0 0 0 0 0 0 0 0 0 0 0 0 0 0 0 0 0 0 0 data 23 0x10005 0x0 0x0 0x198b0e89bf0 0x8c81 0x0 0x0 0x40004 0x0 0x0 0x198b0e89d50 0x461a 0x198ad987868 0x2f4d 0x0 0x0 0x0 0x0 0x0 0x0 0x9 0x1 0x0 oops 3 3 org/jetbrains/kotlin/ir/symbols/impl/IrValueParameterSymbolImpl 10 org/jetbrains/kotlin/descriptors/impl/ValueParameterDescriptorImpl 12 org/jetbrains/kotlin/descriptors/impl/LazyClassReceiverParameterDescriptor methods 0
ciMethod org/jetbrains/kotlin/ir/expressions/impl/IrExpressionBodyImpl getExpression ()Lorg/jetbrains/kotlin/ir/expressions/IrExpression; 336 0 168 0 0
ciMethod org/jetbrains/kotlin/ir/expressions/IrExpressionBody getExpression ()Lorg/jetbrains/kotlin/ir/expressions/IrExpression; 0 0 1 0 -1
ciMethod org/jetbrains/kotlin/ir/expressions/IrExpressionBody accept (Lorg/jetbrains/kotlin/ir/visitors/IrElementVisitor;Ljava/lang/Object;)Ljava/lang/Object; 1024 0 39331 0 152
ciMethod org/jetbrains/kotlin/ir/expressions/IrExpressionBody acceptChildren (Lorg/jetbrains/kotlin/ir/visitors/IrElementVisitor;Ljava/lang/Object;)V 1024 0 11800 0 152
ciMethodData org/jetbrains/kotlin/ir/visitors/IrElementVisitorVoid$DefaultImpls visitBody (Lorg/jetbrains/kotlin/ir/visitors/IrElementVisitorVoid;Lorg/jetbrains/kotlin/ir/expressions/IrBody;)V 2 82805 orig 80 0 0 0 0 0 0 0 0 0 0 0 0 251 127 0 0 0 0 0 0 0 0 0 0 0 0 0 0 0 0 0 0 0 0 0 0 0 0 0 0 0 0 0 0 0 0 0 0 0 0 0 0 0 0 0 0 0 0 0 0 0 0 0 0 0 0 0 0 0 0 0 0 0 0 0 0 0 0 0 0 data 26 0x30002 0x14375 0x80004 0x0 0x0 0x0 0x0 0x0 0x0 0xb0005 0x4ee0 0x0 0x198ae789190 0x2198 0x198ae789240 0x2e75 0x0 0x0 0x0 0x0 0x0 0x0 0x9 0x2 0x0 0x0 oops 2 12 org/jetbrains/kotlin/ir/util/PatchDeclarationParentsVisitor 14 org/jetbrains/kotlin/psi2ir/generators/IrSyntheticDeclarationGenerator methods 0
ciMethodData org/jetbrains/kotlin/ir/expressions/IrExpressionBody acceptChildren (Lorg/jetbrains/kotlin/ir/visitors/IrElementVisitor;Ljava/lang/Object;)V 2 11288 orig 80 0 0 0 0 0 0 0 0 0 0 0 0 0 0 0 0 0 0 0 0 0 0 0 0 0 0 0 0 0 0 0 0 0 0 0 0 0 0 0 0 0 0 0 0 0 0 0 0 0 0 0 0 0 0 0 0 0 0 0 0 0 0 0 0 0 0 0 0 0 0 0 0 0 0 0 0 0 0 0 0 data 27 0x30002 0x2c19 0x70005 0x2b20 0x0 0x198af657c40 0xf9 0x0 0x0 0xc0005 0xe42 0x0 0x198ac6047e8 0xeee 0x198ac604898 0xee9 0x0 0x0 0x0 0x0 0x0 0x0 0x9 0x3 0x0 0x0 0x0 oops 3 5 org/jetbrains/kotlin/ir/expressions/impl/IrExpressionBodyImpl 12 org/jetbrains/kotlin/ir/expressions/impl/IrGetValueImpl 14 org/jetbrains/kotlin/ir/expressions/impl/IrGetFieldImpl methods 0
ciMethodData org/jetbrains/kotlin/ir/expressions/IrExpressionBody accept (Lorg/jetbrains/kotlin/ir/visitors/IrElementVisitor;Ljava/lang/Object;)Ljava/lang/Object; 2 38821 orig 80 0 0 0 0 0 0 0 0 0 0 0 0 0 0 0 0 0 0 0 0 0 0 0 0 0 0 0 0 0 0 0 0 0 0 0 0 0 0 0 0 0 0 0 0 0 0 0 0 0 0 0 0 0 0 0 0 0 0 0 0 0 0 0 0 0 0 0 0 0 0 0 0 0 0 0 0 0 0 0 0 data 20 0x30002 0x97a6 0x90005 0x6f18 0x0 0x198ae789190 0x1b05 0x198ae789240 0xd89 0x0 0x0 0x0 0x0 0x0 0x0 0x9 0x3 0xffffffffffffffff 0xffffffffffffffff 0xffffffffffffffff oops 2 5 org/jetbrains/kotlin/ir/util/PatchDeclarationParentsVisitor 7 org/jetbrains/kotlin/psi2ir/generators/IrSyntheticDeclarationGenerator methods 0
ciMethodData org/jetbrains/kotlin/ir/visitors/IrElementVisitorVoid$DefaultImpls visitExpressionBody (Lorg/jetbrains/kotlin/ir/visitors/IrElementVisitorVoid;Lorg/jetbrains/kotlin/ir/expressions/IrExpressionBody;Ljava/lang/Void;)V 2 38351 orig 80 0 0 0 0 0 0 0 0 0 0 0 0 0 0 0 0 0 0 0 0 0 0 0 0 0 0 0 0 0 0 0 0 0 0 0 0 0 0 0 0 0 0 0 0 0 0 0 0 0 0 0 0 0 0 0 0 0 0 0 0 0 0 0 0 0 0 0 0 0 0 0 0 0 0 0 0 0 0 0 0 data 20 0x30002 0x95d0 0x80005 0x2084 0x0 0x198ae789190 0x26da 0x198ae789240 0x12ac 0x0 0x0 0x0 0x0 0x0 0x0 0x9 0x3 0x0 0x0 0x0 oops 2 5 org/jetbrains/kotlin/ir/util/PatchDeclarationParentsVisitor 7 org/jetbrains/kotlin/psi2ir/generators/IrSyntheticDeclarationGenerator methods 0
ciMethodData org/jetbrains/kotlin/ir/visitors/IrElementVisitorVoid$DefaultImpls visitExpressionBody (Lorg/jetbrains/kotlin/ir/visitors/IrElementVisitorVoid;Lorg/jetbrains/kotlin/ir/expressions/IrExpressionBody;)V 2 38219 orig 80 0 0 0 0 0 0 0 0 0 0 0 0 0 0 0 0 0 0 0 0 0 0 0 0 0 0 0 0 0 0 0 0 0 0 0 0 0 0 0 0 0 0 0 0 0 0 0 0 0 0 0 0 0 0 0 0 0 0 0 0 0 0 0 0 0 0 0 0 0 0 0 0 0 0 0 0 0 0 0 0 data 26 0x30002 0x954c 0x80004 0x0 0x0 0x198af657c40 0xf9 0x0 0x0 0xb0005 0x2000 0x0 0x198ae789190 0x26da 0x198ae789240 0x12ac 0x0 0x0 0x0 0x0 0x0 0x0 0x9 0x2 0x0 0x0 oops 3 5 org/jetbrains/kotlin/ir/expressions/impl/IrExpressionBodyImpl 12 org/jetbrains/kotlin/ir/util/PatchDeclarationParentsVisitor 14 org/jetbrains/kotlin/psi2ir/generators/IrSyntheticDeclarationGenerator methods 0
ciMethod androidx/compose/compiler/plugins/kotlin/lower/ComposableSymbolRemapper$1 remapDeclaredValueParameter (Lorg/jetbrains/kotlin/descriptors/ParameterDescriptor;)Lorg/jetbrains/kotlin/descriptors/ParameterDescriptor; 818 0 15509 0 0
ciMethod androidx/compose/compiler/plugins/kotlin/lower/ComposableSymbolRemapper$1 isTransformed (Lorg/jetbrains/kotlin/descriptors/FunctionDescriptor;)Z 656 2106 14335 0 0
ciMethod androidx/compose/compiler/plugins/kotlin/lower/ComposableSymbolRemapper$1 isTransformed (Lorg/jetbrains/kotlin/descriptors/ParameterDescriptor;)Z 818 0 15509 0 0
ciMethod androidx/compose/compiler/plugins/kotlin/lower/ComposableSymbolRemapper$1 containsComposable (Lorg/jetbrains/kotlin/types/KotlinType;)Z 722 20 78457 0 0
ciMethod org/jetbrains/kotlin/ir/util/DeepCopySymbolRemapper visitElement (Lorg/jetbrains/kotlin/ir/IrElement;)V 4260 0 12317 0 152
ciMethod org/jetbrains/kotlin/ir/util/DeepCopySymbolRemapper visitValueParameter (Lorg/jetbrains/kotlin/ir/declarations/IrValueParameter;)V 1024 0 17459 0 -1
ciMethod org/jetbrains/kotlin/ir/util/DeepCopySymbolRemapper visitBody (Lorg/jetbrains/kotlin/ir/expressions/IrBody;)V 518 0 16967 0 0
ciMethod org/jetbrains/kotlin/ir/util/DeepCopySymbolRemapper visitExpressionBody (Lorg/jetbrains/kotlin/ir/expressions/IrExpressionBody;Ljava/lang/Void;)V 512 0 5717 0 0
ciMethod org/jetbrains/kotlin/ir/util/DeepCopySymbolRemapper visitExpressionBody (Lorg/jetbrains/kotlin/ir/expressions/IrExpressionBody;)V 768 0 5717 0 0
ciMethod org/jetbrains/kotlin/ir/util/DeepCopySymbolRemapper visitValueParameter (Lorg/jetbrains/kotlin/ir/declarations/IrValueParameter;Ljava/lang/Object;)Ljava/lang/Object; 512 0 17459 0 -1
ciMethod org/jetbrains/kotlin/ir/util/DeepCopySymbolRemapper visitExpressionBody (Lorg/jetbrains/kotlin/ir/expressions/IrExpressionBody;Ljava/lang/Object;)Ljava/lang/Object; 512 0 5717 0 0
ciMethod org/jetbrains/kotlin/ir/util/DescriptorsRemapper remapDeclaredValueParameter (Lorg/jetbrains/kotlin/descriptors/ParameterDescriptor;)Lorg/jetbrains/kotlin/descriptors/ParameterDescriptor; 0 0 1 0 -1
ciMethodData org/jetbrains/kotlin/ir/declarations/impl/IrValueParameterImpl getSymbol ()Lorg/jetbrains/kotlin/ir/symbols/IrSymbol; 2 11320 orig 80 0 0 0 0 0 0 0 0 0 0 0 0 0 0 0 0 0 0 0 0 0 0 0 0 0 0 0 0 0 0 0 0 0 0 0 0 0 0 0 0 0 0 0 0 0 0 0 0 0 0 0 0 0 0 0 0 0 0 0 0 0 0 0 0 0 0 0 0 0 0 0 0 0 0 0 0 0 0 0 0 data 23 0x10005 0x2c39 0x0 0x0 0x0 0x0 0x0 0x40004 0x0 0x0 0x198b0e89bf0 0x2c39 0x0 0x0 0x0 0x0 0x0 0x0 0x0 0x0 0x9 0x1 0x0 oops 1 10 org/jetbrains/kotlin/ir/symbols/impl/IrValueParameterSymbolImpl methods 0
ciMethod org/jetbrains/kotlin/ir/util/NullDescriptorsRemapper remapDeclaredValueParameter (Lorg/jetbrains/kotlin/descriptors/ParameterDescriptor;)Lorg/jetbrains/kotlin/descriptors/ParameterDescriptor; 1024 0 1954 0 0
ciMethodData org/jetbrains/kotlin/ir/util/DeepCopySymbolRemapper visitElement (Lorg/jetbrains/kotlin/ir/IrElement;)V 2 10187 orig 80 0 0 0 0 0 0 0 0 0 0 0 0 251 127 0 0 0 0 0 0 0 0 0 0 0 0 0 0 0 0 0 0 0 0 0 0 0 0 0 0 0 0 0 0 0 0 0 0 0 0 0 0 0 0 0 0 0 0 0 0 0 0 0 0 0 0 0 0 0 0 0 0 0 0 0 0 0 0 0 0 data 21 0x40002 0x27cb 0x90004 0x0 0x0 0x198b0e892d0 0x9b 0x0 0x0 0xc0002 0x27cb 0x0 0x0 0x0 0x0 0x0 0x0 0x9 0x2 0x0 0x0 oops 1 5 org/jetbrains/kotlin/ir/util/DeepCopySymbolRemapper methods 0
ciMethodData org/jetbrains/kotlin/ir/util/DeepCopySymbolRemapper visitBody (Lorg/jetbrains/kotlin/ir/expressions/IrBody;)V 2 16708 orig 80 0 0 0 0 0 0 0 0 0 0 0 0 251 127 0 0 0 0 0 0 0 0 0 0 0 0 0 0 0 0 0 0 0 0 0 0 0 0 0 0 0 0 0 0 0 0 0 0 0 0 0 0 0 0 0 0 0 0 0 0 0 0 0 0 0 0 0 0 0 0 0 0 0 0 0 0 0 0 0 0 data 12 0x20002 0x4144 0x0 0x0 0x0 0x0 0x0 0x0 0x9 0x2 0x0 0x0 oops 0 methods 0
ciMethodData org/jetbrains/kotlin/ir/util/DeepCopySymbolRemapper visitValueParameter (Lorg/jetbrains/kotlin/ir/declarations/IrValueParameter;)V 2 16947 orig 80 0 0 0 0 0 0 0 0 0 0 0 0 0 0 0 0 0 0 0 0 0 0 0 0 0 0 0 0 0 0 0 0 0 0 0 4 0 0 0 0 0 0 0 0 0 0 0 0 0 0 0 0 0 0 0 0 0 0 0 0 0 0 0 0 0 0 0 0 0 0 0 0 0 0 0 0 0 0 0 0 data 113 0x40002 0x4234 0xd0004 0x0 0x0 0x198b0e899e0 0x1 0x0 0x0 0x150004 0x0 0x0 0x198b0e89a90 0x1 0x0 0x0 0x180005 0x0 0x0 0x198b0e89a90 0x4232 0x198b0e89b40 0x6 0x1e0007 0x4238 0x30 0x0 0x280002 0x0 0x2c0004 0x0 0x0 0x198b0e89bf0 0x4238 0x0 0x0 0x2f0004 0x0 0x0 0x198b0e89bf0 0x4238 0x0 0x0 0x390004 0x0 0x0 0x198b0e89bf0 0x4238 0x0 0x0 0x4f0005 0x0 0x0 0x198b0e89bf0 0x4238 0x0 0x0 0x540004 0x0 0x0 0x198b0e89ca0 0x223 0x198b0e89d50 0x17e6 0x570005 0x0 0x0 0x198b0e89e00 0x5a3 0x198b0e89eb0 0x3c95 0x5c0002 0x4238 0x5f0004 0x0 0x0 0x198b0e89bf0 0x5 0x0 0x0 0x6a0005 0x0 0x0 0x198b0e899e0 0x4238 0x0 0x0 0x720004 0x0 0x0 0x198b0e89a90 0x1 0x198b0e89b40 0x4 0x760004 0x0 0x0 0x198b0e892d0 0x1 0x198b0e89f60 0x4 0x790002 0x4238 0x800000040018000d 0x198b0e8a010 0x0 0x0 0x0 0x0 0x9 0x2 0x0 0x0 oops 18 5 java/util/HashMap 12 org/jetbrains/kotlin/ir/declarations/impl/IrValueParameterImpl 19 org/jetbrains/kotlin/ir/declarations/impl/IrValueParameterImpl 21 org/jetbrains/kotlin/ir/declarations/lazy/IrLazyValueParameter 32 org/jetbrains/kotlin/ir/symbols/impl/IrValueParameterSymbolImpl 39 org/jetbrains/kotlin/ir/symbols/impl/IrValueParameterSymbolImpl 46 org/jetbrains/kotlin/ir/symbols/impl/IrValueParameterSymbolImpl 53 org/jetbrains/kotlin/ir/symbols/impl/IrValueParameterSymbolImpl 60 org/jetbrains/kotlin/descriptors/impl/ReceiverParameterDescriptorImpl 62 org/jetbrains/kotlin/descriptors/impl/ValueParameterDescriptorImpl 67 org/jetbrains/kotlin/ir/util/NullDescriptorsRemapper 69 androidx/compose/compiler/plugins/kotlin/lower/ComposableSymbolRemapper$1 76 org/jetbrains/kotlin/ir/symbols/impl/IrValueParameterSymbolImpl 83 java/util/HashMap 90 org/jetbrains/kotlin/ir/declarations/impl/IrValueParameterImpl 92 org/jetbrains/kotlin/ir/declarations/lazy/IrLazyValueParameter 97 org/jetbrains/kotlin/ir/util/DeepCopySymbolRemapper 99 androidx/compose/compiler/plugins/kotlin/lower/ComposableSymbolRemapper methods 1 104 org/jetbrains/kotlin/ir/util/DeepCopySymbolRemapper visitValueParameter (Lorg/jetbrains/kotlin/ir/declarations/IrValueParameter;Ljava/lang/Object;)Ljava/lang/Object;
ciMethodData org/jetbrains/kotlin/ir/util/NullDescriptorsRemapper remapDeclaredValueParameter (Lorg/jetbrains/kotlin/descriptors/ParameterDescriptor;)Lorg/jetbrains/kotlin/descriptors/ParameterDescriptor; 2 1442 orig 80 0 0 0 0 0 0 0 0 0 0 0 0 0 0 0 0 0 0 0 0 0 0 0 0 0 0 0 0 0 0 0 0 0 0 0 0 0 0 0 0 0 0 0 0 0 0 0 0 0 0 0 0 0 0 0 0 0 0 0 0 0 0 0 0 0 0 0 0 0 0 0 0 0 0 0 0 0 0 0 0 data 12 0x30002 0x5a3 0x0 0x0 0x0 0x0 0x0 0x0 0x9 0x2 0x0 0x0 oops 0 methods 0
ciMethodData org/jetbrains/kotlin/ir/util/DeepCopySymbolRemapper visitExpressionBody (Lorg/jetbrains/kotlin/ir/expressions/IrExpressionBody;Ljava/lang/Object;)Ljava/lang/Object; 2 5461 orig 80 0 0 0 0 0 0 0 0 0 0 0 0 251 127 0 0 0 0 0 0 0 0 0 0 0 0 0 0 0 0 0 0 0 0 0 0 0 0 0 0 0 0 0 0 0 0 0 0 0 0 0 0 0 0 0 0 0 0 0 0 0 0 0 0 0 0 0 0 0 0 0 0 0 0 0 0 0 0 0 0 data 25 0x30104 0x0 0x0 0x0 0x0 0x0 0x0 0x60005 0x0 0x0 0x198b0e892d0 0x79 0x198b0e89f60 0x14dc 0x0 0x0 0x0 0x0 0x0 0x0 0x9 0x3 0x0 0x0 0x0 oops 2 10 org/jetbrains/kotlin/ir/util/DeepCopySymbolRemapper 12 androidx/compose/compiler/plugins/kotlin/lower/ComposableSymbolRemapper methods 0
ciMethodData org/jetbrains/kotlin/ir/util/DeepCopySymbolRemapper visitExpressionBody (Lorg/jetbrains/kotlin/ir/expressions/IrExpressionBody;Ljava/lang/Void;)V 2 5461 orig 80 0 0 0 0 0 0 0 0 0 0 0 0 0 0 0 0 0 0 0 0 0 0 0 0 0 0 0 0 0 0 0 0 0 0 0 0 0 0 0 0 0 0 0 0 0 0 0 0 0 0 0 0 0 0 0 0 0 0 0 0 0 0 0 0 0 0 0 0 0 0 0 0 0 0 0 0 0 0 0 0 data 13 0x30002 0x1555 0x0 0x0 0x0 0x0 0x0 0x0 0x9 0x3 0x0 0x0 0x0 oops 0 methods 0
ciMethodData androidx/compose/compiler/plugins/kotlin/lower/ComposableSymbolRemapper$1 containsComposable (Lorg/jetbrains/kotlin/types/KotlinType;)Z 2 78096 orig 80 1 0 0 0 0 0 0 0 0 0 0 0 251 127 0 0 0 0 0 0 0 0 0 0 0 0 0 0 0 0 0 0 0 0 0 0 0 0 0 2 0 0 0 0 0 0 0 0 0 0 0 0 0 0 0 0 0 0 0 0 0 0 0 0 0 0 0 0 0 0 0 0 0 0 0 0 0 0 0 0 data 117 0x10002 0x13110 0x8000000600040007 0xb 0x330 0x13107 0x80005 0x2652 0x0 0x198adadd728 0x6d5 0x198adadd7d8 0x103e0 0xb0004 0x0 0x0 0x198adadd888 0x110d9 0x198adadd938 0x78 0x120004 0x0 0x0 0x198adadd888 0x110d9 0x198adadd938 0x78 0x150007 0x0 0xc8 0x13107 0x190004 0x0 0x0 0x198adadd888 0x110d9 0x198adadd938 0x78 0x1c0005 0x1fb6 0x0 0x198adadd888 0x110d9 0x198adadd938 0x78 0x210007 0x121f 0x38 0x11ee8 0x250003 0x11ee8 0x198 0x290005 0x0 0x0 0x198adadd938 0x78 0x198ab0617b8 0x11a7 0x320005 0x0 0x0 0x198adadd9e8 0xf0 0x198adadda98 0x267f 0x370007 0x121f 0x110 0x1550 0x3c0005 0x0 0x0 0x198adadd9e8 0x78 0x198adadda98 0x14d8 0x450004 0x0 0x0 0x198adaddb48 0x1532 0x198adaddbf8 0x1e 0x4f0005 0x0 0x0 0x198adaddb48 0x1532 0x198adaddbf8 0x1e 0x540002 0x1550 0x570007 0x1550 0xfffffffffffffef0 0x0 0x5b0003 0x0 0x18 0x5f0007 0x13107 0x38 0x0 0x630003 0xb 0x18 0x0 0x0 0x0 0x0 0x0 0x0 0x9 0x2 0x0 0xffffffffffffffff oops 20 9 org/jetbrains/kotlin/types/FlexibleTypeImpl 11 org/jetbrains/kotlin/types/SimpleTypeImpl 16 kotlin/collections/EmptyList 18 java/util/Collections$SingletonList 23 kotlin/collections/EmptyList 25 java/util/Collections$SingletonList 34 kotlin/collections/EmptyList 36 java/util/Collections$SingletonList 41 kotlin/collections/EmptyList 43 java/util/Collections$SingletonList 55 java/util/Collections$SingletonList 57 java/util/ArrayList 62 java/util/Collections$1 64 java/util/ArrayList$Itr 73 java/util/Collections$1 75 java/util/ArrayList$Itr 80 org/jetbrains/kotlin/types/TypeProjectionImpl 82 org/jetbrains/kotlin/types/StarProjectionImpl 87 org/jetbrains/kotlin/types/TypeProjectionImpl 89 org/jetbrains/kotlin/types/StarProjectionImpl methods 0
ciMethodData androidx/compose/compiler/plugins/kotlin/lower/ComposableSymbolRemapper$1 isTransformed (Lorg/jetbrains/kotlin/descriptors/FunctionDescriptor;)Z 2 14007 orig 80 1 0 0 0 0 0 0 0 0 0 0 0 251 127 0 0 0 0 0 0 0 0 0 0 0 0 0 0 0 0 0 0 0 0 0 0 0 0 0 0 0 0 0 0 0 0 0 0 0 0 0 0 0 0 0 0 0 0 0 0 0 0 0 0 0 0 0 0 0 0 0 0 0 0 0 0 0 0 0 0 data 149 0x10004 0xffffffffffffcf3c 0x0 0x198ada1e378 0x51 0x198ad20ce28 0x567 0x40007 0x5f3 0x408 0x30c4 0x80005 0x21dd 0x0 0x198ada1e378 0x72e 0x198ad20ced8 0x7b9 0xd0004 0x0 0x0 0x198adadd938 0xb33 0x198ab0617b8 0x1311 0x140004 0x0 0x0 0x198adadd938 0xb33 0x198ab0617b8 0x1311 0x170007 0x0 0xc8 0x30c4 0x1b0004 0x0 0x0 0x198adadd938 0xb33 0x198ab0617b8 0x1311 0x1e0005 0x1280 0x0 0x198adadd938 0xb33 0x198ab0617b8 0x1311 0x230007 0x1e44 0x38 0x1280 0x270003 0x1280 0x198 0x2b0005 0x0 0x0 0x198adadd938 0xb33 0x198ab0617b8 0x1311 0x340005 0x0 0x0 0x198adadd9e8 0x1666 0x198adadda98 0xcde1 0x390007 0x1e3c 0x110 0xc60b 0x3e0005 0x0 0x0 0x198adadd9e8 0xb33 0x198adadda98 0xbad8 0x470004 0x0 0x0 0x198b0e89d50 0xc605 0x198ad20cf88 0x6 0x520005 0x0 0x0 0x198b0e89d50 0xc605 0x198ad20cf88 0x6 0x570002 0xc60b 0x5a0007 0xc603 0xfffffffffffffef0 0x9 0x5e0003 0x9 0x18 0x620007 0x9 0xf8 0x30bc 0x660005 0x21d5 0x0 0x198ada1e378 0x72e 0x198ad20ced8 0x7b9 0x6c0007 0x0 0x80 0x30bc 0x710002 0x30bc 0x750007 0x30bc 0x38 0x0 0x790003 0x0 0x30 0x7d0003 0x30bc 0x18 0x820007 0x30bc 0x38 0x0 0x860003 0x5fc 0x18 0x0 0x0 0x0 0x0 0x0 0x0 0x9 0x2 0x0 0xffffffffffffffff oops 24 3 org/jetbrains/kotlin/load/java/descriptors/JavaMethodDescriptor 5 org/jetbrains/kotlin/ir/descriptors/IrBasedSimpleFunctionDescriptor 14 org/jetbrains/kotlin/load/java/descriptors/JavaMethodDescriptor 16 org/jetbrains/kotlin/descriptors/impl/PropertyGetterDescriptorImpl 21 java/util/Collections$SingletonList 23 java/util/ArrayList 28 java/util/Collections$SingletonList 30 java/util/ArrayList 39 java/util/Collections$SingletonList 41 java/util/ArrayList 46 java/util/Collections$SingletonList 48 java/util/ArrayList 60 java/util/Collections$SingletonList 62 java/util/ArrayList 67 java/util/Collections$1 69 java/util/ArrayList$Itr 78 java/util/Collections$1 80 java/util/ArrayList$Itr 85 org/jetbrains/kotlin/descriptors/impl/ValueParameterDescriptorImpl 87 org/jetbrains/kotlin/descriptors/impl/ValueParameterDescriptorImpl$WithDestructuringDeclaration 92 org/jetbrains/kotlin/descriptors/impl/ValueParameterDescriptorImpl 94 org/jetbrains/kotlin/descriptors/impl/ValueParameterDescriptorImpl$WithDestructuringDeclaration 112 org/jetbrains/kotlin/load/java/descriptors/JavaMethodDescriptor 114 org/jetbrains/kotlin/descriptors/impl/PropertyGetterDescriptorImpl methods 0
ciMethodData androidx/compose/compiler/plugins/kotlin/lower/ComposableSymbolRemapper$1 remapDeclaredValueParameter (Lorg/jetbrains/kotlin/descriptors/ParameterDescriptor;)Lorg/jetbrains/kotlin/descriptors/ParameterDescriptor; 2 15100 orig 80 0 0 0 0 0 0 0 0 0 0 0 0 251 127 0 0 0 0 0 0 0 0 0 0 0 0 0 0 0 0 0 0 0 0 0 0 0 0 0 0 0 0 0 0 0 0 0 0 0 0 0 0 0 0 0 0 0 0 0 0 0 0 0 0 0 0 0 0 0 0 0 0 0 0 0 0 0 0 0 0 data 15 0x90002 0x3afc 0xc0007 0xcb5 0x38 0x2e47 0x100003 0x2e47 0x18 0x0 0x0 0x9 0x2 0x0 0x0 oops 0 methods 0
ciMethodData androidx/compose/compiler/plugins/kotlin/lower/ComposableSymbolRemapper$1 isTransformed (Lorg/jetbrains/kotlin/descriptors/ParameterDescriptor;)Z 2 15100 orig 80 0 0 0 0 0 0 0 0 0 0 0 0 0 0 0 0 0 0 0 0 0 0 0 0 0 0 0 0 0 0 0 0 0 0 0 0 0 0 0 0 0 0 0 0 0 0 0 0 0 0 0 0 0 0 0 0 0 0 0 0 0 0 0 0 0 0 0 0 0 0 0 0 0 0 0 0 0 0 0 0 data 75 0x10004 0xffffffffffffd1b2 0x0 0x198b0e89d50 0x3f 0x198ad987868 0x33 0x40007 0xcae 0x1b8 0x2e4e 0x90005 0x98 0x0 0x198b0e89d50 0x163f 0x198ad987868 0x1777 0xe0002 0x2e4e 0x110007 0x2 0x150 0x2e4c 0x150005 0x98 0x0 0x198b0e89d50 0x163d 0x198ad987868 0x1777 0x1e0004 0xffffffffffffe853 0x0 0x198ada1e378 0x3f4 0x198ada1e428 0x33 0x210007 0x17ad 0xa0 0x169f 0x260004 0x0 0x0 0x198ada1e378 0x3f4 0x198ada1e4d8 0x2d0 0x290002 0x169f 0x2c0007 0x169a 0x38 0x5 0x300003 0x5 0x18 0x340007 0x2e47 0x38 0x5 0x380003 0xcb5 0x18 0x0 0x0 0x0 0x0 0x0 0x0 0x9 0x2 0x0 0x0 oops 10 3 org/jetbrains/kotlin/descriptors/impl/ValueParameterDescriptorImpl 5 org/jetbrains/kotlin/descriptors/impl/LazyClassReceiverParameterDescriptor 14 org/jetbrains/kotlin/descriptors/impl/ValueParameterDescriptorImpl 16 org/jetbrains/kotlin/descriptors/impl/LazyClassReceiverParameterDescriptor 27 org/jetbrains/kotlin/descriptors/impl/ValueParameterDescriptorImpl 29 org/jetbrains/kotlin/descriptors/impl/LazyClassReceiverParameterDescriptor 34 org/jetbrains/kotlin/load/java/descriptors/JavaMethodDescriptor 36 org/jetbrains/kotlin/load/java/lazy/descriptors/LazyJavaClassDescriptor 45 org/jetbrains/kotlin/load/java/descriptors/JavaMethodDescriptor 47 org/jetbrains/kotlin/descriptors/impl/AnonymousFunctionDescriptor methods 0
ciMethodData org/jetbrains/kotlin/ir/util/DeepCopySymbolRemapper visitExpressionBody (Lorg/jetbrains/kotlin/ir/expressions/IrExpressionBody;)V 2 5333 orig 80 0 0 0 0 0 0 0 0 0 0 0 0 251 127 0 0 0 0 0 0 0 0 0 0 0 0 0 0 0 0 0 0 0 0 0 0 0 0 0 0 0 0 0 0 0 0 0 0 0 0 0 0 0 0 0 0 0 0 0 0 0 0 0 0 0 0 0 0 0 0 0 0 0 0 0 0 0 0 0 0 data 12 0x20002 0x14d5 0x0 0x0 0x0 0x0 0x0 0x0 0x9 0x2 0x0 0x0 oops 0 methods 0
compile org/jetbrains/kotlin/ir/util/DeepCopySymbolRemapper visitValueParameter (Lorg/jetbrains/kotlin/ir/declarations/IrValueParameter;)V -1 4 inline 237 0 -1 0 org/jetbrains/kotlin/ir/util/DeepCopySymbolRemapper visitValueParameter (Lorg/jetbrains/kotlin/ir/declarations/IrValueParameter;)V 1 4 0 kotlin/jvm/internal/Intrinsics checkNotNullParameter (Ljava/lang/Object;Ljava/lang/String;)V 1 24 0 org/jetbrains/kotlin/ir/declarations/impl/IrValueParameterImpl getSymbol ()Lorg/jetbrains/kotlin/ir/symbols/IrSymbol; 2 1 0 org/jetbrains/kotlin/ir/declarations/impl/IrValueParameterImpl getSymbol ()Lorg/jetbrains/kotlin/ir/symbols/IrValueParameterSymbol; 1 79 0 org/jetbrains/kotlin/ir/symbols/impl/IrValueParameterSymbolImpl getDescriptor ()Lorg/jetbrains/kotlin/descriptors/ValueDescriptor; 2 1 0 org/jetbrains/kotlin/ir/symbols/impl/IrSymbolBase getDescriptor ()Lorg/jetbrains/kotlin/descriptors/DeclarationDescriptor; 3 16 0 kotlin/jvm/internal/Intrinsics checkNotNull (Ljava/lang/Object;Ljava/lang/String;)V 3 28 0 kotlin/jvm/internal/Intrinsics checkNotNull (Ljava/lang/Object;Ljava/lang/String;)V 1 87 0 androidx/compose/compiler/plugins/kotlin/lower/ComposableSymbolRemapper$1 remapDeclaredValueParameter (Lorg/jetbrains/kotlin/descriptors/ParameterDescriptor;)Lorg/jetbrains/kotlin/descriptors/ParameterDescriptor; 2 9 0 androidx/compose/compiler/plugins/kotlin/lower/ComposableSymbolRemapper$1 isTransformed (Lorg/jetbrains/kotlin/descriptors/ParameterDescriptor;)Z 3 14 0 androidx/compose/compiler/plugins/kotlin/lower/ComposableSymbolRemapper$1 containsComposable (Lorg/jetbrains/kotlin/types/KotlinType;)Z 4 1 0 androidx/compose/compiler/plugins/kotlin/k1/AnnotationUtilsKt hasComposableAnnotation (Lorg/jetbrains/kotlin/types/KotlinType;)Z 5 1 0 androidx/compose/compiler/plugins/kotlin/k1/AnnotationUtilsKt isSpecialType (Lorg/jetbrains/kotlin/types/KotlinType;)Z 5 8 0 org/jetbrains/kotlin/types/KotlinType getAnnotations ()Lorg/jetbrains/kotlin/descriptors/annotations/Annotations; 6 4 0 org/jetbrains/kotlin/types/AnnotationsTypeAttributeKt getAnnotations (Lorg/jetbrains/kotlin/types/TypeAttributes;)Lorg/jetbrains/kotlin/descriptors/annotations/Annotations; 7 3 0 kotlin/jvm/internal/Intrinsics checkNotNullParameter (Ljava/lang/Object;Ljava/lang/String;)V 7 7 0 org/jetbrains/kotlin/types/AnnotationsTypeAttributeKt getAnnotationsAttribute (Lorg/jetbrains/kotlin/types/TypeAttributes;)Lorg/jetbrains/kotlin/types/AnnotationsTypeAttribute; 8 3 0 kotlin/jvm/internal/Intrinsics checkNotNullParameter (Ljava/lang/Object;Ljava/lang/String;)V 8 15 0 org/jetbrains/kotlin/util/NullableArrayMapAccessor getValue (Ljava/lang/Object;Lkotlin/reflect/KProperty;)Ljava/lang/Object; 9 6 0 org/jetbrains/kotlin/util/NullableArrayMapAccessor getValue (Lorg/jetbrains/kotlin/util/AbstractArrayMapOwner;Lkotlin/reflect/KProperty;)Ljava/lang/Object; 10 3 0 kotlin/jvm/internal/Intrinsics checkNotNullParameter (Ljava/lang/Object;Ljava/lang/String;)V 10 9 0 kotlin/jvm/internal/Intrinsics checkNotNullParameter (Ljava/lang/Object;Ljava/lang/String;)V 10 14 0 org/jetbrains/kotlin/util/AbstractArrayMapOwner$AbstractArrayMapAccessor extractValue (Lorg/jetbrains/kotlin/util/AbstractArrayMapOwner;)Ljava/lang/Object; 11 3 0 kotlin/jvm/internal/Intrinsics checkNotNullParameter (Ljava/lang/Object;Ljava/lang/String;)V 11 7 0 org/jetbrains/kotlin/util/AttributeArrayOwner getArrayMap ()Lorg/jetbrains/kotlin/util/ArrayMap; 7 14 0 org/jetbrains/kotlin/types/AnnotationsTypeAttribute getAnnotations ()Lorg/jetbrains/kotlin/descriptors/annotations/Annotations; 7 25 0 org/jetbrains/kotlin/descriptors/annotations/Annotations$Companion getEMPTY ()Lorg/jetbrains/kotlin/descriptors/annotations/Annotations; 5 14 0 androidx/compose/compiler/plugins/kotlin/ComposeFqNames getComposable ()Lorg/jetbrains/kotlin/name/FqName; 5 17 0 org/jetbrains/kotlin/descriptors/annotations/Annotations$Companion$EMPTY$1 findAnnotation (Lorg/jetbrains/kotlin/name/FqName;)Lorg/jetbrains/kotlin/descriptors/annotations/AnnotationDescriptor; 6 2 0 org/jetbrains/kotlin/descriptors/annotations/Annotations$Companion$EMPTY$1 findAnnotation (Lorg/jetbrains/kotlin/name/FqName;)Ljava/lang/Void; 7 3 0 kotlin/jvm/internal/Intrinsics checkNotNullParameter (Ljava/lang/Object;Ljava/lang/String;)V 4 41 0 java/util/ArrayList iterator ()Ljava/util/Iterator; 5 5 0 java/util/ArrayList$Itr <init> (Ljava/util/ArrayList;)V 6 6 0 java/lang/Object <init> ()V 4 41 0 java/util/Collections$SingletonList iterator ()Ljava/util/Iterator; 5 4 0 java/util/Collections singletonIterator (Ljava/lang/Object;)Ljava/util/Iterator; 6 5 0 java/util/Collections$1 <init> (Ljava/lang/Object;)V 7 6 0 java/lang/Object <init> ()V 4 50 0 java/util/ArrayList$Itr hasNext ()Z 4 50 0 java/util/Collections$1 hasNext ()Z 4 60 0 java/util/Collections$1 next ()Ljava/lang/Object; 4 79 0 org/jetbrains/kotlin/types/TypeProjectionImpl getType ()Lorg/jetbrains/kotlin/types/KotlinType; 4 79 0 org/jetbrains/kotlin/types/StarProjectionImpl getType ()Lorg/jetbrains/kotlin/types/KotlinType; 4 84 0 androidx/compose/compiler/plugins/kotlin/k1/AnnotationUtilsKt hasComposableAnnotation (Lorg/jetbrains/kotlin/types/KotlinType;)Z 5 1 0 androidx/compose/compiler/plugins/kotlin/k1/AnnotationUtilsKt isSpecialType (Lorg/jetbrains/kotlin/types/KotlinType;)Z 5 8 0 org/jetbrains/kotlin/types/KotlinType getAnnotations ()Lorg/jetbrains/kotlin/descriptors/annotations/Annotations; 6 4 0 org/jetbrains/kotlin/types/AnnotationsTypeAttributeKt getAnnotations (Lorg/jetbrains/kotlin/types/TypeAttributes;)Lorg/jetbrains/kotlin/descriptors/annotations/Annotations; 7 3 0 kotlin/jvm/internal/Intrinsics checkNotNullParameter (Ljava/lang/Object;Ljava/lang/String;)V 7 7 0 org/jetbrains/kotlin/types/AnnotationsTypeAttributeKt getAnnotationsAttribute (Lorg/jetbrains/kotlin/types/TypeAttributes;)Lorg/jetbrains/kotlin/types/AnnotationsTypeAttribute; 8 3 0 kotlin/jvm/internal/Intrinsics checkNotNullParameter (Ljava/lang/Object;Ljava/lang/String;)V 8 15 0 org/jetbrains/kotlin/util/NullableArrayMapAccessor getValue (Ljava/lang/Object;Lkotlin/reflect/KProperty;)Ljava/lang/Object; 9 6 0 org/jetbrains/kotlin/util/NullableArrayMapAccessor getValue (Lorg/jetbrains/kotlin/util/AbstractArrayMapOwner;Lkotlin/reflect/KProperty;)Ljava/lang/Object; 10 3 0 kotlin/jvm/internal/Intrinsics checkNotNullParameter (Ljava/lang/Object;Ljava/lang/String;)V 10 9 0 kotlin/jvm/internal/Intrinsics checkNotNullParameter (Ljava/lang/Object;Ljava/lang/String;)V 10 14 0 org/jetbrains/kotlin/util/AbstractArrayMapOwner$AbstractArrayMapAccessor extractValue (Lorg/jetbrains/kotlin/util/AbstractArrayMapOwner;)Ljava/lang/Object; 11 3 0 kotlin/jvm/internal/Intrinsics checkNotNullParameter (Ljava/lang/Object;Ljava/lang/String;)V 11 7 0 org/jetbrains/kotlin/util/AttributeArrayOwner getArrayMap ()Lorg/jetbrains/kotlin/util/ArrayMap; 7 14 0 org/jetbrains/kotlin/types/AnnotationsTypeAttribute getAnnotations ()Lorg/jetbrains/kotlin/descriptors/annotations/Annotations; 7 25 0 org/jetbrains/kotlin/descriptors/annotations/Annotations$Companion getEMPTY ()Lorg/jetbrains/kotlin/descriptors/annotations/Annotations; 5 14 0 androidx/compose/compiler/plugins/kotlin/ComposeFqNames getComposable ()Lorg/jetbrains/kotlin/name/FqName; 5 17 0 org/jetbrains/kotlin/descriptors/annotations/Annotations$Companion$EMPTY$1 findAnnotation (Lorg/jetbrains/kotlin/name/FqName;)Lorg/jetbrains/kotlin/descriptors/annotations/AnnotationDescriptor; 6 2 0 org/jetbrains/kotlin/descriptors/annotations/Annotations$Companion$EMPTY$1 findAnnotation (Lorg/jetbrains/kotlin/name/FqName;)Ljava/lang/Void; 7 3 0 kotlin/jvm/internal/Intrinsics checkNotNullParameter (Ljava/lang/Object;Ljava/lang/String;)V 3 41 0 androidx/compose/compiler/plugins/kotlin/lower/ComposableSymbolRemapper$1 isTransformed (Lorg/jetbrains/kotlin/descriptors/FunctionDescriptor;)Z 4 43 0 java/util/ArrayList iterator ()Ljava/util/Iterator; 5 5 0 java/util/ArrayList$Itr <init> (Ljava/util/ArrayList;)V 6 6 0 java/lang/Object <init> ()V 4 43 0 java/util/Collections$SingletonList iterator ()Ljava/util/Iterator; 5 4 0 java/util/Collections singletonIterator (Ljava/lang/Object;)Ljava/util/Iterator; 6 5 0 java/util/Collections$1 <init> (Ljava/lang/Object;)V 7 6 0 java/lang/Object <init> ()V 4 52 0 java/util/ArrayList$Itr hasNext ()Z 4 52 0 java/util/Collections$1 hasNext ()Z 4 62 0 java/util/ArrayList$Itr next ()Ljava/lang/Object; 5 1 0 java/util/ArrayList$Itr checkForComodification ()V 4 62 0 java/util/Collections$1 next ()Ljava/lang/Object; 4 82 0 org/jetbrains/kotlin/descriptors/impl/VariableDescriptorImpl getType ()Lorg/jetbrains/kotlin/types/KotlinType; 4 87 0 androidx/compose/compiler/plugins/kotlin/lower/ComposableSymbolRemapper$1 containsComposable (Lorg/jetbrains/kotlin/types/KotlinType;)Z 5 1 0 androidx/compose/compiler/plugins/kotlin/k1/AnnotationUtilsKt hasComposableAnnotation (Lorg/jetbrains/kotlin/types/KotlinType;)Z 6 1 0 androidx/compose/compiler/plugins/kotlin/k1/AnnotationUtilsKt isSpecialType (Lorg/jetbrains/kotlin/types/KotlinType;)Z 6 8 0 org/jetbrains/kotlin/types/KotlinType getAnnotations ()Lorg/jetbrains/kotlin/descriptors/annotations/Annotations; 7 4 0 org/jetbrains/kotlin/types/AnnotationsTypeAttributeKt getAnnotations (Lorg/jetbrains/kotlin/types/TypeAttributes;)Lorg/jetbrains/kotlin/descriptors/annotations/Annotations; 8 3 0 kotlin/jvm/internal/Intrinsics checkNotNullParameter (Ljava/lang/Object;Ljava/lang/String;)V 8 7 0 org/jetbrains/kotlin/types/AnnotationsTypeAttributeKt getAnnotationsAttribute (Lorg/jetbrains/kotlin/types/TypeAttributes;)Lorg/jetbrains/kotlin/types/AnnotationsTypeAttribute; 9 3 0 kotlin/jvm/internal/Intrinsics checkNotNullParameter (Ljava/lang/Object;Ljava/lang/String;)V 9 15 0 org/jetbrains/kotlin/util/NullableArrayMapAccessor getValue (Ljava/lang/Object;Lkotlin/reflect/KProperty;)Ljava/lang/Object; 10 6 0 org/jetbrains/kotlin/util/NullableArrayMapAccessor getValue (Lorg/jetbrains/kotlin/util/AbstractArrayMapOwner;Lkotlin/reflect/KProperty;)Ljava/lang/Object; 11 3 0 kotlin/jvm/internal/Intrinsics checkNotNullParameter (Ljava/lang/Object;Ljava/lang/String;)V 11 9 0 kotlin/jvm/internal/Intrinsics checkNotNullParameter (Ljava/lang/Object;Ljava/lang/String;)V 11 14 0 org/jetbrains/kotlin/util/AbstractArrayMapOwner$AbstractArrayMapAccessor extractValue (Lorg/jetbrains/kotlin/util/AbstractArrayMapOwner;)Ljava/lang/Object; 12 3 0 kotlin/jvm/internal/Intrinsics checkNotNullParameter (Ljava/lang/Object;Ljava/lang/String;)V 12 7 0 org/jetbrains/kotlin/util/AttributeArrayOwner getArrayMap ()Lorg/jetbrains/kotlin/util/ArrayMap; 8 14 0 org/jetbrains/kotlin/types/AnnotationsTypeAttribute getAnnotations ()Lorg/jetbrains/kotlin/descriptors/annotations/Annotations; 8 25 0 org/jetbrains/kotlin/descriptors/annotations/Annotations$Companion getEMPTY ()Lorg/jetbrains/kotlin/descriptors/annotations/Annotations; 6 14 0 androidx/compose/compiler/plugins/kotlin/ComposeFqNames getComposable ()Lorg/jetbrains/kotlin/name/FqName; 6 17 0 org/jetbrains/kotlin/descriptors/annotations/Annotations$Companion$EMPTY$1 findAnnotation (Lorg/jetbrains/kotlin/name/FqName;)Lorg/jetbrains/kotlin/descriptors/annotations/AnnotationDescriptor; 7 2 0 org/jetbrains/kotlin/descriptors/annotations/Annotations$Companion$EMPTY$1 findAnnotation (Lorg/jetbrains/kotlin/name/FqName;)Ljava/lang/Void; 8 3 0 kotlin/jvm/internal/Intrinsics checkNotNullParameter (Ljava/lang/Object;Ljava/lang/String;)V 5 41 0 java/util/ArrayList iterator ()Ljava/util/Iterator; 6 5 0 java/util/ArrayList$Itr <init> (Ljava/util/ArrayList;)V 7 6 0 java/lang/Object <init> ()V 5 41 0 java/util/Collections$SingletonList iterator ()Ljava/util/Iterator; 6 4 0 java/util/Collections singletonIterator (Ljava/lang/Object;)Ljava/util/Iterator; 7 5 0 java/util/Collections$1 <init> (Ljava/lang/Object;)V 8 6 0 java/lang/Object <init> ()V 5 50 0 java/util/ArrayList$Itr hasNext ()Z 5 50 0 java/util/Collections$1 hasNext ()Z 5 60 0 java/util/Collections$1 next ()Ljava/lang/Object; 5 79 0 org/jetbrains/kotlin/types/TypeProjectionImpl getType ()Lorg/jetbrains/kotlin/types/KotlinType; 5 79 0 org/jetbrains/kotlin/types/StarProjectionImpl getType ()Lorg/jetbrains/kotlin/types/KotlinType; 5 84 0 androidx/compose/compiler/plugins/kotlin/k1/AnnotationUtilsKt hasComposableAnnotation (Lorg/jetbrains/kotlin/types/KotlinType;)Z 6 1 0 androidx/compose/compiler/plugins/kotlin/k1/AnnotationUtilsKt isSpecialType (Lorg/jetbrains/kotlin/types/KotlinType;)Z 6 8 0 org/jetbrains/kotlin/types/KotlinType getAnnotations ()Lorg/jetbrains/kotlin/descriptors/annotations/Annotations; 7 4 0 org/jetbrains/kotlin/types/AnnotationsTypeAttributeKt getAnnotations (Lorg/jetbrains/kotlin/types/TypeAttributes;)Lorg/jetbrains/kotlin/descriptors/annotations/Annotations; 8 3 0 kotlin/jvm/internal/Intrinsics checkNotNullParameter (Ljava/lang/Object;Ljava/lang/String;)V 8 7 0 org/jetbrains/kotlin/types/AnnotationsTypeAttributeKt getAnnotationsAttribute (Lorg/jetbrains/kotlin/types/TypeAttributes;)Lorg/jetbrains/kotlin/types/AnnotationsTypeAttribute; 9 3 0 kotlin/jvm/internal/Intrinsics checkNotNullParameter (Ljava/lang/Object;Ljava/lang/String;)V 9 15 0 org/jetbrains/kotlin/util/NullableArrayMapAccessor getValue (Ljava/lang/Object;Lkotlin/reflect/KProperty;)Ljava/lang/Object; 10 6 0 org/jetbrains/kotlin/util/NullableArrayMapAccessor getValue (Lorg/jetbrains/kotlin/util/AbstractArrayMapOwner;Lkotlin/reflect/KProperty;)Ljava/lang/Object; 11 3 0 kotlin/jvm/internal/Intrinsics checkNotNullParameter (Ljava/lang/Object;Ljava/lang/String;)V 11 9 0 kotlin/jvm/internal/Intrinsics checkNotNullParameter (Ljava/lang/Object;Ljava/lang/String;)V 11 14 0 org/jetbrains/kotlin/util/AbstractArrayMapOwner$AbstractArrayMapAccessor extractValue (Lorg/jetbrains/kotlin/util/AbstractArrayMapOwner;)Ljava/lang/Object; 12 3 0 kotlin/jvm/internal/Intrinsics checkNotNullParameter (Ljava/lang/Object;Ljava/lang/String;)V 12 7 0 org/jetbrains/kotlin/util/AttributeArrayOwner getArrayMap ()Lorg/jetbrains/kotlin/util/ArrayMap; 8 14 0 org/jetbrains/kotlin/types/AnnotationsTypeAttribute getAnnotations ()Lorg/jetbrains/kotlin/descriptors/annotations/Annotations; 8 25 0 org/jetbrains/kotlin/descriptors/annotations/Annotations$Companion getEMPTY ()Lorg/jetbrains/kotlin/descriptors/annotations/Annotations; 6 14 0 androidx/compose/compiler/plugins/kotlin/ComposeFqNames getComposable ()Lorg/jetbrains/kotlin/name/FqName; 6 17 0 org/jetbrains/kotlin/descriptors/annotations/Annotations$Companion$EMPTY$1 findAnnotation (Lorg/jetbrains/kotlin/name/FqName;)Lorg/jetbrains/kotlin/descriptors/annotations/AnnotationDescriptor; 7 2 0 org/jetbrains/kotlin/descriptors/annotations/Annotations$Companion$EMPTY$1 findAnnotation (Lorg/jetbrains/kotlin/name/FqName;)Ljava/lang/Void; 8 3 0 kotlin/jvm/internal/Intrinsics checkNotNullParameter (Ljava/lang/Object;Ljava/lang/String;)V 4 113 0 androidx/compose/compiler/plugins/kotlin/lower/ComposableSymbolRemapper$1 containsComposable (Lorg/jetbrains/kotlin/types/KotlinType;)Z 5 1 0 androidx/compose/compiler/plugins/kotlin/k1/AnnotationUtilsKt hasComposableAnnotation (Lorg/jetbrains/kotlin/types/KotlinType;)Z 6 1 0 androidx/compose/compiler/plugins/kotlin/k1/AnnotationUtilsKt isSpecialType (Lorg/jetbrains/kotlin/types/KotlinType;)Z 6 8 0 org/jetbrains/kotlin/types/KotlinType getAnnotations ()Lorg/jetbrains/kotlin/descriptors/annotations/Annotations; 7 4 0 org/jetbrains/kotlin/types/AnnotationsTypeAttributeKt getAnnotations (Lorg/jetbrains/kotlin/types/TypeAttributes;)Lorg/jetbrains/kotlin/descriptors/annotations/Annotations; 8 3 0 kotlin/jvm/internal/Intrinsics checkNotNullParameter (Ljava/lang/Object;Ljava/lang/String;)V 8 7 0 org/jetbrains/kotlin/types/AnnotationsTypeAttributeKt getAnnotationsAttribute (Lorg/jetbrains/kotlin/types/TypeAttributes;)Lorg/jetbrains/kotlin/types/AnnotationsTypeAttribute; 9 3 0 kotlin/jvm/internal/Intrinsics checkNotNullParameter (Ljava/lang/Object;Ljava/lang/String;)V 9 15 0 org/jetbrains/kotlin/util/NullableArrayMapAccessor getValue (Ljava/lang/Object;Lkotlin/reflect/KProperty;)Ljava/lang/Object; 10 6 0 org/jetbrains/kotlin/util/NullableArrayMapAccessor getValue (Lorg/jetbrains/kotlin/util/AbstractArrayMapOwner;Lkotlin/reflect/KProperty;)Ljava/lang/Object; 11 3 0 kotlin/jvm/internal/Intrinsics checkNotNullParameter (Ljava/lang/Object;Ljava/lang/String;)V 11 9 0 kotlin/jvm/internal/Intrinsics checkNotNullParameter (Ljava/lang/Object;Ljava/lang/String;)V 11 14 0 org/jetbrains/kotlin/util/AbstractArrayMapOwner$AbstractArrayMapAccessor extractValue (Lorg/jetbrains/kotlin/util/AbstractArrayMapOwner;)Ljava/lang/Object; 12 3 0 kotlin/jvm/internal/Intrinsics checkNotNullParameter (Ljava/lang/Object;Ljava/lang/String;)V 12 7 0 org/jetbrains/kotlin/util/AttributeArrayOwner getArrayMap ()Lorg/jetbrains/kotlin/util/ArrayMap; 8 14 0 org/jetbrains/kotlin/types/AnnotationsTypeAttribute getAnnotations ()Lorg/jetbrains/kotlin/descriptors/annotations/Annotations; 8 25 0 org/jetbrains/kotlin/descriptors/annotations/Annotations$Companion getEMPTY ()Lorg/jetbrains/kotlin/descriptors/annotations/Annotations; 6 14 0 androidx/compose/compiler/plugins/kotlin/ComposeFqNames getComposable ()Lorg/jetbrains/kotlin/name/FqName; 6 17 0 org/jetbrains/kotlin/descriptors/annotations/Annotations$Companion$EMPTY$1 findAnnotation (Lorg/jetbrains/kotlin/name/FqName;)Lorg/jetbrains/kotlin/descriptors/annotations/AnnotationDescriptor; 7 2 0 org/jetbrains/kotlin/descriptors/annotations/Annotations$Companion$EMPTY$1 findAnnotation (Lorg/jetbrains/kotlin/name/FqName;)Ljava/lang/Void; 8 3 0 kotlin/jvm/internal/Intrinsics checkNotNullParameter (Ljava/lang/Object;Ljava/lang/String;)V 5 41 0 java/util/ArrayList iterator ()Ljava/util/Iterator; 6 5 0 java/util/ArrayList$Itr <init> (Ljava/util/ArrayList;)V 7 6 0 java/lang/Object <init> ()V 5 41 0 java/util/Collections$SingletonList iterator ()Ljava/util/Iterator; 6 4 0 java/util/Collections singletonIterator (Ljava/lang/Object;)Ljava/util/Iterator; 7 5 0 java/util/Collections$1 <init> (Ljava/lang/Object;)V 8 6 0 java/lang/Object <init> ()V 5 50 0 java/util/ArrayList$Itr hasNext ()Z 5 50 0 java/util/Collections$1 hasNext ()Z 5 60 0 java/util/Collections$1 next ()Ljava/lang/Object; 5 79 0 org/jetbrains/kotlin/types/TypeProjectionImpl getType ()Lorg/jetbrains/kotlin/types/KotlinType; 5 79 0 org/jetbrains/kotlin/types/StarProjectionImpl getType ()Lorg/jetbrains/kotlin/types/KotlinType; 5 84 0 androidx/compose/compiler/plugins/kotlin/k1/AnnotationUtilsKt hasComposableAnnotation (Lorg/jetbrains/kotlin/types/KotlinType;)Z 6 1 0 androidx/compose/compiler/plugins/kotlin/k1/AnnotationUtilsKt isSpecialType (Lorg/jetbrains/kotlin/types/KotlinType;)Z 6 8 0 org/jetbrains/kotlin/types/KotlinType getAnnotations ()Lorg/jetbrains/kotlin/descriptors/annotations/Annotations; 7 4 0 org/jetbrains/kotlin/types/AnnotationsTypeAttributeKt getAnnotations (Lorg/jetbrains/kotlin/types/TypeAttributes;)Lorg/jetbrains/kotlin/descriptors/annotations/Annotations; 8 3 0 kotlin/jvm/internal/Intrinsics checkNotNullParameter (Ljava/lang/Object;Ljava/lang/String;)V 8 7 0 org/jetbrains/kotlin/types/AnnotationsTypeAttributeKt getAnnotationsAttribute (Lorg/jetbrains/kotlin/types/TypeAttributes;)Lorg/jetbrains/kotlin/types/AnnotationsTypeAttribute; 9 3 0 kotlin/jvm/internal/Intrinsics checkNotNullParameter (Ljava/lang/Object;Ljava/lang/String;)V 9 15 0 org/jetbrains/kotlin/util/NullableArrayMapAccessor getValue (Ljava/lang/Object;Lkotlin/reflect/KProperty;)Ljava/lang/Object; 10 6 0 org/jetbrains/kotlin/util/NullableArrayMapAccessor getValue (Lorg/jetbrains/kotlin/util/AbstractArrayMapOwner;Lkotlin/reflect/KProperty;)Ljava/lang/Object; 11 3 0 kotlin/jvm/internal/Intrinsics checkNotNullParameter (Ljava/lang/Object;Ljava/lang/String;)V 11 9 0 kotlin/jvm/internal/Intrinsics checkNotNullParameter (Ljava/lang/Object;Ljava/lang/String;)V 11 14 0 org/jetbrains/kotlin/util/AbstractArrayMapOwner$AbstractArrayMapAccessor extractValue (Lorg/jetbrains/kotlin/util/AbstractArrayMapOwner;)Ljava/lang/Object; 12 3 0 kotlin/jvm/internal/Intrinsics checkNotNullParameter (Ljava/lang/Object;Ljava/lang/String;)V 12 7 0 org/jetbrains/kotlin/util/AttributeArrayOwner getArrayMap ()Lorg/jetbrains/kotlin/util/ArrayMap; 8 14 0 org/jetbrains/kotlin/types/AnnotationsTypeAttribute getAnnotations ()Lorg/jetbrains/kotlin/descriptors/annotations/Annotations; 8 25 0 org/jetbrains/kotlin/descriptors/annotations/Annotations$Companion getEMPTY ()Lorg/jetbrains/kotlin/descriptors/annotations/Annotations; 6 14 0 androidx/compose/compiler/plugins/kotlin/ComposeFqNames getComposable ()Lorg/jetbrains/kotlin/name/FqName; 6 17 0 org/jetbrains/kotlin/descriptors/annotations/Annotations$Companion$EMPTY$1 findAnnotation (Lorg/jetbrains/kotlin/name/FqName;)Lorg/jetbrains/kotlin/descriptors/annotations/AnnotationDescriptor; 7 2 0 org/jetbrains/kotlin/descriptors/annotations/Annotations$Companion$EMPTY$1 findAnnotation (Lorg/jetbrains/kotlin/name/FqName;)Ljava/lang/Void; 8 3 0 kotlin/jvm/internal/Intrinsics checkNotNullParameter (Ljava/lang/Object;Ljava/lang/String;)V 1 87 0 org/jetbrains/kotlin/ir/util/NullDescriptorsRemapper remapDeclaredValueParameter (Lorg/jetbrains/kotlin/descriptors/ParameterDescriptor;)Lorg/jetbrains/kotlin/descriptors/ParameterDescriptor; 2 3 0 kotlin/jvm/internal/Intrinsics checkNotNullParameter (Ljava/lang/Object;Ljava/lang/String;)V 1 92 0 org/jetbrains/kotlin/ir/symbols/impl/IrValueParameterSymbolImpl <init> (Lorg/jetbrains/kotlin/descriptors/ParameterDescriptor;)V 2 5 0 org/jetbrains/kotlin/ir/symbols/impl/IrBindableSymbolBase <init> (Lorg/jetbrains/kotlin/descriptors/DeclarationDescriptor;)V 3 2 0 org/jetbrains/kotlin/ir/symbols/impl/IrSymbolBase <init> (Lorg/jetbrains/kotlin/descriptors/DeclarationDescriptor;)V 4 1 0 java/lang/Object <init> ()V 3 12 0 org/jetbrains/kotlin/ir/symbols/impl/IrBindableSymbolBase isOriginalDescriptor (Lorg/jetbrains/kotlin/descriptors/DeclarationDescriptor;)Z 4 12 0 org/jetbrains/kotlin/descriptors/impl/ValueParameterDescriptorImpl getContainingDeclaration ()Lorg/jetbrains/kotlin/descriptors/CallableDescriptor; 5 1 0 org/jetbrains/kotlin/descriptors/impl/DeclarationDescriptorNonRootImpl getContainingDeclaration ()Lorg/jetbrains/kotlin/descriptors/DeclarationDescriptor; 5 7 0 kotlin/jvm/internal/Intrinsics checkNotNull (Ljava/lang/Object;Ljava/lang/String;)V 4 33 0 kotlin/jvm/internal/Intrinsics areEqual (Ljava/lang/Object;Ljava/lang/Object;)Z 3 100 0 org/jetbrains/kotlin/ir/symbols/impl/IrBindableSymbolBase isOriginalDescriptor (Lorg/jetbrains/kotlin/descriptors/DeclarationDescriptor;)Z 4 12 0 org/jetbrains/kotlin/descriptors/impl/ValueParameterDescriptorImpl getContainingDeclaration ()Lorg/jetbrains/kotlin/descriptors/CallableDescriptor; 5 1 0 org/jetbrains/kotlin/descriptors/impl/DeclarationDescriptorNonRootImpl getContainingDeclaration ()Lorg/jetbrains/kotlin/descriptors/DeclarationDescriptor; 5 7 0 kotlin/jvm/internal/Intrinsics checkNotNull (Ljava/lang/Object;Ljava/lang/String;)V 4 33 0 kotlin/jvm/internal/Intrinsics areEqual (Ljava/lang/Object;Ljava/lang/Object;)Z 1 106 0 java/util/HashMap put (Ljava/lang/Object;Ljava/lang/Object;)Ljava/lang/Object; 2 2 0 java/util/HashMap hash (Ljava/lang/Object;)I 2 9 0 java/util/HashMap putVal (ILjava/lang/Object;Ljava/lang/Object;ZZ)Ljava/lang/Object; 3 56 0 java/util/HashMap newNode (ILjava/lang/Object;Ljava/lang/Object;Ljava/util/HashMap$Node;)Ljava/util/HashMap$Node; 4 9 0 java/util/HashMap$Node <init> (ILjava/lang/Object;Ljava/lang/Object;Ljava/util/HashMap$Node;)V 5 1 0 java/lang/Object <init> ()V 3 91 0 java/lang/Object equals (Ljava/lang/Object;)Z 3 152 0 java/util/HashMap newNode (ILjava/lang/Object;Ljava/lang/Object;Ljava/util/HashMap$Node;)Ljava/util/HashMap$Node; 4 9 0 java/util/HashMap$Node <init> (ILjava/lang/Object;Ljava/lang/Object;Ljava/util/HashMap$Node;)V 5 1 0 java/lang/Object <init> ()V 3 253 0 java/util/HashMap afterNodeAccess (Ljava/util/HashMap$Node;)V 3 295 0 java/util/HashMap afterNodeInsertion (Z)V 1 121 0 org/jetbrains/kotlin/ir/visitors/IrVisitorsKt acceptChildrenVoid (Lorg/jetbrains/kotlin/ir/IrElement;Lorg/jetbrains/kotlin/ir/visitors/IrElementVisitorVoid;)V 2 3 0 kotlin/jvm/internal/Intrinsics checkNotNullParameter (Ljava/lang/Object;Ljava/lang/String;)V 2 9 0 kotlin/jvm/internal/Intrinsics checkNotNullParameter (Ljava/lang/Object;Ljava/lang/String;)V 2 18 0 org/jetbrains/kotlin/ir/declarations/IrValueParameter acceptChildren (Lorg/jetbrains/kotlin/ir/visitors/IrElementVisitor;Ljava/lang/Object;)V 3 3 0 kotlin/jvm/internal/Intrinsics checkNotNullParameter (Ljava/lang/Object;Ljava/lang/String;)V 3 7 0 org/jetbrains/kotlin/ir/declarations/impl/IrValueParameterImpl getDefaultValue ()Lorg/jetbrains/kotlin/ir/expressions/IrExpressionBody; 3 16 0 org/jetbrains/kotlin/ir/expressions/IrExpressionBody accept (Lorg/jetbrains/kotlin/ir/visitors/IrElementVisitor;Ljava/lang/Object;)Ljava/lang/Object; 4 3 0 kotlin/jvm/internal/Intrinsics checkNotNullParameter (Ljava/lang/Object;Ljava/lang/String;)V 4 9 0 org/jetbrains/kotlin/ir/util/DeepCopySymbolRemapper visitExpressionBody (Lorg/jetbrains/kotlin/ir/expressions/IrExpressionBody;Ljava/lang/Object;)Ljava/lang/Object; 5 6 0 org/jetbrains/kotlin/ir/util/DeepCopySymbolRemapper visitExpressionBody (Lorg/jetbrains/kotlin/ir/expressions/IrExpressionBody;Ljava/lang/Void;)V 6 3 0 org/jetbrains/kotlin/ir/visitors/IrElementVisitorVoid$DefaultImpls visitExpressionBody (Lorg/jetbrains/kotlin/ir/visitors/IrElementVisitorVoid;Lorg/jetbrains/kotlin/ir/expressions/IrExpressionBody;Ljava/lang/Void;)V 7 3 0 kotlin/jvm/internal/Intrinsics checkNotNullParameter (Ljava/lang/Object;Ljava/lang/String;)V 7 8 0 org/jetbrains/kotlin/ir/util/DeepCopySymbolRemapper visitExpressionBody (Lorg/jetbrains/kotlin/ir/expressions/IrExpressionBody;)V 8 2 0 org/jetbrains/kotlin/ir/visitors/IrElementVisitorVoid$DefaultImpls visitExpressionBody (Lorg/jetbrains/kotlin/ir/visitors/IrElementVisitorVoid;Lorg/jetbrains/kotlin/ir/expressions/IrExpressionBody;)V 9 3 0 kotlin/jvm/internal/Intrinsics checkNotNullParameter (Ljava/lang/Object;Ljava/lang/String;)V 9 11 0 org/jetbrains/kotlin/ir/util/DeepCopySymbolRemapper visitBody (Lorg/jetbrains/kotlin/ir/expressions/IrBody;)V 10 2 0 org/jetbrains/kotlin/ir/visitors/IrElementVisitorVoid$DefaultImpls visitBody (Lorg/jetbrains/kotlin/ir/visitors/IrElementVisitorVoid;Lorg/jetbrains/kotlin/ir/expressions/IrBody;)V 11 3 0 kotlin/jvm/internal/Intrinsics checkNotNullParameter (Ljava/lang/Object;Ljava/lang/String;)V 11 11 0 org/jetbrains/kotlin/ir/util/DeepCopySymbolRemapper visitElement (Lorg/jetbrains/kotlin/ir/IrElement;)V 12 4 0 kotlin/jvm/internal/Intrinsics checkNotNullParameter (Ljava/lang/Object;Ljava/lang/String;)V 12 12 0 org/jetbrains/kotlin/ir/visitors/IrVisitorsKt acceptChildrenVoid (Lorg/jetbrains/kotlin/ir/IrElement;Lorg/jetbrains/kotlin/ir/visitors/IrElementVisitorVoid;)V 13 3 0 kotlin/jvm/internal/Intrinsics checkNotNullParameter (Ljava/lang/Object;Ljava/lang/String;)V 13 9 0 kotlin/jvm/internal/Intrinsics checkNotNullParameter (Ljava/lang/Object;Ljava/lang/String;)V 13 18 0 org/jetbrains/kotlin/ir/expressions/IrExpressionBody acceptChildren (Lorg/jetbrains/kotlin/ir/visitors/IrElementVisitor;Ljava/lang/Object;)V 14 3 0 kotlin/jvm/internal/Intrinsics checkNotNullParameter (Ljava/lang/Object;Ljava/lang/String;)V 14 7 0 org/jetbrains/kotlin/ir/expressions/impl/IrExpressionBodyImpl getExpression ()Lorg/jetbrains/kotlin/ir/expressions/IrExpression;
